image_id,image_path,class_name,class_id,species,condition,abnormal_type,split,group_id,source_archive_path,source_url,source_version,label_origin,region_annotation,sha256,pixel_sha256,width,height,phash,dhash
cucumber_fresh_0019,images/cucumber_fresh/cucumber_fresh_0019.jpg,cucumber_fresh,0,cucumber,fresh,none,train,g00058,Fruits_Vegetables_Dataset(12000)/Vegetables/FreshCucumber/freshCucumber (223).jpg,https://www.kaggle.com/datasets/muhriddinmuxiddinov/fruits-and-vegetables-dataset,2,publisher_fresh_rotten_folder,not_annotated,4ca26ca7316c93af78c6b2a0e3486cbef97f827a0f0c10b4f335b0498b2f3c4c,35a413bec3b4393985bbf3758e4fd485d89513049ed19e027c5c55c07790d10d,6183,4126,3412568072148326337,505321453202048775
cucumber_fresh_0022,images/cucumber_fresh/cucumber_fresh_0022.jpg,cucumber_fresh,0,cucumber,fresh,none,train,g00072,Fruits_Vegetables_Dataset(12000)/Vegetables/FreshCucumber/freshCucumber (255).jpg,https://www.kaggle.com/datasets/muhriddinmuxiddinov/fruits-and-vegetables-dataset,2,publisher_fresh_rotten_folder,not_annotated,8c6efb6c83be964fb10c4a12a1a279f8e03bec95ab035defe3d8d4ff0709d703,5fa7bbc52a45261e80b6fcffa1014c34c12819770b488df04809af979bfc87ea,1754,1500,3099096796734064445,18446125922594134790
cucumber_fresh_0045,images/cucumber_fresh/cucumber_fresh_0045.jpg,cucumber_fresh,0,cucumber,fresh,none,train,g00100,Fruits_Vegetables_Dataset(12000)/Vegetables/FreshCucumber/freshCucumber (416).jpg,https://www.kaggle.com/datasets/muhriddinmuxiddinov/fruits-and-vegetables-dataset,2,publisher_fresh_rotten_folder,not_annotated,9a9896a0f27d446676e91baa6af59413331ce0ec10175d567a9f65307fb80147,bd2665467425d377e2935c4a9ac3317bf1c2a6b4636d2229348365c49f828480,224,224,7465446892476221785,14178713491997189328
cucumber_fresh_0003,images/cucumber_fresh/cucumber_fresh_0003.jpg,cucumber_fresh,0,cucumber,fresh,none,train,g00183,Fruits_Vegetables_Dataset(12000)/Vegetables/FreshCucumber/freshCucumber (126).jpg,https://www.kaggle.com/datasets/muhriddinmuxiddinov/fruits-and-vegetables-dataset,2,publisher_fresh_rotten_folder,not_annotated,4a0822a1c0f2b6899ebfe69a5ee898973fdb0973f273c79f6e11595c5883761f,1948c93b3c1d23bd5bcde35f6f8226398f95cbd8a7e1c1c1c27b9f5419f92b25,480,848,3490790129921150179,14743831442082925772
cucumber_fresh_0066,images/cucumber_fresh/cucumber_fresh_0066.jpg,cucumber_fresh,0,cucumber,fresh,none,train,g00183,Fruits_Vegetables_Dataset(12000)/Vegetables/FreshCucumber/freshCucumber (567).jpg,https://www.kaggle.com/datasets/muhriddinmuxiddinov/fruits-and-vegetables-dataset,2,publisher_fresh_rotten_folder,not_annotated,f4037b2ed0ef9997d49db4516c831a177184aaec6f8e50717822de93942b00c2,7a3bc3cf084cb823d48faf02e264fe2a4e3d119f3d94aec5453ae00dba25272f,848,480,762750449563560087,18220716340841533160
cucumber_fresh_0017,images/cucumber_fresh/cucumber_fresh_0017.jpg,cucumber_fresh,0,cucumber,fresh,none,train,g00051,Fruits_Vegetables_Dataset(12000)/Vegetables/FreshCucumber/freshCucumber (209).jpg,https://www.kaggle.com/datasets/muhriddinmuxiddinov/fruits-and-vegetables-dataset,2,publisher_fresh_rotten_folder,not_annotated,0b795d8c03cc768c9558587f8f7c789e73b96cf9c9cc2e7312a0cd15b36e28bc,ddc4fb55b86c367309a1c165a0bbdbafb5c9e0017a41c363df9fc9f570674faf,4000,3000,7328151321800454758,12720573377535165062
cucumber_fresh_0049,images/cucumber_fresh/cucumber_fresh_0049.jpg,cucumber_fresh,0,cucumber,fresh,none,train,g00099,Fruits_Vegetables_Dataset(12000)/Vegetables/FreshCucumber/freshCucumber (433).jpg,https://www.kaggle.com/datasets/muhriddinmuxiddinov/fruits-and-vegetables-dataset,2,publisher_fresh_rotten_folder,not_annotated,a7add1703107fc1bca76026721c64ac5ecff21b8d4e618a70cf2b6dbe673b8cc,d86900a265ea1566a706adc8587d02a1aaa73da92f08b6e6eef7ae7269baa071,224,224,184452743411893489,18115956677922102197
cucumber_fresh_0015,images/cucumber_fresh/cucumber_fresh_0015.jpg,cucumber_fresh,0,cucumber,fresh,none,train,g00049,Fruits_Vegetables_Dataset(12000)/Vegetables/FreshCucumber/freshCucumber (204).jpg,https://www.kaggle.com/datasets/muhriddinmuxiddinov/fruits-and-vegetables-dataset,2,publisher_fresh_rotten_folder,not_annotated,b6a01aee2fb8b3088b00f6a9b52631dbcde9bd38395ccc9f86d07bcb02bb1003,e4494bc0325799269cc8997f4c659c6239a85428253ea1901aa5fb3ffbf719a1,450,600,7744381052160996963,15794976467074660861
cucumber_fresh_0014,images/cucumber_fresh/cucumber_fresh_0014.png,cucumber_fresh,0,cucumber,fresh,none,train,g00047,Fruits_Vegetables_Dataset(12000)/Vegetables/FreshCucumber/freshCucumber (2).png,https://www.kaggle.com/datasets/muhriddinmuxiddinov/fruits-and-vegetables-dataset,2,publisher_fresh_rotten_folder,not_annotated,f35f45181515020daa546fe2da4bd287788a867370275eb968e74b241692318f,0d3a3ac4a87881b5b5284e90e3e5c50ddf74c25cc2bd9baebee798ec0343eda5,512,512,4188000078801020184,322146139782906113
cucumber_fresh_0029,images/cucumber_fresh/cucumber_fresh_0029.jpg,cucumber_fresh,0,cucumber,fresh,none,train,g00099,Fruits_Vegetables_Dataset(12000)/Vegetables/FreshCucumber/freshCucumber (316).jpg,https://www.kaggle.com/datasets/muhriddinmuxiddinov/fruits-and-vegetables-dataset,2,publisher_fresh_rotten_folder,not_annotated,e806954a7642125edde971c8eed514128a15af4f8532b9e1703ccd61e2385b3c,7d7ccad2ba372ce7f0b8a48c2ea0cc178399dac846dab1c9663a022f548ff8a1,224,224,6181580400819812753,6519129899095575756
cucumber_fresh_0069,images/cucumber_fresh/cucumber_fresh_0069.jpg,cucumber_fresh,0,cucumber,fresh,none,train,g00183,Fruits_Vegetables_Dataset(12000)/Vegetables/FreshCucumber/freshCucumber (582).jpg,https://www.kaggle.com/datasets/muhriddinmuxiddinov/fruits-and-vegetables-dataset,2,publisher_fresh_rotten_folder,not_annotated,e86910f5c9d494ccafde00d81a090ba39c6b6677a85541afbed527f8bd017777,4033a727ccc339da7739e7abb4c5adbf5acc894a65d4261468a21dcb797386d4,848,480,1333317819393695637,18216159930280937448
cucumber_fresh_0002,images/cucumber_fresh/cucumber_fresh_0002.jpg,cucumber_fresh,0,cucumber,fresh,none,train,g00183,Fruits_Vegetables_Dataset(12000)/Vegetables/FreshCucumber/freshCucumber (114).jpg,https://www.kaggle.com/datasets/muhriddinmuxiddinov/fruits-and-vegetables-dataset,2,publisher_fresh_rotten_folder,not_annotated,33cef23a57dd2e903ab68a60cb0b5c49541bf0883c706e101e257124ec0aa082,2d443aeb66eab1b60ce0ee5364ec5ca4604f59d0e899a43b7094965aa2a4f22e,480,848,3487412516083113190,14744387803573292236
cucumber_fresh_0020,images/cucumber_fresh/cucumber_fresh_0020.jpg,cucumber_fresh,0,cucumber,fresh,none,train,g00063,Fruits_Vegetables_Dataset(12000)/Vegetables/FreshCucumber/freshCucumber (236).jpg,https://www.kaggle.com/datasets/muhriddinmuxiddinov/fruits-and-vegetables-dataset,2,publisher_fresh_rotten_folder,not_annotated,dc625246d921a10add4170930536f7e0167ff9bf072010ae8e330eb718dd187f,d0a4151075464d90ed59cc1c2936577675fc3304a5b6816b356195ca39ac5f98,945,1024,928897465941671873,3581459722958894193
cucumber_fresh_0007,images/cucumber_fresh/cucumber_fresh_0007.jpg,cucumber_fresh,0,cucumber,fresh,none,train,g00183,Fruits_Vegetables_Dataset(12000)/Vegetables/FreshCucumber/freshCucumber (167).jpg,https://www.kaggle.com/datasets/muhriddinmuxiddinov/fruits-and-vegetables-dataset,2,publisher_fresh_rotten_folder,not_annotated,d89e8889b967aac59ae3b4e7a52af7bf7d67b7d2f6bb189c9a86c1f8d079c0b6,a26ae2483582438ff6025291e9c3cb24ae8d1d6ec67c9a4800b7969c1805910b,480,848,7291488744629524947,10128039303932464716
cucumber_fresh_0072,images/cucumber_fresh/cucumber_fresh_0072.jpg,cucumber_fresh,0,cucumber,fresh,none,train,g00183,Fruits_Vegetables_Dataset(12000)/Vegetables/FreshCucumber/freshCucumber (60).jpg,https://www.kaggle.com/datasets/muhriddinmuxiddinov/fruits-and-vegetables-dataset,2,publisher_fresh_rotten_folder,not_annotated,e0e270d48580fff6e9eae50e94f29e656163d7e2ddd38f5aefe659e459436df8,9cc5f5e8da5259987efe7c12810a8ea3c3705accad77b6c04e492dcd698918ff,848,480,1635797733080722069,18229462869991344356
cucumber_fresh_0048,images/cucumber_fresh/cucumber_fresh_0048.jpg,cucumber_fresh,0,cucumber,fresh,none,train,g00099,Fruits_Vegetables_Dataset(12000)/Vegetables/FreshCucumber/freshCucumber (423).jpg,https://www.kaggle.com/datasets/muhriddinmuxiddinov/fruits-and-vegetables-dataset,2,publisher_fresh_rotten_folder,not_annotated,25d5b97e458252304fa473ba9d702a798b9a2579a9774ef8a315158c5bf80b61,0d632e1cb9e90a5ebcc67e9f7392648770b00d6f0c81e62524384a3325373da7,224,224,7170515008541105951,14250351897218847298
cucumber_fresh_0036,images/cucumber_fresh/cucumber_fresh_0036.jpg,cucumber_fresh,0,cucumber,fresh,none,train,g00099,Fruits_Vegetables_Dataset(12000)/Vegetables/FreshCucumber/freshCucumber (355).jpg,https://www.kaggle.com/datasets/muhriddinmuxiddinov/fruits-and-vegetables-dataset,2,publisher_fresh_rotten_folder,not_annotated,e7d4bf0bb7bff76fc0ccdabcfcbc26726841c6787f1b9f231550989ed7dacd20,eaf4aa161e00fdc666e7a6dba8ad409e4b68ebae02b7fc9974c3b9146dd58940,224,224,2426690929690075193,15218233473011534924
cucumber_fresh_0046,images/cucumber_fresh/cucumber_fresh_0046.jpg,cucumber_fresh,0,cucumber,fresh,none,train,g00099,Fruits_Vegetables_Dataset(12000)/Vegetables/FreshCucumber/freshCucumber (418).jpg,https://www.kaggle.com/datasets/muhriddinmuxiddinov/fruits-and-vegetables-dataset,2,publisher_fresh_rotten_folder,not_annotated,c8a6c4d78d453c8f294c8e8fc12f39706a2d629509d8c40036e424e226f4c5a2,aa2ff799215e6140491b08827ee3d647c93c60b878bf1a09c16d961f145433ad,224,224,1130449560105036199,10318118850693129075
cucumber_fresh_0063,images/cucumber_fresh/cucumber_fresh_0063.jpg,cucumber_fresh,0,cucumber,fresh,none,train,g00183,Fruits_Vegetables_Dataset(12000)/Vegetables/FreshCucumber/freshCucumber (538).jpg,https://www.kaggle.com/datasets/muhriddinmuxiddinov/fruits-and-vegetables-dataset,2,publisher_fresh_rotten_folder,not_annotated,047326997cfa5d6281325c18694ad6a8a12227553840c7610d24c90b3408f546,b2d8462078abeb2f9058edb532a49f81773412bfccbe803ecc6b85d6710af5f4,848,480,3116443397020792127,15626381245842644214
cucumber_fresh_0004,images/cucumber_fresh/cucumber_fresh_0004.jpg,cucumber_fresh,0,cucumber,fresh,none,train,g00183,Fruits_Vegetables_Dataset(12000)/Vegetables/FreshCucumber/freshCucumber (14).jpg,https://www.kaggle.com/datasets/muhriddinmuxiddinov/fruits-and-vegetables-dataset,2,publisher_fresh_rotten_folder,not_annotated,cdfd2a3304cd8ec91afc849c832540afe3982951baabbbec7fa4f4c7074cd03f,0934c38b1ff87b64bdc8dfd2deaceb87716920adec715f96efde55b0d3805c76,4032,3024,4569676518627928107,18239304976583084284
cucumber_fresh_0044,images/cucumber_fresh/cucumber_fresh_0044.jpg,cucumber_fresh,0,cucumber,fresh,none,train,g00099,Fruits_Vegetables_Dataset(12000)/Vegetables/FreshCucumber/freshCucumber (414).jpg,https://www.kaggle.com/datasets/muhriddinmuxiddinov/fruits-and-vegetables-dataset,2,publisher_fresh_rotten_folder,not_annotated,691a788af3d2715c91c6b5b38b22209b4741160808d2900cc4e228e51cf11b2b,f33fbcb9aa99e7dcf9de5713fe6b843774e923ee7ea879fa461b746ece59b01b,224,224,3051793455674181585,10751211430185120726
cucumber_fresh_0013,images/cucumber_fresh/cucumber_fresh_0013.jpg,cucumber_fresh,0,cucumber,fresh,none,train,g00183,Fruits_Vegetables_Dataset(12000)/Vegetables/FreshCucumber/freshCucumber (197).jpg,https://www.kaggle.com/datasets/muhriddinmuxiddinov/fruits-and-vegetables-dataset,2,publisher_fresh_rotten_folder,not_annotated,404015d40e987491386ca60f55df10ff9d5e49f031b8884ade698b662b9d4eea,d846519f9a69f68e348e1e7f9eec404da136b662ae5d12da8fde989a98a9e0b6,4032,3024,3398762791298579884,13791837650723536890
cucumber_fresh_0050,images/cucumber_fresh/cucumber_fresh_0050.jpg,cucumber_fresh,0,cucumber,fresh,none,train,g00099,Fruits_Vegetables_Dataset(12000)/Vegetables/FreshCucumber/freshCucumber (440).jpg,https://www.kaggle.com/datasets/muhriddinmuxiddinov/fruits-and-vegetables-dataset,2,publisher_fresh_rotten_folder,not_annotated,7af70cde8c8e2f00fc12fc32ee4f62c2f44b7fabb12adac623b93779c4381832,f975183b40d01f212088ffc1c2051dd8c48ba73399a0258df4ac99f011467000,224,224,3051933643140908881,10751166899947387862
cucumber_fresh_0077,images/cucumber_fresh/cucumber_fresh_0077.jpg,cucumber_fresh,0,cucumber,fresh,none,train,g00183,Fruits_Vegetables_Dataset(12000)/Vegetables/FreshCucumber/freshCucumber (87).jpg,https://www.kaggle.com/datasets/muhriddinmuxiddinov/fruits-and-vegetables-dataset,2,publisher_fresh_rotten_folder,not_annotated,8704eefa2a350a41b0eb9eb5e0178cdf115f771ac6c67122b1369bfe22e55043,907723e4b31ef339adf7eaca569f9c2ec6a8e846fc9b732d672a4e4b0dd25f92,848,480,3167389577831720144,15914610696531698680
cucumber_fresh_0037,images/cucumber_fresh/cucumber_fresh_0037.jpg,cucumber_fresh,0,cucumber,fresh,none,train,g00099,Fruits_Vegetables_Dataset(12000)/Vegetables/FreshCucumber/freshCucumber (360).jpg,https://www.kaggle.com/datasets/muhriddinmuxiddinov/fruits-and-vegetables-dataset,2,publisher_fresh_rotten_folder,not_annotated,795ac999631850da3c8143d80e8328fb69a1c105587390b4caa502118b2de33b,2ca116081928e997b68967b3f55c158b4b098ecb0bb0b308ed802fe7ed101f11,224,224,48252545096521001,3704681956842805150
cucumber_fresh_0079,images/cucumber_fresh/cucumber_fresh_0079.jpg,cucumber_fresh,0,cucumber,fresh,none,train,g00183,Fruits_Vegetables_Dataset(12000)/Vegetables/FreshCucumber/freshCucumber (99).jpg,https://www.kaggle.com/datasets/muhriddinmuxiddinov/fruits-and-vegetables-dataset,2,publisher_fresh_rotten_folder,not_annotated,3b5b7a4dbd92b87592459d79277d60fed9f0e1a0bac51d186080b456e6485eef,e24289f9e27174781ebdb7db73eb043d8709428df0ae48391cc55c2789a4b7db,848,480,3116163021555711294,17932242946720517846
cucumber_fresh_0075,images/cucumber_fresh/cucumber_fresh_0075.jpg,cucumber_fresh,0,cucumber,fresh,none,train,g00183,Fruits_Vegetables_Dataset(12000)/Vegetables/FreshCucumber/freshCucumber (80).jpg,https://www.kaggle.com/datasets/muhriddinmuxiddinov/fruits-and-vegetables-dataset,2,publisher_fresh_rotten_folder,not_annotated,9fbc1799b553a652165501f1c01b42138d205b4bf88472fde3db77e56be21bf8,ee3dd1f3f568f12dc592bdc79491fadef9f4099f2a209cd97ba643869c785fb7,848,480,3259432753909282111,15617391637968641268
cucumber_fresh_0032,images/cucumber_fresh/cucumber_fresh_0032.jpg,cucumber_fresh,0,cucumber,fresh,none,train,g00099,Fruits_Vegetables_Dataset(12000)/Vegetables/FreshCucumber/freshCucumber (333).jpg,https://www.kaggle.com/datasets/muhriddinmuxiddinov/fruits-and-vegetables-dataset,2,publisher_fresh_rotten_folder,not_annotated,b3d2a74ce282e141dde00cfa814c614fc2a53b63bd91bfdeb284b49b65e56f3b,ef31f966b9d671c9341c7604b9c7a9ea6c62beb033910c7b0300a1283e8e11c9,224,224,2794600542690569833,16273941304005513006
cucumber_fresh_0071,images/cucumber_fresh/cucumber_fresh_0071.jpg,cucumber_fresh,0,cucumber,fresh,none,train,g00183,Fruits_Vegetables_Dataset(12000)/Vegetables/FreshCucumber/freshCucumber (589).jpg,https://www.kaggle.com/datasets/muhriddinmuxiddinov/fruits-and-vegetables-dataset,2,publisher_fresh_rotten_folder,not_annotated,25d56d7450d735ef8b7f203c0c8daed885cf2a7d53ea5e0cefb3b1ea8d3a4d94,01b1fae7384a62b04b7c55f2123ded7c8176f36c18b15d3a40473dd21578e754,848,480,2270236966222752405,17941457223708440824
cucumber_fresh_0006,images/cucumber_fresh/cucumber_fresh_0006.jpg,cucumber_fresh,0,cucumber,fresh,none,train,g00183,Fruits_Vegetables_Dataset(12000)/Vegetables/FreshCucumber/freshCucumber (158).jpg,https://www.kaggle.com/datasets/muhriddinmuxiddinov/fruits-and-vegetables-dataset,2,publisher_fresh_rotten_folder,not_annotated,1f354df7d1e60a376afb631a638bc7fb6e3837b89ef15db27d4dffa44e8bb53d,a4593f441d904ccafeeb1a2a829c80a0b3ff163f15a0050d94df122748f9e9b2,480,848,7309789016162228610,14739725287730630220
cucumber_fresh_0030,images/cucumber_fresh/cucumber_fresh_0030.jpg,cucumber_fresh,0,cucumber,fresh,none,train,g00100,Fruits_Vegetables_Dataset(12000)/Vegetables/FreshCucumber/freshCucumber (319).jpg,https://www.kaggle.com/datasets/muhriddinmuxiddinov/fruits-and-vegetables-dataset,2,publisher_fresh_rotten_folder,not_annotated,2f4453bfcbda7ace44fb6ffe81ec5390a5dccd406c1a3b0aa47c1bae7f99a87d,90eb50f95660931a759ffa6da6e62f1f9ebe85da2d756564e2e8dfe6e119b0e9,224,224,7317393315052439497,9698720078783032528
cucumber_fresh_0074,images/cucumber_fresh/cucumber_fresh_0074.jpg,cucumber_fresh,0,cucumber,fresh,none,train,g00183,Fruits_Vegetables_Dataset(12000)/Vegetables/FreshCucumber/freshCucumber (8).jpg,https://www.kaggle.com/datasets/muhriddinmuxiddinov/fruits-and-vegetables-dataset,2,publisher_fresh_rotten_folder,not_annotated,71948062074f4261859db828c7728513159ebff51a3e1c9c4f94940a1bf44c6e,12254920e2db448845a453cf3df8410861cf4b9cef9ca094faaf01f999f34d17,3024,4032,7463469989709138278,14757959830161739341
cucumber_fresh_0018,images/cucumber_fresh/cucumber_fresh_0018.jpg,cucumber_fresh,0,cucumber,fresh,none,train,g00053,Fruits_Vegetables_Dataset(12000)/Vegetables/FreshCucumber/freshCucumber (211).jpg,https://www.kaggle.com/datasets/muhriddinmuxiddinov/fruits-and-vegetables-dataset,2,publisher_fresh_rotten_folder,not_annotated,b879fdd22125bb54bd11cabee8cdf8d423d107b1fa2aa7423249a7b7f31b6546,517d510594cdc59a7f7d9620e05c46390a96a05cd9551ddeab4e92c94420cb1e,850,611,4488614953441447485,158537547430432026
cucumber_fresh_0078,images/cucumber_fresh/cucumber_fresh_0078.jpg,cucumber_fresh,0,cucumber,fresh,none,train,g00183,Fruits_Vegetables_Dataset(12000)/Vegetables/FreshCucumber/freshCucumber (92).jpg,https://www.kaggle.com/datasets/muhriddinmuxiddinov/fruits-and-vegetables-dataset,2,publisher_fresh_rotten_folder,not_annotated,24eae864f439852d6fe998adb0c1c92d982e5ebf7ce59d46586f57a93a3741bd,9cf0f155fa766fe180f37ae4101b3401f51f0c12a6f760f0fea115ea50f67c6a,848,480,3116161956405919030,15626381245842708726
cucumber_fresh_0064,images/cucumber_fresh/cucumber_fresh_0064.jpg,cucumber_fresh,0,cucumber,fresh,none,train,g00183,Fruits_Vegetables_Dataset(12000)/Vegetables/FreshCucumber/freshCucumber (557).jpg,https://www.kaggle.com/datasets/muhriddinmuxiddinov/fruits-and-vegetables-dataset,2,publisher_fresh_rotten_folder,not_annotated,dd27fe15afbc2b9ab11322fb556f9964f4502a8ca742498a3188510d1279426f,d788ad8fc844653d4ef14b190206aff5d5ad717b0c59c4abdf2fe09fbad18c44,480,848,3490790765559532738,14743833641089273036
cucumber_fresh_0039,images/cucumber_fresh/cucumber_fresh_0039.jpg,cucumber_fresh,0,cucumber,fresh,none,train,g00099,Fruits_Vegetables_Dataset(12000)/Vegetables/FreshCucumber/freshCucumber (365).jpg,https://www.kaggle.com/datasets/muhriddinmuxiddinov/fruits-and-vegetables-dataset,2,publisher_fresh_rotten_folder,not_annotated,c17abd301ff1ff894b9839c9fee88dd8f6054eb5854b2681cfea9d6199dad97c,c6ec9e26bb85a65622f600c9c774f636b66ba5848d1c3e5c8c410b9af3bf9dba,224,224,4870711593595925682,7201736135218160494
cucumber_fresh_0062,images/cucumber_fresh/cucumber_fresh_0062.jpg,cucumber_fresh,0,cucumber,fresh,none,train,g00183,Fruits_Vegetables_Dataset(12000)/Vegetables/FreshCucumber/freshCucumber (528).jpg,https://www.kaggle.com/datasets/muhriddinmuxiddinov/fruits-and-vegetables-dataset,2,publisher_fresh_rotten_folder,not_annotated,aae47e51173f9a8d22f808b7e3dae029742ad0841058d993b89d53ce4586a219,c7403ebf755de0fcba98dcaf1ff5ecaa3dbbc4ff0d3236c4a16861a24b006245,3024,4032,3729487971071347788,14451079843918187789
cucumber_fresh_0065,images/cucumber_fresh/cucumber_fresh_0065.jpg,cucumber_fresh,0,cucumber,fresh,none,train,g00183,Fruits_Vegetables_Dataset(12000)/Vegetables/FreshCucumber/freshCucumber (562).jpg,https://www.kaggle.com/datasets/muhriddinmuxiddinov/fruits-and-vegetables-dataset,2,publisher_fresh_rotten_folder,not_annotated,db555f83b691a6371dfceec3a3413d5a3c66f61d5304c2536dc804ef8f1d7ee9,94c081a20521304956e7aaf237fd5b3a4d929311ff0921d37d299449b021958a,848,480,1691899369002166890,18215375475875826888
cucumber_fresh_0034,images/cucumber_fresh/cucumber_fresh_0034.jpg,cucumber_fresh,0,cucumber,fresh,none,train,g00099,Fruits_Vegetables_Dataset(12000)/Vegetables/FreshCucumber/freshCucumber (348).jpg,https://www.kaggle.com/datasets/muhriddinmuxiddinov/fruits-and-vegetables-dataset,2,publisher_fresh_rotten_folder,not_annotated,08e0bd8fa6841efe27316515895aa7cecb4403adc9e40a7a2b0a65b9ec1c231d,5a181d00f9d13fa0d8b3e85b4c210c5cc85a296f0bce7ee1227fb07482cc6e1c,224,224,256504831049549555,18116095499317910423
cucumber_fresh_0023,images/cucumber_fresh/cucumber_fresh_0023.jpg,cucumber_fresh,0,cucumber,fresh,none,train,g00077,Fruits_Vegetables_Dataset(12000)/Vegetables/FreshCucumber/freshCucumber (265).jpg,https://www.kaggle.com/datasets/muhriddinmuxiddinov/fruits-and-vegetables-dataset,2,publisher_fresh_rotten_folder,not_annotated,0c53b1fdd0a9734670b9d29d0dd79116f155c8be64594b9db7887b97fedb3e70,1edfb9018f4eeea995af149ad5747a5dd893c63525efacb1e6aa374451143077,1000,563,9116904670325917579,76005841109888
cucumber_fresh_0052,images/cucumber_fresh/cucumber_fresh_0052.jpg,cucumber_fresh,0,cucumber,fresh,none,train,g00099,Fruits_Vegetables_Dataset(12000)/Vegetables/FreshCucumber/freshCucumber (445).jpg,https://www.kaggle.com/datasets/muhriddinmuxiddinov/fruits-and-vegetables-dataset,2,publisher_fresh_rotten_folder,not_annotated,1bbd45b99b7312fb34ea5eb5f34bfe92c17ea01e20de5fbdd1fe899f5be79eb3,a8d7e6a3652ff71d324dbd244e9479250343b9b74b361503685bae5be2c0d9fc,224,224,6166958852929259583,8524375869451739793
cucumber_fresh_0012,images/cucumber_fresh/cucumber_fresh_0012.jpg,cucumber_fresh,0,cucumber,fresh,none,train,g00183,Fruits_Vegetables_Dataset(12000)/Vegetables/FreshCucumber/freshCucumber (187).jpg,https://www.kaggle.com/datasets/muhriddinmuxiddinov/fruits-and-vegetables-dataset,2,publisher_fresh_rotten_folder,not_annotated,f71f9010d4b183adf49c6a239bb920bbcc2d9e82128c298b76e76077a82ee7e5,c9366fef4d16dbfb6d705e6da64f973b859233cb70f83ae48fab922412ea0286,4032,3024,8845233767586875340,2570112781416512
cucumber_fresh_0076,images/cucumber_fresh/cucumber_fresh_0076.jpg,cucumber_fresh,0,cucumber,fresh,none,train,g00183,Fruits_Vegetables_Dataset(12000)/Vegetables/FreshCucumber/freshCucumber (82).jpg,https://www.kaggle.com/datasets/muhriddinmuxiddinov/fruits-and-vegetables-dataset,2,publisher_fresh_rotten_folder,not_annotated,f5574cc62b1d613ef23c2b80d9b49b738f2efb7c6d503aa159f4aca1c3ae05cc,e89ee3109d3dc210ca519e2ff19b2bf92ed614e3c7b2a663304cc85d6ae4043c,848,480,3259432753909282111,15626399936735010550
cucumber_fresh_0024,images/cucumber_fresh/cucumber_fresh_0024.jpg,cucumber_fresh,0,cucumber,fresh,none,train,g00099,Fruits_Vegetables_Dataset(12000)/Vegetables/FreshCucumber/freshCucumber (292).jpg,https://www.kaggle.com/datasets/muhriddinmuxiddinov/fruits-and-vegetables-dataset,2,publisher_fresh_rotten_folder,not_annotated,90db8412242e7176be84d4dabbe063e2bbab36a6b5e453ba6cb0362871fc511a,85b4b260fc3de1f7e00b8e012bc20d34b55c6acf0908b87604438875bf64c001,224,224,5232943321076043028,6320082943554589669
cucumber_fresh_0021,images/cucumber_fresh/cucumber_fresh_0021.jpg,cucumber_fresh,0,cucumber,fresh,none,train,g00069,Fruits_Vegetables_Dataset(12000)/Vegetables/FreshCucumber/freshCucumber (248).jpg,https://www.kaggle.com/datasets/muhriddinmuxiddinov/fruits-and-vegetables-dataset,2,publisher_fresh_rotten_folder,not_annotated,c265efcc5738c8a2659c0af9f38a700b96f70f10feb6743925a3b120260ca885,e42c658cc6d5d769d6970ce028e3acd38d94e36e26d64dcd138cafa17bff1369,4608,3456,2048237994839705427,10891786503864234226
cucumber_fresh_0016,images/cucumber_fresh/cucumber_fresh_0016.jpg,cucumber_fresh,0,cucumber,fresh,none,train,g00050,Fruits_Vegetables_Dataset(12000)/Vegetables/FreshCucumber/freshCucumber (206).jpg,https://www.kaggle.com/datasets/muhriddinmuxiddinov/fruits-and-vegetables-dataset,2,publisher_fresh_rotten_folder,not_annotated,3bd4a4db9261926639f0d66999e0a7e1b3945e12df88f476e950f56a667ccc3d,2ccde90d7d2866a9575d14cdbd8b04bfa0615fc1ddfc31dfa5f5dd7308364927,800,800,7234362761565268324,1163133283748024320
cucumber_fresh_0041,images/cucumber_fresh/cucumber_fresh_0041.jpg,cucumber_fresh,0,cucumber,fresh,none,train,g00092,Fruits_Vegetables_Dataset(12000)/Vegetables/FreshCucumber/freshCucumber (397).jpg,https://www.kaggle.com/datasets/muhriddinmuxiddinov/fruits-and-vegetables-dataset,2,publisher_fresh_rotten_folder,not_annotated,2580613f0d6d2553369a0ec029f37533fc34008fcb6a680b69d13b267feb7d2f,a9c16458157558602245a7b192ce4ea03c9d0a0ed6c79e6bc5d55ad1da4af015,224,224,6807870893925569970,2535869692815373619
cucumber_fresh_0040,images/cucumber_fresh/cucumber_fresh_0040.jpg,cucumber_fresh,0,cucumber,fresh,none,train,g00099,Fruits_Vegetables_Dataset(12000)/Vegetables/FreshCucumber/freshCucumber (379).jpg,https://www.kaggle.com/datasets/muhriddinmuxiddinov/fruits-and-vegetables-dataset,2,publisher_fresh_rotten_folder,not_annotated,8bf45110f5e36018fe651abfb32a16185beabdb1fcfcdcebbe0084df63f5bf00,02f30fb2722906fe2fae681bac63b8ed1cffd8b5c32e9c33645449dd71ac4a85,224,224,2793736039761280351,9713532562492599081
cucumber_fresh_0068,images/cucumber_fresh/cucumber_fresh_0068.jpg,cucumber_fresh,0,cucumber,fresh,none,train,g00183,Fruits_Vegetables_Dataset(12000)/Vegetables/FreshCucumber/freshCucumber (58).jpg,https://www.kaggle.com/datasets/muhriddinmuxiddinov/fruits-and-vegetables-dataset,2,publisher_fresh_rotten_folder,not_annotated,7c2c000c28d7416e2030dc54a0402908a368da6b8fbe2fff3a7e30fce473e91d,2132fbfea773f92223a8d0aacb9d46eeaa01e3673467f62d478aed8bf08b2a09,848,480,1339189211402268565,17941460127106324972
cucumber_fresh_0033,images/cucumber_fresh/cucumber_fresh_0033.jpg,cucumber_fresh,0,cucumber,fresh,none,train,g00092,Fruits_Vegetables_Dataset(12000)/Vegetables/FreshCucumber/freshCucumber (340).jpg,https://www.kaggle.com/datasets/muhriddinmuxiddinov/fruits-and-vegetables-dataset,2,publisher_fresh_rotten_folder,not_annotated,48f3f2a39e25f86f1455aece49fba32d2fc7e194808298d3ce35684ed49d7164,ece215939a52bcb28bfe0e68fc2d14ac9f67f7c1de70342b29b93c0d072544b6,224,224,8381601420279265708,1625825667266143239
cucumber_fresh_0055,images/cucumber_fresh/cucumber_fresh_0055.jpg,cucumber_fresh,0,cucumber,fresh,none,train,g00175,Fruits_Vegetables_Dataset(12000)/Vegetables/FreshCucumber/freshCucumber (482).jpg,https://www.kaggle.com/datasets/muhriddinmuxiddinov/fruits-and-vegetables-dataset,2,publisher_fresh_rotten_folder,not_annotated,d38659cd1cb18cf80ff5ff60a99cf863581f2961ca48287307a5aae4f4d38353,b1186a5787d5ecfc5b6502de5854362b93fb164fe3d0ecb5de3efdf563384d72,100,100,1066485733193835920,7719634486912444702
cucumber_fresh_0026,images/cucumber_fresh/cucumber_fresh_0026.jpg,cucumber_fresh,0,cucumber,fresh,none,train,g00183,Fruits_Vegetables_Dataset(12000)/Vegetables/FreshCucumber/freshCucumber (3).jpg,https://www.kaggle.com/datasets/muhriddinmuxiddinov/fruits-and-vegetables-dataset,2,publisher_fresh_rotten_folder,not_annotated,6fc061c96f98ba54a7fb67bf86507a4a699e96ef8b9feccced4f9c4bc56c9e00,df78c304209951e76384a31169a2eb74b3fec64a9d43bf2db97277db55f32ca8,848,480,834790434020011927,18202555698678842104
cucumber_fresh_0060,images/cucumber_fresh/cucumber_fresh_0060.jpg,cucumber_fresh,0,cucumber,fresh,none,train,g00058,Fruits_Vegetables_Dataset(12000)/Vegetables/FreshCucumber/freshCucumber (514).jpg,https://www.kaggle.com/datasets/muhriddinmuxiddinov/fruits-and-vegetables-dataset,2,publisher_fresh_rotten_folder,not_annotated,df0c04f39cc86553bea38e70a9009a15807de8fdf35ca22687d3cc7a7e13d9fe,0833b0030b80029cad58e1bbd880a2ad950dea0d32da06de73d4efbf412970e9,100,100,3412568072148326337,505321453202048775
cucumber_fresh_0035,images/cucumber_fresh/cucumber_fresh_0035.jpg,cucumber_fresh,0,cucumber,fresh,none,train,g00099,Fruits_Vegetables_Dataset(12000)/Vegetables/FreshCucumber/freshCucumber (353).jpg,https://www.kaggle.com/datasets/muhriddinmuxiddinov/fruits-and-vegetables-dataset,2,publisher_fresh_rotten_folder,not_annotated,3ca25796f0abaa7783a0d74af5798de12801e5f06e72a90ddae09c1d5b444913,c191fc37d89b9ceae0d266bcc00f57b2319fc36cdcb6beeb148ede07648ce991,224,224,6077919925061700553,8134843348661101804
cucumber_fresh_0067,images/cucumber_fresh/cucumber_fresh_0067.jpg,cucumber_fresh,0,cucumber,fresh,none,train,g00183,Fruits_Vegetables_Dataset(12000)/Vegetables/FreshCucumber/freshCucumber (570).jpg,https://www.kaggle.com/datasets/muhriddinmuxiddinov/fruits-and-vegetables-dataset,2,publisher_fresh_rotten_folder,not_annotated,ee2a3e7d4c033cc198baa64dec4741fce9b4c1f249110631f6f74a7fa25107f9,ec74ea7ac7f568fef1e3b61fbc65b74115c805c0de73936983468d71d2e6f830,480,848,3473633419130555827,11285349549995826649
cucumber_fresh_0005,images/cucumber_fresh/cucumber_fresh_0005.jpg,cucumber_fresh,0,cucumber,fresh,none,train,g00183,Fruits_Vegetables_Dataset(12000)/Vegetables/FreshCucumber/freshCucumber (153).jpg,https://www.kaggle.com/datasets/muhriddinmuxiddinov/fruits-and-vegetables-dataset,2,publisher_fresh_rotten_folder,not_annotated,1160c79ec1d6159eda2373bcee3a939f968ad9b9544835c2901e3f4205661381,f5992381004c931b485eb5f4b384cfb16da210180023520b16bfc21203b0a9af,480,848,7291770219606235570,10128039235211939532
cucumber_fresh_0073,images/cucumber_fresh/cucumber_fresh_0073.jpg,cucumber_fresh,0,cucumber,fresh,none,train,g00183,Fruits_Vegetables_Dataset(12000)/Vegetables/FreshCucumber/freshCucumber (67).jpg,https://www.kaggle.com/datasets/muhriddinmuxiddinov/fruits-and-vegetables-dataset,2,publisher_fresh_rotten_folder,not_annotated,9252f61cef19d78a8818a231e6456c976ab9f8515bbb2a653b8ab336f3343f17,b596d064dd8ffd0404d17c8fd17538b693acac6eb7381ec40dd1f1e0904fce8c,848,480,4292147504254103447,17932347984570729208
cucumber_fresh_0070,images/cucumber_fresh/cucumber_fresh_0070.jpg,cucumber_fresh,0,cucumber,fresh,none,train,g00183,Fruits_Vegetables_Dataset(12000)/Vegetables/FreshCucumber/freshCucumber (584).jpg,https://www.kaggle.com/datasets/muhriddinmuxiddinov/fruits-and-vegetables-dataset,2,publisher_fresh_rotten_folder,not_annotated,24aef8c68155614797a7ef84f897d18d29a4a9bef766f9cb759ada7e56928b92,08c9b0345bbf7316adc51a1d304a9e9fc1c0660b349035aefc62bc81966c08f4,848,480,1333317823671885717,18220663532055791592
cucumber_fresh_0011,images/cucumber_fresh/cucumber_fresh_0011.jpg,cucumber_fresh,0,cucumber,fresh,none,train,g00183,Fruits_Vegetables_Dataset(12000)/Vegetables/FreshCucumber/freshCucumber (184).jpg,https://www.kaggle.com/datasets/muhriddinmuxiddinov/fruits-and-vegetables-dataset,2,publisher_fresh_rotten_folder,not_annotated,e77764201ae6da3031e22f1da4caa99a6e90f42cc75b3f0092a0c5cfcbac942c,f8e82261c0c529539a7afa45411082b82f09039cf69463778c268655e6eef48f,4032,3024,8854218976786419015,9259544875286593600
cucumber_fresh_0057,images/cucumber_fresh/cucumber_fresh_0057.jpg,cucumber_fresh,0,cucumber,fresh,none,train,g00056,Fruits_Vegetables_Dataset(12000)/Vegetables/FreshCucumber/freshCucumber (501).jpg,https://www.kaggle.com/datasets/muhriddinmuxiddinov/fruits-and-vegetables-dataset,2,publisher_fresh_rotten_folder,not_annotated,8b391a8bfad5fba708fe7cc102374d8dcf5887ead20e34677a81331b8f437ff2,63306b32a37c0cd577d726ee3de18645b5346f19b0cc3031a80ed36092c85eb8,100,100,7792797295789335752,432352191681462305
cucumber_fresh_0056,images/cucumber_fresh/cucumber_fresh_0056.jpeg,cucumber_fresh,0,cucumber,fresh,none,train,g00182,Fruits_Vegetables_Dataset(12000)/Vegetables/FreshCucumber/freshCucumber (5).jpeg,https://www.kaggle.com/datasets/muhriddinmuxiddinov/fruits-and-vegetables-dataset,2,publisher_fresh_rotten_folder,not_annotated,cda107dc7f92f66c78787a2005925d20c4c41be3938b16b7723af2cc0eac070b,4fb457eea20e77e4d109690debc1e42403d5dc57e160bf0bbdcf2625eabd5761,207,244,1252871350907296708,14450320277442784380
cucumber_fresh_0031,images/cucumber_fresh/cucumber_fresh_0031.jpg,cucumber_fresh,0,cucumber,fresh,none,train,g00099,Fruits_Vegetables_Dataset(12000)/Vegetables/FreshCucumber/freshCucumber (331).jpg,https://www.kaggle.com/datasets/muhriddinmuxiddinov/fruits-and-vegetables-dataset,2,publisher_fresh_rotten_folder,not_annotated,04c30bcf4833af5912d94c61b6079f6072a6c97d18258525e1e4737bb38bc4da,8496dbe1cd584644eacb689f20eb5ea32b5bc89f6c1bf77f54ed2b014f479812,224,224,3989709693972145063,10964134988291657291
cucumber_fresh_0061,images/cucumber_fresh/cucumber_fresh_0061.jpg,cucumber_fresh,0,cucumber,fresh,none,train,g00192,Fruits_Vegetables_Dataset(12000)/Vegetables/FreshCucumber/freshCucumber (521).jpg,https://www.kaggle.com/datasets/muhriddinmuxiddinov/fruits-and-vegetables-dataset,2,publisher_fresh_rotten_folder,not_annotated,0ddc56237dd11b5d1e43a71efbcf90422fa53a3612cbce61f3a901471b41d3aa,6963d50d59e8fad84525440525679d7bb3f181cbf721558ba47d98959eb68477,100,100,416955681301920017,7557874456254919756
cucumber_fresh_0008,images/cucumber_fresh/cucumber_fresh_0008.jpg,cucumber_fresh,0,cucumber,fresh,none,train,g00183,Fruits_Vegetables_Dataset(12000)/Vegetables/FreshCucumber/freshCucumber (172).jpg,https://www.kaggle.com/datasets/muhriddinmuxiddinov/fruits-and-vegetables-dataset,2,publisher_fresh_rotten_folder,not_annotated,959c582e697be978662c0fce30b77be29f40d718450311b7c7d0bfff9120a5f2,978f382aacef7de6449d5be0efe0f48ff9c45daf535c45c5d24922202ac74e90,3024,4032,3366328299087787171,7814375504905204219
cucumber_fresh_0053,images/cucumber_fresh/cucumber_fresh_0053.jpg,cucumber_fresh,0,cucumber,fresh,none,train,g00054,Fruits_Vegetables_Dataset(12000)/Vegetables/FreshCucumber/freshCucumber (455).jpg,https://www.kaggle.com/datasets/muhriddinmuxiddinov/fruits-and-vegetables-dataset,2,publisher_fresh_rotten_folder,not_annotated,c152a78f35d4cd59bf30f354a3c7facdedf48fae6cb6fc30e89bc9c459fcca1a,13934808602edc506868709d216b2f30adc4651ac5e8b2bf27395e351217a694,100,100,4519872952454695655,4260232893797699524
cucumber_fresh_0054,images/cucumber_fresh/cucumber_fresh_0054.jpg,cucumber_fresh,0,cucumber,fresh,none,train,g00076,Fruits_Vegetables_Dataset(12000)/Vegetables/FreshCucumber/freshCucumber (477).jpg,https://www.kaggle.com/datasets/muhriddinmuxiddinov/fruits-and-vegetables-dataset,2,publisher_fresh_rotten_folder,not_annotated,01b57ff9afee0a5aa2d790702fc14036a2bd69f8f9c54347439691c90b0a8f18,10ce04d45a9793ff1db9356e024ef396bb33f837210fd2babba1f24a90313136,100,100,4530843463455712006,1234342020214518376
cucumber_fresh_0038,images/cucumber_fresh/cucumber_fresh_0038.jpg,cucumber_fresh,0,cucumber,fresh,none,train,g00092,Fruits_Vegetables_Dataset(12000)/Vegetables/FreshCucumber/freshCucumber (362).jpg,https://www.kaggle.com/datasets/muhriddinmuxiddinov/fruits-and-vegetables-dataset,2,publisher_fresh_rotten_folder,not_annotated,673f46ab4a49be239032109da7a070afdf4c656aa3f3f33e34cc231c76997862,67549aa87370c8b8e1723ad6abb9ec38d35e49b96278d302085229d6d507e91c,224,224,559635146635925707,7823579822694364536
cucumber_fresh_0025,images/cucumber_fresh/cucumber_fresh_0025.jpg,cucumber_fresh,0,cucumber,fresh,none,train,g00099,Fruits_Vegetables_Dataset(12000)/Vegetables/FreshCucumber/freshCucumber (294).jpg,https://www.kaggle.com/datasets/muhriddinmuxiddinov/fruits-and-vegetables-dataset,2,publisher_fresh_rotten_folder,not_annotated,ed180b12591dd57b5790121dce7f218656d3b2d33a2c328b72b954ad6b69e362,4574b2c950cde82bfb53bc9c4892d8606563be5922c16a0645df008394f01acc,224,224,5305000880225490309,8548378222865388005
cucumber_fresh_0009,images/cucumber_fresh/cucumber_fresh_0009.jpg,cucumber_fresh,0,cucumber,fresh,none,train,g00183,Fruits_Vegetables_Dataset(12000)/Vegetables/FreshCucumber/freshCucumber (177).jpg,https://www.kaggle.com/datasets/muhriddinmuxiddinov/fruits-and-vegetables-dataset,2,publisher_fresh_rotten_folder,not_annotated,2be11f2ed672f04b5ae6097bd294e1b33b4f8b99b9090dc7ce7737fa0faa4fa0,b1c21d874409eed17dfb681426cec04718b8a89e57512daffed352065f44fc57,3024,4032,4171424184175019833,11040921087058320153
cucumber_fresh_0047,images/cucumber_fresh/cucumber_fresh_0047.jpg,cucumber_fresh,0,cucumber,fresh,none,train,g00099,Fruits_Vegetables_Dataset(12000)/Vegetables/FreshCucumber/freshCucumber (421).jpg,https://www.kaggle.com/datasets/muhriddinmuxiddinov/fruits-and-vegetables-dataset,2,publisher_fresh_rotten_folder,not_annotated,024a3b1c74a1ca7c75092e3c58e69727f56527c407bcc20b503a6372dc1eceec,ca8d37e7f556d5d1a38e96a820fec89a484f328603f77bbf74851e400d62786f,224,224,3051933643407247185,10751166899964165078
cucumber_fresh_0043,images/cucumber_fresh/cucumber_fresh_0043.jpg,cucumber_fresh,0,cucumber,fresh,none,train,g00100,Fruits_Vegetables_Dataset(12000)/Vegetables/FreshCucumber/freshCucumber (409).jpg,https://www.kaggle.com/datasets/muhriddinmuxiddinov/fruits-and-vegetables-dataset,2,publisher_fresh_rotten_folder,not_annotated,90362d9f62194ce83cad5aba5fac2bd7287652a18a1e40eb72e42f50e52729d7,82d8ed1348fbb75de860c88d99d682080319bf24ddc5b354f6a9209e052c3412,224,224,2436053985439160537,16490111243753789664
cucumber_fresh_0001,images/cucumber_fresh/cucumber_fresh_0001.jpg,cucumber_fresh,0,cucumber,fresh,none,train,g00183,Fruits_Vegetables_Dataset(12000)/Vegetables/FreshCucumber/freshCucumber (109).jpg,https://www.kaggle.com/datasets/muhriddinmuxiddinov/fruits-and-vegetables-dataset,2,publisher_fresh_rotten_folder,not_annotated,9984baaf210b9c15d597bb0c9919afe26684b5c08675af7a1f2e731e7d20365d,c6990d9fc872ed5e804f843a04931aae27e530133afbddbc41c425f33d57ade3,480,848,3487975474626469058,14739884203945921740
cucumber_fresh_0051,images/cucumber_fresh/cucumber_fresh_0051.jpg,cucumber_fresh,0,cucumber,fresh,none,train,g00099,Fruits_Vegetables_Dataset(12000)/Vegetables/FreshCucumber/freshCucumber (443).jpg,https://www.kaggle.com/datasets/muhriddinmuxiddinov/fruits-and-vegetables-dataset,2,publisher_fresh_rotten_folder,not_annotated,afe5e713b8601f56c9c488cb1b1e4c85a8d9d0ae69388964f76d657649da59ce,65c73b77fb75990b2acb4a8efd1f51185cac455399fedc3b6f79fc99856cff2e,224,224,1804605726012499997,4272393075309229579
cucumber_fresh_0010,images/cucumber_fresh/cucumber_fresh_0010.jpg,cucumber_fresh,0,cucumber,fresh,none,train,g00183,Fruits_Vegetables_Dataset(12000)/Vegetables/FreshCucumber/freshCucumber (182).jpg,https://www.kaggle.com/datasets/muhriddinmuxiddinov/fruits-and-vegetables-dataset,2,publisher_fresh_rotten_folder,not_annotated,90d954fe5779f6b1f462ace7622a03ba354406e5b28a9e055c2902d828b55cbd,7466b27fd93304d7a0da835216eba717e90c92206cc6a1166e01b06ce99db5a4,4032,3024,7699613010702011776,9227454527878136000
cucumber_fresh_0059,images/cucumber_fresh/cucumber_fresh_0059.jpg,cucumber_fresh,0,cucumber,fresh,none,train,g00053,Fruits_Vegetables_Dataset(12000)/Vegetables/FreshCucumber/freshCucumber (506).jpg,https://www.kaggle.com/datasets/muhriddinmuxiddinov/fruits-and-vegetables-dataset,2,publisher_fresh_rotten_folder,not_annotated,e096408f8b98a96b831abc7cb04cec429a27fd7f075092e8b1e14dffe84fd4bd,f29d9fe8e568c552645a1907ccfef9ce9e811d86c47ad72fc31e12825721b961,100,100,4488614953441447485,158519955244387610
cucumber_fresh_0028,images/cucumber_fresh/cucumber_fresh_0028.jpg,cucumber_fresh,0,cucumber,fresh,none,train,g00183,Fruits_Vegetables_Dataset(12000)/Vegetables/FreshCucumber/freshCucumber (31).jpg,https://www.kaggle.com/datasets/muhriddinmuxiddinov/fruits-and-vegetables-dataset,2,publisher_fresh_rotten_folder,not_annotated,f8c718618f22f694e0a26906daa546e04ddcee1dd73fbca89e9fabf9a3eae2d8,a489180763d8f0255ca6230f5c0dadc71a739cbf9f67bd624cbb9a79c4855d16,848,480,1693776213919329173,17941457223708440824
cucumber_fresh_0042,images/cucumber_fresh/cucumber_fresh_0042.jpg,cucumber_fresh,0,cucumber,fresh,none,train,g00099,Fruits_Vegetables_Dataset(12000)/Vegetables/FreshCucumber/freshCucumber (404).jpg,https://www.kaggle.com/datasets/muhriddinmuxiddinov/fruits-and-vegetables-dataset,2,publisher_fresh_rotten_folder,not_annotated,254872458ef31586f1af2d25326d6d0b79cf50d761bd039eb169e65d6f873f1d,f294730e3805dc5685d661cb2236fcbbf2308bf0fca0a310451da9ab97991f38,224,224,6182730126024377253,8228871169601736760
cucumber_fresh_0000,images/cucumber_fresh/cucumber_fresh_0000.jpg,cucumber_fresh,0,cucumber,fresh,none,train,g00183,Fruits_Vegetables_Dataset(12000)/Vegetables/FreshCucumber/freshCucumber (106).jpg,https://www.kaggle.com/datasets/muhriddinmuxiddinov/fruits-and-vegetables-dataset,2,publisher_fresh_rotten_folder,not_annotated,23e5501036a56efdca323d257d78872195a37619ea9d24cd75044c9473e85d68,7116b0c5203914269db49a7f3ffef0d474f57ec5c6e490a8feeda46ca93a70ec,480,848,3630677068518510489,11284943338826636440
cucumber_fresh_0058,images/cucumber_fresh/cucumber_fresh_0058.jpg,cucumber_fresh,0,cucumber,fresh,none,train,g00064,Fruits_Vegetables_Dataset(12000)/Vegetables/FreshCucumber/freshCucumber (504).jpg,https://www.kaggle.com/datasets/muhriddinmuxiddinov/fruits-and-vegetables-dataset,2,publisher_fresh_rotten_folder,not_annotated,dbbdf64b679de29f9362039b291e95e5aee7977c848d5f55334d30c92ab89ac2,00b0e6204aaed81304450466d99ca1970b2be64bf7a8d205ced32bc2b72ad551,100,100,5776084428488144843,12872515452266109348
cucumber_fresh_0027,images/cucumber_fresh/cucumber_fresh_0027.jpg,cucumber_fresh,0,cucumber,fresh,none,train,g00099,Fruits_Vegetables_Dataset(12000)/Vegetables/FreshCucumber/freshCucumber (309).jpg,https://www.kaggle.com/datasets/muhriddinmuxiddinov/fruits-and-vegetables-dataset,2,publisher_fresh_rotten_folder,not_annotated,7721b5982421ff2de624685631889916031dd9d1ace1de62194499b2ccfb3948,757dde1fae838105271534c99a4429bc62dc46a0e78b2279bd22abcaf05f69df,224,224,2517541391527274940,10209246701156789611
cucumber_fresh_0093,images/cucumber_fresh/cucumber_fresh_0093.jpg,cucumber_fresh,0,cucumber,fresh,none,val,g00171,Fruits_Vegetables_Dataset(12000)/Vegetables/FreshCucumber/freshCucumber (475).jpg,https://www.kaggle.com/datasets/muhriddinmuxiddinov/fruits-and-vegetables-dataset,2,publisher_fresh_rotten_folder,not_annotated,0bd23297353b329fc3d671b240c0a1d1d42bfc4c4ca530a225be247bf75cd5a5,7a475295db3b7413a5ff34e99d36216fe7038092e014cced92a4892098beb8d2,100,100,7328247733780097319,5590895879716496493
cucumber_fresh_0089,images/cucumber_fresh/cucumber_fresh_0089.jpg,cucumber_fresh,0,cucumber,fresh,none,val,g00079,Fruits_Vegetables_Dataset(12000)/Vegetables/FreshCucumber/freshCucumber (270).jpg,https://www.kaggle.com/datasets/muhriddinmuxiddinov/fruits-and-vegetables-dataset,2,publisher_fresh_rotten_folder,not_annotated,4a459c80142c3b824aab66a1f8e832a758644b9f71cb5e17b4d30a697eb09a18,e45682630ade5bad108580ae17a8f5301d32930f899dba7bdfd415e23d2a3bef,900,950,4122153075565904739,11463665595021465367
cucumber_fresh_0090,images/cucumber_fresh/cucumber_fresh_0090.jpg,cucumber_fresh,0,cucumber,fresh,none,val,g00083,Fruits_Vegetables_Dataset(12000)/Vegetables/FreshCucumber/freshCucumber (282).jpg,https://www.kaggle.com/datasets/muhriddinmuxiddinov/fruits-and-vegetables-dataset,2,publisher_fresh_rotten_folder,not_annotated,e7fc41483574227155767d4eb8b5339ee096ed64ad894f5b56c7ac2473233316,7775207e3d61347dbdabd4396354dce35c2aad488875e058ff49ded41ac0f792,1500,1000,8183218641473456667,10871355954055175062
cucumber_fresh_0082,images/cucumber_fresh/cucumber_fresh_0082.jpg,cucumber_fresh,0,cucumber,fresh,none,val,g00015,Fruits_Vegetables_Dataset(12000)/Vegetables/FreshCucumber/freshCucumber (131).jpg,https://www.kaggle.com/datasets/muhriddinmuxiddinov/fruits-and-vegetables-dataset,2,publisher_fresh_rotten_folder,not_annotated,7cc5552ae09d4db69650b80f57359d1383af8007e59692a8838558944ba58379,e70d21a7c6320020728544cd4d4ce33f5a6e4588a6305d7dc83c4ea3bee68f97,324,324,7757331723328971303,222944721592987970
cucumber_fresh_0084,images/cucumber_fresh/cucumber_fresh_0084.jpg,cucumber_fresh,0,cucumber,fresh,none,val,g00066,Fruits_Vegetables_Dataset(12000)/Vegetables/FreshCucumber/freshCucumber (241).jpg,https://www.kaggle.com/datasets/muhriddinmuxiddinov/fruits-and-vegetables-dataset,2,publisher_fresh_rotten_folder,not_annotated,edd68771f75f120a13f4563fd25352c5482542fa241abd9f57749cba59d19103,0fea26260aca0733c3f3b761814e16ce255df3fc69d0cb9c75c4825f5f460660,1024,1120,5470223033007164720,687187927900584863
cucumber_fresh_0081,images/cucumber_fresh/cucumber_fresh_0081.jpg,cucumber_fresh,0,cucumber,fresh,none,val,g00014,Fruits_Vegetables_Dataset(12000)/Vegetables/FreshCucumber/freshCucumber (128).jpg,https://www.kaggle.com/datasets/muhriddinmuxiddinov/fruits-and-vegetables-dataset,2,publisher_fresh_rotten_folder,not_annotated,e3e12bae2193caa2cd6c64ef4340fd16292c2617cfed7cb76025e6d5ceedc230,50bf4b810ba76b22fd4206c498e45d33c6826ac0dbbdde662b74571f873b1ccc,225,225,9133445315523418736,4901898965158012686
cucumber_fresh_0094,images/cucumber_fresh/cucumber_fresh_0094.jpg,cucumber_fresh,0,cucumber,fresh,none,val,g00177,Fruits_Vegetables_Dataset(12000)/Vegetables/FreshCucumber/freshCucumber (487).jpg,https://www.kaggle.com/datasets/muhriddinmuxiddinov/fruits-and-vegetables-dataset,2,publisher_fresh_rotten_folder,not_annotated,7c66394478a4d4a8897572fd02e95cd7f3634e4628ddcf388d590e6f9f1299ef,f6fe30095fe48f50e6670ff46914149adaceea957fa8205935846c4435a3e6e2,100,100,123875871896843226,12876911611722157425
cucumber_fresh_0091,images/cucumber_fresh/cucumber_fresh_0091.jpg,cucumber_fresh,0,cucumber,fresh,none,val,g00085,Fruits_Vegetables_Dataset(12000)/Vegetables/FreshCucumber/freshCucumber (287).jpg,https://www.kaggle.com/datasets/muhriddinmuxiddinov/fruits-and-vegetables-dataset,2,publisher_fresh_rotten_folder,not_annotated,f5623c41e60df49905598e0152a0b5998e76561d6d39e1c4709466b031b20f70,eda21c9816405242a6f8ab707d076022eec50202975ea124e891dab3190621c4,3463,2309,7612651594690651982,1160678688644862245
cucumber_fresh_0083,images/cucumber_fresh/cucumber_fresh_0083.jpg,cucumber_fresh,0,cucumber,fresh,none,val,g00062,Fruits_Vegetables_Dataset(12000)/Vegetables/FreshCucumber/freshCucumber (233).jpg,https://www.kaggle.com/datasets/muhriddinmuxiddinov/fruits-and-vegetables-dataset,2,publisher_fresh_rotten_folder,not_annotated,49c099f6eda15253830e2ea07256027d1b4b918fe58be7776741fc8db8200e44,b42295deff43e907adbc6b07af7f6f0472db2cbf51ba64d156687b12335ee80c,400,300,1572736384250272332,15679695995379200684
cucumber_fresh_0085,images/cucumber_fresh/cucumber_fresh_0085.jpg,cucumber_fresh,0,cucumber,fresh,none,val,g00067,Fruits_Vegetables_Dataset(12000)/Vegetables/FreshCucumber/freshCucumber (243).jpg,https://www.kaggle.com/datasets/muhriddinmuxiddinov/fruits-and-vegetables-dataset,2,publisher_fresh_rotten_folder,not_annotated,2ec0f364fc4f01338aa8b1abb605da96df9ac562245b71bb740260d55ae7b11a,e6362ef0bf116a446c95e84a3737f37331b78b111ef2851e570c20dfd8f8781d,1024,1365,3632641487007680559,4544021648976190781
cucumber_fresh_0098,images/cucumber_fresh/cucumber_fresh_0098.jpeg,cucumber_fresh,0,cucumber,fresh,none,val,g00225,Fruits_Vegetables_Dataset(12000)/Vegetables/FreshCucumber/freshCucumber (6).jpeg,https://www.kaggle.com/datasets/muhriddinmuxiddinov/fruits-and-vegetables-dataset,2,publisher_fresh_rotten_folder,not_annotated,d2a51d8ae51397a4c012552dd55512e971141366544a83dd3f00cc084c0a6332,be2f1b1bc5acd02f4c8ea721821f4c12b325f26e850ea2badd52cae1dbc4358b,259,194,5532335024700273221,7382360266667289138
cucumber_fresh_0092,images/cucumber_fresh/cucumber_fresh_0092.jpg,cucumber_fresh,0,cucumber,fresh,none,val,g00163,Fruits_Vegetables_Dataset(12000)/Vegetables/FreshCucumber/freshCucumber (457).jpg,https://www.kaggle.com/datasets/muhriddinmuxiddinov/fruits-and-vegetables-dataset,2,publisher_fresh_rotten_folder,not_annotated,88754b6c5a5250eb65834454d984b9fe8a590d8564c3b2f01c42e9e9c8962aac,266b4ad1556de8bc89ca2ea055bf62f2fcd9ac96258e62fbdc2967e8d3c03f00,100,100,7756837254187377228,3573068914504734977
cucumber_fresh_0080,images/cucumber_fresh/cucumber_fresh_0080.jpeg,cucumber_fresh,0,cucumber,fresh,none,val,g00000,Fruits_Vegetables_Dataset(12000)/Vegetables/FreshCucumber/freshCucumber (1).jpeg,https://www.kaggle.com/datasets/muhriddinmuxiddinov/fruits-and-vegetables-dataset,2,publisher_fresh_rotten_folder,not_annotated,f2cf3e0e7c49ce1b925789b461043192286542c636208faa854a08f6f4d3f77d,074e7270a57490b3abfce8e0992797c2ad5c2c5a296d50301e582794c2f24111,300,300,800401438787263992,3844274006880996778
cucumber_fresh_0088,images/cucumber_fresh/cucumber_fresh_0088.jpg,cucumber_fresh,0,cucumber,fresh,none,val,g00075,Fruits_Vegetables_Dataset(12000)/Vegetables/FreshCucumber/freshCucumber (260).jpg,https://www.kaggle.com/datasets/muhriddinmuxiddinov/fruits-and-vegetables-dataset,2,publisher_fresh_rotten_folder,not_annotated,93ae390dbfbe96c1c0f89c87636184b82e5861c8e4b1f5bd1dd05707e203dca5,74bdc22ff0c20f4d51e8d404576589a27dd17d0f6287075a245ff4047dd72b13,1024,681,4677121844272413650,10783352171200365576
cucumber_fresh_0087,images/cucumber_fresh/cucumber_fresh_0087.jpg,cucumber_fresh,0,cucumber,fresh,none,val,g00070,Fruits_Vegetables_Dataset(12000)/Vegetables/FreshCucumber/freshCucumber (250).JPG,https://www.kaggle.com/datasets/muhriddinmuxiddinov/fruits-and-vegetables-dataset,2,publisher_fresh_rotten_folder,not_annotated,71a5147ec177c92877abb320d888c1b97a10f6b4ee9be5ea7be62ac4fe99f538,98c917c49e97e533067247c51fb95a5a792419dc2da517e49ff886fd4c535a54,1059,1600,5674574833696973204,7629347234160248087
cucumber_fresh_0099,images/cucumber_fresh/cucumber_fresh_0099.png,cucumber_fresh,0,cucumber,fresh,none,val,g00226,Fruits_Vegetables_Dataset(12000)/Vegetables/FreshCucumber/freshCucumber (6).png,https://www.kaggle.com/datasets/muhriddinmuxiddinov/fruits-and-vegetables-dataset,2,publisher_fresh_rotten_folder,not_annotated,7b42fe3831f7a9abbc9f20a175cde9d5848d66166f5d70426d3564ec843c8804,9d04295b4134d257b1428cf3f6d7f21e83e9864436b89de7aebfbd2cb62b532d,360,224,4508319073908015411,2752014103689765686
cucumber_fresh_0097,images/cucumber_fresh/cucumber_fresh_0097.jpg,cucumber_fresh,0,cucumber,fresh,none,val,g00190,Fruits_Vegetables_Dataset(12000)/Vegetables/FreshCucumber/freshCucumber (516).jpg,https://www.kaggle.com/datasets/muhriddinmuxiddinov/fruits-and-vegetables-dataset,2,publisher_fresh_rotten_folder,not_annotated,aa7765ef6a58e117d12d25630ffafb25fdfb788f6434b292e8429d2936c81ae1,91e7246b44f0a06e3b5d4ed1a74e2c66bd016dc47a158bf7a11e750fff024b6d,100,100,681985984705054014,14930689035048013810
cucumber_fresh_0086,images/cucumber_fresh/cucumber_fresh_0086.jpg,cucumber_fresh,0,cucumber,fresh,none,val,g00068,Fruits_Vegetables_Dataset(12000)/Vegetables/FreshCucumber/freshCucumber (245).jpg,https://www.kaggle.com/datasets/muhriddinmuxiddinov/fruits-and-vegetables-dataset,2,publisher_fresh_rotten_folder,not_annotated,60dfaa860180bb754bcf23bcb590bc7a6c896ffd106451eed177deef078975a3,f197f20f290113ff905d9bb8c2fb6dfbf046e5c05d45f00ec68ce3390a4bb06e,1024,768,3514371594337724405,17646315670057335615
cucumber_fresh_0095,images/cucumber_fresh/cucumber_fresh_0095.jpg,cucumber_fresh,0,cucumber,fresh,none,val,g00181,Fruits_Vegetables_Dataset(12000)/Vegetables/FreshCucumber/freshCucumber (499).jpg,https://www.kaggle.com/datasets/muhriddinmuxiddinov/fruits-and-vegetables-dataset,2,publisher_fresh_rotten_folder,not_annotated,b656aa1e8a3060237c60f8ab80b8c8994f18e0e0f89dd1c8c7badc3022a02793,d18de8da882720604790e8f429561d7b439a3acec9fceea57ac3e050df6b66af,100,100,7829758396305198264,14053208988609171358
cucumber_fresh_0096,images/cucumber_fresh/cucumber_fresh_0096.jpg,cucumber_fresh,0,cucumber,fresh,none,val,g00187,Fruits_Vegetables_Dataset(12000)/Vegetables/FreshCucumber/freshCucumber (509).jpg,https://www.kaggle.com/datasets/muhriddinmuxiddinov/fruits-and-vegetables-dataset,2,publisher_fresh_rotten_folder,not_annotated,15b1146a487c6e224397f77f5104723508af8df5bbf09dfada831c50d3ea4cb0,64fe6b06a3f18b7550a6fbda2ad7bf740b7f415af5c663c9b6388cd78b8cf00c,100,100,4136525791769685552,507237796838847390
cucumber_rotten_0104,images/cucumber_rotten/cucumber_rotten_0104.jpg,cucumber_rotten,1,cucumber,rotten,not_subtyped,train,g00741,Fruits_Vegetables_Dataset(12000)/Vegetables/RottenCucumber/rottenCucumber (172).jpg,https://www.kaggle.com/datasets/muhriddinmuxiddinov/fruits-and-vegetables-dataset,2,publisher_fresh_rotten_folder,not_annotated,7199580f0cf298f2507eff092443fa3a861d769ef55231412196ab2e4c6d77da,2d848bf007402ba7a6f10d280e2eea356777d8a772d847baaa5dcee0ac8ac24b,1200,900,6252167442369661643,17042680974082643772
cucumber_rotten_0109,images/cucumber_rotten/cucumber_rotten_0109.jpg,cucumber_rotten,1,cucumber,rotten,not_subtyped,train,g00743,Fruits_Vegetables_Dataset(12000)/Vegetables/RottenCucumber/rottenCucumber (272).jpg,https://www.kaggle.com/datasets/muhriddinmuxiddinov/fruits-and-vegetables-dataset,2,publisher_fresh_rotten_folder,not_annotated,008ff7c194c411d0bfa0ce0b1a8010e4ac84d238b6ed4f453b043f815420569c,3a9371f59a6f1c510e9df4f8709abf52d7c9c918b71ea277eda4df6b7e0b9746,300,168,5229193027170148163,16760390894631322369
cucumber_rotten_0118,images/cucumber_rotten/cucumber_rotten_0118.jpg,cucumber_rotten,1,cucumber,rotten,not_subtyped,train,g00743,Fruits_Vegetables_Dataset(12000)/Vegetables/RottenCucumber/rottenCucumber (308).jpg,https://www.kaggle.com/datasets/muhriddinmuxiddinov/fruits-and-vegetables-dataset,2,publisher_fresh_rotten_folder,not_annotated,bca9e50f46e6bc265649fc348d872ba5b7421a0cb622d0be4aa0aefb2ff35edc,61c35cb72825971289711b0f547236bdf6f663651d882ca7b156f1473ef247dd,275,183,7946849177688052022,1380077743019625543
cucumber_rotten_0129,images/cucumber_rotten/cucumber_rotten_0129.jpg,cucumber_rotten,1,cucumber,rotten,not_subtyped,train,g00772,Fruits_Vegetables_Dataset(12000)/Vegetables/RottenCucumber/rottenCucumber (370).JPG,https://www.kaggle.com/datasets/muhriddinmuxiddinov/fruits-and-vegetables-dataset,2,publisher_fresh_rotten_folder,not_annotated,5457ba8d43fccf6dc84c504962ab04a4c340ab96e10fd684bcab0a5e8399d269,0889464105dc6abc3ba19a48f141d9bca629fb3059197ceefd3e5887f61f238a,3024,4032,2851566280912771529,16811109541378197351
cucumber_rotten_0141,images/cucumber_rotten/cucumber_rotten_0141.jpg,cucumber_rotten,1,cucumber,rotten,not_subtyped,train,g00789,Fruits_Vegetables_Dataset(12000)/Vegetables/RottenCucumber/rottenCucumber (398).jpg,https://www.kaggle.com/datasets/muhriddinmuxiddinov/fruits-and-vegetables-dataset,2,publisher_fresh_rotten_folder,not_annotated,25838f55c960f6b1a47bfef048a9f3f273ea2b3dccf12ced3c53d1ec78f2f8d5,5ad75c5bb39732847287c699b9c1c12138bc03b69f2d4fc062e2fd246962469b,391,280,3193775884742026567,13707204812275447958
cucumber_rotten_0154,images/cucumber_rotten/cucumber_rotten_0154.jpg,cucumber_rotten,1,cucumber,rotten,not_subtyped,train,g00748,Fruits_Vegetables_Dataset(12000)/Vegetables/RottenCucumber/rottenCucumber (438).jpg,https://www.kaggle.com/datasets/muhriddinmuxiddinov/fruits-and-vegetables-dataset,2,publisher_fresh_rotten_folder,not_annotated,bbbea8b6aece5a771c9648f2c4299ee13f54d2cd6345e1c60ee88adad3c59d19,e87cd7483efd818321cc27ab6f9575ea527dc47bbbfdee7a1cf02b68f5233b26,294,171,7612653562431746505,18205312571002986176
cucumber_rotten_0143,images/cucumber_rotten/cucumber_rotten_0143.jpg,cucumber_rotten,1,cucumber,rotten,not_subtyped,train,g00792,Fruits_Vegetables_Dataset(12000)/Vegetables/RottenCucumber/rottenCucumber (405).jpg,https://www.kaggle.com/datasets/muhriddinmuxiddinov/fruits-and-vegetables-dataset,2,publisher_fresh_rotten_folder,not_annotated,b374bc63c2f81c2f767122348f5627fb05ab3ef3598848b52ed07a01f8927e55,473148c56bdb0fa823e2ac8f8ae8424cd652f9e1fc95564491705334cc5ed662,390,280,2984130215001995106,15268191297584443798
cucumber_rotten_0153,images/cucumber_rotten/cucumber_rotten_0153.jpg,cucumber_rotten,1,cucumber,rotten,not_subtyped,train,g00804,Fruits_Vegetables_Dataset(12000)/Vegetables/RottenCucumber/rottenCucumber (434).jpg,https://www.kaggle.com/datasets/muhriddinmuxiddinov/fruits-and-vegetables-dataset,2,publisher_fresh_rotten_folder,not_annotated,f2f59579f66fff9375f57e6a1e63268ceff9d9d2bc5dca87682d2ff1952341fe,8000c1aae4d9b07e625061513071b95e4ecd18a8a5dc418dd6da562ee124a182,265,190,4063873669600787657,2595786560236290326
cucumber_rotten_0123,images/cucumber_rotten/cucumber_rotten_0123.jpg,cucumber_rotten,1,cucumber,rotten,not_subtyped,train,g00770,Fruits_Vegetables_Dataset(12000)/Vegetables/RottenCucumber/rottenCucumber (343).jpg,https://www.kaggle.com/datasets/muhriddinmuxiddinov/fruits-and-vegetables-dataset,2,publisher_fresh_rotten_folder,not_annotated,e75b3868cf8c34db8f929f9bf859601d964326dcb605d0dc4bc7750433dd47a8,b884579a90d3909fe104611f719e95d8c82ccb32b12085e7a10b64dd74876d1e,275,183,4233899519367393218,4611810646319644160
cucumber_rotten_0107,images/cucumber_rotten/cucumber_rotten_0107.jpg,cucumber_rotten,1,cucumber,rotten,not_subtyped,train,g00829,Fruits_Vegetables_Dataset(12000)/Vegetables/RottenCucumber/rottenCucumber (267).jpg,https://www.kaggle.com/datasets/muhriddinmuxiddinov/fruits-and-vegetables-dataset,2,publisher_fresh_rotten_folder,not_annotated,428910ef5a391314b71dce43f2eec36dfca4b93e02a7b13e6bc2f96162b65a59,b3575ff35f69ac15838186368ecc6ea16407f99884ff461f1590f8654bca4595,390,280,7692875213109867912,16167571922605799574
cucumber_rotten_0161,images/cucumber_rotten/cucumber_rotten_0161.jpg,cucumber_rotten,1,cucumber,rotten,not_subtyped,train,g00792,Fruits_Vegetables_Dataset(12000)/Vegetables/RottenCucumber/rottenCucumber (455).jpg,https://www.kaggle.com/datasets/muhriddinmuxiddinov/fruits-and-vegetables-dataset,2,publisher_fresh_rotten_folder,not_annotated,5fcf48ff40ebd289582bd51c89c371c7c42cb85fcfe4c68b2d2f998ef426d6d6,1a7b1f2f152c4961700655bdfcef1afda383e5c36938df567337ff0ab19baef2,100,100,2984130215001995106,15268191297584445846
cucumber_rotten_0179,images/cucumber_rotten/cucumber_rotten_0179.jpg,cucumber_rotten,1,cucumber,rotten,not_subtyped,train,g00833,Fruits_Vegetables_Dataset(12000)/Vegetables/RottenCucumber/rottenCucumber (517).jpg,https://www.kaggle.com/datasets/muhriddinmuxiddinov/fruits-and-vegetables-dataset,2,publisher_fresh_rotten_folder,not_annotated,aad44fa9f5a00f41400da4812a3983eb47a6f7c3034257dbde6fc0418f97973b,dfa7c222794e99285496fa5f20ecc781fcf6550280ef797f18eae6d35163c0e1,259,194,8716263984431912161,1165927307979955098
cucumber_rotten_0146,images/cucumber_rotten/cucumber_rotten_0146.jpg,cucumber_rotten,1,cucumber,rotten,not_subtyped,train,g00736,Fruits_Vegetables_Dataset(12000)/Vegetables/RottenCucumber/rottenCucumber (412).jpg,https://www.kaggle.com/datasets/muhriddinmuxiddinov/fruits-and-vegetables-dataset,2,publisher_fresh_rotten_folder,not_annotated,ecd2f6b0fc6d023151e17aff4a34876172bc1538f0bdc3a7fb56c4dd119c7849,e63f12e99523de0b30ed4507ad4606e727eb57af2dfb3d150dae712f6648208b,531,280,5065618658247421259,16493837583537717452
cucumber_rotten_0173,images/cucumber_rotten/cucumber_rotten_0173.jpg,cucumber_rotten,1,cucumber,rotten,not_subtyped,train,g00826,Fruits_Vegetables_Dataset(12000)/Vegetables/RottenCucumber/rottenCucumber (484).jpg,https://www.kaggle.com/datasets/muhriddinmuxiddinov/fruits-and-vegetables-dataset,2,publisher_fresh_rotten_folder,not_annotated,451ed8e72b48d0cfa10e180e13fb8149d325b5e7ddb29485b5e6ba1a72cd8968,5ccb3f38b985073e3c5241cb38d2e65d7125938b746ab2134fc7386913f9c0bb,259,194,1388270533414467531,14180956034845002044
cucumber_rotten_0130,images/cucumber_rotten/cucumber_rotten_0130.jpg,cucumber_rotten,1,cucumber,rotten,not_subtyped,train,g00772,Fruits_Vegetables_Dataset(12000)/Vegetables/RottenCucumber/rottenCucumber (372).JPG,https://www.kaggle.com/datasets/muhriddinmuxiddinov/fruits-and-vegetables-dataset,2,publisher_fresh_rotten_folder,not_annotated,51b5b68d88292ac2001a3d0243ab5e5100ce2ba93fe82b106819feeac218ab35,847268878415eed3a6331e1a36305ade51a33061e31fe25b9bf394066adf7e56,3024,4032,7275153347467383707,16611121845185774579
cucumber_rotten_0158,images/cucumber_rotten/cucumber_rotten_0158.jpg,cucumber_rotten,1,cucumber,rotten,not_subtyped,train,g00810,Fruits_Vegetables_Dataset(12000)/Vegetables/RottenCucumber/rottenCucumber (448).jpg,https://www.kaggle.com/datasets/muhriddinmuxiddinov/fruits-and-vegetables-dataset,2,publisher_fresh_rotten_folder,not_annotated,d309406ae6f1c64577ecf7954b049ddb4e03cfa3fbb4f59ccd700de3c4900b61,29c4a965802e219d21855551b4fd9c7f6e2d95e9713e2af7b507fd8643a80bb5,100,100,5898911675233568076,626829775275138702
cucumber_rotten_0108,images/cucumber_rotten/cucumber_rotten_0108.jpg,cucumber_rotten,1,cucumber,rotten,not_subtyped,train,g00746,Fruits_Vegetables_Dataset(12000)/Vegetables/RottenCucumber/rottenCucumber (270).jpg,https://www.kaggle.com/datasets/muhriddinmuxiddinov/fruits-and-vegetables-dataset,2,publisher_fresh_rotten_folder,not_annotated,451d80d0834837560935105d91fdd2bfd972a3a667b55dd5a87923c10bff5de5,3256a86792bb7289c278049f87035d3ff96b7741b3efb142507a33c18634dc5a,196,257,4293776944014804074,2754860597623593747
cucumber_rotten_0136,images/cucumber_rotten/cucumber_rotten_0136.jpg,cucumber_rotten,1,cucumber,rotten,not_subtyped,train,g00772,Fruits_Vegetables_Dataset(12000)/Vegetables/RottenCucumber/rottenCucumber (386).JPG,https://www.kaggle.com/datasets/muhriddinmuxiddinov/fruits-and-vegetables-dataset,2,publisher_fresh_rotten_folder,not_annotated,8f2e5db398eb3f883130fa65ee9d872a480e8f35fcc1504c3a1a34d83057a24b,37964d5a5d0873354df3b25c26387796b36880d00e41c811457cfe7fd35f2a00,4032,3024,9067383764574800397,13904006278539582235
cucumber_rotten_0160,images/cucumber_rotten/cucumber_rotten_0160.jpg,cucumber_rotten,1,cucumber,rotten,not_subtyped,train,g00749,Fruits_Vegetables_Dataset(12000)/Vegetables/RottenCucumber/rottenCucumber (453).jpg,https://www.kaggle.com/datasets/muhriddinmuxiddinov/fruits-and-vegetables-dataset,2,publisher_fresh_rotten_folder,not_annotated,0739014ba4b43f2269903bfc0f4119aae91c94e729f8d612769cbc2c4bd71726,962c8be5bc6df606af517323ca01c3e9aca7b2f1cd2667f2516c49b64c211957,100,100,3159437983557170354,4687191007882575879
cucumber_rotten_0151,images/cucumber_rotten/cucumber_rotten_0151.jpg,cucumber_rotten,1,cucumber,rotten,not_subtyped,train,g00743,Fruits_Vegetables_Dataset(12000)/Vegetables/RottenCucumber/rottenCucumber (429).jpg,https://www.kaggle.com/datasets/muhriddinmuxiddinov/fruits-and-vegetables-dataset,2,publisher_fresh_rotten_folder,not_annotated,ee3ee60e2b804920626cac8b45fd563a526fc533c073848d7238b27054a5e225,1eacb41b8ce6ce1fd087ce5a18c813514b359ca80857568f2ccb2441ad49bcf7,265,190,4149159725211590295,590601702466585358
cucumber_rotten_0120,images/cucumber_rotten/cucumber_rotten_0120.jpg,cucumber_rotten,1,cucumber,rotten,not_subtyped,train,g00743,Fruits_Vegetables_Dataset(12000)/Vegetables/RottenCucumber/rottenCucumber (317).jpg,https://www.kaggle.com/datasets/muhriddinmuxiddinov/fruits-and-vegetables-dataset,2,publisher_fresh_rotten_folder,not_annotated,b520029f2cace760b6f7d0230f81d3f693f8241fa75dddf000f0492f5074dcae,397ed00733e8bfdf2b015461c4fec70db67f31aceed5237a6d492b4f12828d0f,290,174,5228911557560022859,16201970910022140161
cucumber_rotten_0121,images/cucumber_rotten/cucumber_rotten_0121.jpg,cucumber_rotten,1,cucumber,rotten,not_subtyped,train,g00764,Fruits_Vegetables_Dataset(12000)/Vegetables/RottenCucumber/rottenCucumber (322).jpg,https://www.kaggle.com/datasets/muhriddinmuxiddinov/fruits-and-vegetables-dataset,2,publisher_fresh_rotten_folder,not_annotated,e899cbc6438926f2080ad88b662c465a5ae1e5623e7bbb6d42f1eaa065ce4b74,cc70e943633ede40cb9936622793a704efc1884c1a8533c0b10ed560ab38a917,275,183,7761549649305744954,151167743469765392
cucumber_rotten_0178,images/cucumber_rotten/cucumber_rotten_0178.jpg,cucumber_rotten,1,cucumber,rotten,not_subtyped,train,g00833,Fruits_Vegetables_Dataset(12000)/Vegetables/RottenCucumber/rottenCucumber (510).jpg,https://www.kaggle.com/datasets/muhriddinmuxiddinov/fruits-and-vegetables-dataset,2,publisher_fresh_rotten_folder,not_annotated,6bbdd8e1c39a99be4e114ef8858a6925254da59974a5f0d7cd2017fb51c7bbcb,b80d49eef80976b0cf86f559be3f00f9497ae7db9a24d7506801cbce8ffbbf81,259,194,2075758799465721947,17308513363822033468
cucumber_rotten_0139,images/cucumber_rotten/cucumber_rotten_0139.jpg,cucumber_rotten,1,cucumber,rotten,not_subtyped,train,g00760,Fruits_Vegetables_Dataset(12000)/Vegetables/RottenCucumber/rottenCucumber (393).jpg,https://www.kaggle.com/datasets/muhriddinmuxiddinov/fruits-and-vegetables-dataset,2,publisher_fresh_rotten_folder,not_annotated,7ab4342b0ec24ac4369c269b78f15d6535225cec81f22606f9607dd7d7be897a,dbd5c0b787f133d396ed8736d8f9dec0f97b33f74815c55ce3e58441ec5409cf,390,280,2997978113179163727,1607542847244273542
cucumber_rotten_0112,images/cucumber_rotten/cucumber_rotten_0112.jpg,cucumber_rotten,1,cucumber,rotten,not_subtyped,train,g00750,Fruits_Vegetables_Dataset(12000)/Vegetables/RottenCucumber/rottenCucumber (282).jpg,https://www.kaggle.com/datasets/muhriddinmuxiddinov/fruits-and-vegetables-dataset,2,publisher_fresh_rotten_folder,not_annotated,659ec11e1a4cd9525a5c8b731c7eb61a0fefb5dd128672c6e2e7f4f37872d659,556b81997c56aac9562297a0271d9f4c4996c552e1463c677e62a64f1cd7174b,274,184,6963082535138612908,14186565339160961220
cucumber_rotten_0128,images/cucumber_rotten/cucumber_rotten_0128.jpg,cucumber_rotten,1,cucumber,rotten,not_subtyped,train,g00772,Fruits_Vegetables_Dataset(12000)/Vegetables/RottenCucumber/rottenCucumber (367).JPG,https://www.kaggle.com/datasets/muhriddinmuxiddinov/fruits-and-vegetables-dataset,2,publisher_fresh_rotten_folder,not_annotated,3586f6e8a1f5da09e752e87603c244b36741c77f73ffcb63cf050cde1a259990,faf8a56dfc075bd05664302878239e995e00b3d74cb97d0c8ad629a55cd32510,3024,4032,3573825467059021419,15103981571831435015
cucumber_rotten_0168,images/cucumber_rotten/cucumber_rotten_0168.jpg,cucumber_rotten,1,cucumber,rotten,not_subtyped,train,g00760,Fruits_Vegetables_Dataset(12000)/Vegetables/RottenCucumber/rottenCucumber (472).jpg,https://www.kaggle.com/datasets/muhriddinmuxiddinov/fruits-and-vegetables-dataset,2,publisher_fresh_rotten_folder,not_annotated,0bfa82fa5d5045c26dd5366b7f247fdc39f66958ff4ccb302666d6e4ea925011,a2b73de761d0a44848a6931c7e2d2ab575508e7ae1124b08f40f6475ccace825,100,100,327317588386078432,17500688792329916034
cucumber_rotten_0103,images/cucumber_rotten/cucumber_rotten_0103.jpg,cucumber_rotten,1,cucumber,rotten,not_subtyped,train,g00829,Fruits_Vegetables_Dataset(12000)/Vegetables/RottenCucumber/rottenCucumber (167).jpg,https://www.kaggle.com/datasets/muhriddinmuxiddinov/fruits-and-vegetables-dataset,2,publisher_fresh_rotten_folder,not_annotated,b1aa5502d426c478e8b06001b494d61ec7d79989d3df8005abaf982759332c88,de01bb48c171ab1fab2e2f03f52f83e409947a73308399c71cd47f3109a034e0,1443,1053,3152682704861533949,4732425052551543236
cucumber_rotten_0117,images/cucumber_rotten/cucumber_rotten_0117.jpg,cucumber_rotten,1,cucumber,rotten,not_subtyped,train,g00749,Fruits_Vegetables_Dataset(12000)/Vegetables/RottenCucumber/rottenCucumber (296).jpg,https://www.kaggle.com/datasets/muhriddinmuxiddinov/fruits-and-vegetables-dataset,2,publisher_fresh_rotten_folder,not_annotated,470a9f0cef13527b49afdb6f4fb99411939c3e87c4f8af8dd3897470c65ef63e,3ef28d06d761492ad899c7c5b8fedca393cfac65202c561c5660ecc0fe0f7029,271,186,3154371433976378546,4687191007882576023
cucumber_rotten_0127,images/cucumber_rotten/cucumber_rotten_0127.jpg,cucumber_rotten,1,cucumber,rotten,not_subtyped,train,g00772,Fruits_Vegetables_Dataset(12000)/Vegetables/RottenCucumber/rottenCucumber (365).JPG,https://www.kaggle.com/datasets/muhriddinmuxiddinov/fruits-and-vegetables-dataset,2,publisher_fresh_rotten_folder,not_annotated,5c9b2c97c663466daf4c8362b320af205988233e00534751b8f74a8527ac3173,f154b9df79bea5b72714eed0306cb4dde380a9239d673813185e4df6a1612095,3024,4032,7463181797403956077,17351681134656702311
cucumber_rotten_0135,images/cucumber_rotten/cucumber_rotten_0135.jpg,cucumber_rotten,1,cucumber,rotten,not_subtyped,train,g00772,Fruits_Vegetables_Dataset(12000)/Vegetables/RottenCucumber/rottenCucumber (384).JPG,https://www.kaggle.com/datasets/muhriddinmuxiddinov/fruits-and-vegetables-dataset,2,publisher_fresh_rotten_folder,not_annotated,85f5d844a55a98e3d267135439390279e8c3d83d45599c6a8ac3fb1d5f58af8c,511cfb860fea73186077906e64d6defab6b7ee8cc9ff9ec02e733dfa51275e69,4032,3024,4072896159860971651,17940896360021826307
cucumber_rotten_0119,images/cucumber_rotten/cucumber_rotten_0119.jpg,cucumber_rotten,1,cucumber,rotten,not_subtyped,train,g00760,Fruits_Vegetables_Dataset(12000)/Vegetables/RottenCucumber/rottenCucumber (312).jpg,https://www.kaggle.com/datasets/muhriddinmuxiddinov/fruits-and-vegetables-dataset,2,publisher_fresh_rotten_folder,not_annotated,9b3f1f962d227da8d981189a58a1edaf9ef58cf85e5ea6b37bfb71e49b0c4c8a,22d6046be0e704c1d16520490df7ce0db3fe0e89978bd1f9dbda94b056393062,275,183,3139841346819116591,1589598817483165447
cucumber_rotten_0101,images/cucumber_rotten/cucumber_rotten_0101.jpg,cucumber_rotten,1,cucumber,rotten,not_subtyped,train,g00737,Fruits_Vegetables_Dataset(12000)/Vegetables/RottenCucumber/rottenCucumber (163).jpg,https://www.kaggle.com/datasets/muhriddinmuxiddinov/fruits-and-vegetables-dataset,2,publisher_fresh_rotten_folder,not_annotated,266e6c19a630e6f3aed1f0aa666e9d7172c87e86e56e63a0e0079cb4f0537012,cff7dee1949e1ce210d6efc0ef8fdf64befa1030f9bc1fe2ad52be291124dee0,764,477,8322560304634144850,219837530748953728
cucumber_rotten_0132,images/cucumber_rotten/cucumber_rotten_0132.jpg,cucumber_rotten,1,cucumber,rotten,not_subtyped,train,g00772,Fruits_Vegetables_Dataset(12000)/Vegetables/RottenCucumber/rottenCucumber (377).JPG,https://www.kaggle.com/datasets/muhriddinmuxiddinov/fruits-and-vegetables-dataset,2,publisher_fresh_rotten_folder,not_annotated,243255f52f8e10c3d3e98560da1a87f36e55e9fda54f111e20e42c480b375e6a,32167be4fb307cbb6a4e04370c0c81078031006868c6932466e2755d44158b86,3024,4032,3652922387841992396,10997120752674488319
cucumber_rotten_0140,images/cucumber_rotten/cucumber_rotten_0140.jpg,cucumber_rotten,1,cucumber,rotten,not_subtyped,train,g00788,Fruits_Vegetables_Dataset(12000)/Vegetables/RottenCucumber/rottenCucumber (396).jpg,https://www.kaggle.com/datasets/muhriddinmuxiddinov/fruits-and-vegetables-dataset,2,publisher_fresh_rotten_folder,not_annotated,f2643dbdff6592413c69472f32a24d73d9eccc821acb005cc953432a491a70db,08f8193877a1b5bdc0c2c2cb920cedeba0d2afcc7988ec5943ef2b3dbfc58c76,390,280,3516413640214105491,288532838974357526
cucumber_rotten_0115,images/cucumber_rotten/cucumber_rotten_0115.jpg,cucumber_rotten,1,cucumber,rotten,not_subtyped,train,g00746,Fruits_Vegetables_Dataset(12000)/Vegetables/RottenCucumber/rottenCucumber (289).jpg,https://www.kaggle.com/datasets/muhriddinmuxiddinov/fruits-and-vegetables-dataset,2,publisher_fresh_rotten_folder,not_annotated,23fe34f53e3a11b29f85e355440aae87534dd6641b601d3d91bc0c5e7dfa29ba,59ac7e8f4e558ec1b838d1c519ed5a179dcef01ef4d2af5da52d5f00999d29bb,259,194,7679434934777386958,5561134423099770691
cucumber_rotten_0114,images/cucumber_rotten/cucumber_rotten_0114.jpg,cucumber_rotten,1,cucumber,rotten,not_subtyped,train,g00829,Fruits_Vegetables_Dataset(12000)/Vegetables/RottenCucumber/rottenCucumber (286).jpg,https://www.kaggle.com/datasets/muhriddinmuxiddinov/fruits-and-vegetables-dataset,2,publisher_fresh_rotten_folder,not_annotated,7bb9f1fba2b954c5214c08d4ceb0479dbb6d795f426511abe36303e270ffef0d,e45de16c36e89383354cf0a18c7309c640d40727bb988dd378b7c6332f01a406,275,183,3440913080879030245,16198448966344260038
cucumber_rotten_0166,images/cucumber_rotten/cucumber_rotten_0166.jpg,cucumber_rotten,1,cucumber,rotten,not_subtyped,train,g00789,Fruits_Vegetables_Dataset(12000)/Vegetables/RottenCucumber/rottenCucumber (467).jpg,https://www.kaggle.com/datasets/muhriddinmuxiddinov/fruits-and-vegetables-dataset,2,publisher_fresh_rotten_folder,not_annotated,9cda4bd1da7b96ba1b3ca6768073db25e5952aab170f6525b1a4741e581fb1e7,637c5879df8182e1c0ea6d22aced2648978a4d30e3f865122d7dfea27c7781a3,100,100,3211228430683170247,13707204812275447834
cucumber_rotten_0172,images/cucumber_rotten/cucumber_rotten_0172.jpg,cucumber_rotten,1,cucumber,rotten,not_subtyped,train,g00808,Fruits_Vegetables_Dataset(12000)/Vegetables/RottenCucumber/rottenCucumber (481).jpg,https://www.kaggle.com/datasets/muhriddinmuxiddinov/fruits-and-vegetables-dataset,2,publisher_fresh_rotten_folder,not_annotated,2cd597ce3fe6656d7dcb2deebe2f42f153fd83afe1f15425bac1ad1c8f56d6dc,e666d8f0ae7e519f822430e7791e14d3303b34db8ecb70aa30af23a5e4283b4d,100,100,8055956337581123206,10611473784409895753
cucumber_rotten_0131,images/cucumber_rotten/cucumber_rotten_0131.jpg,cucumber_rotten,1,cucumber,rotten,not_subtyped,train,g00772,Fruits_Vegetables_Dataset(12000)/Vegetables/RottenCucumber/rottenCucumber (374).JPG,https://www.kaggle.com/datasets/muhriddinmuxiddinov/fruits-and-vegetables-dataset,2,publisher_fresh_rotten_folder,not_annotated,5546fa6e6b3f3d3b94a93923cc18086ceac988a94991b9467baa12082047e2f2,0c885ec1a38f0ffc3f1514904ecca6b6728d1f1fdd2d806d915b6f0cd88d142d,3024,4032,7301976934339107595,7360613553206183886
cucumber_rotten_0125,images/cucumber_rotten/cucumber_rotten_0125.jpg,cucumber_rotten,1,cucumber,rotten,not_subtyped,train,g00772,Fruits_Vegetables_Dataset(12000)/Vegetables/RottenCucumber/rottenCucumber (360).JPG,https://www.kaggle.com/datasets/muhriddinmuxiddinov/fruits-and-vegetables-dataset,2,publisher_fresh_rotten_folder,not_annotated,77cd3c1884a50c1b2d23c5c5ebf3e80592c235da4ed888397fda5249dd6d1274,6130e0f03af26717d8e580b3f9777e99ac4e91ac8c5bbae8f4b640f88fa4789f,4032,3024,8701682072795435588,14448604798038651008
cucumber_rotten_0126,images/cucumber_rotten/cucumber_rotten_0126.jpg,cucumber_rotten,1,cucumber,rotten,not_subtyped,train,g00772,Fruits_Vegetables_Dataset(12000)/Vegetables/RottenCucumber/rottenCucumber (362).JPG,https://www.kaggle.com/datasets/muhriddinmuxiddinov/fruits-and-vegetables-dataset,2,publisher_fresh_rotten_folder,not_annotated,3ba902ce92661d5e56e6c182224b105bde55d7dbf4e27ffe13ce9df79b6334a0,d2a3184722b7935e70001bee3071479e528264de851cc57111bed43a885b4384,3024,4032,2421201895710084684,15824828953875121735
cucumber_rotten_0110,images/cucumber_rotten/cucumber_rotten_0110.jpg,cucumber_rotten,1,cucumber,rotten,not_subtyped,train,g00748,Fruits_Vegetables_Dataset(12000)/Vegetables/RottenCucumber/rottenCucumber (274).jpg,https://www.kaggle.com/datasets/muhriddinmuxiddinov/fruits-and-vegetables-dataset,2,publisher_fresh_rotten_folder,not_annotated,ebda04c187cca9b73cd20e71ca0ad9a48e1fb861554d6627c150bef636fe287b,bdc78a90b73799598c7382c36a598efde3bbd2f5ab971c65773cff6b2ca99baa,391,280,7577189914396830025,6678349323675033750
cucumber_rotten_0152,images/cucumber_rotten/cucumber_rotten_0152.jpg,cucumber_rotten,1,cucumber,rotten,not_subtyped,train,g00789,Fruits_Vegetables_Dataset(12000)/Vegetables/RottenCucumber/rottenCucumber (431).jpg,https://www.kaggle.com/datasets/muhriddinmuxiddinov/fruits-and-vegetables-dataset,2,publisher_fresh_rotten_folder,not_annotated,2712e22482eaa8b8dad9be3455ce049a742e367476a8ec419fefef5989b27308,2ddd3a8deceb2258aa5f49afa475eac55ad4084170b3d260af4841beebdad78b,263,191,3211790835158967747,4484958675327514670
cucumber_rotten_0157,images/cucumber_rotten/cucumber_rotten_0157.jpg,cucumber_rotten,1,cucumber,rotten,not_subtyped,train,g00743,Fruits_Vegetables_Dataset(12000)/Vegetables/RottenCucumber/rottenCucumber (446).jpg,https://www.kaggle.com/datasets/muhriddinmuxiddinov/fruits-and-vegetables-dataset,2,publisher_fresh_rotten_folder,not_annotated,182601e1b0e33255e1a6fc0d80f4b1abbb59a7aa941f539e96d8ff8868d7da0c,ffbe10dee1b694293d60e2e606452766a5a0d9403c629fe0c4b4cb247804524e,266,189,4149722676230499863,590597304420074388
cucumber_rotten_0133,images/cucumber_rotten/cucumber_rotten_0133.jpg,cucumber_rotten,1,cucumber,rotten,not_subtyped,train,g00772,Fruits_Vegetables_Dataset(12000)/Vegetables/RottenCucumber/rottenCucumber (379).JPG,https://www.kaggle.com/datasets/muhriddinmuxiddinov/fruits-and-vegetables-dataset,2,publisher_fresh_rotten_folder,not_annotated,d640393b0e635eb76dd75509b88fff3c02b6bfe914e7855cc72e0551110329e9,4b16fc791c1083bf0567a1fe2e375e2178d4b55bad3530b06dd544ca8dd1db38,3024,4032,7407776741848551577,14332608116704511943
cucumber_rotten_0138,images/cucumber_rotten/cucumber_rotten_0138.jpg,cucumber_rotten,1,cucumber,rotten,not_subtyped,train,g00760,Fruits_Vegetables_Dataset(12000)/Vegetables/RottenCucumber/rottenCucumber (391).jpg,https://www.kaggle.com/datasets/muhriddinmuxiddinov/fruits-and-vegetables-dataset,2,publisher_fresh_rotten_folder,not_annotated,af1feef5d439b0b626490be1ea743145143643b9549e579979a642966d8bc2a4,8e9e493444db3e782c9d42d9bf6d0942af5d25e0e3be12236e1f52a198ebd5a4,390,280,8773755884342141227,11235315107348231695
cucumber_rotten_0148,images/cucumber_rotten/cucumber_rotten_0148.jpg,cucumber_rotten,1,cucumber,rotten,not_subtyped,train,g00736,Fruits_Vegetables_Dataset(12000)/Vegetables/RottenCucumber/rottenCucumber (417).jpg,https://www.kaggle.com/datasets/muhriddinmuxiddinov/fruits-and-vegetables-dataset,2,publisher_fresh_rotten_folder,not_annotated,1710bbc65b6b7c24258c82cf3cc93593d45f390f8f759ee2390c164b0ea1650d,a1f6e3b509d6d6e5f6da0f29210adcefc1969d05271af194824c24f5e31faad1,571,280,6920785083391196012,15676904466904166036
cucumber_rotten_0163,images/cucumber_rotten/cucumber_rotten_0163.jpg,cucumber_rotten,1,cucumber,rotten,not_subtyped,train,g00815,Fruits_Vegetables_Dataset(12000)/Vegetables/RottenCucumber/rottenCucumber (46).jpg,https://www.kaggle.com/datasets/muhriddinmuxiddinov/fruits-and-vegetables-dataset,2,publisher_fresh_rotten_folder,not_annotated,c5e4da685e3e43e6c453f4ea0714a9eaa913cf28b1f1572e862f6204c845374f,c8f1f69acecf418dfc4d94e5161c6efd8f1b7b1fe7ededaaf0baf3190fed8bfb,359,232,8907228190444408006,5862362126710688587
cucumber_rotten_0174,images/cucumber_rotten/cucumber_rotten_0174.jpg,cucumber_rotten,1,cucumber,rotten,not_subtyped,train,g00822,Fruits_Vegetables_Dataset(12000)/Vegetables/RottenCucumber/rottenCucumber (486).jpg,https://www.kaggle.com/datasets/muhriddinmuxiddinov/fruits-and-vegetables-dataset,2,publisher_fresh_rotten_folder,not_annotated,402382ce5663d2f0443f7b7cb4bc7081805e80d90e921a7c3451353c5aaa8f21,0cf4daeeb411cb163746663a07f20ec0fdce341a91df1037c5db31597368794a,259,194,5369861405262757553,16199696074689044936
cucumber_rotten_0171,images/cucumber_rotten/cucumber_rotten_0171.jpg,cucumber_rotten,1,cucumber,rotten,not_subtyped,train,g00824,Fruits_Vegetables_Dataset(12000)/Vegetables/RottenCucumber/rottenCucumber (479).jpg,https://www.kaggle.com/datasets/muhriddinmuxiddinov/fruits-and-vegetables-dataset,2,publisher_fresh_rotten_folder,not_annotated,672f155e36cef1e0cd97057e60266a8fbf386a39fb79d9448f426194b2209e67,809e1d84794cc9da4dd911bc0135ec8b32f78ad9ef0db39e115ba14eca8aab24,100,100,8818757931753943146,2342860375386452102
cucumber_rotten_0113,images/cucumber_rotten/cucumber_rotten_0113.jpg,cucumber_rotten,1,cucumber,rotten,not_subtyped,train,g00743,Fruits_Vegetables_Dataset(12000)/Vegetables/RottenCucumber/rottenCucumber (284).jpg,https://www.kaggle.com/datasets/muhriddinmuxiddinov/fruits-and-vegetables-dataset,2,publisher_fresh_rotten_folder,not_annotated,e328190e30804bdce8a91b775292725a733b661e72ce6dac8517c61e73cf9007,3ab63971f8e0b9029c2394e942163404a33bdbfb7360de8be347a91284cfa282,275,183,8798843316129504799,10615891526364004672
cucumber_rotten_0122,images/cucumber_rotten/cucumber_rotten_0122.jpg,cucumber_rotten,1,cucumber,rotten,not_subtyped,train,g00743,Fruits_Vegetables_Dataset(12000)/Vegetables/RottenCucumber/rottenCucumber (324).jpg,https://www.kaggle.com/datasets/muhriddinmuxiddinov/fruits-and-vegetables-dataset,2,publisher_fresh_rotten_folder,not_annotated,72a5692543689b22cdeabc84fc3735d97ed84de26f55a0cb6ceed9557a2b0f29,538afa32845b1f706022cb8483c3b5403edfc2ee08ad0cf8b270684370109887,275,183,3371473431234336822,226593288492911685
cucumber_rotten_0156,images/cucumber_rotten/cucumber_rotten_0156.jpg,cucumber_rotten,1,cucumber,rotten,not_subtyped,train,g00808,Fruits_Vegetables_Dataset(12000)/Vegetables/RottenCucumber/rottenCucumber (443).jpg,https://www.kaggle.com/datasets/muhriddinmuxiddinov/fruits-and-vegetables-dataset,2,publisher_fresh_rotten_folder,not_annotated,498104802b0d327c369f3288a69b351142a8ab9d54bd5d7e9002214c0dcb8745,62d5483adb236ed2ead9bab8d75d173dc0fb97a978bd7c4494da623cab0838b4,263,192,8053590187484407494,217025106950435595
cucumber_rotten_0105,images/cucumber_rotten/cucumber_rotten_0105.jpg,cucumber_rotten,1,cucumber,rotten,not_subtyped,train,g00741,Fruits_Vegetables_Dataset(12000)/Vegetables/RottenCucumber/rottenCucumber (175).jpg,https://www.kaggle.com/datasets/muhriddinmuxiddinov/fruits-and-vegetables-dataset,2,publisher_fresh_rotten_folder,not_annotated,0ae6486ee12bf36731e8a509feb7d47c76cd6397e03c771eded95bbd2010e4d6,d9afae9acf8245bf9d89976f54b253af6688104c63bce68e7950f4515ac693c3,855,629,5633921313988029002,17769349695090721
cucumber_rotten_0150,images/cucumber_rotten/cucumber_rotten_0150.jpg,cucumber_rotten,1,cucumber,rotten,not_subtyped,train,g00800,Fruits_Vegetables_Dataset(12000)/Vegetables/RottenCucumber/rottenCucumber (424).jpg,https://www.kaggle.com/datasets/muhriddinmuxiddinov/fruits-and-vegetables-dataset,2,publisher_fresh_rotten_folder,not_annotated,84ee074e0b89fbb03ead9592ae93f8e1217fe326e1c1dadb4253848586cc4b08,159f00afb2243d4112618e4fa683afaabca36e86624e37cd227dac408b955847,390,280,238393064293330017,8776074181711612106
cucumber_rotten_0159,images/cucumber_rotten/cucumber_rotten_0159.jpg,cucumber_rotten,1,cucumber,rotten,not_subtyped,train,g00808,Fruits_Vegetables_Dataset(12000)/Vegetables/RottenCucumber/rottenCucumber (450).jpg,https://www.kaggle.com/datasets/muhriddinmuxiddinov/fruits-and-vegetables-dataset,2,publisher_fresh_rotten_folder,not_annotated,a861402a81fcc4e6950e0b229ac5cd804b27f8b0d114ca27ccade40eef30b773,cc187c0e3a576c76b8da11fa0dc9581ee412962a2d1673c17781c2f04e8b7c20,100,100,8055956337581123206,1388101747555119945
cucumber_rotten_0116,images/cucumber_rotten/cucumber_rotten_0116.jpg,cucumber_rotten,1,cucumber,rotten,not_subtyped,train,g00746,Fruits_Vegetables_Dataset(12000)/Vegetables/RottenCucumber/rottenCucumber (293).jpg,https://www.kaggle.com/datasets/muhriddinmuxiddinov/fruits-and-vegetables-dataset,2,publisher_fresh_rotten_folder,not_annotated,8d4bc71adcc4ec6e68f0399349639739c2a0ea4ce361b3c25cbe686539c37728,ae9b5b05055aa05c8a9138e1e80c2abf576900aaec1dd3356b0705aed41e83de,200,252,4293776939719836794,2610743210524482331
cucumber_rotten_0162,images/cucumber_rotten/cucumber_rotten_0162.jpg,cucumber_rotten,1,cucumber,rotten,not_subtyped,train,g00743,Fruits_Vegetables_Dataset(12000)/Vegetables/RottenCucumber/rottenCucumber (457).jpg,https://www.kaggle.com/datasets/muhriddinmuxiddinov/fruits-and-vegetables-dataset,2,publisher_fresh_rotten_folder,not_annotated,61b28db5dd191d0b41ef08da03faa72593144ef4b81ddc8fc07872aceefe63ed,500b6f18afab8fefcde8ccedc404daee2b397f1f84c7288fde7cc3281881e976,100,100,8798843316129504799,10615891526364004672
cucumber_rotten_0165,images/cucumber_rotten/cucumber_rotten_0165.jpg,cucumber_rotten,1,cucumber,rotten,not_subtyped,train,g00746,Fruits_Vegetables_Dataset(12000)/Vegetables/RottenCucumber/rottenCucumber (465).jpg,https://www.kaggle.com/datasets/muhriddinmuxiddinov/fruits-and-vegetables-dataset,2,publisher_fresh_rotten_folder,not_annotated,02e672e26b387cda7069c872f115818cf387f62b8b77b4433bbff124ec7fbdc4,fefc59f47ab52b1cd4e46281154f33e883b7e4551209b2c6af7511a4a149eab4,100,100,7688653676197526935,10172540065930511151
cucumber_rotten_0137,images/cucumber_rotten/cucumber_rotten_0137.jpg,cucumber_rotten,1,cucumber,rotten,not_subtyped,train,g00760,Fruits_Vegetables_Dataset(12000)/Vegetables/RottenCucumber/rottenCucumber (389).jpg,https://www.kaggle.com/datasets/muhriddinmuxiddinov/fruits-and-vegetables-dataset,2,publisher_fresh_rotten_folder,not_annotated,9641c01bdd59f2fb5ca7120889fa5196764c8b0b8cc7cc8106b1bcc8ddcc6b7a,c982b26d1d450ec4c1a45fcb2d8afb66466a3abc4b75cc17293d3a6c5320a709,173,280,363346385438105184,17500688928695127554
cucumber_rotten_0177,images/cucumber_rotten/cucumber_rotten_0177.jpg,cucumber_rotten,1,cucumber,rotten,not_subtyped,train,g00829,Fruits_Vegetables_Dataset(12000)/Vegetables/RottenCucumber/rottenCucumber (493).jpg,https://www.kaggle.com/datasets/muhriddinmuxiddinov/fruits-and-vegetables-dataset,2,publisher_fresh_rotten_folder,not_annotated,c756a2599ebaa238515a4641c3fe02593b2338b803e96b6e27ededfe0da03ea3,4e783d61a9ec4345da7fae31a65e532ea5dc3a9eff0294c773c743dac66aa415,262,192,8122273394143751577,4124910020360272048
cucumber_rotten_0167,images/cucumber_rotten/cucumber_rotten_0167.jpg,cucumber_rotten,1,cucumber,rotten,not_subtyped,train,g00741,Fruits_Vegetables_Dataset(12000)/Vegetables/RottenCucumber/rottenCucumber (469).jpg,https://www.kaggle.com/datasets/muhriddinmuxiddinov/fruits-and-vegetables-dataset,2,publisher_fresh_rotten_folder,not_annotated,2c822ab0b81a706b11f777ea31d3abe88ed2652fd74cd063831695ec82016c68,79816d694f58e65598ede7109117135a3e85ec4b31451f79dba3fdd17e39af6e,100,100,7703430893700533165,9232118725393716299
cucumber_rotten_0100,images/cucumber_rotten/cucumber_rotten_0100.jpg,cucumber_rotten,1,cucumber,rotten,not_subtyped,train,g00736,Fruits_Vegetables_Dataset(12000)/Vegetables/RottenCucumber/rottenCucumber (125).jpg,https://www.kaggle.com/datasets/muhriddinmuxiddinov/fruits-and-vegetables-dataset,2,publisher_fresh_rotten_folder,not_annotated,f46baf36fc19f9d1281a4cd367700f28dcfd33024e058bb143bac6e0e71cc153,c7e6c818387f5911ffda398992cd9da45e41029141d72fe50039f8929668cfc2,450,320,3012768752538273569,451423977838909339
cucumber_rotten_0142,images/cucumber_rotten/cucumber_rotten_0142.jpg,cucumber_rotten,1,cucumber,rotten,not_subtyped,train,g00791,Fruits_Vegetables_Dataset(12000)/Vegetables/RottenCucumber/rottenCucumber (403).jpg,https://www.kaggle.com/datasets/muhriddinmuxiddinov/fruits-and-vegetables-dataset,2,publisher_fresh_rotten_folder,not_annotated,842e0f41698da7e018b6b3fdd0437aa729444bb8f9a54f50e527b2f0c5e2b2df,cbb8d4ddd85a3e3164376db7ddd08f04dd7fd7227061bc5eae3df1cb075ef328,347,280,7659081129769709647,1153907882620490134
cucumber_rotten_0144,images/cucumber_rotten/cucumber_rotten_0144.jpg,cucumber_rotten,1,cucumber,rotten,not_subtyped,train,g00793,Fruits_Vegetables_Dataset(12000)/Vegetables/RottenCucumber/rottenCucumber (408).jpg,https://www.kaggle.com/datasets/muhriddinmuxiddinov/fruits-and-vegetables-dataset,2,publisher_fresh_rotten_folder,not_annotated,b2d52cd89556efad8cc92d71ba0c733eb78e8e8232b3042adc576374d298b73f,cd26e08e9c65e0ccd7da58038544d45df1910906880d7927e7835592d4c3153b,182,280,7730323691977412197,10072128463519061017
cucumber_rotten_0111,images/cucumber_rotten/cucumber_rotten_0111.jpg,cucumber_rotten,1,cucumber,rotten,not_subtyped,train,g00749,Fruits_Vegetables_Dataset(12000)/Vegetables/RottenCucumber/rottenCucumber (277).jpg,https://www.kaggle.com/datasets/muhriddinmuxiddinov/fruits-and-vegetables-dataset,2,publisher_fresh_rotten_folder,not_annotated,b4a2ff69594793c2fdda241bc0ddb4c8d98ec08663ac5cd0ac8f75b410e2f1c3,5021c24e4d56ab325fdf59add0d24375cdc052248b2225ad1cd9f2ec5af7430d,100,100,6541096998463483319,9227382788334747795
cucumber_rotten_0175,images/cucumber_rotten/cucumber_rotten_0175.jpg,cucumber_rotten,1,cucumber,rotten,not_subtyped,train,g00746,Fruits_Vegetables_Dataset(12000)/Vegetables/RottenCucumber/rottenCucumber (488).jpg,https://www.kaggle.com/datasets/muhriddinmuxiddinov/fruits-and-vegetables-dataset,2,publisher_fresh_rotten_folder,not_annotated,0f8ec795a576544a85ed9ce55ed27b4f230491b4a65a9fe1b70359a5abf72cc7,cd1720d229589e156287b551215462eb15eed9382cdc3413ae2b2db3440d9e92,200,253,4149661755938948218,2754858398600338203
cucumber_rotten_0170,images/cucumber_rotten/cucumber_rotten_0170.jpg,cucumber_rotten,1,cucumber,rotten,not_subtyped,train,g00792,Fruits_Vegetables_Dataset(12000)/Vegetables/RottenCucumber/rottenCucumber (477).jpg,https://www.kaggle.com/datasets/muhriddinmuxiddinov/fruits-and-vegetables-dataset,2,publisher_fresh_rotten_folder,not_annotated,5a30709b13e511eea799bd8bb7315a069b6f78e90437072fb14a5f2ddc950cc2,e18905c9452ad71028179ce664b7506f7cf761552821b833fbe610cf4ab92550,100,100,2984130215001995106,15268191297584443798
cucumber_rotten_0145,images/cucumber_rotten/cucumber_rotten_0145.jpg,cucumber_rotten,1,cucumber,rotten,not_subtyped,train,g00794,Fruits_Vegetables_Dataset(12000)/Vegetables/RottenCucumber/rottenCucumber (410).jpg,https://www.kaggle.com/datasets/muhriddinmuxiddinov/fruits-and-vegetables-dataset,2,publisher_fresh_rotten_folder,not_annotated,47443ab5601bcdd1560d6ffea1601eb64f8fedff0cef56e7766947f53d5fbfc4,962cec57baf637b83c8a49c6d93428666ca2e98589ecc41a80ff5d2e6ed0bb98,390,280,8020845865884461210,15132942623147493012
cucumber_rotten_0147,images/cucumber_rotten/cucumber_rotten_0147.jpg,cucumber_rotten,1,cucumber,rotten,not_subtyped,train,g00736,Fruits_Vegetables_Dataset(12000)/Vegetables/RottenCucumber/rottenCucumber (415).jpg,https://www.kaggle.com/datasets/muhriddinmuxiddinov/fruits-and-vegetables-dataset,2,publisher_fresh_rotten_folder,not_annotated,3fb6ab883d6a53ea396666a0806727e15a302afcabb2c7bb9b31bd1848c90fe4,c79672df0a4ffb5f482c57a541d25b4892c4c952a79e3279c4c7d2c126b84f8f,530,280,8890561191903929398,1304085709697480013
cucumber_rotten_0155,images/cucumber_rotten/cucumber_rotten_0155.jpg,cucumber_rotten,1,cucumber,rotten,not_subtyped,train,g00807,Fruits_Vegetables_Dataset(12000)/Vegetables/RottenCucumber/rottenCucumber (441).jpg,https://www.kaggle.com/datasets/muhriddinmuxiddinov/fruits-and-vegetables-dataset,2,publisher_fresh_rotten_folder,not_annotated,75f8ffd12872b2448df3414f8cd65fd8e89505e1df7dcff9103475d09a5290c1,8a40c53c3d111337f1a3d531cd35a9c683a71bfe2fb20e5b04772815b7f188b6,268,188,7807712907338067053,18413267411347594902
cucumber_rotten_0102,images/cucumber_rotten/cucumber_rotten_0102.jpg,cucumber_rotten,1,cucumber,rotten,not_subtyped,train,g00738,Fruits_Vegetables_Dataset(12000)/Vegetables/RottenCucumber/rottenCucumber (165).jpg,https://www.kaggle.com/datasets/muhriddinmuxiddinov/fruits-and-vegetables-dataset,2,publisher_fresh_rotten_folder,not_annotated,c327379a1eb1321b96965d78bc4694528075fef2f0b2f2abe9ed7b033ed29f69,e4aef92e0e0986ac07795e52f39c7d47c69ed3b3d0a39afa40d1293863ce3e8b,423,276,8776825784098399914,3619251611129882664
cucumber_rotten_0169,images/cucumber_rotten/cucumber_rotten_0169.jpg,cucumber_rotten,1,cucumber,rotten,not_subtyped,train,g00822,Fruits_Vegetables_Dataset(12000)/Vegetables/RottenCucumber/rottenCucumber (474).jpg,https://www.kaggle.com/datasets/muhriddinmuxiddinov/fruits-and-vegetables-dataset,2,publisher_fresh_rotten_folder,not_annotated,7a452b0879c6a8b4e1be6727edba52f2fb04a22e0700be8b1b8a36eb9cdd4e22,89e4785383f7f1e6631ba94706d80aebb329fd9657815c58951c5200a1d7cfd1,100,100,5369861405262757553,16199696074689044928
cucumber_rotten_0176,images/cucumber_rotten/cucumber_rotten_0176.jpg,cucumber_rotten,1,cucumber,rotten,not_subtyped,train,g00829,Fruits_Vegetables_Dataset(12000)/Vegetables/RottenCucumber/rottenCucumber (49).jpg,https://www.kaggle.com/datasets/muhriddinmuxiddinov/fruits-and-vegetables-dataset,2,publisher_fresh_rotten_folder,not_annotated,3f703c470f53607ebbf88bf0adad1caf6af89d252d5ae0075383f682c892fd90,aa199eb7d890ff1fabdfee32740ed070f9445ef8d24daa9b265334bce274ba9a,244,175,4582354275967074784,7526775555440185097
cucumber_rotten_0124,images/cucumber_rotten/cucumber_rotten_0124.jpg,cucumber_rotten,1,cucumber,rotten,not_subtyped,train,g00772,Fruits_Vegetables_Dataset(12000)/Vegetables/RottenCucumber/rottenCucumber (358).JPG,https://www.kaggle.com/datasets/muhriddinmuxiddinov/fruits-and-vegetables-dataset,2,publisher_fresh_rotten_folder,not_annotated,3d18e8fb9ff9df0ba7b1d9de88248fbc445c7ed16bb85fc443b367e37aee47ce,2a7a31613de041e960430b42a71b2e006145323417dd435451f51e2aea05f7ac,4032,3024,8774014392893477267,16249976492287078560
cucumber_rotten_0134,images/cucumber_rotten/cucumber_rotten_0134.jpg,cucumber_rotten,1,cucumber,rotten,not_subtyped,train,g00772,Fruits_Vegetables_Dataset(12000)/Vegetables/RottenCucumber/rottenCucumber (381).JPG,https://www.kaggle.com/datasets/muhriddinmuxiddinov/fruits-and-vegetables-dataset,2,publisher_fresh_rotten_folder,not_annotated,cba7c74b15d39e1c7001cc27a719363f798378b3355567081a8205741ffeb846,189c7025e681ba1947e7c91d01d1b4baf27e7919f1e743480118baec8e287b0a,3024,4032,8163209347320658353,582760558104072
cucumber_rotten_0149,images/cucumber_rotten/cucumber_rotten_0149.jpg,cucumber_rotten,1,cucumber,rotten,not_subtyped,train,g00736,Fruits_Vegetables_Dataset(12000)/Vegetables/RottenCucumber/rottenCucumber (419).jpg,https://www.kaggle.com/datasets/muhriddinmuxiddinov/fruits-and-vegetables-dataset,2,publisher_fresh_rotten_folder,not_annotated,8c435cd1ed25bdc5992baec6777b1732cb9f23d8d8bf84a2fd2c696e14b08b33,5cade62374d38c92f41dd109b9e948630990d9b45f5a6d68e3ba49106762712f,390,280,2280486418880508262,17899115363524292967
cucumber_rotten_0106,images/cucumber_rotten/cucumber_rotten_0106.jpg,cucumber_rotten,1,cucumber,rotten,not_subtyped,train,g00743,Fruits_Vegetables_Dataset(12000)/Vegetables/RottenCucumber/rottenCucumber (263).jpg,https://www.kaggle.com/datasets/muhriddinmuxiddinov/fruits-and-vegetables-dataset,2,publisher_fresh_rotten_folder,not_annotated,7aff117794b8cdf15bb98c8d593c7f46347a13d1d1cce47d09d5042964b9aa6b,2387274f6ebdd5fe23c009200c010859f672d7f48e71f604d50e272366e694aa,393,280,4149722676230499863,590597304420074388
cucumber_rotten_0164,images/cucumber_rotten/cucumber_rotten_0164.jpg,cucumber_rotten,1,cucumber,rotten,not_subtyped,train,g00816,Fruits_Vegetables_Dataset(12000)/Vegetables/RottenCucumber/rottenCucumber (460).jpg,https://www.kaggle.com/datasets/muhriddinmuxiddinov/fruits-and-vegetables-dataset,2,publisher_fresh_rotten_folder,not_annotated,bc743f7de55beef2bc4d00548620a51bed84ae2f0985d4d86100669e5e442e37,090a9f8a694bb05256543a7b987472e2ebb9ea9470cc3dc41b70710bf9f8e1fe,100,100,6327612900574716052,691404112886458185
cucumber_rotten_0195,images/cucumber_rotten/cucumber_rotten_0195.jpg,cucumber_rotten,1,cucumber,rotten,not_subtyped,val,g00805,Fruits_Vegetables_Dataset(12000)/Vegetables/RottenCucumber/rottenCucumber (436).jpg,https://www.kaggle.com/datasets/muhriddinmuxiddinov/fruits-and-vegetables-dataset,2,publisher_fresh_rotten_folder,not_annotated,0eba438f8c51b924d4d5dfd6e217792b21999c84c64e700038619d458eada3fa,d721b4d3f1e32a7f1b048bc2e496180bc62d7ef832e9958e3e9b7e88b0bf4d10,259,194,2696560588127256426,10834014488785518207
cucumber_rotten_0196,images/cucumber_rotten/cucumber_rotten_0196.jpg,cucumber_rotten,1,cucumber,rotten,not_subtyped,val,g00817,Fruits_Vegetables_Dataset(12000)/Vegetables/RottenCucumber/rottenCucumber (462).jpg,https://www.kaggle.com/datasets/muhriddinmuxiddinov/fruits-and-vegetables-dataset,2,publisher_fresh_rotten_folder,not_annotated,456c10d68d062adaa6cc2fa6c855cce8261f92419db060fc3798ea0dce1330d0,af00819e3587882d44a6543269b743169977253b45b93df89f0f30d4f5744f50,100,100,5445182597491769799,6438257721413822827
cucumber_rotten_0194,images/cucumber_rotten/cucumber_rotten_0194.jpg,cucumber_rotten,1,cucumber,rotten,not_subtyped,val,g00801,Fruits_Vegetables_Dataset(12000)/Vegetables/RottenCucumber/rottenCucumber (427).jpg,https://www.kaggle.com/datasets/muhriddinmuxiddinov/fruits-and-vegetables-dataset,2,publisher_fresh_rotten_folder,not_annotated,26ab813cb8b35fb837f95ee40eb94f06783c4159c40cb67f5de00cab54e45bb6,b1fcb6ee26893b17b68aec03ab2307f4f160918133160e25a72ca81b9d00f545,259,194,400297250488675124,17573862616465006138
cucumber_rotten_0183,images/cucumber_rotten/cucumber_rotten_0183.jpg,cucumber_rotten,1,cucumber,rotten,not_subtyped,val,g00757,Fruits_Vegetables_Dataset(12000)/Vegetables/RottenCucumber/rottenCucumber (301).jpg,https://www.kaggle.com/datasets/muhriddinmuxiddinov/fruits-and-vegetables-dataset,2,publisher_fresh_rotten_folder,not_annotated,b628dbeadd88b7afb6347219b54e7d5412b68559570fbb0f97c36df2571af13e,8de2bd7983db6a71b6c7a96a8e6d5dd0190affa3a4e99a30840b37244f25cb84,275,183,4512537971564982344,2594139593211052039
cucumber_rotten_0199,images/cucumber_rotten/cucumber_rotten_0199.jpg,cucumber_rotten,1,cucumber,rotten,not_subtyped,val,g00834,Fruits_Vegetables_Dataset(12000)/Vegetables/RottenCucumber/rottenCucumber (515).jpg,https://www.kaggle.com/datasets/muhriddinmuxiddinov/fruits-and-vegetables-dataset,2,publisher_fresh_rotten_folder,not_annotated,cec2d6f6e5918946c36ff3ddd39e0b05167aa410ac832bb831aa0c7c06e47bfc,22827151a9f7592e80c5352ee7a696211a4f7d152aab830cbe6d167545a8b12b,100,100,4289063849842754780,5425512954232138025
cucumber_rotten_0193,images/cucumber_rotten/cucumber_rotten_0193.jpg,cucumber_rotten,1,cucumber,rotten,not_subtyped,val,g00799,Fruits_Vegetables_Dataset(12000)/Vegetables/RottenCucumber/rottenCucumber (422).jpg,https://www.kaggle.com/datasets/muhriddinmuxiddinov/fruits-and-vegetables-dataset,2,publisher_fresh_rotten_folder,not_annotated,3824b3ee9c45cc74579d4a0f0a04924973c94af8bdb6e34b1780664fc7b1b64e,f8a3c9f6494bb87fee0e41c73117e940dbe4016dbab410d382590edc82255dc4,390,280,7047744814129781905,148627066774487446
cucumber_rotten_0198,images/cucumber_rotten/cucumber_rotten_0198.jpg,cucumber_rotten,1,cucumber,rotten,not_subtyped,val,g00832,Fruits_Vegetables_Dataset(12000)/Vegetables/RottenCucumber/rottenCucumber (496).jpg,https://www.kaggle.com/datasets/muhriddinmuxiddinov/fruits-and-vegetables-dataset,2,publisher_fresh_rotten_folder,not_annotated,75d0e49afbc73f3004315a5fe43720162ff791d2fd6c2f66dd76f926f453cbb0,61e12c04b84cebd0d454b3654f310041728f46b3d233e07225c86d189787702c,382,132,3436390887598410740,1181238447954844460
cucumber_rotten_0185,images/cucumber_rotten/cucumber_rotten_0185.jpg,cucumber_rotten,1,cucumber,rotten,not_subtyped,val,g00761,Fruits_Vegetables_Dataset(12000)/Vegetables/RottenCucumber/rottenCucumber (315).jpg,https://www.kaggle.com/datasets/muhriddinmuxiddinov/fruits-and-vegetables-dataset,2,publisher_fresh_rotten_folder,not_annotated,9f3dd31b8a2fd5e9402dcabd587bfaafc3545fa804eef6e7b853fcd5b71f2277,83f1f081afb59e7eb5ea46f099edd7229402e92e3ea4fcb99eed95e15fa54968,246,205,3404602990879806912,2018029089536768
cucumber_rotten_0190,images/cucumber_rotten/cucumber_rotten_0190.jpg,cucumber_rotten,1,cucumber,rotten,not_subtyped,val,g00769,Fruits_Vegetables_Dataset(12000)/Vegetables/RottenCucumber/rottenCucumber (339).jpg,https://www.kaggle.com/datasets/muhriddinmuxiddinov/fruits-and-vegetables-dataset,2,publisher_fresh_rotten_folder,not_annotated,b25206b8a45df69830dd881175cf27fc00a441b5ef87fa8b94c08b261acd971d,624fe990504f86acd81e9f37513b23bf2944903c871f9e1f07c6935f8e1747fa,263,191,4245421268171082502,958449891560500042
cucumber_rotten_0189,images/cucumber_rotten/cucumber_rotten_0189.jpg,cucumber_rotten,1,cucumber,rotten,not_subtyped,val,g00768,Fruits_Vegetables_Dataset(12000)/Vegetables/RottenCucumber/rottenCucumber (336).jpg,https://www.kaggle.com/datasets/muhriddinmuxiddinov/fruits-and-vegetables-dataset,2,publisher_fresh_rotten_folder,not_annotated,4311cdf9ac04f39c973b3cd3c78188cdeb7af5076b7e7a6db7345631ae2a3441,27b210fffb172a535c0c5120f98db12b8a0ba51171454256ac3678d4d75ef258,288,175,7646990956488361942,1441572439753564311
cucumber_rotten_0181,images/cucumber_rotten/cucumber_rotten_0181.jpg,cucumber_rotten,1,cucumber,rotten,not_subtyped,val,g00744,Fruits_Vegetables_Dataset(12000)/Vegetables/RottenCucumber/rottenCucumber (265).jpg,https://www.kaggle.com/datasets/muhriddinmuxiddinov/fruits-and-vegetables-dataset,2,publisher_fresh_rotten_folder,not_annotated,fa2db0927f67138f9d4367ad163e0da724e7399369f69a6f349c511437e90313,d956154ab156b32297d999ae8ace0684102fcfcc537f49670199b1b782872ceb,287,176,3155545823526958309,72114197936112101
cucumber_rotten_0197,images/cucumber_rotten/cucumber_rotten_0197.jpg,cucumber_rotten,1,cucumber,rotten,not_subtyped,val,g00830,Fruits_Vegetables_Dataset(12000)/Vegetables/RottenCucumber/rottenCucumber (491).jpg,https://www.kaggle.com/datasets/muhriddinmuxiddinov/fruits-and-vegetables-dataset,2,publisher_fresh_rotten_folder,not_annotated,37b8abf13e08fa6f3a493e0cf2bfca03c170b1f3e2561ddd9eb3b75ccb65f79c,a77cebea3de03ebeb43df11fa3d93ead867fe12b6552216aefd6c197c5efcfc0,184,274,3421922716157090716,3689105396515743091
cucumber_rotten_0184,images/cucumber_rotten/cucumber_rotten_0184.jpg,cucumber_rotten,1,cucumber,rotten,not_subtyped,val,g00758,Fruits_Vegetables_Dataset(12000)/Vegetables/RottenCucumber/rottenCucumber (303).jpg,https://www.kaggle.com/datasets/muhriddinmuxiddinov/fruits-and-vegetables-dataset,2,publisher_fresh_rotten_folder,not_annotated,eb8919eb7117cda6643370ed063775005395083e03be179f293b7e6ea766b60b,c1bff5f008635bfcc4c4a64b4f211898de0b523fa9621949f251d0604ac18e11,259,194,8322684173243434452,572173262696953098
cucumber_rotten_0192,images/cucumber_rotten/cucumber_rotten_0192.jpg,cucumber_rotten,1,cucumber,rotten,not_subtyped,val,g00790,Fruits_Vegetables_Dataset(12000)/Vegetables/RottenCucumber/rottenCucumber (400).jpg,https://www.kaggle.com/datasets/muhriddinmuxiddinov/fruits-and-vegetables-dataset,2,publisher_fresh_rotten_folder,not_annotated,44a0cd98ce029eeb8f6a22a000f0d2ff9a5f4d1d42d60c4b0fcd4feb541b5b96,4b2448812242243139e1ae4c8d7c280ad5426ec376dca7a91c072e7d47950c95,390,280,7623351817263092774,144135061614494102
cucumber_rotten_0187,images/cucumber_rotten/cucumber_rotten_0187.jpg,cucumber_rotten,1,cucumber,rotten,not_subtyped,val,g00766,Fruits_Vegetables_Dataset(12000)/Vegetables/RottenCucumber/rottenCucumber (327).jpg,https://www.kaggle.com/datasets/muhriddinmuxiddinov/fruits-and-vegetables-dataset,2,publisher_fresh_rotten_folder,not_annotated,55ff78ebfded6b3b1c67b731aa21b7f968a26af5fee67df0b31be2126276c953,f338cc4fa9996aabe1f13121eeb0154a3c6d572e68d10f0c6562d7e13bf4c76e,191,264,8450103212036076403,8236675381401131618
cucumber_rotten_0188,images/cucumber_rotten/cucumber_rotten_0188.jpg,cucumber_rotten,1,cucumber,rotten,not_subtyped,val,g00767,Fruits_Vegetables_Dataset(12000)/Vegetables/RottenCucumber/rottenCucumber (329).jpg,https://www.kaggle.com/datasets/muhriddinmuxiddinov/fruits-and-vegetables-dataset,2,publisher_fresh_rotten_folder,not_annotated,0b761ec0095860977bceb4d7f53da5a31ced7dd6318f7562de837330b31064cf,cd8d0f2e075057ddbae6224aa309162c041032c5596aec8938d022c884b43651,269,188,7357071301786382115,17348582127182516111
cucumber_rotten_0182,images/cucumber_rotten/cucumber_rotten_0182.jpg,cucumber_rotten,1,cucumber,rotten,not_subtyped,val,g00754,Fruits_Vegetables_Dataset(12000)/Vegetables/RottenCucumber/rottenCucumber (291).jpg,https://www.kaggle.com/datasets/muhriddinmuxiddinov/fruits-and-vegetables-dataset,2,publisher_fresh_rotten_folder,not_annotated,0f5d21bedb0548f2d10ca6a9aa3f3e7a9522e6de2113295603218cc58971dd81,b8b7e31adf4d68340f6bb692eb5ff824458970c6f6aeb8e192206a9305c396ed,265,190,3272360589042928921,293581725976887318
cucumber_rotten_0180,images/cucumber_rotten/cucumber_rotten_0180.jpg,cucumber_rotten,1,cucumber,rotten,not_subtyped,val,g00740,Fruits_Vegetables_Dataset(12000)/Vegetables/RottenCucumber/rottenCucumber (170).jpg,https://www.kaggle.com/datasets/muhriddinmuxiddinov/fruits-and-vegetables-dataset,2,publisher_fresh_rotten_folder,not_annotated,4750f23364d1ba180ec98a19f4529a80c53944f12a20cbc36349be96d2fb0b23,a3485e11e518e4fe2db6e2fb2102120abfc1d48c822cec7e4635ef2ad5396277,341,148,4600111229777007540,516643460664604575
cucumber_rotten_0186,images/cucumber_rotten/cucumber_rotten_0186.jpg,cucumber_rotten,1,cucumber,rotten,not_subtyped,val,g00763,Fruits_Vegetables_Dataset(12000)/Vegetables/RottenCucumber/rottenCucumber (320).jpg,https://www.kaggle.com/datasets/muhriddinmuxiddinov/fruits-and-vegetables-dataset,2,publisher_fresh_rotten_folder,not_annotated,08c0a314f4365b98cd242d248d1c32a9d8ae8aa326094ae4fe872a4ed961f581,a4534d1edfa8a3aa38e0568ee9c305df736ece270602ead192cad99ba9186e0e,300,168,5878337996843752271,15281862060880544483
cucumber_rotten_0191,images/cucumber_rotten/cucumber_rotten_0191.jpg,cucumber_rotten,1,cucumber,rotten,not_subtyped,val,g00771,Fruits_Vegetables_Dataset(12000)/Vegetables/RottenCucumber/rottenCucumber (346).jpg,https://www.kaggle.com/datasets/muhriddinmuxiddinov/fruits-and-vegetables-dataset,2,publisher_fresh_rotten_folder,not_annotated,de4dcf867029c8e719b92c2dee13497e616703cc42d784cd230f7279dc1e22e5,18ecde66a329ae29aad3d3080a9d4ddfdf2e355203de35304544dcf01497fc31,262,192,7680187032348750034,9278325864788100064
potato_fresh_0212,images/potato_fresh/potato_fresh_0212.jpg,potato_fresh,2,potato,fresh,none,train,g00254,Fruits_Vegetables_Dataset(12000)/Vegetables/FreshPotato/freshPotato (164).jpg,https://www.kaggle.com/datasets/muhriddinmuxiddinov/fruits-and-vegetables-dataset,2,publisher_fresh_rotten_folder,not_annotated,0d394abdf39268a282bb08f776fa5d65552b6e66574f957a2319a3fbc5e904c6,999ff89617c1951fcd7bf8b63e322c5f7924123295c36350abd7dab3e6b28c99,224,224,7678812378080320586,2814126969590369097
potato_fresh_0235,images/potato_fresh/potato_fresh_0235.jpg,potato_fresh,2,potato,fresh,none,train,g00256,Fruits_Vegetables_Dataset(12000)/Vegetables/FreshPotato/freshPotato (326).jpg,https://www.kaggle.com/datasets/muhriddinmuxiddinov/fruits-and-vegetables-dataset,2,publisher_fresh_rotten_folder,not_annotated,8d00f5252814d28c2357c9920ca2de7582ff5b2916d1fa2a3fc813c76fc4690d,2734f41c770b1d76a5f26e6ba2fa072798dc579817537f69613a882c99eb2b60,224,224,8145195530893104051,13155747452265824388
potato_fresh_0219,images/potato_fresh/potato_fresh_0219.jpg,potato_fresh,2,potato,fresh,none,train,g00476,Fruits_Vegetables_Dataset(12000)/Vegetables/FreshPotato/freshPotato (228).jpg,https://www.kaggle.com/datasets/muhriddinmuxiddinov/fruits-and-vegetables-dataset,2,publisher_fresh_rotten_folder,not_annotated,3d0893e60ee55732089806611aa1513fdba7edde4853a9defced2d4518d7a208,87d44dd927c75254d431299367413c1803417971eebd6758d93624045db3c01d,100,100,4090367005882631960,5737052916527347342
potato_fresh_0271,images/potato_fresh/potato_fresh_0271.jpg,potato_fresh,2,potato,fresh,none,train,g00465,Fruits_Vegetables_Dataset(12000)/Vegetables/FreshPotato/freshPotato (596).jpg,https://www.kaggle.com/datasets/muhriddinmuxiddinov/fruits-and-vegetables-dataset,2,publisher_fresh_rotten_folder,not_annotated,8d84ebe2da57fab56d7b128fafae5712b7561575bea79a23ae3f1a30c4d4283b,d73f707dd59c50887f09413b11cd5f8e5f66c3acf41f6a1ceaf5adab96901cc0,550,500,4531962748966279363,1443138755599339271
potato_fresh_0265,images/potato_fresh/potato_fresh_0265.jpg,potato_fresh,2,potato,fresh,none,train,g00440,Fruits_Vegetables_Dataset(12000)/Vegetables/FreshPotato/freshPotato (53).jpg,https://www.kaggle.com/datasets/muhriddinmuxiddinov/fruits-and-vegetables-dataset,2,publisher_fresh_rotten_folder,not_annotated,0194e644fedb84db4478e88ca6bac2cae7540546d79ad883bbc1e96de1cd26ef,09f5dd5b868e67fd26a63045e74c80f2a005df102088be837a14b80fb05cdedc,204,248,7753673129003796717,584908580436774411
potato_fresh_0214,images/potato_fresh/potato_fresh_0214.jpg,potato_fresh,2,potato,fresh,none,train,g00254,Fruits_Vegetables_Dataset(12000)/Vegetables/FreshPotato/freshPotato (169).jpg,https://www.kaggle.com/datasets/muhriddinmuxiddinov/fruits-and-vegetables-dataset,2,publisher_fresh_rotten_folder,not_annotated,1ce9f747d14146345372c4f78480c79608a7411d8b76b3e4527ed2b1c5d9a3c3,e8cbd059edc7acf69a98381781d2762e8542fe220c835b8ed5ad10d9313f1ac5,224,224,3380379833139961528,433202183495118590
potato_fresh_0240,images/potato_fresh/potato_fresh_0240.jpg,potato_fresh,2,potato,fresh,none,train,g00253,Fruits_Vegetables_Dataset(12000)/Vegetables/FreshPotato/freshPotato (356).jpg,https://www.kaggle.com/datasets/muhriddinmuxiddinov/fruits-and-vegetables-dataset,2,publisher_fresh_rotten_folder,not_annotated,d5d1e904d8be6d5c9892f78a66edf19a8b48170f355a5699d777c0a66b98ae5b,9786a71c8bd201d1cd95b38c3b489e11a66650ae2a71b341b2df72903785d133,224,224,3536124380610171574,10201801160118994874
potato_fresh_0209,images/potato_fresh/potato_fresh_0209.jpg,potato_fresh,2,potato,fresh,none,train,g00476,Fruits_Vegetables_Dataset(12000)/Vegetables/FreshPotato/freshPotato (149).jpg,https://www.kaggle.com/datasets/muhriddinmuxiddinov/fruits-and-vegetables-dataset,2,publisher_fresh_rotten_folder,not_annotated,67b1a47d0761edb8d6d18dab46f0028388c2e1d93b0ba27c855f9acc8c5e3ae8,dd7155f18f9fedb6faa0d31c425c49aa187761a2f94c3898bbc30c232093fe06,100,100,4364234448770287465,2107191216465190798
potato_fresh_0267,images/potato_fresh/potato_fresh_0267.jpg,potato_fresh,2,potato,fresh,none,train,g00256,Fruits_Vegetables_Dataset(12000)/Vegetables/FreshPotato/freshPotato (543).jpg,https://www.kaggle.com/datasets/muhriddinmuxiddinov/fruits-and-vegetables-dataset,2,publisher_fresh_rotten_folder,not_annotated,0bdb25a6568b6f14cf3fb8421cab0c339faba5feb0bd04040772236e7022efc9,85e7f7cf3e951a438559c59fe409f75baa65b8cb47520178dd63de249d665570,224,224,3203347289230645406,14742166790437597948
potato_fresh_0218,images/potato_fresh/potato_fresh_0218.jpg,potato_fresh,2,potato,fresh,none,train,g00476,Fruits_Vegetables_Dataset(12000)/Vegetables/FreshPotato/freshPotato (210).jpg,https://www.kaggle.com/datasets/muhriddinmuxiddinov/fruits-and-vegetables-dataset,2,publisher_fresh_rotten_folder,not_annotated,ff4e569afc3f938dc34becc77eccd79c78eb8695fb1cfe9f8da9a1473e7f2b4b,dc742b83c49f34bd8f719cdc027080d78a0d321a896fedc0f50e074e958e69f1,100,100,4090362543428387640,2134212797049552526
potato_fresh_0236,images/potato_fresh/potato_fresh_0236.jpg,potato_fresh,2,potato,fresh,none,train,g00281,Fruits_Vegetables_Dataset(12000)/Vegetables/FreshPotato/freshPotato (329).jpg,https://www.kaggle.com/datasets/muhriddinmuxiddinov/fruits-and-vegetables-dataset,2,publisher_fresh_rotten_folder,not_annotated,c20d73013e1331e782b3a88626fc122563cc9303d8f2865f278bde6010c9ef85,2c1e52caf9e8a1879fb52a4a2721e0b3c362b10b757e8e383dcd115e8e4acc7b,224,224,2437833154407058590,13012723178329037651
potato_fresh_0274,images/potato_fresh/potato_fresh_0274.jpg,potato_fresh,2,potato,fresh,none,train,g00476,Fruits_Vegetables_Dataset(12000)/Vegetables/FreshPotato/freshPotato (80).jpg,https://www.kaggle.com/datasets/muhriddinmuxiddinov/fruits-and-vegetables-dataset,2,publisher_fresh_rotten_folder,not_annotated,61fc2f89e69fec7f54874a94e1695ac09ab5a23e947b63afec05ab4d66743335,62cb216d28b2ce7a5b359b729c9a209ed9ac7858926591ae770cedfe7270d1e0,100,100,9121408244437252767,9227637996999085824
potato_fresh_0204,images/potato_fresh/potato_fresh_0204.jpg,potato_fresh,2,potato,fresh,none,train,g00254,Fruits_Vegetables_Dataset(12000)/Vegetables/FreshPotato/freshPotato (122).jpg,https://www.kaggle.com/datasets/muhriddinmuxiddinov/fruits-and-vegetables-dataset,2,publisher_fresh_rotten_folder,not_annotated,a50b5bb6e5b61c0033310743c785ab37ee76454de646fdc3db9ddc77adb4fdfc,94df0a199f0b1aa3acea66f454cc1bfdca3f3186bda1c5725f995ddb28d62cc1,224,224,8837915631900570731,36839725651210304
potato_fresh_0269,images/potato_fresh/potato_fresh_0269.jpg,potato_fresh,2,potato,fresh,none,train,g00460,Fruits_Vegetables_Dataset(12000)/Vegetables/FreshPotato/freshPotato (584).jpg,https://www.kaggle.com/datasets/muhriddinmuxiddinov/fruits-and-vegetables-dataset,2,publisher_fresh_rotten_folder,not_annotated,40ff6b1cdc6a7e0e30934f0dde0945b6b28ac0fae6a23558355e3048883b5ca2,e9464e9a61cab299f91208d58e78e2cb5b6a2d8974c3b2b7766a835d5221c310,2272,1704,6286252843905333090,15452197991752788376
potato_fresh_0255,images/potato_fresh/potato_fresh_0255.jpg,potato_fresh,2,potato,fresh,none,train,g00281,Fruits_Vegetables_Dataset(12000)/Vegetables/FreshPotato/freshPotato (467).jpg,https://www.kaggle.com/datasets/muhriddinmuxiddinov/fruits-and-vegetables-dataset,2,publisher_fresh_rotten_folder,not_annotated,15818f04102d0f26161868c4d047e65a734ffd3fa2225adda5db7edcd5c2cb8f,2783c237d6bff779387d248eb0569fa8444459480471d520fcf620b04f3ed4e3,224,224,9062474674439139384,15538727560481901202
potato_fresh_0260,images/potato_fresh/potato_fresh_0260.jpg,potato_fresh,2,potato,fresh,none,train,g00254,Fruits_Vegetables_Dataset(12000)/Vegetables/FreshPotato/freshPotato (504).jpg,https://www.kaggle.com/datasets/muhriddinmuxiddinov/fruits-and-vegetables-dataset,2,publisher_fresh_rotten_folder,not_annotated,28d4512932459eae13b8660fc5aa2bb464ac79420ff874b93a385ff6c983e572,308a40460332391766d3310801e554e522b920798d8e199b6ba96f6a4aff93a4,224,224,8259755748649540524,9837001835772654721
potato_fresh_0250,images/potato_fresh/potato_fresh_0250.jpg,potato_fresh,2,potato,fresh,none,train,g00253,Fruits_Vegetables_Dataset(12000)/Vegetables/FreshPotato/freshPotato (435).jpg,https://www.kaggle.com/datasets/muhriddinmuxiddinov/fruits-and-vegetables-dataset,2,publisher_fresh_rotten_folder,not_annotated,6d14f034692e03f15267c2fdc3eddd1683d5216cbf4922e866fcbdaa7782514b,b28edf65bf603e6555190548c05d3967e4e885d0ec27d3429bbd14d98fa82195,224,224,3183154965966603462,11972580017217873586
potato_fresh_0228,images/potato_fresh/potato_fresh_0228.jpg,potato_fresh,2,potato,fresh,none,train,g00253,Fruits_Vegetables_Dataset(12000)/Vegetables/FreshPotato/freshPotato (277).jpg,https://www.kaggle.com/datasets/muhriddinmuxiddinov/fruits-and-vegetables-dataset,2,publisher_fresh_rotten_folder,not_annotated,0f57fe145d276a3635d3ec70a4bb5a57c6751c1fb986bd78a20a6b9c95c325a3,f48e8e4b469a47587aca5f481b298c5515617d58526ebfea633c28d798fa16b0,224,224,2039255643031608935,16204075364664244472
potato_fresh_0231,images/potato_fresh/potato_fresh_0231.jpg,potato_fresh,2,potato,fresh,none,train,g00337,Fruits_Vegetables_Dataset(12000)/Vegetables/FreshPotato/freshPotato (30).jpg,https://www.kaggle.com/datasets/muhriddinmuxiddinov/fruits-and-vegetables-dataset,2,publisher_fresh_rotten_folder,not_annotated,e946bb13afae563c7bc1fb75722026e76c1b02df2b3021110ffa39d4223c87e0,19d6e1b04cbbb0034c6c65c77898d021f219926a181c42a7a6c2653d299955ec,217,232,7973255770359290514,10245523629684233805
potato_fresh_0263,images/potato_fresh/potato_fresh_0263.jpg,potato_fresh,2,potato,fresh,none,train,g00277,Fruits_Vegetables_Dataset(12000)/Vegetables/FreshPotato/freshPotato (524).jpg,https://www.kaggle.com/datasets/muhriddinmuxiddinov/fruits-and-vegetables-dataset,2,publisher_fresh_rotten_folder,not_annotated,d864d48ca7d7369f1c5e8207adabf4af124c7e5a13ca62fe11df11227b43e7fb,64ab908b1b3df7cf654b3f6363effeaff805a15a375e6122a0e6ff652dc60be7,224,224,3352297128260106911,9225174640887795520
potato_fresh_0220,images/potato_fresh/potato_fresh_0220.jpg,potato_fresh,2,potato,fresh,none,train,g00476,Fruits_Vegetables_Dataset(12000)/Vegetables/FreshPotato/freshPotato (230).jpg,https://www.kaggle.com/datasets/muhriddinmuxiddinov/fruits-and-vegetables-dataset,2,publisher_fresh_rotten_folder,not_annotated,b43a728ab187ab832b86807406c595816ac7a6bd0eb6757f5bc6540f488ff1ee,0a29af235b097bd84dd563103529a6ab23aa7fae7f8233acd00cb61478d3aa79,100,100,4090367005882631960,5664995322489419406
potato_fresh_0254,images/potato_fresh/potato_fresh_0254.jpg,potato_fresh,2,potato,fresh,none,train,g00281,Fruits_Vegetables_Dataset(12000)/Vegetables/FreshPotato/freshPotato (460).jpg,https://www.kaggle.com/datasets/muhriddinmuxiddinov/fruits-and-vegetables-dataset,2,publisher_fresh_rotten_folder,not_annotated,5f07a70f918cdbdc55cb5b45a6b6514170d5cc51c5e4c8d949f77a3c6af39178,2186e2841c4382db6a212a8fd0813f5522f2b4a82f0a86450737dd72be58128a,224,224,6099374487712438712,7245932147172388028
potato_fresh_0253,images/potato_fresh/potato_fresh_0253.jpg,potato_fresh,2,potato,fresh,none,train,g00476,Fruits_Vegetables_Dataset(12000)/Vegetables/FreshPotato/freshPotato (447).jpg,https://www.kaggle.com/datasets/muhriddinmuxiddinov/fruits-and-vegetables-dataset,2,publisher_fresh_rotten_folder,not_annotated,ee089754a7035d12714ba916cfd8795e964b1eb4a76c51e87c4fc4e67bd93de7,fd4493ce95784356edb138afad5fddd1adf5844bc31d8751274bfda6e81e81ae,224,224,4162418212558639676,5736208508777078670
potato_fresh_0202,images/potato_fresh/potato_fresh_0202.jpg,potato_fresh,2,potato,fresh,none,train,g00253,Fruits_Vegetables_Dataset(12000)/Vegetables/FreshPotato/freshPotato (112).jpg,https://www.kaggle.com/datasets/muhriddinmuxiddinov/fruits-and-vegetables-dataset,2,publisher_fresh_rotten_folder,not_annotated,f1195b5b4e8002afdc0d1b6f0c14f31ee4fcbcc54cbc716748d2cb5b4e93b000,c5bb0bcaa3d549c68d121fa07c0288ac191c6ed6f89c209c08a9ec50c988a722,224,224,7139214016189458075,16769790429058287298
potato_fresh_0215,images/potato_fresh/potato_fresh_0215.jpg,potato_fresh,2,potato,fresh,none,train,g00279,Fruits_Vegetables_Dataset(12000)/Vegetables/FreshPotato/freshPotato (171).jpg,https://www.kaggle.com/datasets/muhriddinmuxiddinov/fruits-and-vegetables-dataset,2,publisher_fresh_rotten_folder,not_annotated,8c47605bfdf2b5a042f0dbb3a8c535d04fb021ce0d94a83bf775b0ae276b4b0c,183dac29010f106bb2308e2ccc32ca1d860d7e8277087a7c74a849844f97ea4b,224,224,5799183631274941617,2888241753853511660
potato_fresh_0252,images/potato_fresh/potato_fresh_0252.jpg,potato_fresh,2,potato,fresh,none,train,g00256,Fruits_Vegetables_Dataset(12000)/Vegetables/FreshPotato/freshPotato (445).jpg,https://www.kaggle.com/datasets/muhriddinmuxiddinov/fruits-and-vegetables-dataset,2,publisher_fresh_rotten_folder,not_annotated,467c54f2f8f9761c6b278925f687c84cd247a597bf2bf0f70f73ba3919625fa6,fc56c90e63433e3fdf8033d21e6a2f96d2db21f30fe354c9b806b84b9a313f91,224,224,971790326701232447,2460712317866245308
potato_fresh_0201,images/potato_fresh/potato_fresh_0201.jpg,potato_fresh,2,potato,fresh,none,train,g00252,Fruits_Vegetables_Dataset(12000)/Vegetables/FreshPotato/freshPotato (11).jpg,https://www.kaggle.com/datasets/muhriddinmuxiddinov/fruits-and-vegetables-dataset,2,publisher_fresh_rotten_folder,not_annotated,f4b277367057eb6063fe2487fb4a7152484f9800d1935ff67e9e5a98a2b1934c,a760478a2a0b15b282d12cb6c873be60bb98e757148dfea0fc8a595c191c94a1,1200,801,2799507540679443562,17351467865350098235
potato_fresh_0211,images/potato_fresh/potato_fresh_0211.jpg,potato_fresh,2,potato,fresh,none,train,g00253,Fruits_Vegetables_Dataset(12000)/Vegetables/FreshPotato/freshPotato (161).jpg,https://www.kaggle.com/datasets/muhriddinmuxiddinov/fruits-and-vegetables-dataset,2,publisher_fresh_rotten_folder,not_annotated,4a52623da89908c5b7e9a08099e923a199ddca20a66d1488fb9de36368bf45e3,a11959ed8dafbd8efdf0efb4b96c94539b281526ec88eb95dd372e3e2b282594,224,224,3617169588847287707,10199832495546945450
potato_fresh_0276,images/potato_fresh/potato_fresh_0276.jpg,potato_fresh,2,potato,fresh,none,train,g00476,Fruits_Vegetables_Dataset(12000)/Vegetables/FreshPotato/freshPotato (92).jpg,https://www.kaggle.com/datasets/muhriddinmuxiddinov/fruits-and-vegetables-dataset,2,publisher_fresh_rotten_folder,not_annotated,952a4e1923b0c177e47e79dd3faa0d1d261a9f3bde8f6ea0b92c2a6857ccb638,60fe5339e78328d8575993beee7ce13c6cc27e3210ae800d3a353009736d804b,100,100,4222341802098695783,9232158481186754440
potato_fresh_0226,images/potato_fresh/potato_fresh_0226.jpg,potato_fresh,2,potato,fresh,none,train,g00253,Fruits_Vegetables_Dataset(12000)/Vegetables/FreshPotato/freshPotato (262).jpg,https://www.kaggle.com/datasets/muhriddinmuxiddinov/fruits-and-vegetables-dataset,2,publisher_fresh_rotten_folder,not_annotated,a7f86ee366d50f468bd329511d03992f9c7f2502509870ffea12d7a6629a9bfa,a47382c28cb87c18768895400a1ccf898aa9885965a35144380eb31b3907e787,224,224,598132157746591975,16330246797592688816
potato_fresh_0268,images/potato_fresh/potato_fresh_0268.jpg,potato_fresh,2,potato,fresh,none,train,g00277,Fruits_Vegetables_Dataset(12000)/Vegetables/FreshPotato/freshPotato (551).jpg,https://www.kaggle.com/datasets/muhriddinmuxiddinov/fruits-and-vegetables-dataset,2,publisher_fresh_rotten_folder,not_annotated,aab5abc3be503ac2cc74a1d689f243ee4726296b9c6ea1de402d863a79930f14,532c17f19e9cda73fea7dd2cc19e0052a9ac38ea49d137bce3a6901a164ac968,224,224,4076539869854811745,981254836758222606
potato_fresh_0262,images/potato_fresh/potato_fresh_0262.jpg,potato_fresh,2,potato,fresh,none,train,g00476,Fruits_Vegetables_Dataset(12000)/Vegetables/FreshPotato/freshPotato (519).jpg,https://www.kaggle.com/datasets/muhriddinmuxiddinov/fruits-and-vegetables-dataset,2,publisher_fresh_rotten_folder,not_annotated,00a41df69f223a79fffeb01493c529d4fd6cb4021f183a9d4c6f3aa19b14824e,df07712a56dcd20577085020e7dd3c2ef9705e0e5bdbea17cf092e7635dd5678,224,224,4305710806655145788,9732064789668765454
potato_fresh_0237,images/potato_fresh/potato_fresh_0237.jpg,potato_fresh,2,potato,fresh,none,train,g00277,Fruits_Vegetables_Dataset(12000)/Vegetables/FreshPotato/freshPotato (336).jpg,https://www.kaggle.com/datasets/muhriddinmuxiddinov/fruits-and-vegetables-dataset,2,publisher_fresh_rotten_folder,not_annotated,f16ab416940098ece1c25ec3977302e54c23c533f982aa774fab5f77cc376ecd,248be3e6b5a8e0a564b25eaf7b0aa4c866dc59b56268accedaedbbacc169814e,224,224,4576994754766073781,9303943696483295104
potato_fresh_0258,images/potato_fresh/potato_fresh_0258.jpg,potato_fresh,2,potato,fresh,none,train,g00256,Fruits_Vegetables_Dataset(12000)/Vegetables/FreshPotato/freshPotato (494).jpg,https://www.kaggle.com/datasets/muhriddinmuxiddinov/fruits-and-vegetables-dataset,2,publisher_fresh_rotten_folder,not_annotated,80534c16b7f776aec68e9a562e66586b3cd9f769ee8488e458407e2918e2e3a7,083d9bd7fd502cd418d9f9a13002c5459e3715e94fb301c7cffe8242f8a864a2,224,224,217291450620983345,4672723108307446940
potato_fresh_0217,images/potato_fresh/potato_fresh_0217.jpg,potato_fresh,2,potato,fresh,none,train,g00476,Fruits_Vegetables_Dataset(12000)/Vegetables/FreshPotato/freshPotato (191).jpg,https://www.kaggle.com/datasets/muhriddinmuxiddinov/fruits-and-vegetables-dataset,2,publisher_fresh_rotten_folder,not_annotated,5eb1088e027fe1ede5247c15381128c7186f73a2c3a141bf208a920aacc3ed96,c29def0853da5db680de98b96239d06f062bd63f25984e4a9ecd2abf199fb45a,100,100,4076570321100587897,11355333034090643342
potato_fresh_0246,images/potato_fresh/potato_fresh_0246.jpg,potato_fresh,2,potato,fresh,none,train,g00256,Fruits_Vegetables_Dataset(12000)/Vegetables/FreshPotato/freshPotato (410).jpg,https://www.kaggle.com/datasets/muhriddinmuxiddinov/fruits-and-vegetables-dataset,2,publisher_fresh_rotten_folder,not_annotated,38af37c0c5e5216b9f464c0b367fe37badaabab148562717e6aca26506620fb6,4af590a5e857f3b826d00ecd4eab734a53dbbc11684815d9f22b7e3e7cba617e,224,224,4861966366655865778,9408824229105623984
potato_fresh_0272,images/potato_fresh/potato_fresh_0272.jpg,potato_fresh,2,potato,fresh,none,train,g00468,Fruits_Vegetables_Dataset(12000)/Vegetables/FreshPotato/freshPotato (601).jpg,https://www.kaggle.com/datasets/muhriddinmuxiddinov/fruits-and-vegetables-dataset,2,publisher_fresh_rotten_folder,not_annotated,4a028e61c33a4d09d64c44ed5e72485f57e4e18ead2eb819605626d55960ea12,09da60c66e9a16519041e0f4ed744868a70a78a7f543e7139b0c5772b4882c9e,1920,1920,3068588359189302631,3548352082999871303
potato_fresh_0273,images/potato_fresh/potato_fresh_0273.jpg,potato_fresh,2,potato,fresh,none,train,g00470,Fruits_Vegetables_Dataset(12000)/Vegetables/FreshPotato/freshPotato (606).jpg,https://www.kaggle.com/datasets/muhriddinmuxiddinov/fruits-and-vegetables-dataset,2,publisher_fresh_rotten_folder,not_annotated,5c34d66757baa98e5099a89ee692a90171ff7d76a9f31fcc89567c57322ac411,45b4f9c72082a46767390e9986ed5b30c4224702d128df5dcb99a21bacc9acf1,1707,1280,3445482609104032922,439986402634436400
potato_fresh_0207,images/potato_fresh/potato_fresh_0207.jpg,potato_fresh,2,potato,fresh,none,train,g00254,Fruits_Vegetables_Dataset(12000)/Vegetables/FreshPotato/freshPotato (129).jpg,https://www.kaggle.com/datasets/muhriddinmuxiddinov/fruits-and-vegetables-dataset,2,publisher_fresh_rotten_folder,not_annotated,4504c142d3b95ac84c676fe4d40b880ea6da4b2fd16316d38b9620ac287f237e,18886c280d48b1c16ed1a304bea1c5b8d0ce0185ec1a0047d56a55c4b73ae1e7,224,224,8135072519083929061,1161523540556101896
potato_fresh_0266,images/potato_fresh/potato_fresh_0266.jpg,potato_fresh,2,potato,fresh,none,train,g00281,Fruits_Vegetables_Dataset(12000)/Vegetables/FreshPotato/freshPotato (536).jpg,https://www.kaggle.com/datasets/muhriddinmuxiddinov/fruits-and-vegetables-dataset,2,publisher_fresh_rotten_folder,not_annotated,daf2873a44d60bf2f8528b5482e51f332a31f90faf1487121025cc62c2212636,dbe124f2129591287602a6f4bb26421f6671853f406b19d67c8b09950ac3a4cf,224,224,5084855874400920305,8710142292440976231
potato_fresh_0249,images/potato_fresh/potato_fresh_0249.jpg,potato_fresh,2,potato,fresh,none,train,g00281,Fruits_Vegetables_Dataset(12000)/Vegetables/FreshPotato/freshPotato (427).jpg,https://www.kaggle.com/datasets/muhriddinmuxiddinov/fruits-and-vegetables-dataset,2,publisher_fresh_rotten_folder,not_annotated,981e6d455977e227eb950edbf4ba55d0bbdf0687c6e2811b06524abeed344a5b,319a5c22b335b7360ad922b0fb2dee280388fcc0151f79affbd2623f60be6cf5,224,224,5890498023647932427,3199911242888443602
potato_fresh_0275,images/potato_fresh/potato_fresh_0275.jpg,potato_fresh,2,potato,fresh,none,train,g00476,Fruits_Vegetables_Dataset(12000)/Vegetables/FreshPotato/freshPotato (85).jpg,https://www.kaggle.com/datasets/muhriddinmuxiddinov/fruits-and-vegetables-dataset,2,publisher_fresh_rotten_folder,not_annotated,ce505493acf648f9ff1ce47f8266c426441effb8bb50c58d261d1af00c2685a2,3a92d90a5e6103f4a3d3d7f959d537236f08bacf5de9db25993699a07e9dc350,100,100,4580653937327094415,9227624795329201920
potato_fresh_0279,images/potato_fresh/potato_fresh_0279.jpg,potato_fresh,2,potato,fresh,none,train,g00476,Fruits_Vegetables_Dataset(12000)/Vegetables/FreshPotato/freshPotato (99).jpg,https://www.kaggle.com/datasets/muhriddinmuxiddinov/fruits-and-vegetables-dataset,2,publisher_fresh_rotten_folder,not_annotated,198ba316a059d428ce244d62db14e9e6df1979af3c79a2a917a3e2e1c99a47f5,b04d92e87cff94055637631eec53f07600ac4539a53c02ac24597ed7caa02466,100,100,4601254031421410162,9232220345899879937
potato_fresh_0238,images/potato_fresh/potato_fresh_0238.jpg,potato_fresh,2,potato,fresh,none,train,g00476,Fruits_Vegetables_Dataset(12000)/Vegetables/FreshPotato/freshPotato (344).jpg,https://www.kaggle.com/datasets/muhriddinmuxiddinov/fruits-and-vegetables-dataset,2,publisher_fresh_rotten_folder,not_annotated,0ca2b774738c76cca1a15cf9edd454f917fb01cbf8b1f37c8b5951522a9d6ede,78eeedc43f6bfa652300f99c058eb23910a51edc5dba1a4bd0282c45e1c38af3,100,100,4163515520872387108,5624885138375514014
potato_fresh_0257,images/potato_fresh/potato_fresh_0257.jpg,potato_fresh,2,potato,fresh,none,train,g00271,Fruits_Vegetables_Dataset(12000)/Vegetables/FreshPotato/freshPotato (479).jpg,https://www.kaggle.com/datasets/muhriddinmuxiddinov/fruits-and-vegetables-dataset,2,publisher_fresh_rotten_folder,not_annotated,c46189abac793c0a9a3f01dd7db0480486358b21b6dd79d8e5029c351f16f6c6,fc6c4a04cc67bb7a42325675b7c16555fd1153ba3002e84ae093699f149b63f9,224,224,2536396805888688351,14834291778225340152
potato_fresh_0225,images/potato_fresh/potato_fresh_0225.jpg,potato_fresh,2,potato,fresh,none,train,g00476,Fruits_Vegetables_Dataset(12000)/Vegetables/FreshPotato/freshPotato (260).jpg,https://www.kaggle.com/datasets/muhriddinmuxiddinov/fruits-and-vegetables-dataset,2,publisher_fresh_rotten_folder,not_annotated,d847e2967ce46b557f3674d52cdb49bc84442ef73dc7056aff8e60bb9970225a,e797800e0bbd5639c5b0f6d5d941728e82db30833026173aee49e394c00f187a,100,100,4450651613171597884,5088816010668750622
potato_fresh_0232,images/potato_fresh/potato_fresh_0232.jpg,potato_fresh,2,potato,fresh,none,train,g00256,Fruits_Vegetables_Dataset(12000)/Vegetables/FreshPotato/freshPotato (309).jpg,https://www.kaggle.com/datasets/muhriddinmuxiddinov/fruits-and-vegetables-dataset,2,publisher_fresh_rotten_folder,not_annotated,a0d3dd5cf8b448bf83e51279b2fd173fc5720a4a4d487a5e37daa025fa37d1e3,3f696855ee168845da04c2f442ed49c369d151440da20db7af88a23527ed9cb1,224,224,1035402846960390963,2747469415342990580
potato_fresh_0256,images/potato_fresh/potato_fresh_0256.jpg,potato_fresh,2,potato,fresh,none,train,g00254,Fruits_Vegetables_Dataset(12000)/Vegetables/FreshPotato/freshPotato (477).jpg,https://www.kaggle.com/datasets/muhriddinmuxiddinov/fruits-and-vegetables-dataset,2,publisher_fresh_rotten_folder,not_annotated,254b3b97940123ed86c872a7e8b95253a42826321413bf66aec0a299d9418980,d2a604234331e6c1b89760a1b4f96afc6695880c7a95a9edb5a836b7630caaa2,224,224,8858181421059148144,16483738844715916344
potato_fresh_0216,images/potato_fresh/potato_fresh_0216.jpg,potato_fresh,2,potato,fresh,none,train,g00277,Fruits_Vegetables_Dataset(12000)/Vegetables/FreshPotato/freshPotato (173).jpg,https://www.kaggle.com/datasets/muhriddinmuxiddinov/fruits-and-vegetables-dataset,2,publisher_fresh_rotten_folder,not_annotated,620e5f2228461588381561fff19d7d3feb49619c0496aff8785c57b3d13b152c,177bcc4656e97f7126275ed59ebdf0eea5e3b3dcd09b4055a6be3ea05554e121,224,224,4238151199796218484,1197745834110951196
potato_fresh_0203,images/potato_fresh/potato_fresh_0203.jpg,potato_fresh,2,potato,fresh,none,train,g00256,Fruits_Vegetables_Dataset(12000)/Vegetables/FreshPotato/freshPotato (119).jpg,https://www.kaggle.com/datasets/muhriddinmuxiddinov/fruits-and-vegetables-dataset,2,publisher_fresh_rotten_folder,not_annotated,a7a92bee47dd20ef6026f70e6efc0d840ec946337ba208b6a3737f0da060a3d1,7500712ffec1ad90c31b7f0c751235dd4e783dff7e3f74b880c1a4f5c82d6f28,224,224,5322290017867109118,16784934574860828800
potato_fresh_0213,images/potato_fresh/potato_fresh_0213.jpg,potato_fresh,2,potato,fresh,none,train,g00277,Fruits_Vegetables_Dataset(12000)/Vegetables/FreshPotato/freshPotato (166).jpg,https://www.kaggle.com/datasets/muhriddinmuxiddinov/fruits-and-vegetables-dataset,2,publisher_fresh_rotten_folder,not_annotated,cb03ad338457541fe04bb486e0ad788c548af563f04aaf31c0e7829bcecf9734,670fc00001fcfb251d271c8bc845aa03b35f62f25679d06215d3c4916902001b,224,224,4235288203876727489,2309800277408944000
potato_fresh_0264,images/potato_fresh/potato_fresh_0264.jpg,potato_fresh,2,potato,fresh,none,train,g00256,Fruits_Vegetables_Dataset(12000)/Vegetables/FreshPotato/freshPotato (529).jpg,https://www.kaggle.com/datasets/muhriddinmuxiddinov/fruits-and-vegetables-dataset,2,publisher_fresh_rotten_folder,not_annotated,56fde98abcde985360b209034ed723484944d0ac8fe9092ee5849d25fb3d7489,0284e05136446200108e6b5a8f05632c443d9efc20703881ab8464f3cf802dfb,224,224,2681213647353109270,11136995624036320192
potato_fresh_0278,images/potato_fresh/potato_fresh_0278.jpg,potato_fresh,2,potato,fresh,none,train,g00476,Fruits_Vegetables_Dataset(12000)/Vegetables/FreshPotato/freshPotato (97).jpg,https://www.kaggle.com/datasets/muhriddinmuxiddinov/fruits-and-vegetables-dataset,2,publisher_fresh_rotten_folder,not_annotated,bb1ab518ff9f90596d008b09601e7e797b5f3340c39355ccbfdd5de79bcf5030,3eb3d79339283ee83d34f94ff94332253b28c6b710eaf60665a5667515443180,100,100,4601254031421934194,9232237903726186248
potato_fresh_0242,images/potato_fresh/potato_fresh_0242.jpg,potato_fresh,2,potato,fresh,none,train,g00254,Fruits_Vegetables_Dataset(12000)/Vegetables/FreshPotato/freshPotato (376).jpg,https://www.kaggle.com/datasets/muhriddinmuxiddinov/fruits-and-vegetables-dataset,2,publisher_fresh_rotten_folder,not_annotated,2a90acb3cc2ec6fbf96d71fd4317ee036963d25e71a0055d158498833d447171,3faff7548e1d6284778d84df72bda86814606845e3e6c46993d09d0bc126b3a6,224,224,4681382971309627079,63070786440762242
potato_fresh_0234,images/potato_fresh/potato_fresh_0234.jpg,potato_fresh,2,potato,fresh,none,train,g00254,Fruits_Vegetables_Dataset(12000)/Vegetables/FreshPotato/freshPotato (324).jpg,https://www.kaggle.com/datasets/muhriddinmuxiddinov/fruits-and-vegetables-dataset,2,publisher_fresh_rotten_folder,not_annotated,0ea7b5ab404dca48cb4e5aa611e1684a1740d9da7a84f71d3beae3ae7c0b3f35,3dc7ba78e594b98df744097e026eeb7002a1e9cf0a3614345fae85325816cf0d,224,224,3305805106785118618,2811938329884589798
potato_fresh_0227,images/potato_fresh/potato_fresh_0227.jpg,potato_fresh,2,potato,fresh,none,train,g00324,Fruits_Vegetables_Dataset(12000)/Vegetables/FreshPotato/freshPotato (275).jpg,https://www.kaggle.com/datasets/muhriddinmuxiddinov/fruits-and-vegetables-dataset,2,publisher_fresh_rotten_folder,not_annotated,b334297e86e63bfca278919eb0b590b37f055311620eec3da6545a118da84166,ba3faa2bcabd05ae429ad4cf1ccf9d03fc9f1f83ee43898e7bb8d415d2bfa3b2,275,183,3716644098044254113,4448370938532739847
potato_fresh_0270,images/potato_fresh/potato_fresh_0270.jpg,potato_fresh,2,potato,fresh,none,train,g00461,Fruits_Vegetables_Dataset(12000)/Vegetables/FreshPotato/freshPotato (586).jpg,https://www.kaggle.com/datasets/muhriddinmuxiddinov/fruits-and-vegetables-dataset,2,publisher_fresh_rotten_folder,not_annotated,07d5bc548e4e8fa79089e97e3a32481577f1d6bb5cf13113aadbad7d691a56ab,2a231c0b743b3a89d3f35d5642b06c89aeab4c6cd80285fca2c9e94d8dc370d5,500,486,5982239547909890379,7382183383807830099
potato_fresh_0229,images/potato_fresh/potato_fresh_0229.jpg,potato_fresh,2,potato,fresh,none,train,g00281,Fruits_Vegetables_Dataset(12000)/Vegetables/FreshPotato/freshPotato (287).jpg,https://www.kaggle.com/datasets/muhriddinmuxiddinov/fruits-and-vegetables-dataset,2,publisher_fresh_rotten_folder,not_annotated,dd7d48e25872bc8ca7b8d1376c3cca42392847bc32cc9b4147480929b1ae0573,38029a0063d62356a593dc6558dabd4d5750f48a7bcfad4c5c4b50a7e56dbb12,224,224,1559710350417362651,12021899555099745336
potato_fresh_0205,images/potato_fresh/potato_fresh_0205.jpg,potato_fresh,2,potato,fresh,none,train,g00253,Fruits_Vegetables_Dataset(12000)/Vegetables/FreshPotato/freshPotato (124).jpg,https://www.kaggle.com/datasets/muhriddinmuxiddinov/fruits-and-vegetables-dataset,2,publisher_fresh_rotten_folder,not_annotated,ba4fd044180cb586b8612e9f18b7f359ed967f563b986549a4b146ac31c107ee,63777b599d091bc043f7d8c3a88e1f65941c6445052ace58487034437fb1dfc8,224,224,3779297627016190409,14739327368407486354
potato_fresh_0277,images/potato_fresh/potato_fresh_0277.jpg,potato_fresh,2,potato,fresh,none,train,g00476,Fruits_Vegetables_Dataset(12000)/Vegetables/FreshPotato/freshPotato (95).jpg,https://www.kaggle.com/datasets/muhriddinmuxiddinov/fruits-and-vegetables-dataset,2,publisher_fresh_rotten_folder,not_annotated,00c76073ed1f4ee51089f2d5aa7e4c7ad2207ee990e6f63160bbc3b2e5ebc607,fc81296a2d94fd0c2d5956860242b945aa2e35c99e744dca2a80b27953658596,100,100,4600691086031948340,9227725520889913100
potato_fresh_0241,images/potato_fresh/potato_fresh_0241.jpg,potato_fresh,2,potato,fresh,none,train,g00476,Fruits_Vegetables_Dataset(12000)/Vegetables/FreshPotato/freshPotato (371).jpg,https://www.kaggle.com/datasets/muhriddinmuxiddinov/fruits-and-vegetables-dataset,2,publisher_fresh_rotten_folder,not_annotated,66e7481e994754c18ddd22317950774a84470e47ae6f093b3e251575b066b31a,97b9342a0154a50163c7d835a12f41ac23a858f6f1421f0fdfed9783f46b5227,224,224,4594499740081950512,9729813058542575132
potato_fresh_0251,images/potato_fresh/potato_fresh_0251.jpg,potato_fresh,2,potato,fresh,none,train,g00281,Fruits_Vegetables_Dataset(12000)/Vegetables/FreshPotato/freshPotato (437).jpg,https://www.kaggle.com/datasets/muhriddinmuxiddinov/fruits-and-vegetables-dataset,2,publisher_fresh_rotten_folder,not_annotated,77d3e20b3481fd8a7d9fe7512c71ebcdff5ee6951b354b3c5d5328aa4803ed37,64db28ecdf9749d03b3fa99e403880ab1c4954ab2de3d424a1c940fc627d1165,224,224,5395229759786814978,590360519559449765
potato_fresh_0245,images/potato_fresh/potato_fresh_0245.jpg,potato_fresh,2,potato,fresh,none,train,g00254,Fruits_Vegetables_Dataset(12000)/Vegetables/FreshPotato/freshPotato (403).jpg,https://www.kaggle.com/datasets/muhriddinmuxiddinov/fruits-and-vegetables-dataset,2,publisher_fresh_rotten_folder,not_annotated,d777af151d0960462901c94265670963214ddc2b2179c9a464e120f82c33d536,20e3e23df7b762eb604e149edbd32ce13926961da96404ce1b0fa5795e82c24a,224,224,7946762288350680717,3283607242578670850
potato_fresh_0244,images/potato_fresh/potato_fresh_0244.jpg,potato_fresh,2,potato,fresh,none,train,g00476,Fruits_Vegetables_Dataset(12000)/Vegetables/FreshPotato/freshPotato (398).jpg,https://www.kaggle.com/datasets/muhriddinmuxiddinov/fruits-and-vegetables-dataset,2,publisher_fresh_rotten_folder,not_annotated,eb18564fbc4258a8b27d49d6ff67b049ca00d86b7209ab3d52031e94e75fcaed,ea866cbd2d6851b26ebd85d49c4e56cfdd9b6b61a62e0a457dace593a8e3c1fe,100,100,4077133266831382217,11357576003317342094
potato_fresh_0221,images/potato_fresh/potato_fresh_0221.jpg,potato_fresh,2,potato,fresh,none,train,g00476,Fruits_Vegetables_Dataset(12000)/Vegetables/FreshPotato/freshPotato (235).jpg,https://www.kaggle.com/datasets/muhriddinmuxiddinov/fruits-and-vegetables-dataset,2,publisher_fresh_rotten_folder,not_annotated,4bdbad3f37c3a5d1aa8bde75a38ae27c031e2ef4878b4dfb3593f594799291fb,7f8c1a52f0364a291ee061d101df21f99406528aa968e05ff0b55ffed9cc6ca5,100,100,4090367005949740568,5664995322489419662
potato_fresh_0208,images/potato_fresh/potato_fresh_0208.jpg,potato_fresh,2,potato,fresh,none,train,g00476,Fruits_Vegetables_Dataset(12000)/Vegetables/FreshPotato/freshPotato (134).jpg,https://www.kaggle.com/datasets/muhriddinmuxiddinov/fruits-and-vegetables-dataset,2,publisher_fresh_rotten_folder,not_annotated,86424cff59c9eb0550cd703ca49afc0f5e0c4499c8e0e578beb2049b9c79bef2,7e37a415c84f1f3048b90202646916e9d9c73e20b03fb789e46862a3f210f647,100,100,4364234448770287465,2107173607166394255
potato_fresh_0248,images/potato_fresh/potato_fresh_0248.jpg,potato_fresh,2,potato,fresh,none,train,g00254,Fruits_Vegetables_Dataset(12000)/Vegetables/FreshPotato/freshPotato (423).jpg,https://www.kaggle.com/datasets/muhriddinmuxiddinov/fruits-and-vegetables-dataset,2,publisher_fresh_rotten_folder,not_annotated,2271b12c7370afc4c6aaccc1b8e07c1bd9afd2af387feddc75049c38e78e39a3,17e3d28e7fec733b91f5c42410f6fab233d90daba0122ec2d21ac965cdff60eb,224,224,7090580720626953836,13837043281939234944
potato_fresh_0243,images/potato_fresh/potato_fresh_0243.jpg,potato_fresh,2,potato,fresh,none,train,g00476,Fruits_Vegetables_Dataset(12000)/Vegetables/FreshPotato/freshPotato (386).jpg,https://www.kaggle.com/datasets/muhriddinmuxiddinov/fruits-and-vegetables-dataset,2,publisher_fresh_rotten_folder,not_annotated,b7f1ae19209223ba11173b72da1334f6bcaa51739587637b6ccf790ef0c05751,3af82599500db70512a17ed857f0d70e506760ccb82c089373c767605944798e,100,100,4077696491595601481,2134211697538178958
potato_fresh_0206,images/potato_fresh/potato_fresh_0206.jpg,potato_fresh,2,potato,fresh,none,train,g00259,Fruits_Vegetables_Dataset(12000)/Vegetables/FreshPotato/freshPotato (127).jpg,https://www.kaggle.com/datasets/muhriddinmuxiddinov/fruits-and-vegetables-dataset,2,publisher_fresh_rotten_folder,not_annotated,ebd1ec25477e736b1dd82fc2b5beea684712c649b1e00b01beec69f9176456e5,584c5b38038c37ee9d536fc76342e40fe4d10bf3a6aa23b772d9fcfb7d47db96,276,183,7531609951789551203,17767447740791596935
potato_fresh_0222,images/potato_fresh/potato_fresh_0222.jpg,potato_fresh,2,potato,fresh,none,train,g00281,Fruits_Vegetables_Dataset(12000)/Vegetables/FreshPotato/freshPotato (238).jpg,https://www.kaggle.com/datasets/muhriddinmuxiddinov/fruits-and-vegetables-dataset,2,publisher_fresh_rotten_folder,not_annotated,3d6254c437a48629c616747a6b54398864b3fb985bbb3859ee50466e5953f239,a27559b8941c13dbd2cc1555f0294bb371b6def57b69a93aefdd4f5548b91473,224,224,4450183740300093086,16399968457326736154
potato_fresh_0224,images/potato_fresh/potato_fresh_0224.jpg,potato_fresh,2,potato,fresh,none,train,g00281,Fruits_Vegetables_Dataset(12000)/Vegetables/FreshPotato/freshPotato (255).jpg,https://www.kaggle.com/datasets/muhriddinmuxiddinov/fruits-and-vegetables-dataset,2,publisher_fresh_rotten_folder,not_annotated,eee72ab3087aa6762e589730c4bcc10ed6774b6c3ff86bbee73296e942f84e1f,48c9cc44e5c0d52b40dbe1d0e67fb937d4c0d50284c9b189bf28444f8ba4d028,224,224,5390699287622750606,676069650002193833
potato_fresh_0259,images/potato_fresh/potato_fresh_0259.jpg,potato_fresh,2,potato,fresh,none,train,g00427,Fruits_Vegetables_Dataset(12000)/Vegetables/FreshPotato/freshPotato (50).jpg,https://www.kaggle.com/datasets/muhriddinmuxiddinov/fruits-and-vegetables-dataset,2,publisher_fresh_rotten_folder,not_annotated,bde14402d98640a3be2e4edf0d0f84c3f7f45d94ed2ae22398c653c227c46c56,04c5a66e60105bbcf5d8798c966a2cc49749b831d746a9eeecd786ad80446137,275,183,2866149862497488281,289935784436768284
potato_fresh_0261,images/potato_fresh/potato_fresh_0261.jpg,potato_fresh,2,potato,fresh,none,train,g00254,Fruits_Vegetables_Dataset(12000)/Vegetables/FreshPotato/freshPotato (514).jpg,https://www.kaggle.com/datasets/muhriddinmuxiddinov/fruits-and-vegetables-dataset,2,publisher_fresh_rotten_folder,not_annotated,e982237af19a8f2b687a034bb798a59a155f5270f96e1c8a48040552dc73f932,ea677da0d512d7a3b85a559144abc857f337d6043aaaa8822a586eda723f5f39,224,224,6613206406572992465,2058252992722451456
potato_fresh_0210,images/potato_fresh/potato_fresh_0210.jpg,potato_fresh,2,potato,fresh,none,train,g00476,Fruits_Vegetables_Dataset(12000)/Vegetables/FreshPotato/freshPotato (156).jpg,https://www.kaggle.com/datasets/muhriddinmuxiddinov/fruits-and-vegetables-dataset,2,publisher_fresh_rotten_folder,not_annotated,dfb81d9db1c452ab990292853d086b03ebd05e0f3d152bf793dbdaed26eb4c5c,5f006278126c884e32ac42d5824c5d553ab54f568a9fb0d1f5bb1e9bdf35f8cc,100,100,4366486248579778409,2107191216465190798
potato_fresh_0223,images/potato_fresh/potato_fresh_0223.jpg,potato_fresh,2,potato,fresh,none,train,g00309,Fruits_Vegetables_Dataset(12000)/Vegetables/FreshPotato/freshPotato (247).jpg,https://www.kaggle.com/datasets/muhriddinmuxiddinov/fruits-and-vegetables-dataset,2,publisher_fresh_rotten_folder,not_annotated,8bacca5cdabe92c3aa36857061b8e8432927e00b05cbc5815cf346bc62866c0a,e216fe2059a9f629caffff575385e0bccdf3b0830703952484f3f07952d568c2,224,224,7462679123525176529,18357678199472013379
potato_fresh_0239,images/potato_fresh/potato_fresh_0239.jpg,potato_fresh,2,potato,fresh,none,train,g00309,Fruits_Vegetables_Dataset(12000)/Vegetables/FreshPotato/freshPotato (351).jpg,https://www.kaggle.com/datasets/muhriddinmuxiddinov/fruits-and-vegetables-dataset,2,publisher_fresh_rotten_folder,not_annotated,eb139b5222316a619090eca5532bbb12cd8667c2d4f45398f681259ace563ec0,738d213a7521c243af64666e67312e9f9cd20c8c3289a547c4fa6e84d546375f,224,224,3894137278768297716,18202191986689842724
potato_fresh_0233,images/potato_fresh/potato_fresh_0233.jpg,potato_fresh,2,potato,fresh,none,train,g00476,Fruits_Vegetables_Dataset(12000)/Vegetables/FreshPotato/freshPotato (319).jpg,https://www.kaggle.com/datasets/muhriddinmuxiddinov/fruits-and-vegetables-dataset,2,publisher_fresh_rotten_folder,not_annotated,a9a6d243a68af7ad2ae55851bd86a2c9fddec4bebf0651b7af66241431cfeeef,4077f9cf1d247035d9941a6fd0b80f79a28f64934cabc8a913a12b70043c132e,100,100,4162418212558639676,5155244156846282638
potato_fresh_0230,images/potato_fresh/potato_fresh_0230.jpg,potato_fresh,2,potato,fresh,none,train,g00476,Fruits_Vegetables_Dataset(12000)/Vegetables/FreshPotato/freshPotato (299).jpg,https://www.kaggle.com/datasets/muhriddinmuxiddinov/fruits-and-vegetables-dataset,2,publisher_fresh_rotten_folder,not_annotated,f429327ac1599637520a0e803bac1ea441a15162a7b7faede63fb6d7b2ca4c72,f337059bf249010b1ec713201202fa8136c226e083e62469a67dd09af96f8755,100,100,4522143232543199804,5736239209203312398
potato_fresh_0200,images/potato_fresh/potato_fresh_0200.png,potato_fresh,2,potato,fresh,none,train,g00247,Fruits_Vegetables_Dataset(12000)/Vegetables/FreshPotato/freshPotato (1).png,https://www.kaggle.com/datasets/muhriddinmuxiddinov/fruits-and-vegetables-dataset,2,publisher_fresh_rotten_folder,not_annotated,550e0c0dac88c3470b9d1faf861d39ffa403e193ebd2f3741b1e2ba744a7d079,de1190e0ffa34dbdade38cedfb3557c13e1c0d78968e9e77242137ff53b7bbbc,872,512,3148179147412451687,11321503226313597749
potato_fresh_0247,images/potato_fresh/potato_fresh_0247.jpg,potato_fresh,2,potato,fresh,none,train,g00256,Fruits_Vegetables_Dataset(12000)/Vegetables/FreshPotato/freshPotato (418).jpg,https://www.kaggle.com/datasets/muhriddinmuxiddinov/fruits-and-vegetables-dataset,2,publisher_fresh_rotten_folder,not_annotated,f2ad451ff133a8d476c1950bd9a3c3d26fa9d5740c2b647240aa9e2107834cb0,ac920f05986df7212a87ba17d3c422d3aac7f107143c647ba5b736154083d358,224,224,1826615841384091707,10563923501619887292
potato_fresh_0290,images/potato_fresh/potato_fresh_0290.jpg,potato_fresh,2,potato,fresh,none,val,g00458,Fruits_Vegetables_Dataset(12000)/Vegetables/FreshPotato/freshPotato (58).jpg,https://www.kaggle.com/datasets/muhriddinmuxiddinov/fruits-and-vegetables-dataset,2,publisher_fresh_rotten_folder,not_annotated,26069a164fc7daafa85c224ef4dba63f1758515d7dea2e753471f6d288e132f8,496c72723501a82d292ee82eacebc2abc7450ce77f39a0b284a21bff3869d2b7,262,193,8405475870957573562,4910100709259220999
potato_fresh_0289,images/potato_fresh/potato_fresh_0289.jpg,potato_fresh,2,potato,fresh,none,val,g00456,Fruits_Vegetables_Dataset(12000)/Vegetables/FreshPotato/freshPotato (570).jpg,https://www.kaggle.com/datasets/muhriddinmuxiddinov/fruits-and-vegetables-dataset,2,publisher_fresh_rotten_folder,not_annotated,a30041310351d13e977df5a7cac2175d09726ba5ed5b926e785eeadfc42e3809,e7ee1e5fd6885ce495bed8f870d40bc8fbcaa7d7dcf4df7cb2b110748e0f1ba5,876,493,977640631055536013,16347348303730537445
potato_fresh_0292,images/potato_fresh/potato_fresh_0292.jpg,potato_fresh,2,potato,fresh,none,val,g00463,Fruits_Vegetables_Dataset(12000)/Vegetables/FreshPotato/freshPotato (591).jpg,https://www.kaggle.com/datasets/muhriddinmuxiddinov/fruits-and-vegetables-dataset,2,publisher_fresh_rotten_folder,not_annotated,619c31938a0274226d0f98ff489e09cfa42c25f09851f4ccd96c3950233397ee,1644e45d8a50651dcd0de61a02d7fd50a00c9f7c4df91b75474749df8c0f96dd,1396,785,7699331473037498983,14411544543831820
potato_fresh_0297,images/potato_fresh/potato_fresh_0297.jpg,potato_fresh,2,potato,fresh,none,val,g00473,Fruits_Vegetables_Dataset(12000)/Vegetables/FreshPotato/freshPotato (67).jpg,https://www.kaggle.com/datasets/muhriddinmuxiddinov/fruits-and-vegetables-dataset,2,publisher_fresh_rotten_folder,not_annotated,37865fd141736c485c36acd9a24dfc276cba220a5276d0df35b8691a140e80bd,a014cd7a816de1d51350cdda53c8864af09f42255474b9c0f5560eee826f96ed,275,183,7693438301968550967,956618664130453256
potato_fresh_0284,images/potato_fresh/potato_fresh_0284.jpg,potato_fresh,2,potato,fresh,none,val,g00372,Fruits_Vegetables_Dataset(12000)/Vegetables/FreshPotato/freshPotato (38).jpg,https://www.kaggle.com/datasets/muhriddinmuxiddinov/fruits-and-vegetables-dataset,2,publisher_fresh_rotten_folder,not_annotated,a73464c6156c3319ef05e17aac44dcd6dc8fba6673aaf5be66fb9a3c5729b603,78e3232bcfd38cf2db01e3a10e0874ce498ce2ce12eb1cefaaa50e155daeeacd,276,183,1482139941505256373,11841882721354212413
potato_fresh_0286,images/potato_fresh/potato_fresh_0286.jpg,potato_fresh,2,potato,fresh,none,val,g00394,Fruits_Vegetables_Dataset(12000)/Vegetables/FreshPotato/freshPotato (43).jpg,https://www.kaggle.com/datasets/muhriddinmuxiddinov/fruits-and-vegetables-dataset,2,publisher_fresh_rotten_folder,not_annotated,0ab7330febabd143d2e2a10d783f6fa5e413d921b7745024ebcdd5d7c1b66a69,7def6b7207b5bd84bf4a2782d5ff91c4bd9eb7c2aa10d2f6279e153cf41bc1db,275,183,7823798035437164900,14765283182873027983
potato_fresh_0288,images/potato_fresh/potato_fresh_0288.jpg,potato_fresh,2,potato,fresh,none,val,g00455,Fruits_Vegetables_Dataset(12000)/Vegetables/FreshPotato/freshPotato (563).jpg,https://www.kaggle.com/datasets/muhriddinmuxiddinov/fruits-and-vegetables-dataset,2,publisher_fresh_rotten_folder,not_annotated,3774dc6a99d1b1e4018dba377d63b527c540e4f432774894237feabd054de368,114a26fd7839b5bb709b1447cdcc7adcf234646cf9eb15453657be3057233755,259,194,7909607491227782497,578157466705137408
potato_fresh_0285,images/potato_fresh/potato_fresh_0285.png,potato_fresh,2,potato,fresh,none,val,g00381,Fruits_Vegetables_Dataset(12000)/Vegetables/FreshPotato/freshPotato (4).png,https://www.kaggle.com/datasets/muhriddinmuxiddinov/fruits-and-vegetables-dataset,2,publisher_fresh_rotten_folder,not_annotated,616578cb4e568bcd4806f9916187c3fed05e8ff1561eac78d5d0d14e68d7b70b,a1e12e6942cb736f0507a227d7cffc93ef752c5654ed6850f7647443913fcea3,900,637,4238051144238073198,3715649246427395
potato_fresh_0293,images/potato_fresh/potato_fresh_0293.jpg,potato_fresh,2,potato,fresh,none,val,g00464,Fruits_Vegetables_Dataset(12000)/Vegetables/FreshPotato/freshPotato (594).jpg,https://www.kaggle.com/datasets/muhriddinmuxiddinov/fruits-and-vegetables-dataset,2,publisher_fresh_rotten_folder,not_annotated,e69d0d0683a20e17a3e7e3aa7862d144bc4fa8be13f07dbc4ac2d5ce43d7fbd0,c30634fccaa628554ef7954b780e399993103b94493f6f29db3f5d4df9a30e33,1359,1096,3157275173124544301,10320414135501273870
potato_fresh_0298,images/potato_fresh/potato_fresh_0298.jpg,potato_fresh,2,potato,fresh,none,val,g00474,Fruits_Vegetables_Dataset(12000)/Vegetables/FreshPotato/freshPotato (70).jpg,https://www.kaggle.com/datasets/muhriddinmuxiddinov/fruits-and-vegetables-dataset,2,publisher_fresh_rotten_folder,not_annotated,75f41dbd9e2b897981cfe2668a98619b2b85d4144f148735d9897ac16668f799,723845c2aa736278efea2dd33de07c7185b81efe4ec340e755ac43358953bd7a,275,183,5691255112064905249,2407125148279792742
potato_fresh_0299,images/potato_fresh/potato_fresh_0299.jpg,potato_fresh,2,potato,fresh,none,val,g00475,Fruits_Vegetables_Dataset(12000)/Vegetables/FreshPotato/freshPotato (72).jpg,https://www.kaggle.com/datasets/muhriddinmuxiddinov/fruits-and-vegetables-dataset,2,publisher_fresh_rotten_folder,not_annotated,fdc5bf0a45ac5baf4724fa4766cd895b0afbfa7629e225b11957c9631635bb53,30d13a6e898cccac8b4fd4c53c0b0be3f447ddae644a6cdb8ebc64f49bde1d0c,183,276,8854504709829580897,76054531157338892
potato_fresh_0282,images/potato_fresh/potato_fresh_0282.jpg,potato_fresh,2,potato,fresh,none,val,g00295,Fruits_Vegetables_Dataset(12000)/Vegetables/FreshPotato/freshPotato (208).jpg,https://www.kaggle.com/datasets/muhriddinmuxiddinov/fruits-and-vegetables-dataset,2,publisher_fresh_rotten_folder,not_annotated,4ed7133bec1bd363c20f859c20a118d2ca08bfaf9bdd51600298f672c8fca0c2,22ecdddf23b683a3cab49818f93c2b6d3c6477d55bedf7e40be241acfbead313,225,225,6455609297069705025,11051959588362593153
potato_fresh_0296,images/potato_fresh/potato_fresh_0296.jpg,potato_fresh,2,potato,fresh,none,val,g00471,Fruits_Vegetables_Dataset(12000)/Vegetables/FreshPotato/freshPotato (63).jpg,https://www.kaggle.com/datasets/muhriddinmuxiddinov/fruits-and-vegetables-dataset,2,publisher_fresh_rotten_folder,not_annotated,a2c3685ce80c736fb82e1c6358d227d692b989e7bcbef1b697f3c7fe23ad50e2,a355fcbda6329d36d56c930e824cb50632158f95776a3e609c71740d0371d5fa,251,201,4597138042046910386,2242580439272197647
potato_fresh_0287,images/potato_fresh/potato_fresh_0287.jpg,potato_fresh,2,potato,fresh,none,val,g00449,Fruits_Vegetables_Dataset(12000)/Vegetables/FreshPotato/freshPotato (55).jpg,https://www.kaggle.com/datasets/muhriddinmuxiddinov/fruits-and-vegetables-dataset,2,publisher_fresh_rotten_folder,not_annotated,586b9e9a01938d80dcf5cbf0bd07510673a170d3c385e2ca3ed2f7aec19ca897,7db18e6a792b056a266233d2eb4440c37bb5978a2002987e85086d8b4476e544,268,188,7535351260928337447,13081135248850756359
potato_fresh_0291,images/potato_fresh/potato_fresh_0291.jpg,potato_fresh,2,potato,fresh,none,val,g00462,Fruits_Vegetables_Dataset(12000)/Vegetables/FreshPotato/freshPotato (589).jpg,https://www.kaggle.com/datasets/muhriddinmuxiddinov/fruits-and-vegetables-dataset,2,publisher_fresh_rotten_folder,not_annotated,2a9d18e65d6a1f28fb23f827904c3aade6f4741fcd5486494389e69504999efe,be537f8d1c1e0fca591be562eb84482fe74b34eb4e1d5dc7aea4191c87e4d647,350,233,502209103060978140,11911066560536142892
potato_fresh_0295,images/potato_fresh/potato_fresh_0295.jpg,potato_fresh,2,potato,fresh,none,val,g00467,Fruits_Vegetables_Dataset(12000)/Vegetables/FreshPotato/freshPotato (60).jpg,https://www.kaggle.com/datasets/muhriddinmuxiddinov/fruits-and-vegetables-dataset,2,publisher_fresh_rotten_folder,not_annotated,80ada86361ec9d731cf823856720ed84060f64d10de591f9ad38b2b199d616e0,ccf9b83ecbc2e660ede27efef947d663d782983c5b1f6a60154b87f35b8c49ce,262,192,7908622994872219843,2325971988285102115
potato_fresh_0294,images/potato_fresh/potato_fresh_0294.jpg,potato_fresh,2,potato,fresh,none,val,g00466,Fruits_Vegetables_Dataset(12000)/Vegetables/FreshPotato/freshPotato (599).jpg,https://www.kaggle.com/datasets/muhriddinmuxiddinov/fruits-and-vegetables-dataset,2,publisher_fresh_rotten_folder,not_annotated,192f452716f20c9bea51774696263f196fec322b43ffe32dfdd9512094339b78,c5a6fe5202c72608e49b0471a445e88a227d83bafbf48b3128ecffd7de6d5127,1098,960,1065085083401097008,4307672038861160334
potato_fresh_0281,images/potato_fresh/potato_fresh_0281.jpg,potato_fresh,2,potato,fresh,none,val,g00274,Fruits_Vegetables_Dataset(12000)/Vegetables/FreshPotato/freshPotato (16).jpg,https://www.kaggle.com/datasets/muhriddinmuxiddinov/fruits-and-vegetables-dataset,2,publisher_fresh_rotten_folder,not_annotated,d50934f5c40779ba3db8409ee77c29ded701052e4276c3558752534928b0d394,50449c35e5af0a457d679c927e75ee04af3b6e7855f2689eae7a356a1404f11c,254,199,7958583166854510667,1300703870565975051
potato_fresh_0283,images/potato_fresh/potato_fresh_0283.jpg,potato_fresh,2,potato,fresh,none,val,g00336,Fruits_Vegetables_Dataset(12000)/Vegetables/FreshPotato/freshPotato (3).jpg,https://www.kaggle.com/datasets/muhriddinmuxiddinov/fruits-and-vegetables-dataset,2,publisher_fresh_rotten_folder,not_annotated,4a217d51d84cc0cecc104f2e05ab54af334af19c3688550c22f2b6ca2413b215,ba897daf3c72fbaa8cbf4e1448449e56dccd694b351b10994a3b6df60916f6f0,1000,635,4589328865832940826,2025528324149967677
potato_fresh_0280,images/potato_fresh/potato_fresh_0280.jpg,potato_fresh,2,potato,fresh,none,val,g00265,Fruits_Vegetables_Dataset(12000)/Vegetables/FreshPotato/freshPotato (139).jpg,https://www.kaggle.com/datasets/muhriddinmuxiddinov/fruits-and-vegetables-dataset,2,publisher_fresh_rotten_folder,not_annotated,c7799a30aca235d2ac425d112730c6732fcb91efecbae67517db7818c7bd9291,c6a335961d3d8784a65d049866b51516c0da863a46db835b452bc9cd3ce390b4,279,181,7774831775619075728,1012762494413901708
potato_rotten_0310,images/potato_rotten/potato_rotten_0310.jpg,potato_rotten,3,potato,rotten,not_subtyped,train,g00847,Fruits_Vegetables_Dataset(12000)/Vegetables/RottenPotato/rottenPotato (163).jpg,https://www.kaggle.com/datasets/muhriddinmuxiddinov/fruits-and-vegetables-dataset,2,publisher_fresh_rotten_folder,not_annotated,f4e517aabf7df6a992f5cc42477a677adfb6a5bd27d6b41c6c87508716230026,2ed0da6900f2caf8a830f014ceed357951fadac266892d056e44ce7649ae4ca5,217,232,7244351920172070553,288237003656265779
potato_rotten_0305,images/potato_rotten/potato_rotten_0305.jpg,potato_rotten,3,potato,rotten,not_subtyped,train,g00847,Fruits_Vegetables_Dataset(12000)/Vegetables/RottenPotato/rottenPotato (119).jpg,https://www.kaggle.com/datasets/muhriddinmuxiddinov/fruits-and-vegetables-dataset,2,publisher_fresh_rotten_folder,not_annotated,58b267a427626ba32fd61ba996d3b78cc685067bab2766a0d21c011d58c9e616,11f86c9a2e867e24076788bc571d3a96147bb7ab767de4e4b4c331cca727b429,300,320,7245899491378081947,288236999369689106
potato_rotten_0326,images/potato_rotten/potato_rotten_0326.jpg,potato_rotten,3,potato,rotten,not_subtyped,train,g00910,Fruits_Vegetables_Dataset(12000)/Vegetables/RottenPotato/rottenPotato (283).jpg,https://www.kaggle.com/datasets/muhriddinmuxiddinov/fruits-and-vegetables-dataset,2,publisher_fresh_rotten_folder,not_annotated,9a466aa0eb282979dc2f40c6f552724f79a0e7062fd0e058548298af7a311299,f12c3e05151540c033578e5336cdef934fdb7e720b500d20251819b38030604c,274,184,1182557184391461484,17931254181281970376
potato_rotten_0365,images/potato_rotten/potato_rotten_0365.jpg,potato_rotten,3,potato,rotten,not_subtyped,train,g01009,Fruits_Vegetables_Dataset(12000)/Vegetables/RottenPotato/rottenPotato (517).jpg,https://www.kaggle.com/datasets/muhriddinmuxiddinov/fruits-and-vegetables-dataset,2,publisher_fresh_rotten_folder,not_annotated,604a1652fb0ff3f436a2285c253bf2bf585ad67f8ea629634bbf7ac335b1906d,293eec7bbe0433fa8e2037caedfcfe12d10002aca11ceeb8bd6407f24f4e402a,389,280,4129682731192495662,1167315533637226518
potato_rotten_0355,images/potato_rotten/potato_rotten_0355.jpg,potato_rotten,3,potato,rotten,not_subtyped,train,g00974,Fruits_Vegetables_Dataset(12000)/Vegetables/RottenPotato/rottenPotato (435).jpg,https://www.kaggle.com/datasets/muhriddinmuxiddinov/fruits-and-vegetables-dataset,2,publisher_fresh_rotten_folder,not_annotated,0ce87a457e637de36bb112493e080165a768356b5c50d2b3988dc85e879c4732,6652a4b6b369e89992947fb8a9818f13c5d7be5f6d7e1e452c6e2da64596cf36,262,193,4191966230684034089,6481285959098587355
potato_rotten_0328,images/potato_rotten/potato_rotten_0328.jpg,potato_rotten,3,potato,rotten,not_subtyped,train,g00915,Fruits_Vegetables_Dataset(12000)/Vegetables/RottenPotato/rottenPotato (295).jpg,https://www.kaggle.com/datasets/muhriddinmuxiddinov/fruits-and-vegetables-dataset,2,publisher_fresh_rotten_folder,not_annotated,42ce00266fa8ce344315da6cc501f17a1fcf3c2dceadd2039a33d1d548e8c87e,440d4751ca2336e3d42a5109304c69c03136ee0d1bf4dcccb514cbe1adcc13c8,276,183,9120539467665696869,3272201683329098771
potato_rotten_0321,images/potato_rotten/potato_rotten_0321.jpg,potato_rotten,3,potato,rotten,not_subtyped,train,g00889,Fruits_Vegetables_Dataset(12000)/Vegetables/RottenPotato/rottenPotato (224).jpg,https://www.kaggle.com/datasets/muhriddinmuxiddinov/fruits-and-vegetables-dataset,2,publisher_fresh_rotten_folder,not_annotated,1d0452898c9c720d4ee7025d8910cca03f89452542180e9ef0d3c00ab8cfe165,10df50ff9525bf90a0a2575d5002de13de217b1dd66d0f0bef5b3c65dacae3d9,259,194,4340005221553762098,7949735860512264
potato_rotten_0301,images/potato_rotten/potato_rotten_0301.jpg,potato_rotten,3,potato,rotten,not_subtyped,train,g00840,Fruits_Vegetables_Dataset(12000)/Vegetables/RottenPotato/rottenPotato (105).jpg,https://www.kaggle.com/datasets/muhriddinmuxiddinov/fruits-and-vegetables-dataset,2,publisher_fresh_rotten_folder,not_annotated,2a2118999daef805e6e21808420cb40572b8580a4a9685c6fb33d03053dc0fc0,f2805e9a6fe6e84137d333132a7a1b542b67c778421c3912c3bd7eb2ce518ede,600,400,2777765715349222297,864704934997462272
potato_rotten_0338,images/potato_rotten/potato_rotten_0338.jpg,potato_rotten,3,potato,rotten,not_subtyped,train,g00955,Fruits_Vegetables_Dataset(12000)/Vegetables/RottenPotato/rottenPotato (351).jpg,https://www.kaggle.com/datasets/muhriddinmuxiddinov/fruits-and-vegetables-dataset,2,publisher_fresh_rotten_folder,not_annotated,e34731fc510bec36c08398d9501bde667cd3ad97c21072840613bfa62cfc183e,5228a0a18e8349aec57cb3db2a58ba5f6abce040d6e3ae75125411c90f38092f,276,182,4351484327414599212,6367596360549416241
potato_rotten_0362,images/potato_rotten/potato_rotten_0362.jpg,potato_rotten,3,potato,rotten,not_subtyped,train,g00998,Fruits_Vegetables_Dataset(12000)/Vegetables/RottenPotato/rottenPotato (487).jpg,https://www.kaggle.com/datasets/muhriddinmuxiddinov/fruits-and-vegetables-dataset,2,publisher_fresh_rotten_folder,not_annotated,d0455cd25f9a413378917687061210111249122417031b1cd0dbd986ba67a1bc,de3ee400a90e67189c7596093b197f4aec335c371d9c9f667f7cf68853b4058d,347,280,3823239616978332499,12008104528284327564
potato_rotten_0350,images/potato_rotten/potato_rotten_0350.jpg,potato_rotten,3,potato,rotten,not_subtyped,train,g00963,Fruits_Vegetables_Dataset(12000)/Vegetables/RottenPotato/rottenPotato (41).jpg,https://www.kaggle.com/datasets/muhriddinmuxiddinov/fruits-and-vegetables-dataset,2,publisher_fresh_rotten_folder,not_annotated,16bc75deed948abd1693732b3c899cfc8cd09068823d52ef7449df25bc83058e,e1c832201a287f964fe965080fe38c97ee12e6910b27b2f26f5d5fc27659e3f9,163,310,6212269048122980827,148966664632885442
potato_rotten_0332,images/potato_rotten/potato_rotten_0332.jpg,potato_rotten,3,potato,rotten,not_subtyped,train,g00924,Fruits_Vegetables_Dataset(12000)/Vegetables/RottenPotato/rottenPotato (316).jpg,https://www.kaggle.com/datasets/muhriddinmuxiddinov/fruits-and-vegetables-dataset,2,publisher_fresh_rotten_folder,not_annotated,388d76248137dbae14b6051cdf37897d558f8bab8cd833de623a26faad107f25,957d4a170801c87ed380025a838c1215177bd694af9220567b0ce0102d7bd2e8,280,180,2180984328070860361,5490277091217357063
potato_rotten_0300,images/potato_rotten/potato_rotten_0300.jpg,potato_rotten,3,potato,rotten,not_subtyped,train,g00836,Fruits_Vegetables_Dataset(12000)/Vegetables/RottenPotato/rottenPotato (1).jpg,https://www.kaggle.com/datasets/muhriddinmuxiddinov/fruits-and-vegetables-dataset,2,publisher_fresh_rotten_folder,not_annotated,dd2ac6791543a1319e535def9292f4649a577a9643f2d9fe3633234d5f857de4,52bf1d3db1e3d3baf28be4d0d8518d2db65fca48672b782a989d79210929ac49,262,192,8037087855789344201,4112177230213031191
potato_rotten_0320,images/potato_rotten/potato_rotten_0320.jpg,potato_rotten,3,potato,rotten,not_subtyped,train,g00851,Fruits_Vegetables_Dataset(12000)/Vegetables/RottenPotato/rottenPotato (217).jpg,https://www.kaggle.com/datasets/muhriddinmuxiddinov/fruits-and-vegetables-dataset,2,publisher_fresh_rotten_folder,not_annotated,d84d5e6ec8e40b3a988e4c4d997ab6cfc95c2cd6f8bad45208af8cb16d082891,b29bced4f1c7b7cff1223f58c4ab826de3b391045f99f303ddf9aead474efa3d,259,194,3568712145968989543,17337959781441379095
potato_rotten_0327,images/potato_rotten/potato_rotten_0327.jpg,potato_rotten,3,potato,rotten,not_subtyped,train,g00911,Fruits_Vegetables_Dataset(12000)/Vegetables/RottenPotato/rottenPotato (285).jpg,https://www.kaggle.com/datasets/muhriddinmuxiddinov/fruits-and-vegetables-dataset,2,publisher_fresh_rotten_folder,not_annotated,562d0ada5e27a8a91d72aa2a57193fe59cc165ed577f92a74a583bd7cb41c460,6557bac49d74244433f6329902cfb5b4172bbccb6cc294106593651e952c5eb3,236,213,7953798015996960312,5080925846238334876
potato_rotten_0357,images/potato_rotten/potato_rotten_0357.jpg,potato_rotten,3,potato,rotten,not_subtyped,train,g00955,Fruits_Vegetables_Dataset(12000)/Vegetables/RottenPotato/rottenPotato (46).jpg,https://www.kaggle.com/datasets/muhriddinmuxiddinov/fruits-and-vegetables-dataset,2,publisher_fresh_rotten_folder,not_annotated,7e9c5edf7404ab54c8d0de451c65c935212e20ca8a19a881d4b8068f9bc42b90,e3ef69bf8e47ba4d4663ef4fc36018dfad06a7a4bc1cadba562cca4a5e3e0470,1300,824,8998392448297984051,2751161784480241446
potato_rotten_0337,images/potato_rotten/potato_rotten_0337.jpg,potato_rotten,3,potato,rotten,not_subtyped,train,g00937,Fruits_Vegetables_Dataset(12000)/Vegetables/RottenPotato/rottenPotato (346).jpg,https://www.kaggle.com/datasets/muhriddinmuxiddinov/fruits-and-vegetables-dataset,2,publisher_fresh_rotten_folder,not_annotated,b0d52fd4fbb7f9282dcbff3175336559a6abfd5ddc861b62de91ef356a8d7a70,233d13160feb87eccabfa9559e5a7226c2853e93f194db78c5506418df20e06f,275,183,7474177428980929112,289083112099882759
potato_rotten_0373,images/potato_rotten/potato_rotten_0373.jpg,potato_rotten,3,potato,rotten,not_subtyped,train,g01037,Fruits_Vegetables_Dataset(12000)/Vegetables/RottenPotato/rottenPotato (578).jpg,https://www.kaggle.com/datasets/muhriddinmuxiddinov/fruits-and-vegetables-dataset,2,publisher_fresh_rotten_folder,not_annotated,09f7a19e6ef5da186001debcf5c6594f72077820027ea8ca96cf18689b11276f,42fd67ae338a7e261b2f5c808da2c73a3591c03a6aafda246a353eb7190a3b3c,300,470,5914031525571037050,17922472317775787035
potato_rotten_0330,images/potato_rotten/potato_rotten_0330.jpg,potato_rotten,3,potato,rotten,not_subtyped,train,g01015,Fruits_Vegetables_Dataset(12000)/Vegetables/RottenPotato/rottenPotato (304).jpg,https://www.kaggle.com/datasets/muhriddinmuxiddinov/fruits-and-vegetables-dataset,2,publisher_fresh_rotten_folder,not_annotated,1d1d99e3f8bfce546a07c0bd7cfeeb81d5f3483bea54777005648e0c6be9b766,1162c3157aab2780e7fb1d9c9e1ae274fd8ced8befee74b2e9fd1449115a5f6f,195,259,7900089542900428891,17638105133454090778
potato_rotten_0325,images/potato_rotten/potato_rotten_0325.jpg,potato_rotten,3,potato,rotten,not_subtyped,train,g00905,Fruits_Vegetables_Dataset(12000)/Vegetables/RottenPotato/rottenPotato (27).jpg,https://www.kaggle.com/datasets/muhriddinmuxiddinov/fruits-and-vegetables-dataset,2,publisher_fresh_rotten_folder,not_annotated,1d70ee3c6218660e46eb6f0e7dbcc1734bcc36762c054cc3333efc41e67e4ac4,05c432911bdbc51671142c08dbb4cd1296268415bea0a6cd17a99e0f1325ed4f,275,183,1518939727732239186,18229655117877378168
potato_rotten_0372,images/potato_rotten/potato_rotten_0372.jpg,potato_rotten,3,potato,rotten,not_subtyped,train,g01036,Fruits_Vegetables_Dataset(12000)/Vegetables/RottenPotato/rottenPotato (576).jpg,https://www.kaggle.com/datasets/muhriddinmuxiddinov/fruits-and-vegetables-dataset,2,publisher_fresh_rotten_folder,not_annotated,4fa5dd204e2bb38ff6ab6ab8ab0d0691134c098a91b9d23d111634f5d997f4ff,263f0e1d688ca340151c7a606b2688186c37d8e331377a57b82e8c2dab4b9784,275,183,3785604380090321907,1987974973749498894
potato_rotten_0344,images/potato_rotten/potato_rotten_0344.jpg,potato_rotten,3,potato,rotten,not_subtyped,train,g00950,Fruits_Vegetables_Dataset(12000)/Vegetables/RottenPotato/rottenPotato (379).jpg,https://www.kaggle.com/datasets/muhriddinmuxiddinov/fruits-and-vegetables-dataset,2,publisher_fresh_rotten_folder,not_annotated,543f0c896ba368e4d5b958e4bc0cf1bf2a289883dee42fd70dd7c8adf7ed20d7,2e48b3146a6149873f8686f61d87dd0a529b3e7da24643bf58a1660bfd2bc238,275,183,3646171212246365081,864846767551499520
potato_rotten_0356,images/potato_rotten/potato_rotten_0356.jpg,potato_rotten,3,potato,rotten,not_subtyped,train,g00975,Fruits_Vegetables_Dataset(12000)/Vegetables/RottenPotato/rottenPotato (438).jpg,https://www.kaggle.com/datasets/muhriddinmuxiddinov/fruits-and-vegetables-dataset,2,publisher_fresh_rotten_folder,not_annotated,f262c56277f61962cf1cc2329c2a5f3be80088e55a810cdf209716c742fb265c,8854c573e4e10500a7dcc7729259c5ed9223605a69035f2d7fa6a07caa810ea8,275,183,777495918409055765,2993038207513506484
potato_rotten_0379,images/potato_rotten/potato_rotten_0379.jpg,potato_rotten,3,potato,rotten,not_subtyped,train,g01056,Fruits_Vegetables_Dataset(12000)/Vegetables/RottenPotato/rottenPotato (95).jpg,https://www.kaggle.com/datasets/muhriddinmuxiddinov/fruits-and-vegetables-dataset,2,publisher_fresh_rotten_folder,not_annotated,34393133f27acca90479e370da7113002a30779187fa3e9a6d9367a4d5c8e281,ec3ffd3745e101c6c60406737beecdb177186373aaacd22aab8c2f8610a747db,600,400,8755278342490175494,8337066104628382491
potato_rotten_0322,images/potato_rotten/potato_rotten_0322.jpg,potato_rotten,3,potato,rotten,not_subtyped,train,g00896,Fruits_Vegetables_Dataset(12000)/Vegetables/RottenPotato/rottenPotato (243).jpg,https://www.kaggle.com/datasets/muhriddinmuxiddinov/fruits-and-vegetables-dataset,2,publisher_fresh_rotten_folder,not_annotated,c0c3027907032afe241156c96017b9ecba0f686b92c318ae4f74a39bc76cba41,567fc00b1ea33ace94032d6266c592b0f5fa7aabe8dc5b968bf7d44c6911bfe8,259,194,3463223488825046937,17211595212647666708
potato_rotten_0366,images/potato_rotten/potato_rotten_0366.jpg,potato_rotten,3,potato,rotten,not_subtyped,train,g00880,Fruits_Vegetables_Dataset(12000)/Vegetables/RottenPotato/rottenPotato (522).jpg,https://www.kaggle.com/datasets/muhriddinmuxiddinov/fruits-and-vegetables-dataset,2,publisher_fresh_rotten_folder,not_annotated,217644d5647d1e8e3fdc372fc90d7e642003e41ec998a9a43f1e182187eb6c85,eea33232c3162b6c96bd7fbdc7439ac8a81ba5b1b330ce6fa8db61f523f55a55,260,280,4562955988652301380,14419469786171510310
potato_rotten_0364,images/potato_rotten/potato_rotten_0364.jpg,potato_rotten,3,potato,rotten,not_subtyped,train,g00962,Fruits_Vegetables_Dataset(12000)/Vegetables/RottenPotato/rottenPotato (508).jpg,https://www.kaggle.com/datasets/muhriddinmuxiddinov/fruits-and-vegetables-dataset,2,publisher_fresh_rotten_folder,not_annotated,8e588403fe0a2069d13fe647a138ab0ca55d6c71d0f62492738cf8c30e01e1ff,387074cf7b57834f0960dab5feef857c78e2426eb8c506c44ad25f66a3df50d9,450,320,8218988027217094727,17242391206967123213
potato_rotten_0302,images/potato_rotten/potato_rotten_0302.jpg,potato_rotten,3,potato,rotten,not_subtyped,train,g00843,Fruits_Vegetables_Dataset(12000)/Vegetables/RottenPotato/rottenPotato (11).jpg,https://www.kaggle.com/datasets/muhriddinmuxiddinov/fruits-and-vegetables-dataset,2,publisher_fresh_rotten_folder,not_annotated,d5ca06830ed008775a6833b1726df54b54c7e167f72e311c0a497c8263657e0c,f3bfe0912325ea4b9f99728a0faec88a0071366cf182a7619dba364c71a3b3dc,267,189,6055593471388918716,4733314330304586285
potato_rotten_0323,images/potato_rotten/potato_rotten_0323.jpg,potato_rotten,3,potato,rotten,not_subtyped,train,g00861,Fruits_Vegetables_Dataset(12000)/Vegetables/RottenPotato/rottenPotato (248).jpg,https://www.kaggle.com/datasets/muhriddinmuxiddinov/fruits-and-vegetables-dataset,2,publisher_fresh_rotten_folder,not_annotated,e8e0397c294ad5498f543a77331722c44f6f70760ebcf6aa26596452926c9f7b,5a8c02371059e67121f45ca2e1adbb0954198d737f681451e162a3000e04b6d8,225,225,8866572428600906110,16661974026353678361
potato_rotten_0315,images/potato_rotten/potato_rotten_0315.jpg,potato_rotten,3,potato,rotten,not_subtyped,train,g00859,Fruits_Vegetables_Dataset(12000)/Vegetables/RottenPotato/rottenPotato (198).jpg,https://www.kaggle.com/datasets/muhriddinmuxiddinov/fruits-and-vegetables-dataset,2,publisher_fresh_rotten_folder,not_annotated,cc8ac850eb7e99738c1e01c2417da7c9a415bb5c80d7c61cee95e70d910c1fcc,ebf66548e17fb121855753d30d071ef4762d80d40ff6db3ffea1762350deda5d,259,194,7357725810758652753,2765572088930379432
potato_rotten_0369,images/potato_rotten/potato_rotten_0369.jpg,potato_rotten,3,potato,rotten,not_subtyped,train,g01023,Fruits_Vegetables_Dataset(12000)/Vegetables/RottenPotato/rottenPotato (548).jpg,https://www.kaggle.com/datasets/muhriddinmuxiddinov/fruits-and-vegetables-dataset,2,publisher_fresh_rotten_folder,not_annotated,2ec6a085b18871aaa1b0b786854c9a5534eb11e3314fd604632a8769bf45b388,0fbcb74ed72c0be381cb2957fe00e48f9582bfd02c8d7edb961144f290480f4d,393,280,675316090079339410,16156761467848995252
potato_rotten_0346,images/potato_rotten/potato_rotten_0346.jpg,potato_rotten,3,potato,rotten,not_subtyped,train,g00954,Fruits_Vegetables_Dataset(12000)/Vegetables/RottenPotato/rottenPotato (388).jpg,https://www.kaggle.com/datasets/muhriddinmuxiddinov/fruits-and-vegetables-dataset,2,publisher_fresh_rotten_folder,not_annotated,d26ca5224bd0f9265bcb507064348dc107520733ce735f7074aae993e1cd037e,3ac165ed99eeca26208ca75b9545f5c241c2b88b7416a4288a6fc309abd30970,250,200,4903447119344171059,17700453652301663707
potato_rotten_0317,images/potato_rotten/potato_rotten_0317.jpg,potato_rotten,3,potato,rotten,not_subtyped,train,g00881,Fruits_Vegetables_Dataset(12000)/Vegetables/RottenPotato/rottenPotato (201).jpg,https://www.kaggle.com/datasets/muhriddinmuxiddinov/fruits-and-vegetables-dataset,2,publisher_fresh_rotten_folder,not_annotated,bb23553b47293c4ee086e26a34ec2221b5660daf40401ae1ba35dda7d9e25eec,8a0a5cc798daa2bd5fdc2b9e88cf17ac515c10519ed53805dd65c28d1c813665,100,100,60830611754868058,8709891000278974398
potato_rotten_0348,images/potato_rotten/potato_rotten_0348.jpg,potato_rotten,3,potato,rotten,not_subtyped,train,g00956,Fruits_Vegetables_Dataset(12000)/Vegetables/RottenPotato/rottenPotato (391).jpg,https://www.kaggle.com/datasets/muhriddinmuxiddinov/fruits-and-vegetables-dataset,2,publisher_fresh_rotten_folder,not_annotated,749fc87623239098661dcfe1fa92be846549453a5678ca48aa451388a572bd6e,27312499fffed900584805db5b4fd3064cd839f4602537b302596e8ffb0742c9,259,194,5997156226025542599,2481722850262180066
potato_rotten_0340,images/potato_rotten/potato_rotten_0340.jpg,potato_rotten,3,potato,rotten,not_subtyped,train,g00940,Fruits_Vegetables_Dataset(12000)/Vegetables/RottenPotato/rottenPotato (355).jpg,https://www.kaggle.com/datasets/muhriddinmuxiddinov/fruits-and-vegetables-dataset,2,publisher_fresh_rotten_folder,not_annotated,caec4990084631e35d653aa10cc34ff6d4599949058a7a5345e915f2f70ab00c,3362cc77a88433e0f4d9bfe603591f95ab40c152b922daa7b3830b3cdde1f4d7,269,187,3790561292778772529,15027454493091890703
potato_rotten_0318,images/potato_rotten/potato_rotten_0318.jpg,potato_rotten,3,potato,rotten,not_subtyped,train,g00882,Fruits_Vegetables_Dataset(12000)/Vegetables/RottenPotato/rottenPotato (203).jpg,https://www.kaggle.com/datasets/muhriddinmuxiddinov/fruits-and-vegetables-dataset,2,publisher_fresh_rotten_folder,not_annotated,4bbc1cfeb15075f46b7ce3d7a600b3a978568504d96bdb74146486ef6ce0d61a,5730afe68018dcaf54125efc7d65a75d2a375ec4696467675fdad723a6549278,300,168,4389436839620618900,3393211897610680022
potato_rotten_0363,images/potato_rotten/potato_rotten_0363.jpg,potato_rotten,3,potato,rotten,not_subtyped,train,g00887,Fruits_Vegetables_Dataset(12000)/Vegetables/RottenPotato/rottenPotato (501).jpg,https://www.kaggle.com/datasets/muhriddinmuxiddinov/fruits-and-vegetables-dataset,2,publisher_fresh_rotten_folder,not_annotated,6eee61449f9b9122179c040e0082ccc0092574c871146adf2d183635f9c2b875,8827ee26be696f95b81621ccb41f7a6e4fdb8a8cf81cf72d6c588164cbda943d,262,192,4724768065599852470,6832903572257218381
potato_rotten_0371,images/potato_rotten/potato_rotten_0371.jpg,potato_rotten,3,potato,rotten,not_subtyped,train,g01035,Fruits_Vegetables_Dataset(12000)/Vegetables/RottenPotato/rottenPotato (574).jpg,https://www.kaggle.com/datasets/muhriddinmuxiddinov/fruits-and-vegetables-dataset,2,publisher_fresh_rotten_folder,not_annotated,cbd7814b9f89348d113bf35734fd80688270bf3e9ab95973cf05fc2f589d42e8,636c9c363ab3b098d853f3bbb8201256d05f1f0d3d0c947600262b6e71cbdc37,275,183,3296904529083617932,16068839069179408190
potato_rotten_0343,images/potato_rotten/potato_rotten_0343.jpg,potato_rotten,3,potato,rotten,not_subtyped,train,g00949,Fruits_Vegetables_Dataset(12000)/Vegetables/RottenPotato/rottenPotato (374).jpg,https://www.kaggle.com/datasets/muhriddinmuxiddinov/fruits-and-vegetables-dataset,2,publisher_fresh_rotten_folder,not_annotated,5097152a8026bdc6db881a9361de209c2f3b74f0a4dc5e9e67d77c796d05e238,5e5d934a3c297c99211278d2be70e230563a5efcd18ae9e878e82152c2361241,194,259,3534995071954610490,14108999378300738590
potato_rotten_0359,images/potato_rotten/potato_rotten_0359.jpg,potato_rotten,3,potato,rotten,not_subtyped,train,g00992,Fruits_Vegetables_Dataset(12000)/Vegetables/RottenPotato/rottenPotato (475).jpg,https://www.kaggle.com/datasets/muhriddinmuxiddinov/fruits-and-vegetables-dataset,2,publisher_fresh_rotten_folder,not_annotated,4c21caf231944c43ed417b027b52d51ecca0fea8e1a5515e6756a7f25e6bb943,594f8adae1885aaa5412ac934f5240327c752df9bfe19f9a29752fe96a0450c4,294,171,7605338892370609970,7134556695128379151
potato_rotten_0368,images/potato_rotten/potato_rotten_0368.jpg,potato_rotten,3,potato,rotten,not_subtyped,train,g01018,Fruits_Vegetables_Dataset(12000)/Vegetables/RottenPotato/rottenPotato (536).jpg,https://www.kaggle.com/datasets/muhriddinmuxiddinov/fruits-and-vegetables-dataset,2,publisher_fresh_rotten_folder,not_annotated,ed98b674af427fecf90cc8723a9df88b30ece3b32bec1010b0d6561c917a3be4,c40afd6ed306704a6a6f4ff42cc8949e6eeb7c9cb420f530987086d983c2373d,800,533,7607307839735435671,364098478648001287
potato_rotten_0336,images/potato_rotten/potato_rotten_0336.jpg,potato_rotten,3,potato,rotten,not_subtyped,train,g00935,Fruits_Vegetables_Dataset(12000)/Vegetables/RottenPotato/rottenPotato (34).jpg,https://www.kaggle.com/datasets/muhriddinmuxiddinov/fruits-and-vegetables-dataset,2,publisher_fresh_rotten_folder,not_annotated,4505fcf298ccfddb1f06cc801a93c728dd4d0e018dcd4c35234fef450f26879d,2e1f344e2fcfa94b9dcd0326197a1543bb38b8470afdfea19073ca90ab2d7e3d,238,212,8039708939138450340,10608666592576210823
potato_rotten_0375,images/potato_rotten/potato_rotten_0375.jpg,potato_rotten,3,potato,rotten,not_subtyped,train,g01047,Fruits_Vegetables_Dataset(12000)/Vegetables/RottenPotato/rottenPotato (76).jpg,https://www.kaggle.com/datasets/muhriddinmuxiddinov/fruits-and-vegetables-dataset,2,publisher_fresh_rotten_folder,not_annotated,d1f7db472c7bae0577b9bb7c438f276ef407e35e2ee158b51b5b96108c58ba80,1570b1950e2d71a6da30fa17f5d7240abaa964ad546ed20f116711fb4fc6ed26,1300,956,542502032508744868,6004675900528321603
potato_rotten_0311,images/potato_rotten/potato_rotten_0311.jpg,potato_rotten,3,potato,rotten,not_subtyped,train,g00868,Fruits_Vegetables_Dataset(12000)/Vegetables/RottenPotato/rottenPotato (175).jpg,https://www.kaggle.com/datasets/muhriddinmuxiddinov/fruits-and-vegetables-dataset,2,publisher_fresh_rotten_folder,not_annotated,ce3b7fd935822ed2cced4f65b5667add63dc44160a02f4c9ef0a84a5bb7a9986,e44f085932bc6473cdded2c7b990d59f51acb65a6007eca34cbb9833e6c11d10,300,168,6006182500798196006,4058236574957268540
potato_rotten_0307,images/potato_rotten/potato_rotten_0307.jpg,potato_rotten,3,potato,rotten,not_subtyped,train,g00856,Fruits_Vegetables_Dataset(12000)/Vegetables/RottenPotato/rottenPotato (140).jpg,https://www.kaggle.com/datasets/muhriddinmuxiddinov/fruits-and-vegetables-dataset,2,publisher_fresh_rotten_folder,not_annotated,2b05063a6ba8299c53dd9122dcdd9d632ea8fd1e098e85ddb1c415646c699f36,7ca9b9d7df2aab85f137c04ac058a328532adb4db6d9f56235006871f38e7ba7,194,260,6252359933670509962,3787668076944341664
potato_rotten_0376,images/potato_rotten/potato_rotten_0376.jpg,potato_rotten,3,potato,rotten,not_subtyped,train,g01049,Fruits_Vegetables_Dataset(12000)/Vegetables/RottenPotato/rottenPotato (8).jpg,https://www.kaggle.com/datasets/muhriddinmuxiddinov/fruits-and-vegetables-dataset,2,publisher_fresh_rotten_folder,not_annotated,0d65e2c1633bf2520745dfd688b062c78acf61e89b64d9f07de1c3f9a814d8db,fc275e025bfed9950e457bae31f729d946dfe51e720d43e2b5ce4d1651ac7079,250,150,3447660218976574857,3554310061266254703
potato_rotten_0341,images/potato_rotten/potato_rotten_0341.jpg,potato_rotten,3,potato,rotten,not_subtyped,train,g00945,Fruits_Vegetables_Dataset(12000)/Vegetables/RottenPotato/rottenPotato (367).jpg,https://www.kaggle.com/datasets/muhriddinmuxiddinov/fruits-and-vegetables-dataset,2,publisher_fresh_rotten_folder,not_annotated,2d39d986c3e219ee741145aeda8c9b68f986acffd5dfddf87add2ded41198f1d,96b1f07a280b6095fdb453e8710b3a85c940ae51c68a4cb7709ee228faa0e884,226,223,7316971300424935313,288237003538825227
potato_rotten_0360,images/potato_rotten/potato_rotten_0360.jpg,potato_rotten,3,potato,rotten,not_subtyped,train,g00974,Fruits_Vegetables_Dataset(12000)/Vegetables/RottenPotato/rottenPotato (477).jpg,https://www.kaggle.com/datasets/muhriddinmuxiddinov/fruits-and-vegetables-dataset,2,publisher_fresh_rotten_folder,not_annotated,e32311e39adfc01fd6a2fea10783a36dbe0ce6ef7077dab17e1358c8fd2b60b3,748f1851063e346362b063ebb745b7dc69ae8e7f55d5d5bb8b3c7f30c5f12bfc,275,183,4218979167916927115,6471869705007058009
potato_rotten_0308,images/potato_rotten/potato_rotten_0308.jpg,potato_rotten,3,potato,rotten,not_subtyped,train,g00857,Fruits_Vegetables_Dataset(12000)/Vegetables/RottenPotato/rottenPotato (144).jpg,https://www.kaggle.com/datasets/muhriddinmuxiddinov/fruits-and-vegetables-dataset,2,publisher_fresh_rotten_folder,not_annotated,4a885663bff33fbf4a6e13363ee53d808ebb0f85a62c77acc78dca85f63adfe1,41b644a66b6f609fa0cfc46ea5622254bf8a573ec7e23665d2c9efb7972e7d14,183,275,5464737343567223266,7189086620649473802
potato_rotten_0334,images/potato_rotten/potato_rotten_0334.jpg,potato_rotten,3,potato,rotten,not_subtyped,train,g00932,Fruits_Vegetables_Dataset(12000)/Vegetables/RottenPotato/rottenPotato (332).jpg,https://www.kaggle.com/datasets/muhriddinmuxiddinov/fruits-and-vegetables-dataset,2,publisher_fresh_rotten_folder,not_annotated,7cc7767a5c06a42e9c34b824d3e21daa743a87ad62f6c8857eb8c8abfc0f90f5,35125299ede44a928901bc178214bd8bb7b6ff37ce9c6985b550d4f6b170bbd7,263,192,8835659911390505366,9239228399209880358
potato_rotten_0353,images/potato_rotten/potato_rotten_0353.jpg,potato_rotten,3,potato,rotten,not_subtyped,train,g00969,Fruits_Vegetables_Dataset(12000)/Vegetables/RottenPotato/rottenPotato (424).jpg,https://www.kaggle.com/datasets/muhriddinmuxiddinov/fruits-and-vegetables-dataset,2,publisher_fresh_rotten_folder,not_annotated,79260405ee557ac31c035da9d0ffa73396bc7fca251c999e216cf8f35d413c79,e6717f0a2b69e09931b7c6d4a6897423c1a603a892790456fc792712bb13f31b,225,225,4531958848041931113,18214262430964072251
potato_rotten_0335,images/potato_rotten/potato_rotten_0335.jpg,potato_rotten,3,potato,rotten,not_subtyped,train,g00955,Fruits_Vegetables_Dataset(12000)/Vegetables/RottenPotato/rottenPotato (339).jpg,https://www.kaggle.com/datasets/muhriddinmuxiddinov/fruits-and-vegetables-dataset,2,publisher_fresh_rotten_folder,not_annotated,a11063e27196b3395c957e69345b2423bbf4535ce47834bfd5939773aac39580,5bf72f715c01b46d7d2f421aa5f890fd5e80cd3c531e19f49d8bd418e8621c77,265,190,4551047612329881735,13654710828814593379
potato_rotten_0351,images/potato_rotten/potato_rotten_0351.jpg,potato_rotten,3,potato,rotten,not_subtyped,train,g00965,Fruits_Vegetables_Dataset(12000)/Vegetables/RottenPotato/rottenPotato (414).jpg,https://www.kaggle.com/datasets/muhriddinmuxiddinov/fruits-and-vegetables-dataset,2,publisher_fresh_rotten_folder,not_annotated,b8a52818bf3dc54163b7ddf710c0ba13e14595ac066cb44d6e4e2ae5bd921184,969a865c01f293a6d559674f58c12dcf890a52da1892b843e03bc887af76d947,266,190,2885948069609010779,11937716149546289621
potato_rotten_0361,images/potato_rotten/potato_rotten_0361.jpg,potato_rotten,3,potato,rotten,not_subtyped,train,g00996,Fruits_Vegetables_Dataset(12000)/Vegetables/RottenPotato/rottenPotato (482).jpg,https://www.kaggle.com/datasets/muhriddinmuxiddinov/fruits-and-vegetables-dataset,2,publisher_fresh_rotten_folder,not_annotated,30ba31b5416fc9a76b210ce1df1a2bfe9bd98e3deef741377145f043b2b4b92c,4a99b2e2f3594cf306dea011e5b41cdf2a26e3e333f7b4ba1a71f283303ee99f,275,183,2984133508797207410,3603736475782225548
potato_rotten_0329,images/potato_rotten/potato_rotten_0329.jpg,potato_rotten,3,potato,rotten,not_subtyped,train,g00916,Fruits_Vegetables_Dataset(12000)/Vegetables/RottenPotato/rottenPotato (297).jpg,https://www.kaggle.com/datasets/muhriddinmuxiddinov/fruits-and-vegetables-dataset,2,publisher_fresh_rotten_folder,not_annotated,cfc80be533acdb50fc202dfb2c184d5a4da6fd9a41374e419b9ec27798a438e5,df32852b7562624269ccf3aee5530f072e8804d7e3542591915d5fabbbfaf918,259,194,7680753275195003431,17297848057453544394
potato_rotten_0377,images/potato_rotten/potato_rotten_0377.jpg,potato_rotten,3,potato,rotten,not_subtyped,train,g01051,Fruits_Vegetables_Dataset(12000)/Vegetables/RottenPotato/rottenPotato (83).jpg,https://www.kaggle.com/datasets/muhriddinmuxiddinov/fruits-and-vegetables-dataset,2,publisher_fresh_rotten_folder,not_annotated,c1d5ca43f460241e79599a4a05c5755526fee929bc774ecb2e290e289330fa90,ff3968d6d326a53ca24f7b3e735e7a06648ed062b0597cb4c8d179e404445a5e,275,183,6114697611435912583,17330136398339935982
potato_rotten_0367,images/potato_rotten/potato_rotten_0367.jpg,potato_rotten,3,potato,rotten,not_subtyped,train,g00966,Fruits_Vegetables_Dataset(12000)/Vegetables/RottenPotato/rottenPotato (529).jpg,https://www.kaggle.com/datasets/muhriddinmuxiddinov/fruits-and-vegetables-dataset,2,publisher_fresh_rotten_folder,not_annotated,bfac9907475bdb757c1772346d51d39fbc7ddca7a5f2f87f090631f5a4740eae,0d211380937e8367921aa070fbaf666b52eeab8b70e7dd4b9c95062cae5e27ef,1300,957,2465141613727425875,3899499151741130201
potato_rotten_0314,images/potato_rotten/potato_rotten_0314.jpg,potato_rotten,3,potato,rotten,not_subtyped,train,g00877,Fruits_Vegetables_Dataset(12000)/Vegetables/RottenPotato/rottenPotato (194).jpg,https://www.kaggle.com/datasets/muhriddinmuxiddinov/fruits-and-vegetables-dataset,2,publisher_fresh_rotten_folder,not_annotated,59e7d22d485b31ed97fb91af73cb7fc4c82c145fb4627b6b6ba07879c5eb48f9,5d05d651a90bb76ba9c941c333d24f279e06c6e40b02ec5f49ee9504857913a3,262,192,5890836896586114957,14462437575767181362
potato_rotten_0331,images/potato_rotten/potato_rotten_0331.jpg,potato_rotten,3,potato,rotten,not_subtyped,train,g00921,Fruits_Vegetables_Dataset(12000)/Vegetables/RottenPotato/rottenPotato (309).jpg,https://www.kaggle.com/datasets/muhriddinmuxiddinov/fruits-and-vegetables-dataset,2,publisher_fresh_rotten_folder,not_annotated,8f80b0cca4879c4d981beea3c0a441c106bab20a8bf6f821a127287c34562d2f,94db144b3c27fbe616f6a322fb6ff62706d79bd4c763c4a417927c6836946d65,100,100,5152427656925046340,15697508433245001048
potato_rotten_0345,images/potato_rotten/potato_rotten_0345.jpg,potato_rotten,3,potato,rotten,not_subtyped,train,g00952,Fruits_Vegetables_Dataset(12000)/Vegetables/RottenPotato/rottenPotato (384).jpg,https://www.kaggle.com/datasets/muhriddinmuxiddinov/fruits-and-vegetables-dataset,2,publisher_fresh_rotten_folder,not_annotated,2fd2c8ddc4a7990ee2538192e8d507f92e3e084611c086729faea694d674c8db,83dfe55eb3b742cf7b6fa8f8598f968af78a1ae7d826819a56f88566d7f0ff3b,225,225,3429421194700369994,4623556755040207651
potato_rotten_0306,images/potato_rotten/potato_rotten_0306.jpg,potato_rotten,3,potato,rotten,not_subtyped,train,g00851,Fruits_Vegetables_Dataset(12000)/Vegetables/RottenPotato/rottenPotato (13).jpg,https://www.kaggle.com/datasets/muhriddinmuxiddinov/fruits-and-vegetables-dataset,2,publisher_fresh_rotten_folder,not_annotated,c397d67a9f6f2906d9d95578fbb28b6cc2d47ad94578b47a911c2d7696240ae8,733b042e4cf05d5a6648112ff3ab098309cbbced95b1cef5fe684004dcb8faa8,259,194,3568712145968989543,17337959781441379095
potato_rotten_0303,images/potato_rotten/potato_rotten_0303.jpg,potato_rotten,3,potato,rotten,not_subtyped,train,g00844,Fruits_Vegetables_Dataset(12000)/Vegetables/RottenPotato/rottenPotato (112).jpg,https://www.kaggle.com/datasets/muhriddinmuxiddinov/fruits-and-vegetables-dataset,2,publisher_fresh_rotten_folder,not_annotated,01120a07c2b60c0a6222a9b36250ed3c64296036093e60c6263742024aab7884,a40cb247efb1c9273437eeaa11531986585166205b896d388694e2dd7f50989b,255,198,1779877898799037254,3683127777918334515
potato_rotten_0347,images/potato_rotten/potato_rotten_0347.jpg,potato_rotten,3,potato,rotten,not_subtyped,train,g00955,Fruits_Vegetables_Dataset(12000)/Vegetables/RottenPotato/rottenPotato (39).jpg,https://www.kaggle.com/datasets/muhriddinmuxiddinov/fruits-and-vegetables-dataset,2,publisher_fresh_rotten_folder,not_annotated,a9f2b787aeaaef436c0fe135c0cd3d97218eb93648a0deeaabeb5163d9d1eb0d,39a65039c5e19056c189471301811a20dbadde810a1e56cfda6c50ad24e7a530,265,190,4551047612329881735,13652494213372996963
potato_rotten_0313,images/potato_rotten/potato_rotten_0313.jpg,potato_rotten,3,potato,rotten,not_subtyped,train,g00874,Fruits_Vegetables_Dataset(12000)/Vegetables/RottenPotato/rottenPotato (187).jpg,https://www.kaggle.com/datasets/muhriddinmuxiddinov/fruits-and-vegetables-dataset,2,publisher_fresh_rotten_folder,not_annotated,174baf8955f8b0348e74276dca7065cc2bb52e7dfd43fc71ce256cf6014b0aaf,69d8723ae5ad8fd9340982d39bd0a5a429a839cf6b9bcd7dd3289bf0546d94fa,284,177,4600646955000120094,12913330162134512947
potato_rotten_0354,images/potato_rotten/potato_rotten_0354.jpg,potato_rotten,3,potato,rotten,not_subtyped,train,g00855,Fruits_Vegetables_Dataset(12000)/Vegetables/RottenPotato/rottenPotato (428).jpg,https://www.kaggle.com/datasets/muhriddinmuxiddinov/fruits-and-vegetables-dataset,2,publisher_fresh_rotten_folder,not_annotated,43706a371af84abeba9d21a1e29b7e914b28c9ee24bd917b2791eafb51c15a42,2bb407c715ff39b6ee222b7c7e86b6a6b3b741eea733a02b1ee3b2b4daca86b9,251,201,7124867883856311265,16485293968692408355
potato_rotten_0342,images/potato_rotten/potato_rotten_0342.jpg,potato_rotten,3,potato,rotten,not_subtyped,train,g00948,Fruits_Vegetables_Dataset(12000)/Vegetables/RottenPotato/rottenPotato (372).jpg,https://www.kaggle.com/datasets/muhriddinmuxiddinov/fruits-and-vegetables-dataset,2,publisher_fresh_rotten_folder,not_annotated,5a01ae6cd88113be8365b1a5c78b3855d29dced36c0388efc576d9b5632dfe48,be2f4dea2061095d8ccccda25e8d771382060a1d013c8664f66c9a6620906b12,300,168,752006804456191415,13072642333845940645
potato_rotten_0304,images/potato_rotten/potato_rotten_0304.jpg,potato_rotten,3,potato,rotten,not_subtyped,train,g00935,Fruits_Vegetables_Dataset(12000)/Vegetables/RottenPotato/rottenPotato (116).jpg,https://www.kaggle.com/datasets/muhriddinmuxiddinov/fruits-and-vegetables-dataset,2,publisher_fresh_rotten_folder,not_annotated,26a2dc8a223c176f2546ad115f6ad963573492351028098a1099c5c1c04b4adc,4c50d3b68858bf0a8d47d0f4594500b57d4fc1bf4a6169166dab62d14df77efb,237,213,4580242112265669508,5237842561960183559
potato_rotten_0370,images/potato_rotten/potato_rotten_0370.jpg,potato_rotten,3,potato,rotten,not_subtyped,train,g00980,Fruits_Vegetables_Dataset(12000)/Vegetables/RottenPotato/rottenPotato (567).jpg,https://www.kaggle.com/datasets/muhriddinmuxiddinov/fruits-and-vegetables-dataset,2,publisher_fresh_rotten_folder,not_annotated,6fbb247efdfb2cfc316b320d34c5659a849d339363af94cf60ef621a604a5973,8262edb247cb61dd6378d95a7fb25618c31d1c7e01afec7a0993e3a09fe888c0,194,260,7719909074632582007,14384292989629825521
potato_rotten_0324,images/potato_rotten/potato_rotten_0324.jpg,potato_rotten,3,potato,rotten,not_subtyped,train,g00904,Fruits_Vegetables_Dataset(12000)/Vegetables/RottenPotato/rottenPotato (266).jpg,https://www.kaggle.com/datasets/muhriddinmuxiddinov/fruits-and-vegetables-dataset,2,publisher_fresh_rotten_folder,not_annotated,ccda5f54dbb9cbd858c8f771d0f068799914474c0a2f9bcfd80dbe682e7e4761,f487843133080cee70afa80511a9519b6b634573ad1641b5d3fc84f1b3e85df3,275,183,3725882144904831560,3255089169996237369
potato_rotten_0358,images/potato_rotten/potato_rotten_0358.jpg,potato_rotten,3,potato,rotten,not_subtyped,train,g00984,Fruits_Vegetables_Dataset(12000)/Vegetables/RottenPotato/rottenPotato (473).jpg,https://www.kaggle.com/datasets/muhriddinmuxiddinov/fruits-and-vegetables-dataset,2,publisher_fresh_rotten_folder,not_annotated,072aa96992d25c5a49c91133f22daf0c4a53c22065e3055b56b16574074b3621,f262a88802a9cf4652d28c0685c0db6289cd104b83cd9f081fbed901ba36c5c1,248,203,7560160126894223819,1973636442226723
potato_rotten_0316,images/potato_rotten/potato_rotten_0316.jpg,potato_rotten,3,potato,rotten,not_subtyped,train,g00880,Fruits_Vegetables_Dataset(12000)/Vegetables/RottenPotato/rottenPotato (20).jpg,https://www.kaggle.com/datasets/muhriddinmuxiddinov/fruits-and-vegetables-dataset,2,publisher_fresh_rotten_folder,not_annotated,867bd9eb863244d41939b7dc45c9fc8a12c7ec98da2431f84e18ce6e9b689eef,df0d4b2ec05d4a302b60d41c99b50bde247b891f72a2ba8035ef80d28a007529,216,233,4562955988652301380,14414966186544139814
potato_rotten_0339,images/potato_rotten/potato_rotten_0339.jpg,potato_rotten,3,potato,rotten,not_subtyped,train,g00939,Fruits_Vegetables_Dataset(12000)/Vegetables/RottenPotato/rottenPotato (353).jpg,https://www.kaggle.com/datasets/muhriddinmuxiddinov/fruits-and-vegetables-dataset,2,publisher_fresh_rotten_folder,not_annotated,256418cb32dd7a9f0e6e7b2227dee99eb52438f7d1287709ca6b469ef64ad86e,34738d7a38f96fbac1fc66090cecb863dd14b271bcf509f35a39df309f3f5852,233,217,7631213901178803079,12026805196682997763
potato_rotten_0319,images/potato_rotten/potato_rotten_0319.jpg,potato_rotten,3,potato,rotten,not_subtyped,train,g00850,Fruits_Vegetables_Dataset(12000)/Vegetables/RottenPotato/rottenPotato (205).jpg,https://www.kaggle.com/datasets/muhriddinmuxiddinov/fruits-and-vegetables-dataset,2,publisher_fresh_rotten_folder,not_annotated,7639e4c103a9372c217d408d33a6dda89b03c1655337deb400da1f7a386906fa,c23f9706cf1b9d564a21ab4a35a1aef6264944c3a980a775032aff1c393eee66,300,168,6933721975829011342,10089764191529308135
potato_rotten_0333,images/potato_rotten/potato_rotten_0333.jpg,potato_rotten,3,potato,rotten,not_subtyped,train,g00926,Fruits_Vegetables_Dataset(12000)/Vegetables/RottenPotato/rottenPotato (32).jpg,https://www.kaggle.com/datasets/muhriddinmuxiddinov/fruits-and-vegetables-dataset,2,publisher_fresh_rotten_folder,not_annotated,5f2a1e2bb64dafdb1832ea1b5209cb34d75b7969f3058d05c34f3ad617637152,5e292fa5dd68b8408ea8184477b939e8f43d36ffb064c5bbc3e246877894a58f,194,259,5435850428582059737,16194998622856803312
potato_rotten_0352,images/potato_rotten/potato_rotten_0352.jpg,potato_rotten,3,potato,rotten,not_subtyped,train,g00968,Fruits_Vegetables_Dataset(12000)/Vegetables/RottenPotato/rottenPotato (421).jpg,https://www.kaggle.com/datasets/muhriddinmuxiddinov/fruits-and-vegetables-dataset,2,publisher_fresh_rotten_folder,not_annotated,4f7fa63f91911a7ff63bc4ef51312de4a25f730d0f8ba2982cfb8989eeb42b87,18911b18c459d540209c97a2fe0f10dc43bdd9ceebc0fb3f5fc1da681b49c266,190,265,4908778860839356513,2753081910655083683
potato_rotten_0374,images/potato_rotten/potato_rotten_0374.jpg,potato_rotten,3,potato,rotten,not_subtyped,train,g01039,Fruits_Vegetables_Dataset(12000)/Vegetables/RottenPotato/rottenPotato (583).jpg,https://www.kaggle.com/datasets/muhriddinmuxiddinov/fruits-and-vegetables-dataset,2,publisher_fresh_rotten_folder,not_annotated,9d15444940e0cefff6200da9ccd481992751e1a24efe80279f3aeabcb6f39add,c2147cafe22eb94ef55bcf9365cb90f89400becdc27bb2d2e4280be417ebc84a,300,168,5160625325555147621,12709547241417830834
potato_rotten_0312,images/potato_rotten/potato_rotten_0312.jpg,potato_rotten,3,potato,rotten,not_subtyped,train,g01045,Fruits_Vegetables_Dataset(12000)/Vegetables/RottenPotato/rottenPotato (182).jpg,https://www.kaggle.com/datasets/muhriddinmuxiddinov/fruits-and-vegetables-dataset,2,publisher_fresh_rotten_folder,not_annotated,7fdc8560218cc428fc74a04684bfc1ff35476529346f26efe6f076d0dcf35637,63e95cce8c79f31cee781cc4acfb276f4c55aeaa3bdc923b054a97167d85a401,267,189,1194838765302724731,16387645453111223899
potato_rotten_0309,images/potato_rotten/potato_rotten_0309.jpg,potato_rotten,3,potato,rotten,not_subtyped,train,g00859,Fruits_Vegetables_Dataset(12000)/Vegetables/RottenPotato/rottenPotato (15).jpg,https://www.kaggle.com/datasets/muhriddinmuxiddinov/fruits-and-vegetables-dataset,2,publisher_fresh_rotten_folder,not_annotated,9a1c9b5d89eb7967af05fe025e11288cdc8d08e578219a6b1a3fd5ae7ec60500,208d62800b9029fc6a49b34889b95795cce28f163b92b0e07e90c2e43ce931ae,259,194,3697087992992319116,11194098656989518826
potato_rotten_0349,images/potato_rotten/potato_rotten_0349.jpg,potato_rotten,3,potato,rotten,not_subtyped,train,g00962,Fruits_Vegetables_Dataset(12000)/Vegetables/RottenPotato/rottenPotato (409).jpg,https://www.kaggle.com/datasets/muhriddinmuxiddinov/fruits-and-vegetables-dataset,2,publisher_fresh_rotten_folder,not_annotated,8127f143127591203df16e15b187471fc359711ddcb6a6f308e382fd563c3805,00aedfc8e9422f78855ae1f063e993c060caec4831fd69e01107fd4c445cdb14,266,189,8218988027217094727,17242391206967123213
potato_rotten_0378,images/potato_rotten/potato_rotten_0378.jpg,potato_rotten,3,potato,rotten,not_subtyped,train,g01054,Fruits_Vegetables_Dataset(12000)/Vegetables/RottenPotato/rottenPotato (90).jpg,https://www.kaggle.com/datasets/muhriddinmuxiddinov/fruits-and-vegetables-dataset,2,publisher_fresh_rotten_folder,not_annotated,81b0fca98cca733778e4525d0cfc9abe784da9e90c949113b74fdee05313fccb,d78c3021b2b5c229064ff39fb20f7f2eb2a95b2f1be00c64c170551b1ac65eec,168,112,7317956187697342158,1585283039780277282
potato_rotten_0397,images/potato_rotten/potato_rotten_0397.jpg,potato_rotten,3,potato,rotten,not_subtyped,val,g01029,Fruits_Vegetables_Dataset(12000)/Vegetables/RottenPotato/rottenPotato (560).jpg,https://www.kaggle.com/datasets/muhriddinmuxiddinov/fruits-and-vegetables-dataset,2,publisher_fresh_rotten_folder,not_annotated,d023324dd5562a9fc288cdf351fa0d10cdd26b00d688a6d56e1816c0635db2d4,aa167f96903e8f8182f28fe2e1616bb2220cbc05179db6c744d6418677bfd261,300,470,5771096122804063081,12744300294991021027
potato_rotten_0390,images/potato_rotten/potato_rotten_0390.jpg,potato_rotten,3,potato,rotten,not_subtyped,val,g00959,Fruits_Vegetables_Dataset(12000)/Vegetables/RottenPotato/rottenPotato (402).jpg,https://www.kaggle.com/datasets/muhriddinmuxiddinov/fruits-and-vegetables-dataset,2,publisher_fresh_rotten_folder,not_annotated,c17eef3bd726408ba8a9a0f81cef0055be477db72568867f1cd9abe23ebf2f2d,e10857026eaace8d992ff08e8a48425b9b802107ce0bcb4b06aae92e316dd416,178,284,7396145971506923981,14809532299011843113
potato_rotten_0399,images/potato_rotten/potato_rotten_0399.jpg,potato_rotten,3,potato,rotten,not_subtyped,val,g01052,Fruits_Vegetables_Dataset(12000)/Vegetables/RottenPotato/rottenPotato (86).jpg,https://www.kaggle.com/datasets/muhriddinmuxiddinov/fruits-and-vegetables-dataset,2,publisher_fresh_rotten_folder,not_annotated,c22c95203dabd01880b60a803895521048c0c5b373cb374748af7fe468bbc8c6,89e5928d759d03fbe93024558d1afba9daabceca438e1ddd18bb080c61086d25,390,280,3949333189002238220,14739311871502192270
potato_rotten_0384,images/potato_rotten/potato_rotten_0384.jpg,potato_rotten,3,potato,rotten,not_subtyped,val,g00901,Fruits_Vegetables_Dataset(12000)/Vegetables/RottenPotato/rottenPotato (255).jpg,https://www.kaggle.com/datasets/muhriddinmuxiddinov/fruits-and-vegetables-dataset,2,publisher_fresh_rotten_folder,not_annotated,a0368cba45428a7f605841749bf4d7ea8a028c4d19b75d9b381e4d91eaf8baf2,61a22a19b6239eac68d5da8204dab49dbf094811a0db271d4f9b641478abf2ea,264,191,679505221947746744,7269922314625711260
potato_rotten_0392,images/potato_rotten/potato_rotten_0392.jpg,potato_rotten,3,potato,rotten,not_subtyped,val,g00977,Fruits_Vegetables_Dataset(12000)/Vegetables/RottenPotato/rottenPotato (440).jpg,https://www.kaggle.com/datasets/muhriddinmuxiddinov/fruits-and-vegetables-dataset,2,publisher_fresh_rotten_folder,not_annotated,8aab1685609bd54b69c48ba89537525b2d7f0f498db00263791ab5f207f1aa85,05aeb673e6492a77bf2f799c413a59037d7790bee03feae69c908af27f31c357,262,192,7333002118792572108,17935170029701022262
potato_rotten_0389,images/potato_rotten/potato_rotten_0389.jpg,potato_rotten,3,potato,rotten,not_subtyped,val,g00957,Fruits_Vegetables_Dataset(12000)/Vegetables/RottenPotato/rottenPotato (393).jpg,https://www.kaggle.com/datasets/muhriddinmuxiddinov/fruits-and-vegetables-dataset,2,publisher_fresh_rotten_folder,not_annotated,55020c6d01f4f73b1a576844b6d1fcee40598a9e0905df52dd5b000f52f8e3f6,41d829438513fa312faee70a6301a81f7436730cdcb2838d1ee405408a1308ea,257,196,3213830873169108120,5660235433572271687
potato_rotten_0395,images/potato_rotten/potato_rotten_0395.jpg,potato_rotten,3,potato,rotten,not_subtyped,val,g01003,Fruits_Vegetables_Dataset(12000)/Vegetables/RottenPotato/rottenPotato (506).jpg,https://www.kaggle.com/datasets/muhriddinmuxiddinov/fruits-and-vegetables-dataset,2,publisher_fresh_rotten_folder,not_annotated,26bf180fdb17fd812680219cc92126c3ef3f6a30f57ac7379b45c04adeb7be5d,e2ba6c4d2e42a096002e8cb66bf324731586687a1204e46a28a0f1a06737c21c,390,280,7622507516081366428,3030930362219824791
potato_rotten_0396,images/potato_rotten/potato_rotten_0396.jpg,potato_rotten,3,potato,rotten,not_subtyped,val,g01008,Fruits_Vegetables_Dataset(12000)/Vegetables/RottenPotato/rottenPotato (515).jpg,https://www.kaggle.com/datasets/muhriddinmuxiddinov/fruits-and-vegetables-dataset,2,publisher_fresh_rotten_folder,not_annotated,4cc6ccac1d92ba2b6e21f176a281a8e3b305b85f541725b39893b40f1f0f6605,2d08d274f524ae2daec7d6c9450249a872e6b46486b9bbc02a323778cf83001b,800,533,4834401488361429412,7804912265059330954
potato_rotten_0388,images/potato_rotten/potato_rotten_0388.jpg,potato_rotten,3,potato,rotten,not_subtyped,val,g00951,Fruits_Vegetables_Dataset(12000)/Vegetables/RottenPotato/rottenPotato (381).jpg,https://www.kaggle.com/datasets/muhriddinmuxiddinov/fruits-and-vegetables-dataset,2,publisher_fresh_rotten_folder,not_annotated,2ee29dbc9926c04a173589ea54f0cdba538f59e4d84e74d8c6ff6f2aef923420,e0b88a2bd4ba92d10905b7aac6a0dc2f629e96ff80c9471a9178243f9b082fb5,218,232,8397083372113307245,3576397528675667493
potato_rotten_0380,images/potato_rotten/potato_rotten_0380.jpg,potato_rotten,3,potato,rotten,not_subtyped,val,g00865,Fruits_Vegetables_Dataset(12000)/Vegetables/RottenPotato/rottenPotato (166).jpg,https://www.kaggle.com/datasets/muhriddinmuxiddinov/fruits-and-vegetables-dataset,2,publisher_fresh_rotten_folder,not_annotated,8efa7a405b02162f21f93975e1f8a952998f158d484f6148416b11083fa3334b,fb461e5ce6479cc2b7cd6cf45526191345609d3a8cc2c47658581cd31c6ec46b,259,194,9138050393079767909,11041758078304597774
potato_rotten_0398,images/potato_rotten/potato_rotten_0398.jpg,potato_rotten,3,potato,rotten,not_subtyped,val,g01044,Fruits_Vegetables_Dataset(12000)/Vegetables/RottenPotato/rottenPotato (69).jpg,https://www.kaggle.com/datasets/muhriddinmuxiddinov/fruits-and-vegetables-dataset,2,publisher_fresh_rotten_folder,not_annotated,8a303dffc10177ead0058356b2b5901f4e175d699dac9cc18084804f885481ca,88463e8eca5bda2081e37c0444d4c525333dc14818b0a6387c0884f87ff27d7a,252,189,8235445142429113074,15333785366503935180
potato_rotten_0382,images/potato_rotten/potato_rotten_0382.jpg,potato_rotten,3,potato,rotten,not_subtyped,val,g00895,Fruits_Vegetables_Dataset(12000)/Vegetables/RottenPotato/rottenPotato (241).jpg,https://www.kaggle.com/datasets/muhriddinmuxiddinov/fruits-and-vegetables-dataset,2,publisher_fresh_rotten_folder,not_annotated,c2dd78241a5a958f0662b1ed14568a93fb77d56e4cd5f7f3db9592afe3923adf,b50ffb4490cf1395f810a189774e620f40e7f9ca477fcc5c5511a2b9e8fb39e1,269,187,386038143755111009,7375446985102773830
potato_rotten_0393,images/potato_rotten/potato_rotten_0393.jpg,potato_rotten,3,potato,rotten,not_subtyped,val,g00982,Fruits_Vegetables_Dataset(12000)/Vegetables/RottenPotato/rottenPotato (454).jpg,https://www.kaggle.com/datasets/muhriddinmuxiddinov/fruits-and-vegetables-dataset,2,publisher_fresh_rotten_folder,not_annotated,3c653acebeea40ac1f7446450c55e7fc2dd38e43463f341a6839f969a79ee8c2,6ed7ff2be9098dec2da3683601b6d3aca5c725a5baa973a6281430cb1112cd61,275,183,7522286379466762605,1803294912606830611
potato_rotten_0386,images/potato_rotten/potato_rotten_0386.jpg,potato_rotten,3,potato,rotten,not_subtyped,val,g00907,Fruits_Vegetables_Dataset(12000)/Vegetables/RottenPotato/rottenPotato (276).jpg,https://www.kaggle.com/datasets/muhriddinmuxiddinov/fruits-and-vegetables-dataset,2,publisher_fresh_rotten_folder,not_annotated,05696bef2d66aad2d40d8c534d0c1656818a9f36783dc7884bfd99ee070dafc4,f539225e1b20a17b1207c58f0cf51d7c9bed05bae725727f75e203aa3861c739,301,167,8945582121729614802,2749050196006711988
potato_rotten_0387,images/potato_rotten/potato_rotten_0387.jpg,potato_rotten,3,potato,rotten,not_subtyped,val,g00946,Fruits_Vegetables_Dataset(12000)/Vegetables/RottenPotato/rottenPotato (37).jpg,https://www.kaggle.com/datasets/muhriddinmuxiddinov/fruits-and-vegetables-dataset,2,publisher_fresh_rotten_folder,not_annotated,3d479c732ce8eb370c5fff2a63b17baff54a145ca0507ecd8099ec85b7a1d482,3f9b8840275da040545028ac183143f7e2280f2c0297256ea913e798916d15bd,254,198,5386504371397472377,17020107764895396650
potato_rotten_0394,images/potato_rotten/potato_rotten_0394.jpg,potato_rotten,3,potato,rotten,not_subtyped,val,g00988,Fruits_Vegetables_Dataset(12000)/Vegetables/RottenPotato/rottenPotato (466).jpg,https://www.kaggle.com/datasets/muhriddinmuxiddinov/fruits-and-vegetables-dataset,2,publisher_fresh_rotten_folder,not_annotated,8ea63bafabd171ee759507e1c89daf4f02204192e5577be15bcc54028ea3583b,216f19fc3afa2add4c25a211610299d797ae167a12155c52c22a54e4e974e10e,262,193,1654055549800906633,5588226989951405341
potato_rotten_0383,images/potato_rotten/potato_rotten_0383.jpg,potato_rotten,3,potato,rotten,not_subtyped,val,g00900,Fruits_Vegetables_Dataset(12000)/Vegetables/RottenPotato/rottenPotato (250).jpg,https://www.kaggle.com/datasets/muhriddinmuxiddinov/fruits-and-vegetables-dataset,2,publisher_fresh_rotten_folder,not_annotated,3a2d1fa589493ab1fded9d47134495fa39555493cadd2bdeab10f270fae54909,ff2ff4336e7858f7677f7b6d32b01791968b5461275c676474ff0fcc25cadbc9,301,167,4697081874975726260,15480796964799698068
potato_rotten_0391,images/potato_rotten/potato_rotten_0391.jpg,potato_rotten,3,potato,rotten,not_subtyped,val,g00964,Fruits_Vegetables_Dataset(12000)/Vegetables/RottenPotato/rottenPotato (412).jpg,https://www.kaggle.com/datasets/muhriddinmuxiddinov/fruits-and-vegetables-dataset,2,publisher_fresh_rotten_folder,not_annotated,f96ca0ebb8d4e37574d32bc94c7efaaa3efc56208098aff3ec8c987a8ef3efbf,f5295eae0b58997b201fe24c620bca6b2d5805411780e4d121eb6cd81448fd02,257,196,3581424688176066194,1412193062150865946
potato_rotten_0381,images/potato_rotten/potato_rotten_0381.jpg,potato_rotten,3,potato,rotten,not_subtyped,val,g00884,Fruits_Vegetables_Dataset(12000)/Vegetables/RottenPotato/rottenPotato (208).jpg,https://www.kaggle.com/datasets/muhriddinmuxiddinov/fruits-and-vegetables-dataset,2,publisher_fresh_rotten_folder,not_annotated,4cf1da7c40166f79ebac7a5ffdb366a5a8d9adb1027916752be26e1e045fd740,cffc0ad847071158963a9993f41f2bc9da8d5a3b5c6f56227b30da24c28146e8,245,205,8839876094212872546,1888014625993783629
potato_rotten_0385,images/potato_rotten/potato_rotten_0385.jpg,potato_rotten,3,potato,rotten,not_subtyped,val,g00903,Fruits_Vegetables_Dataset(12000)/Vegetables/RottenPotato/rottenPotato (262).jpg,https://www.kaggle.com/datasets/muhriddinmuxiddinov/fruits-and-vegetables-dataset,2,publisher_fresh_rotten_folder,not_annotated,cdfc2b5d29cb7b3ea25062e954ed023c7a4c1e2a4ba9f664e11dd857ff3f0f18,c23bb5c808398d819bc771f648fbdd9dc7f3942810b185c63dfe8953702542c0,100,100,3369771598699573125,99209594544272563
tomato_fresh_0429,images/tomato_fresh/tomato_fresh_0429.jpg,tomato_fresh,4,tomato,fresh,none,train,g00692,Fruits_Vegetables_Dataset(12000)/Vegetables/FreshTomato/freshTomato (196).jpg,https://www.kaggle.com/datasets/muhriddinmuxiddinov/fruits-and-vegetables-dataset,2,publisher_fresh_rotten_folder,not_annotated,a22504df2fce030a080fabed25e23b48332092b7aa48d737a76df2f6ccc11010,11b3ed10f625b6b415707ee4d30484325553466243174858ab7324530c5d15a1,224,224,3068601463104658628,18446743935388433211
tomato_fresh_0461,images/tomato_fresh/tomato_fresh_0461.jpg,tomato_fresh,4,tomato,fresh,none,train,g00692,Fruits_Vegetables_Dataset(12000)/Vegetables/FreshTomato/freshTomato (35).jpg,https://www.kaggle.com/datasets/muhriddinmuxiddinov/fruits-and-vegetables-dataset,2,publisher_fresh_rotten_folder,not_annotated,6057c534ddf48cc38a508f69d8bdbb14b707b7f2f50796145b2c26d98b1be1e0,05660d3b6a39c9f0b20ab73e0eaaade078f413204aa52455c48904417c15eb49,224,224,7900890833493779558,9234145888348476160
tomato_fresh_0448,images/tomato_fresh/tomato_fresh_0448.jpg,tomato_fresh,4,tomato,fresh,none,train,g00623,Fruits_Vegetables_Dataset(12000)/Vegetables/FreshTomato/freshTomato (247).jpg,https://www.kaggle.com/datasets/muhriddinmuxiddinov/fruits-and-vegetables-dataset,2,publisher_fresh_rotten_folder,not_annotated,3b264a107a15f25b5e323ce4b60f847ab4abb59d08a9187f6ab6deed70b3b790,02f7e2fae3e1c8a4974f0e9b27aaf04e92ab032b8a067bd1ed53533229e06a70,224,224,8344130023754403734,12790303045524040013
tomato_fresh_0422,images/tomato_fresh/tomato_fresh_0422.jpg,tomato_fresh,4,tomato,fresh,none,train,g00692,Fruits_Vegetables_Dataset(12000)/Vegetables/FreshTomato/freshTomato (184).jpg,https://www.kaggle.com/datasets/muhriddinmuxiddinov/fruits-and-vegetables-dataset,2,publisher_fresh_rotten_folder,not_annotated,5d2498b1a46993a0c1f7166b3022929fb5388a59e74ea5c29bd0efb597b10c85,98a7ceb306ea8b3f4968a7bba61ba454639b20b127c62098a7c21b954499acec,224,224,4458519458570313779,8104368230964920319
tomato_fresh_0476,images/tomato_fresh/tomato_fresh_0476.jpg,tomato_fresh,4,tomato,fresh,none,train,g00728,Fruits_Vegetables_Dataset(12000)/Vegetables/FreshTomato/freshTomato (91).jpg,https://www.kaggle.com/datasets/muhriddinmuxiddinov/fruits-and-vegetables-dataset,2,publisher_fresh_rotten_folder,not_annotated,5118ab922b5f99db491e6841c95c6cbbbb1e03911cfe4e64932dcfcd2170e062,5393adc16597a919f831051aa7aeb3fc9df07018fe55cd2d2d0bf261eb15ebe1,900,950,7609841439851232308,1174338973393717095
tomato_fresh_0438,images/tomato_fresh/tomato_fresh_0438.jpg,tomato_fresh,4,tomato,fresh,none,train,g00692,Fruits_Vegetables_Dataset(12000)/Vegetables/FreshTomato/freshTomato (219).jpg,https://www.kaggle.com/datasets/muhriddinmuxiddinov/fruits-and-vegetables-dataset,2,publisher_fresh_rotten_folder,not_annotated,797ebda0db87a4a39ba2b3121721fe223afe227ee15de06d2aa13643000d0b9f,0f8d8564e552c53f05c676eb48899accead96f73849a01e860144f78ef69a6fc,224,224,4131998009906382597,7035705755485338619
tomato_fresh_0469,images/tomato_fresh/tomato_fresh_0469.png,tomato_fresh,4,tomato,fresh,none,train,g00700,Fruits_Vegetables_Dataset(12000)/Vegetables/FreshTomato/freshTomato (65).png,https://www.kaggle.com/datasets/muhriddinmuxiddinov/fruits-and-vegetables-dataset,2,publisher_fresh_rotten_folder,not_annotated,9dc57322d9728c20237bc9160e2faac394166890c8a65946aef15fb006db6a91,2e265a5a245994704b9c9b2157e9b1d9b1f56e8338bc012ef8c9944c5aa5dc8d,480,322,3623631679617612201,11167585009548422461
tomato_fresh_0439,images/tomato_fresh/tomato_fresh_0439.jpg,tomato_fresh,4,tomato,fresh,none,train,g00692,Fruits_Vegetables_Dataset(12000)/Vegetables/FreshTomato/freshTomato (22).jpg,https://www.kaggle.com/datasets/muhriddinmuxiddinov/fruits-and-vegetables-dataset,2,publisher_fresh_rotten_folder,not_annotated,7ab7669b0b1b1614906a855f6753cae795e696fb53e332487597aa026074604e,da81370bc17fd57f247e95a3f3f0f4e69fb811c4d59c16ef8c8fb9b54415541d,224,224,7319926552041829004,9578423521854210
tomato_fresh_0402,images/tomato_fresh/tomato_fresh_0402.png,tomato_fresh,4,tomato,fresh,none,train,g00700,Fruits_Vegetables_Dataset(12000)/Vegetables/FreshTomato/freshTomato (105).png,https://www.kaggle.com/datasets/muhriddinmuxiddinov/fruits-and-vegetables-dataset,2,publisher_fresh_rotten_folder,not_annotated,e41d1f331779e1e8dcf58d2e070b3f19a2ab72c4fa94a1b307e87498366e65a1,a8cb5843d6b34a4df599c78a04d4400a6e703b598840e723bffba82fa9c3c7ef,480,322,3442877151436679289,7378096959852595131
tomato_fresh_0430,images/tomato_fresh/tomato_fresh_0430.jpg,tomato_fresh,4,tomato,fresh,none,train,g00692,Fruits_Vegetables_Dataset(12000)/Vegetables/FreshTomato/freshTomato (200).jpg,https://www.kaggle.com/datasets/muhriddinmuxiddinov/fruits-and-vegetables-dataset,2,publisher_fresh_rotten_folder,not_annotated,1065d385581f8f9c2698e490571acd8c9414d832af7e227834b59675a09cc552,5ebac40a57f603b979c3881933ced1487d6d08428e5d1ae9f63f8a52e64d0fe1,224,224,7170461290873842550,18071903855838474968
tomato_fresh_0431,images/tomato_fresh/tomato_fresh_0431.jpg,tomato_fresh,4,tomato,fresh,none,train,g00692,Fruits_Vegetables_Dataset(12000)/Vegetables/FreshTomato/freshTomato (206).jpg,https://www.kaggle.com/datasets/muhriddinmuxiddinov/fruits-and-vegetables-dataset,2,publisher_fresh_rotten_folder,not_annotated,b31a300df61b84303e9a632eae8529b2281594fc0bf0203fe60e388c8e4526e1,f5b9d23d589eec00e37b276c9b8f3a2ebb76cfffdae830325e8626b59eb49119,224,224,3068031187936331548,18157348057312392179
tomato_fresh_0470,images/tomato_fresh/tomato_fresh_0470.jpg,tomato_fresh,4,tomato,fresh,none,train,g00708,Fruits_Vegetables_Dataset(12000)/Vegetables/FreshTomato/freshTomato (69).jpg,https://www.kaggle.com/datasets/muhriddinmuxiddinov/fruits-and-vegetables-dataset,2,publisher_fresh_rotten_folder,not_annotated,8ae6b2a4c454704916df98f3064bec95b3592275a8281146a08021061afd3b54,81906a10f0e826a9bd7bb80b4cdc97a6b3e0a72f7bd90f29c38b20a3c3e66322,2008,2008,7751702578607765684,5408277120982124300
tomato_fresh_0404,images/tomato_fresh/tomato_fresh_0404.jpg,tomato_fresh,4,tomato,fresh,none,train,g00503,Fruits_Vegetables_Dataset(12000)/Vegetables/FreshTomato/freshTomato (115).jpg,https://www.kaggle.com/datasets/muhriddinmuxiddinov/fruits-and-vegetables-dataset,2,publisher_fresh_rotten_folder,not_annotated,4f0e5b6e88a33fcce9032bdb92388f18efd376fa86f590f3ecb8377bae3ed63a,93031bc49318818ade1627909d0bceee806ff3c88e37a52fe8c840beb14a85c4,1000,1000,8877305401938907632,2111512141975081925
tomato_fresh_0447,images/tomato_fresh/tomato_fresh_0447.jpg,tomato_fresh,4,tomato,fresh,none,train,g00692,Fruits_Vegetables_Dataset(12000)/Vegetables/FreshTomato/freshTomato (246).jpg,https://www.kaggle.com/datasets/muhriddinmuxiddinov/fruits-and-vegetables-dataset,2,publisher_fresh_rotten_folder,not_annotated,1b2ae67ed337bcce2a4ebd2fa3eba36c0bde946f83b6563ec60d27a934c15350,1f188907b218c90decbed48fc52696fa09f92608a8000a9c05225a3ab9773847,224,224,7967348685311414820,9221680798554867495
tomato_fresh_0457,images/tomato_fresh/tomato_fresh_0457.png,tomato_fresh,4,tomato,fresh,none,train,g00700,Fruits_Vegetables_Dataset(12000)/Vegetables/FreshTomato/freshTomato (301).png,https://www.kaggle.com/datasets/muhriddinmuxiddinov/fruits-and-vegetables-dataset,2,publisher_fresh_rotten_folder,not_annotated,07f02d80cc8cf96c307d63e37b040923ac4858a3765bdceb0642171c78d4e799,5d0bdaf36974b265657d8d9c21872cb11d19309c7641f4badbc1db4ae6dbc91d,480,322,6600124691689167957,13380319123650915442
tomato_fresh_0407,images/tomato_fresh/tomato_fresh_0407.png,tomato_fresh,4,tomato,fresh,none,train,g00700,Fruits_Vegetables_Dataset(12000)/Vegetables/FreshTomato/freshTomato (129).png,https://www.kaggle.com/datasets/muhriddinmuxiddinov/fruits-and-vegetables-dataset,2,publisher_fresh_rotten_folder,not_annotated,6f0d3f4440afd6d0b99e0643666600b07276247f4596f62070ac130e761e2d5c,4d401f7a9d0366b51356a99a3e6c4bdd6644aae144af3f1f44876ef2814624ec,480,322,2726463255547670841,5505187468196431830
tomato_fresh_0442,images/tomato_fresh/tomato_fresh_0442.png,tomato_fresh,4,tomato,fresh,none,train,g00700,Fruits_Vegetables_Dataset(12000)/Vegetables/FreshTomato/freshTomato (231).png,https://www.kaggle.com/datasets/muhriddinmuxiddinov/fruits-and-vegetables-dataset,2,publisher_fresh_rotten_folder,not_annotated,8bfcb5236b623a52d03d358f830249fbc4cef8b870f3520305dc5de152bd84cd,9e569ae0089d41d3dbc7247d5d06bfd9384a937c0d9492ed3d04c1193fc48e9a,480,322,7637472730656429700,1302212417502825430
tomato_fresh_0406,images/tomato_fresh/tomato_fresh_0406.png,tomato_fresh,4,tomato,fresh,none,train,g00700,Fruits_Vegetables_Dataset(12000)/Vegetables/FreshTomato/freshTomato (124).png,https://www.kaggle.com/datasets/muhriddinmuxiddinov/fruits-and-vegetables-dataset,2,publisher_fresh_rotten_folder,not_annotated,5d7b0f13e2cebf73a8b11666563c28fd14ddca48bd9c57ab68f18e65afaef67b,7785704bb8a7c5d3900378c352643777b1c66b67009398c5263ac35e363b356c,480,322,3480620282675751626,13147934864051121807
tomato_fresh_0432,images/tomato_fresh/tomato_fresh_0432.png,tomato_fresh,4,tomato,fresh,none,train,g00700,Fruits_Vegetables_Dataset(12000)/Vegetables/FreshTomato/freshTomato (208).png,https://www.kaggle.com/datasets/muhriddinmuxiddinov/fruits-and-vegetables-dataset,2,publisher_fresh_rotten_folder,not_annotated,b70b7ff4c208740416680c2d05266cc91fe9a2d4a3e45760a61bb5672affe19a,ccad27f8278bf8b3d1ea4a29e694cf51e9a8b6e41b22a47fc006a6396559aa20,480,322,8571634846317740830,10093805099253575118
tomato_fresh_0421,images/tomato_fresh/tomato_fresh_0421.jpg,tomato_fresh,4,tomato,fresh,none,train,g00692,Fruits_Vegetables_Dataset(12000)/Vegetables/FreshTomato/freshTomato (183).jpg,https://www.kaggle.com/datasets/muhriddinmuxiddinov/fruits-and-vegetables-dataset,2,publisher_fresh_rotten_folder,not_annotated,316fa8a10740b5e13dd8301ee82484bc12ac3f1e4332ecd9d8c0155fb67dddea,953889f3a3bdbe52e2f0be9ed9f4c52ade0fdd166c6c78cbf2c60fb5f7713ffe,224,224,776804223276559934,16210988298248593215
tomato_fresh_0415,images/tomato_fresh/tomato_fresh_0415.png,tomato_fresh,4,tomato,fresh,none,train,g00700,Fruits_Vegetables_Dataset(12000)/Vegetables/FreshTomato/freshTomato (168).png,https://www.kaggle.com/datasets/muhriddinmuxiddinov/fruits-and-vegetables-dataset,2,publisher_fresh_rotten_folder,not_annotated,a2b17b43ee5afd83115d0b368308a5419d46da7189b6f82cc3a048995fe9645f,211f3ba02a805317955a76a38f15cac7b190b039334d8ad9cd229561e802e9f9,480,322,1213805086494287541,3718157424290219754
tomato_fresh_0435,images/tomato_fresh/tomato_fresh_0435.png,tomato_fresh,4,tomato,fresh,none,train,g00700,Fruits_Vegetables_Dataset(12000)/Vegetables/FreshTomato/freshTomato (214).png,https://www.kaggle.com/datasets/muhriddinmuxiddinov/fruits-and-vegetables-dataset,2,publisher_fresh_rotten_folder,not_annotated,7beb8cfb867fb3fafe612776be9615cfa48a87a1cc910c0131f3d209470b51e9,7390b352ff58a0a5bc6be94a9fd5d78ce91907500df4f7079d69bc77e58cabba,480,322,7920290114625129785,14306567764419200598
tomato_fresh_0464,images/tomato_fresh/tomato_fresh_0464.jpg,tomato_fresh,4,tomato,fresh,none,train,g00692,Fruits_Vegetables_Dataset(12000)/Vegetables/FreshTomato/freshTomato (45).jpg,https://www.kaggle.com/datasets/muhriddinmuxiddinov/fruits-and-vegetables-dataset,2,publisher_fresh_rotten_folder,not_annotated,2508e8dd27c91e261bfee67b3b00dd812f31d4d597e3c710e1ca6216b2422dfe,bc9e38d6e2cfc5d2f5f72bc85c32768e44a7b74a6e64b701ce6dba0190b61d9d,224,224,7349884658194029720,7188202695491462915
tomato_fresh_0418,images/tomato_fresh/tomato_fresh_0418.jpg,tomato_fresh,4,tomato,fresh,none,train,g00692,Fruits_Vegetables_Dataset(12000)/Vegetables/FreshTomato/freshTomato (178).jpg,https://www.kaggle.com/datasets/muhriddinmuxiddinov/fruits-and-vegetables-dataset,2,publisher_fresh_rotten_folder,not_annotated,baee1744b057c8f043b7a82ec4954f26221e20e371f5a191d2560a854d3b2295,0e81c5668c2879fd0b02726f0d9f653d2d0665b8d96d32b7378ec8b1ab2caf8a,224,224,2637378633867121348,18158231049633988351
tomato_fresh_0441,images/tomato_fresh/tomato_fresh_0441.png,tomato_fresh,4,tomato,fresh,none,train,g00700,Fruits_Vegetables_Dataset(12000)/Vegetables/FreshTomato/freshTomato (227).png,https://www.kaggle.com/datasets/muhriddinmuxiddinov/fruits-and-vegetables-dataset,2,publisher_fresh_rotten_folder,not_annotated,2d68712c43b32577d92d8a627abc7b94faf07940a31c6f7b1ba0ec27dda2cd62,b75788c28290eb312d1b85bda93b22148aa506c00555644f14d9a554ef64bc7e,320,258,7014750898517916030,5013793708841240070
tomato_fresh_0463,images/tomato_fresh/tomato_fresh_0463.jpg,tomato_fresh,4,tomato,fresh,none,train,g00692,Fruits_Vegetables_Dataset(12000)/Vegetables/FreshTomato/freshTomato (41).jpg,https://www.kaggle.com/datasets/muhriddinmuxiddinov/fruits-and-vegetables-dataset,2,publisher_fresh_rotten_folder,not_annotated,31d478fbc87b1db2a9823c12d991f6ea3402d231c7163d39536948485cf8756b,9189f734127428712d5ea4d9779da69a1bf85a6fa3eaa7c5f995a1a9f4ca1874,224,224,8052324423405413896,18091653210776339
tomato_fresh_0454,images/tomato_fresh/tomato_fresh_0454.jpg,tomato_fresh,4,tomato,fresh,none,train,g00639,Fruits_Vegetables_Dataset(12000)/Vegetables/FreshTomato/freshTomato (275).jpg,https://www.kaggle.com/datasets/muhriddinmuxiddinov/fruits-and-vegetables-dataset,2,publisher_fresh_rotten_folder,not_annotated,944b383ce465b22ee9c886d2a48f09867be58bfd293f3f3324a4dad1decec44c,d860a0bd9874781d0cac7e26c7a743c0bc96e46b543ad47194e71d2c5f4c0214,224,224,7234359456232059748,17935241123629166816
tomato_fresh_0423,images/tomato_fresh/tomato_fresh_0423.png,tomato_fresh,4,tomato,fresh,none,train,g00700,Fruits_Vegetables_Dataset(12000)/Vegetables/FreshTomato/freshTomato (185).png,https://www.kaggle.com/datasets/muhriddinmuxiddinov/fruits-and-vegetables-dataset,2,publisher_fresh_rotten_folder,not_annotated,72918c1dd2f73721eefa66db123b47c2a036642d88f43ab7df1dff88fcbe7bc4,1e376ad1107aba6216e88a4259d1a7999107abebda9912f02bfbe046163c8e10,480,322,8183843554266294373,11001324490952808962
tomato_fresh_0455,images/tomato_fresh/tomato_fresh_0455.jpg,tomato_fresh,4,tomato,fresh,none,train,g00692,Fruits_Vegetables_Dataset(12000)/Vegetables/FreshTomato/freshTomato (28).jpg,https://www.kaggle.com/datasets/muhriddinmuxiddinov/fruits-and-vegetables-dataset,2,publisher_fresh_rotten_folder,not_annotated,b5f7b5a484565d907583d345c7d2b72ee1e167394c91cd122b5e97b43a9ff2e6,fda024c5a2c5bb02f91d79285fbf781c24bef6ad293fb04d1def0de1d2be8f1e,224,224,7319645070907814860,9091339912675619
tomato_fresh_0458,images/tomato_fresh/tomato_fresh_0458.png,tomato_fresh,4,tomato,fresh,none,train,g00700,Fruits_Vegetables_Dataset(12000)/Vegetables/FreshTomato/freshTomato (308).png,https://www.kaggle.com/datasets/muhriddinmuxiddinov/fruits-and-vegetables-dataset,2,publisher_fresh_rotten_folder,not_annotated,d64d86df1597e1d234e8b67925e78aa3da83823d90b722c33b65ac505ce47797,98be92f718fa8912766125c44a4585a9692d4ab66ea556ac94d0f991075bf150,480,322,7217175589460318980,9779170399799895648
tomato_fresh_0412,images/tomato_fresh/tomato_fresh_0412.jpg,tomato_fresh,4,tomato,fresh,none,train,g00539,Fruits_Vegetables_Dataset(12000)/Vegetables/FreshTomato/freshTomato (155).jpg,https://www.kaggle.com/datasets/muhriddinmuxiddinov/fruits-and-vegetables-dataset,2,publisher_fresh_rotten_folder,not_annotated,3d7de183b9c509c06dfdb2104f5dea12a2efb6fa0e4f7630550ad7fcb14d4d63,c9bdd3ad493760ecaa79ac9abf36ff1eb8f38f0c0bf20e6f0f893b21d34857de,100,100,3370329950991421266,9227725512026562432
tomato_fresh_0428,images/tomato_fresh/tomato_fresh_0428.jpg,tomato_fresh,4,tomato,fresh,none,train,g00692,Fruits_Vegetables_Dataset(12000)/Vegetables/FreshTomato/freshTomato (195).jpg,https://www.kaggle.com/datasets/muhriddinmuxiddinov/fruits-and-vegetables-dataset,2,publisher_fresh_rotten_folder,not_annotated,873262f2dbcc690c157b19dd6e23ff59694c10efa14b9c308b6c73e3a2e0cf94,83a817e46e514fba81c09a3e1d59f446598eecafc41a63f661a01f343f0e4f80,224,224,1264918531465078466,18374403883050782587
tomato_fresh_0460,images/tomato_fresh/tomato_fresh_0460.png,tomato_fresh,4,tomato,fresh,none,train,g00677,Fruits_Vegetables_Dataset(12000)/Vegetables/FreshTomato/freshTomato (323).png,https://www.kaggle.com/datasets/muhriddinmuxiddinov/fruits-and-vegetables-dataset,2,publisher_fresh_rotten_folder,not_annotated,ff34dd046bc7231489ae12a31d50e38474cfff508f557f3e2a9126495c13002b,189029dafe88c606dc7e2f578a53a87b524dc00fa8cf67ab795582b700d63fc4,305,381,7247588656236817604,8200076933349969888
tomato_fresh_0466,images/tomato_fresh/tomato_fresh_0466.png,tomato_fresh,4,tomato,fresh,none,train,g00700,Fruits_Vegetables_Dataset(12000)/Vegetables/FreshTomato/freshTomato (49).png,https://www.kaggle.com/datasets/muhriddinmuxiddinov/fruits-and-vegetables-dataset,2,publisher_fresh_rotten_folder,not_annotated,21614ea3db3f65294cfe3cf1404328138e70a491a57209900dcbcc7b06a4f950,f73006d639db5599f3ab48bee2120a3aa63cf588dbb00fbcbc0b92596f7f5f16,480,322,7336326476171790398,16295719855524581012
tomato_fresh_0472,images/tomato_fresh/tomato_fresh_0472.jpg,tomato_fresh,4,tomato,fresh,none,train,g00719,Fruits_Vegetables_Dataset(12000)/Vegetables/FreshTomato/freshTomato (81).jpg,https://www.kaggle.com/datasets/muhriddinmuxiddinov/fruits-and-vegetables-dataset,2,publisher_fresh_rotten_folder,not_annotated,62c6e3935ad2d30c6cc05fe0955dfb5d23fc0b64480f69f5bf0ceadd176dcb15,aca793b5adf76e1319ee856333a9654a9c50763bec1917096ee34cfad422cc89,407,435,4606162693125914742,8042636695503142719
tomato_fresh_0410,images/tomato_fresh/tomato_fresh_0410.png,tomato_fresh,4,tomato,fresh,none,train,g00700,Fruits_Vegetables_Dataset(12000)/Vegetables/FreshTomato/freshTomato (15).png,https://www.kaggle.com/datasets/muhriddinmuxiddinov/fruits-and-vegetables-dataset,2,publisher_fresh_rotten_folder,not_annotated,e70e19bf165314a737b086bff9bfca917bafa89d1602cdaa3bfbe52ada817d0a,2cae7ee791ae22f6594111365287a1c629862780a646b3e353e32f06e9d43004,320,258,2714835045219022373,7476972927423669127
tomato_fresh_0445,images/tomato_fresh/tomato_fresh_0445.jpg,tomato_fresh,4,tomato,fresh,none,train,g00692,Fruits_Vegetables_Dataset(12000)/Vegetables/FreshTomato/freshTomato (241).jpg,https://www.kaggle.com/datasets/muhriddinmuxiddinov/fruits-and-vegetables-dataset,2,publisher_fresh_rotten_folder,not_annotated,3544c97d39974b02098e84619d9d975fbfaa58ef816dddca285fe1000453878b,34e57f80f41b6ba9d2f57a2aab3b9fb858ac9f21e60cec5435d45b1adbf1f8f2,224,224,2297053787611513103,17968739336962258283
tomato_fresh_0416,images/tomato_fresh/tomato_fresh_0416.png,tomato_fresh,4,tomato,fresh,none,train,g00700,Fruits_Vegetables_Dataset(12000)/Vegetables/FreshTomato/freshTomato (170).png,https://www.kaggle.com/datasets/muhriddinmuxiddinov/fruits-and-vegetables-dataset,2,publisher_fresh_rotten_folder,not_annotated,ed472576934d1a4e4e4baa3da1a156e2e108ae4391b80c380007af6ebb453c44,74b279c7d11a6dba37ac07661d1598f856bd8ec90a2fdbd268b89f5e37d0450b,320,258,3398197591630090734,13671049727162862912
tomato_fresh_0434,images/tomato_fresh/tomato_fresh_0434.jpg,tomato_fresh,4,tomato,fresh,none,train,g00692,Fruits_Vegetables_Dataset(12000)/Vegetables/FreshTomato/freshTomato (213).jpg,https://www.kaggle.com/datasets/muhriddinmuxiddinov/fruits-and-vegetables-dataset,2,publisher_fresh_rotten_folder,not_annotated,b66984f74d111e4c43d7d2b9c33412c25e2218447cc27c1ddad6de463622a2de,b0c07093c0861e0d12316828563cd7bf6f151ba71ff1dccd86d7866d07bf535c,224,224,2919976168590240806,17437504769506139639
tomato_fresh_0473,images/tomato_fresh/tomato_fresh_0473.jpg,tomato_fresh,4,tomato,fresh,none,train,g00723,Fruits_Vegetables_Dataset(12000)/Vegetables/FreshTomato/freshTomato (86).jpg,https://www.kaggle.com/datasets/muhriddinmuxiddinov/fruits-and-vegetables-dataset,2,publisher_fresh_rotten_folder,not_annotated,3d0cbf9f08bf2d4fac4b9fae8e438f92665ed330e51a0b306feb8db60280070b,bb210fd2525b3bdeb4474072549c6f31bef4147775a64c9dd651daa8fc475bc5,2978,1494,3302990453701723975,11974629914230290295
tomato_fresh_0451,images/tomato_fresh/tomato_fresh_0451.png,tomato_fresh,4,tomato,fresh,none,train,g00700,Fruits_Vegetables_Dataset(12000)/Vegetables/FreshTomato/freshTomato (266).png,https://www.kaggle.com/datasets/muhriddinmuxiddinov/fruits-and-vegetables-dataset,2,publisher_fresh_rotten_folder,not_annotated,8405c3dd2801fd9dc86e48c6aee5324d45646df327aa3e46084834c34324d412,f2ee70a5331d865ec9045da9f086656b2b19b320f34baa616f3dd020c75c032b,480,322,3281398750102591160,8228990349167961917
tomato_fresh_0408,images/tomato_fresh/tomato_fresh_0408.png,tomato_fresh,4,tomato,fresh,none,train,g00700,Fruits_Vegetables_Dataset(12000)/Vegetables/FreshTomato/freshTomato (135).png,https://www.kaggle.com/datasets/muhriddinmuxiddinov/fruits-and-vegetables-dataset,2,publisher_fresh_rotten_folder,not_annotated,3158d53d6c31221bccefbdd916b4bea46830213024cdd2b0385f021c829e1270,84131597906d927ace89d5f802b34150b285d22174b0e410347c42155c901818,480,322,551059622709269874,14301566366742848499
tomato_fresh_0459,images/tomato_fresh/tomato_fresh_0459.png,tomato_fresh,4,tomato,fresh,none,train,g00700,Fruits_Vegetables_Dataset(12000)/Vegetables/FreshTomato/freshTomato (313).png,https://www.kaggle.com/datasets/muhriddinmuxiddinov/fruits-and-vegetables-dataset,2,publisher_fresh_rotten_folder,not_annotated,090aa0acdb2601c80b55cffa7356377f9ba68c877ae1a01c1b65524c9b65c0fc,a096707ec521b714e5ad422513f33c8c378e89d3f1c73bea99fac17a1060eb34,480,322,7054937294687664637,14233506542682820230
tomato_fresh_0426,images/tomato_fresh/tomato_fresh_0426.jpg,tomato_fresh,4,tomato,fresh,none,train,g00692,Fruits_Vegetables_Dataset(12000)/Vegetables/FreshTomato/freshTomato (190).jpg,https://www.kaggle.com/datasets/muhriddinmuxiddinov/fruits-and-vegetables-dataset,2,publisher_fresh_rotten_folder,not_annotated,bd23f85ebadbece2a61095da4312d82876c14f1b2b978240ab0f4c0521e63073,c4414ec1fb46feff7bd9b37c3cdb8330a19eec63cce67aeb9a71f481b4992ffe,224,224,4584603830767435969,8466620499461895155
tomato_fresh_0453,images/tomato_fresh/tomato_fresh_0453.png,tomato_fresh,4,tomato,fresh,none,train,g00700,Fruits_Vegetables_Dataset(12000)/Vegetables/FreshTomato/freshTomato (273).png,https://www.kaggle.com/datasets/muhriddinmuxiddinov/fruits-and-vegetables-dataset,2,publisher_fresh_rotten_folder,not_annotated,ffbf098a50c6c7b5e77a0a462211ccca404c19c9a3f71cdd2089f22e5654228b,ed48d82d68fee23ab0111d2ec6a7dc5d8a9cd31ce87b5cbbf7d96babb4e09c62,480,322,4455261155272995508,9667009685880383282
tomato_fresh_0468,images/tomato_fresh/tomato_fresh_0468.png,tomato_fresh,4,tomato,fresh,none,train,g00700,Fruits_Vegetables_Dataset(12000)/Vegetables/FreshTomato/freshTomato (60).png,https://www.kaggle.com/datasets/muhriddinmuxiddinov/fruits-and-vegetables-dataset,2,publisher_fresh_rotten_folder,not_annotated,6680b87deaf5238ed705013d08f5da764ae2d3d0fa12ee053b1ebdc6dfca8aa3,724336222687101f4fb376bbe3f6a2fcc8ff8fd437b6bc174867ee939548ce12,480,322,7116295870366488157,14666382047483562931
tomato_fresh_0433,images/tomato_fresh/tomato_fresh_0433.jpg,tomato_fresh,4,tomato,fresh,none,train,g00692,Fruits_Vegetables_Dataset(12000)/Vegetables/FreshTomato/freshTomato (212).jpg,https://www.kaggle.com/datasets/muhriddinmuxiddinov/fruits-and-vegetables-dataset,2,publisher_fresh_rotten_folder,not_annotated,d11484f2c9d56906a53ff12304587ed9129b578e64135915a57fc6765141f63f,095ffcbe865fe8f9ca30c00a6b6757cdbe52877ab8a6f4e877cf7edc7be7c584,224,224,3301924013658632754,16244973786450294775
tomato_fresh_0456,images/tomato_fresh/tomato_fresh_0456.png,tomato_fresh,4,tomato,fresh,none,train,g00700,Fruits_Vegetables_Dataset(12000)/Vegetables/FreshTomato/freshTomato (296).png,https://www.kaggle.com/datasets/muhriddinmuxiddinov/fruits-and-vegetables-dataset,2,publisher_fresh_rotten_folder,not_annotated,9c9e75e0e89f2cb2e5bf8d16e4608befeaebb9aef03e539e868139be5f07c0db,41013b86a097e552525eeb722cf82f17a19771fc68db80f04e9bae84f6a1663f,480,322,4926405764160055567,11021687920263611602
tomato_fresh_0425,images/tomato_fresh/tomato_fresh_0425.png,tomato_fresh,4,tomato,fresh,none,train,g00700,Fruits_Vegetables_Dataset(12000)/Vegetables/FreshTomato/freshTomato (19).png,https://www.kaggle.com/datasets/muhriddinmuxiddinov/fruits-and-vegetables-dataset,2,publisher_fresh_rotten_folder,not_annotated,bd0697b68cb1928dbe132d03211495cab881388b52e5b6b5692b2e1793991152,1640ee21a589330a9409a0bb42b65db4c462d496336ff2e52b7ae1641b9ea761,480,322,4199511698486477943,15947873196983525299
tomato_fresh_0440,images/tomato_fresh/tomato_fresh_0440.png,tomato_fresh,4,tomato,fresh,none,train,g00700,Fruits_Vegetables_Dataset(12000)/Vegetables/FreshTomato/freshTomato (221).png,https://www.kaggle.com/datasets/muhriddinmuxiddinov/fruits-and-vegetables-dataset,2,publisher_fresh_rotten_folder,not_annotated,f0ee468d2ffa8e13e302f0874585ec1a9d5844f4faddb002c831e53b0de6035a,079dfd7ba9c1a16af22f2474f1054e061e059c1e0451a0282eedd0c00b4a587f,480,322,4515280913432536812,13382278295426192741
tomato_fresh_0411,images/tomato_fresh/tomato_fresh_0411.png,tomato_fresh,4,tomato,fresh,none,train,g00700,Fruits_Vegetables_Dataset(12000)/Vegetables/FreshTomato/freshTomato (151).png,https://www.kaggle.com/datasets/muhriddinmuxiddinov/fruits-and-vegetables-dataset,2,publisher_fresh_rotten_folder,not_annotated,2245412952e511ffd25f0336266dfc63877c2d1a9238e350b0bddae96b96ea56,2c31cc7626e2cc80bdc7fcf2e0764eddb7834a465bd7e20a6f1d73f6b560f4df,480,322,8784595858724114860,1088484014216853094
tomato_fresh_0403,images/tomato_fresh/tomato_fresh_0403.jpg,tomato_fresh,4,tomato,fresh,none,train,g00692,Fruits_Vegetables_Dataset(12000)/Vegetables/FreshTomato/freshTomato (11).jpg,https://www.kaggle.com/datasets/muhriddinmuxiddinov/fruits-and-vegetables-dataset,2,publisher_fresh_rotten_folder,not_annotated,2cfc5d904923a3b9a48bb21f18ee4234951f910a8c57da84c99837c700d2031b,333392cc66747ad9a11fa37e0df0b99cdd0bc04f230ea70f7560f0e34be858c4,224,224,7316825923811488726,16208680212162070244
tomato_fresh_0414,images/tomato_fresh/tomato_fresh_0414.png,tomato_fresh,4,tomato,fresh,none,train,g00700,Fruits_Vegetables_Dataset(12000)/Vegetables/FreshTomato/freshTomato (164).png,https://www.kaggle.com/datasets/muhriddinmuxiddinov/fruits-and-vegetables-dataset,2,publisher_fresh_rotten_folder,not_annotated,f1cc177ffccc401db4a4ed8933e65c0ce02d405fa6d911a329e7972764de0e83,76077d38728fbff46fdfee832a23e432df601131c607479371b6410ec928a82a,480,322,2716159725239131702,10648564316464800311
tomato_fresh_0471,images/tomato_fresh/tomato_fresh_0471.png,tomato_fresh,4,tomato,fresh,none,train,g00700,Fruits_Vegetables_Dataset(12000)/Vegetables/FreshTomato/freshTomato (71).png,https://www.kaggle.com/datasets/muhriddinmuxiddinov/fruits-and-vegetables-dataset,2,publisher_fresh_rotten_folder,not_annotated,654d6b25791f3c124a2d0f43347a75bbafc0339fc984e036bbbede60e26af807,dbcb993df3c06059db0af897e5515eebb38a37020ba453e370604ac3f0cc2c13,480,322,3911549372893473840,4240593068675591230
tomato_fresh_0405,images/tomato_fresh/tomato_fresh_0405.png,tomato_fresh,4,tomato,fresh,none,train,g00700,Fruits_Vegetables_Dataset(12000)/Vegetables/FreshTomato/freshTomato (122).png,https://www.kaggle.com/datasets/muhriddinmuxiddinov/fruits-and-vegetables-dataset,2,publisher_fresh_rotten_folder,not_annotated,7e6a37c53c2ac80203397fbc6918f15573799dc082983328b0ccee364959060b,c9e98de990afaeaa9b3f2f013abe2df3b191f036fb0b46886f7bea715bc3bbf6,480,322,8501419826884972837,802510210114528870
tomato_fresh_0420,images/tomato_fresh/tomato_fresh_0420.png,tomato_fresh,4,tomato,fresh,none,train,g00700,Fruits_Vegetables_Dataset(12000)/Vegetables/FreshTomato/freshTomato (180).png,https://www.kaggle.com/datasets/muhriddinmuxiddinov/fruits-and-vegetables-dataset,2,publisher_fresh_rotten_folder,not_annotated,b61f8fc0e91e9cb34cfd53882d10419c6b39d061c7cfa5b4f4db77100067b1e2,ceb79dc7f3e7a6a4721a32a8960d4d323e81dd0257e96420eba86659da4e24d6,480,322,2441025280519560467,15244011387490617692
tomato_fresh_0444,images/tomato_fresh/tomato_fresh_0444.png,tomato_fresh,4,tomato,fresh,none,train,g00700,Fruits_Vegetables_Dataset(12000)/Vegetables/FreshTomato/freshTomato (238).png,https://www.kaggle.com/datasets/muhriddinmuxiddinov/fruits-and-vegetables-dataset,2,publisher_fresh_rotten_folder,not_annotated,c019281cffd6956b5e28a4b0ee5017263f1ebbd6dd6ee93d6f6cfbec284e58b1,ebedf715762322a0bdcbee6eb0cbe814d4aacc43761befc352a517fd98a4404a,320,258,2500787576592299559,18365131130717824973
tomato_fresh_0437,images/tomato_fresh/tomato_fresh_0437.jpg,tomato_fresh,4,tomato,fresh,none,train,g00692,Fruits_Vegetables_Dataset(12000)/Vegetables/FreshTomato/freshTomato (218).jpg,https://www.kaggle.com/datasets/muhriddinmuxiddinov/fruits-and-vegetables-dataset,2,publisher_fresh_rotten_folder,not_annotated,9588a69e8f61b63bf368964de4b09d377b2e89c8293be6db15cf5d18b17c6c8d,8bb3054732ac7d2e35553910a959110ef4a9dff12f143824881cbbe215d45c53,224,224,3657148565210347502,13831642547452975927
tomato_fresh_0401,images/tomato_fresh/tomato_fresh_0401.jpg,tomato_fresh,4,tomato,fresh,none,train,g00493,Fruits_Vegetables_Dataset(12000)/Vegetables/FreshTomato/freshTomato (104).jpg,https://www.kaggle.com/datasets/muhriddinmuxiddinov/fruits-and-vegetables-dataset,2,publisher_fresh_rotten_folder,not_annotated,0cd65d3bdd5c66e243732b3c477b316ea146fb1c891be8794a431d6de79dd7be,cc29480310ea7438f242193c5f1b427044c9f2fcbd89003e185ee8a10f60ffc0,1600,2838,3308053046951835489,12904228515303010158
tomato_fresh_0446,images/tomato_fresh/tomato_fresh_0446.png,tomato_fresh,4,tomato,fresh,none,train,g00700,Fruits_Vegetables_Dataset(12000)/Vegetables/FreshTomato/freshTomato (244).png,https://www.kaggle.com/datasets/muhriddinmuxiddinov/fruits-and-vegetables-dataset,2,publisher_fresh_rotten_folder,not_annotated,96530112d299e6dbb5b46a2027cc8a4632b10a5eaad0f79e9759285d882cf4ad,562ffbf3d0723c12ea33564084f89a514e274c412f2bc2c09a00bbe1f438ea42,480,322,7129982592691814232,9479827001684316355
tomato_fresh_0475,images/tomato_fresh/tomato_fresh_0475.png,tomato_fresh,4,tomato,fresh,none,train,g00700,Fruits_Vegetables_Dataset(12000)/Vegetables/FreshTomato/freshTomato (9).png,https://www.kaggle.com/datasets/muhriddinmuxiddinov/fruits-and-vegetables-dataset,2,publisher_fresh_rotten_folder,not_annotated,f42b3129fe5dfcd122f396fba7504dd8377a723bd18cbc15aed91e75a3bd6d71,f68141f47a5d32a466ec4b59af4dfe9e4a8887d339da737f7fb350ded7c8f96f,480,322,1340472984013135719,11285011829072106700
tomato_fresh_0452,images/tomato_fresh/tomato_fresh_0452.jpg,tomato_fresh,4,tomato,fresh,none,train,g00639,Fruits_Vegetables_Dataset(12000)/Vegetables/FreshTomato/freshTomato (269).jpg,https://www.kaggle.com/datasets/muhriddinmuxiddinov/fruits-and-vegetables-dataset,2,publisher_fresh_rotten_folder,not_annotated,1dec57e7d5ad6084ba5154bc290f5b476efbf97b714c71bd56200c8d8eec3940,dd16aac01abc4a5383dbdc142dbf6a9be01dcf15397453cb6607f03908d33412,224,224,7740144703220524647,18150603371140800752
tomato_fresh_0478,images/tomato_fresh/tomato_fresh_0478.jpg,tomato_fresh,4,tomato,fresh,none,train,g00733,Fruits_Vegetables_Dataset(12000)/Vegetables/FreshTomato/freshTomato (97).jpg,https://www.kaggle.com/datasets/muhriddinmuxiddinov/fruits-and-vegetables-dataset,2,publisher_fresh_rotten_folder,not_annotated,ba30cd99dca718a312fd4a814f421e3f98889ef924713c22a25a42b08bdf32f2,9f7d1900c982edb800e30dbb3d36ae175a57ed6c8ad1f32a67829e3be5cd314b,850,1170,5170798734607261412,16773846799322727508
tomato_fresh_0436,images/tomato_fresh/tomato_fresh_0436.png,tomato_fresh,4,tomato,fresh,none,train,g00700,Fruits_Vegetables_Dataset(12000)/Vegetables/FreshTomato/freshTomato (216).png,https://www.kaggle.com/datasets/muhriddinmuxiddinov/fruits-and-vegetables-dataset,2,publisher_fresh_rotten_folder,not_annotated,378156cadbabecbfd58d54ab9a9e7a0548aac23f727de6b15030726df734123f,067bde686bdf9d79c8a3cd3603ca0c4d7009c382901cb249b5d52ed0162b6c96,480,322,8921165214901208469,3554275418108729752
tomato_fresh_0449,images/tomato_fresh/tomato_fresh_0449.png,tomato_fresh,4,tomato,fresh,none,train,g00700,Fruits_Vegetables_Dataset(12000)/Vegetables/FreshTomato/freshTomato (25).png,https://www.kaggle.com/datasets/muhriddinmuxiddinov/fruits-and-vegetables-dataset,2,publisher_fresh_rotten_folder,not_annotated,10440a0d172cb43c0e5cd8462a46d92b1b7c24959d911e9c81642c327bf2e757,f39db18c296ee72e73987b54898625eddd32602ad219443e073bb232c0b4ddf4,480,322,8201627085741694457,10780518582795405731
tomato_fresh_0462,images/tomato_fresh/tomato_fresh_0462.png,tomato_fresh,4,tomato,fresh,none,train,g00700,Fruits_Vegetables_Dataset(12000)/Vegetables/FreshTomato/freshTomato (36).png,https://www.kaggle.com/datasets/muhriddinmuxiddinov/fruits-and-vegetables-dataset,2,publisher_fresh_rotten_folder,not_annotated,614934944c7ceb79331e1a66c62af14b9ce50760c63dcd8c400b0901acd5fc0d,c301344f0ffbbf1031cf6a0b7d1e553f46eac15a398dd5b431faaae3d590edcb,480,322,5545764060781589411,14421110541872715763
tomato_fresh_0409,images/tomato_fresh/tomato_fresh_0409.png,tomato_fresh,4,tomato,fresh,none,train,g00700,Fruits_Vegetables_Dataset(12000)/Vegetables/FreshTomato/freshTomato (14).png,https://www.kaggle.com/datasets/muhriddinmuxiddinov/fruits-and-vegetables-dataset,2,publisher_fresh_rotten_folder,not_annotated,6e810448ea0226893548e422630b0668c5cd71a3d2f27879d5c02530eb3f55c0,dad2f94b66a551c66b8db50533ec613b40aeb2d92dd4574a0ba8254eaef5326b,480,322,8428434823566116368,868637583217039094
tomato_fresh_0443,images/tomato_fresh/tomato_fresh_0443.png,tomato_fresh,4,tomato,fresh,none,train,g00700,Fruits_Vegetables_Dataset(12000)/Vegetables/FreshTomato/freshTomato (232).png,https://www.kaggle.com/datasets/muhriddinmuxiddinov/fruits-and-vegetables-dataset,2,publisher_fresh_rotten_folder,not_annotated,6cf0141ae1aa8bf619f41de4e49ab8418c670a2ad19f76cae1d753fa8fda1f33,122bd6666c1fe0239a75bec0f5c427ab4f1f995408bf7e7a23b0fab58b090db1,320,258,3051177315481606455,14942605625752501126
tomato_fresh_0467,images/tomato_fresh/tomato_fresh_0467.jpg,tomato_fresh,4,tomato,fresh,none,train,g00692,Fruits_Vegetables_Dataset(12000)/Vegetables/FreshTomato/freshTomato (58).jpg,https://www.kaggle.com/datasets/muhriddinmuxiddinov/fruits-and-vegetables-dataset,2,publisher_fresh_rotten_folder,not_annotated,e686e20a3c81cbf90d853fb70d10e94ee902cbd419703bff2d940a583a50e5be,eaf5319e5b8e174edcd4c277b2224512b156230941af5b5998c24d46007e9673,224,224,8637860534867764775,2314934073308882438
tomato_fresh_0413,images/tomato_fresh/tomato_fresh_0413.png,tomato_fresh,4,tomato,fresh,none,train,g00700,Fruits_Vegetables_Dataset(12000)/Vegetables/FreshTomato/freshTomato (157).png,https://www.kaggle.com/datasets/muhriddinmuxiddinov/fruits-and-vegetables-dataset,2,publisher_fresh_rotten_folder,not_annotated,778181d04c24ffa8263cc134c4e61fb3eaf448d4f7331fb2d501a151a041de1b,3b5ec7f24cd9c0236218c91d4d7a83cc7728af766fd1a26c1ca9ae1caaeb8656,320,258,3195949923199406018,9744429699315513190
tomato_fresh_0474,images/tomato_fresh/tomato_fresh_0474.jpg,tomato_fresh,4,tomato,fresh,none,train,g00724,Fruits_Vegetables_Dataset(12000)/Vegetables/FreshTomato/freshTomato (87).jpg,https://www.kaggle.com/datasets/muhriddinmuxiddinov/fruits-and-vegetables-dataset,2,publisher_fresh_rotten_folder,not_annotated,5fc2436c9dfaa9e2ba1df4b869dcc46b134d9d88ad6c3a5adf7817c5e33b9989,a35cfd99d3a695a428fb87055366e373b5a3d41821e89e59c75b62169b11839d,1024,1120,3397915360776869933,8020734117504292633
tomato_fresh_0465,images/tomato_fresh/tomato_fresh_0465.jpg,tomato_fresh,4,tomato,fresh,none,train,g00692,Fruits_Vegetables_Dataset(12000)/Vegetables/FreshTomato/freshTomato (46).jpg,https://www.kaggle.com/datasets/muhriddinmuxiddinov/fruits-and-vegetables-dataset,2,publisher_fresh_rotten_folder,not_annotated,cd52b3131e2a428cc3709607444a625e6544b2640c16db89ef561687aa4bc608,3f36670137bf314a8b77d8793276a6e6ae2b9332fe33bf6ef9d5a3deec26712f,224,224,7391138632748000051,13761310302720
tomato_fresh_0400,images/tomato_fresh/tomato_fresh_0400.png,tomato_fresh,4,tomato,fresh,none,train,g00489,Fruits_Vegetables_Dataset(12000)/Vegetables/FreshTomato/freshTomato (1).png,https://www.kaggle.com/datasets/muhriddinmuxiddinov/fruits-and-vegetables-dataset,2,publisher_fresh_rotten_folder,not_annotated,c75a0073fb6826d7331849bdeab056cee9564a27fb9dc0e1eb5b576569e76ce6,4a63826585d394f6040be9d64c714a9c00934d672c4c84ac3626eb0fd5759ef0,2438,2337,4772705008916991452,14602273680341066436
tomato_fresh_0479,images/tomato_fresh/tomato_fresh_0479.jpg,tomato_fresh,4,tomato,fresh,none,train,g00734,Fruits_Vegetables_Dataset(12000)/Vegetables/FreshTomato/freshTomato (98).jpg,https://www.kaggle.com/datasets/muhriddinmuxiddinov/fruits-and-vegetables-dataset,2,publisher_fresh_rotten_folder,not_annotated,391c8d6ca3089e025b8897f86e3e177fef4206b71d6e5bcc88a6fa7ef23f86f8,da20a343b78ee40da767eaad87749ab0bbaa42a060038d525760a356b747a6af,1600,1200,3300684515111942555,14728833388739216971
tomato_fresh_0417,images/tomato_fresh/tomato_fresh_0417.jpg,tomato_fresh,4,tomato,fresh,none,train,g00692,Fruits_Vegetables_Dataset(12000)/Vegetables/FreshTomato/freshTomato (173).jpg,https://www.kaggle.com/datasets/muhriddinmuxiddinov/fruits-and-vegetables-dataset,2,publisher_fresh_rotten_folder,not_annotated,c5529b533b7c7d24fa789a6e15d9d3126365178b52076d3da9becf271ee356d4,63f038034b2b82daa276c9ef3ee1524bae4ddbf6d26f0e4e95f55e54f5c8808d,224,224,2782817534906647136,8682937868849481679
tomato_fresh_0419,images/tomato_fresh/tomato_fresh_0419.jpg,tomato_fresh,4,tomato,fresh,none,train,g00562,Fruits_Vegetables_Dataset(12000)/Vegetables/FreshTomato/freshTomato (18).jpg,https://www.kaggle.com/datasets/muhriddinmuxiddinov/fruits-and-vegetables-dataset,2,publisher_fresh_rotten_folder,not_annotated,147ccdd13874cd3505b29fc066268c41cfe2a1e211c2b4125c6af0ab04a09db6,d73c70faa69237f01ee00bcac97d040fd66d6e479e1d0518d5a0f6a9d66ff517,224,224,5794861222853350570,3628653446400586137
tomato_fresh_0427,images/tomato_fresh/tomato_fresh_0427.png,tomato_fresh,4,tomato,fresh,none,train,g00700,Fruits_Vegetables_Dataset(12000)/Vegetables/FreshTomato/freshTomato (192).png,https://www.kaggle.com/datasets/muhriddinmuxiddinov/fruits-and-vegetables-dataset,2,publisher_fresh_rotten_folder,not_annotated,6860e47b60ab73e9f0bc0419b9ff07074bfe9ea3839786fd73a1d2cb4dcbeb96,36de274633393538a2649a2cfb76dc73e7698208715563faf9d3535044fd6c84,480,322,6821833371561465351,7076062322969637104
tomato_fresh_0450,images/tomato_fresh/tomato_fresh_0450.png,tomato_fresh,4,tomato,fresh,none,train,g00700,Fruits_Vegetables_Dataset(12000)/Vegetables/FreshTomato/freshTomato (255).png,https://www.kaggle.com/datasets/muhriddinmuxiddinov/fruits-and-vegetables-dataset,2,publisher_fresh_rotten_folder,not_annotated,578b1c5a73e271449386fa8720bdf94fa274cf27660ab8ce5683ae307614cdee,afc633f3e95b95f052b2a504b91188c437eaacf72bdb785f1c51f69cfebdc5ee,480,322,8675868074910592990,9620279345459411611
tomato_fresh_0424,images/tomato_fresh/tomato_fresh_0424.png,tomato_fresh,4,tomato,fresh,none,train,g00700,Fruits_Vegetables_Dataset(12000)/Vegetables/FreshTomato/freshTomato (186).png,https://www.kaggle.com/datasets/muhriddinmuxiddinov/fruits-and-vegetables-dataset,2,publisher_fresh_rotten_folder,not_annotated,a2d2f0de154900c15b8b7a8fdd1aa21c7abff45e456b00e1a88841c954c50bc8,9388a50fbfd31db35502805a30ca8a78f7a5f25c1a13680c7aa00af2fd5cf848,480,322,6381856635771345713,13084883726078398539
tomato_fresh_0477,images/tomato_fresh/tomato_fresh_0477.png,tomato_fresh,4,tomato,fresh,none,train,g00700,Fruits_Vegetables_Dataset(12000)/Vegetables/FreshTomato/freshTomato (94).png,https://www.kaggle.com/datasets/muhriddinmuxiddinov/fruits-and-vegetables-dataset,2,publisher_fresh_rotten_folder,not_annotated,d9c47cc0385484e4cea21898def28514dbdbcda495bbf94d90e33418130a8f51,53dbdfd420efb24d522908fb35d0cbd1325eff33913214c4d9754a7f318cc4ac,320,258,8740864724307157399,14056740022515555641
tomato_fresh_0498,images/tomato_fresh/tomato_fresh_0498.jpg,tomato_fresh,4,tomato,fresh,none,val,g00713,Fruits_Vegetables_Dataset(12000)/Vegetables/FreshTomato/freshTomato (75).jpg,https://www.kaggle.com/datasets/muhriddinmuxiddinov/fruits-and-vegetables-dataset,2,publisher_fresh_rotten_folder,not_annotated,f0bf6a30c73136ba7c573bfb2cd5f5b9b2c6a7ba1503c3fc2518ca6eaa36acd8,1adbe0aba30ac29d05adacfadf378dbe4e547a795521628b60819eadb7580dda,2400,1800,8271367746838840264,13896081554268819086
tomato_fresh_0499,images/tomato_fresh/tomato_fresh_0499.jpg,tomato_fresh,4,tomato,fresh,none,val,g00718,Fruits_Vegetables_Dataset(12000)/Vegetables/FreshTomato/freshTomato (80).jpg,https://www.kaggle.com/datasets/muhriddinmuxiddinov/fruits-and-vegetables-dataset,2,publisher_fresh_rotten_folder,not_annotated,e62f7d381b6b96a0fa65a73841963b1c98d1eeebe55902184ed267a2701cb298,c522b42451c90db0d4e129a4df51393818dd2d7a9f449c5e76b6cf1c47d60371,1600,1200,3337585423263720495,11688660569781267767
tomato_fresh_0495,images/tomato_fresh/tomato_fresh_0495.jpeg,tomato_fresh,4,tomato,fresh,none,val,g00663,Fruits_Vegetables_Dataset(12000)/Vegetables/FreshTomato/freshTomato (3).jpeg,https://www.kaggle.com/datasets/muhriddinmuxiddinov/fruits-and-vegetables-dataset,2,publisher_fresh_rotten_folder,not_annotated,4b4c155387d6c45643875e760e515ae64e17e16a49d4f08988e836f1b5804ea3,4c5b59480a4555a218c9a09795f2b6f2e7b6bf5ff2d52cf01118bd15a38440c5,2048,1536,4688352240630080893,12995360491076475704
tomato_fresh_0484,images/tomato_fresh/tomato_fresh_0484.jpg,tomato_fresh,4,tomato,fresh,none,val,g00509,Fruits_Vegetables_Dataset(12000)/Vegetables/FreshTomato/freshTomato (121).jpg,https://www.kaggle.com/datasets/muhriddinmuxiddinov/fruits-and-vegetables-dataset,2,publisher_fresh_rotten_folder,not_annotated,2ab07656f2b87511ad3910b00b0f9f987f344e10b8b96e7bb4b1d9172de4814e,33e89f96763105af487fee1cd67afcc8a9c402a5b71b20089258fc059850e056,2400,1606,6328264895136772129,14729189879521397368
tomato_fresh_0497,images/tomato_fresh/tomato_fresh_0497.jpg,tomato_fresh,4,tomato,fresh,none,val,g00712,Fruits_Vegetables_Dataset(12000)/Vegetables/FreshTomato/freshTomato (74).jpg,https://www.kaggle.com/datasets/muhriddinmuxiddinov/fruits-and-vegetables-dataset,2,publisher_fresh_rotten_folder,not_annotated,485952c83e1b4ffef11b12bc9ec3fbf3859f32f51a462075660cdf50f0248f2f,d7d37b7dbb3ac76a5097c7f6a59a781666093d708e0e745f15b3576888a54e3f,1000,1000,7327460028539393542,14814035238876621927
tomato_fresh_0485,images/tomato_fresh/tomato_fresh_0485.jpg,tomato_fresh,4,tomato,fresh,none,val,g00518,Fruits_Vegetables_Dataset(12000)/Vegetables/FreshTomato/freshTomato (131).jpg,https://www.kaggle.com/datasets/muhriddinmuxiddinov/fruits-and-vegetables-dataset,2,publisher_fresh_rotten_folder,not_annotated,e155ac2a9e5d9178b849e89734fb9a0ec6054cd9a7949383c07cb97d92d23f13,c2aad4a3547bf914c05831c3ff134a43c812cdd575099199ea5ff627f1e93068,900,900,2797676431254591557,11010448125189343035
tomato_fresh_0483,images/tomato_fresh/tomato_fresh_0483.jpg,tomato_fresh,4,tomato,fresh,none,val,g00508,Fruits_Vegetables_Dataset(12000)/Vegetables/FreshTomato/freshTomato (120).jpg,https://www.kaggle.com/datasets/muhriddinmuxiddinov/fruits-and-vegetables-dataset,2,publisher_fresh_rotten_folder,not_annotated,3f35ffe6d49026f15dab2426c0fcef2eefff11d870258d2793ed785a6209db92,cd9bc23e998203a50a02ca738b8eaf7d5d85a67a2dfbdaeadae80004c85bbd7b,900,900,996080793239287986,3588781057529799361
tomato_fresh_0488,images/tomato_fresh/tomato_fresh_0488.jpg,tomato_fresh,4,tomato,fresh,none,val,g00601,Fruits_Vegetables_Dataset(12000)/Vegetables/FreshTomato/freshTomato (223).jpg,https://www.kaggle.com/datasets/muhriddinmuxiddinov/fruits-and-vegetables-dataset,2,publisher_fresh_rotten_folder,not_annotated,bf1bc176a7dc6392202ca57a1a51920943e4e5447d84200b96e84870cca7ef74,cf12fb84c97ec014bb4c059f6b0f3f5fe2127f7710f625b16426e1b8b8d1e346,224,224,8689938716687042289,2032475502903927460
tomato_fresh_0489,images/tomato_fresh/tomato_fresh_0489.jpg,tomato_fresh,4,tomato,fresh,none,val,g00603,Fruits_Vegetables_Dataset(12000)/Vegetables/FreshTomato/freshTomato (225).jpg,https://www.kaggle.com/datasets/muhriddinmuxiddinov/fruits-and-vegetables-dataset,2,publisher_fresh_rotten_folder,not_annotated,c967efd649740ae2cba96ba0c184d41b62fdf97f795627a5afce41c36be94da4,74d8f9884dceb4ccdb6b86ccb11f067b4e1b44c50d658e3acd97d362f5ac0ed1,224,224,8928883483392502432,11804650661381483620
tomato_fresh_0491,images/tomato_fresh/tomato_fresh_0491.jpg,tomato_fresh,4,tomato,fresh,none,val,g00612,Fruits_Vegetables_Dataset(12000)/Vegetables/FreshTomato/freshTomato (235).jpg,https://www.kaggle.com/datasets/muhriddinmuxiddinov/fruits-and-vegetables-dataset,2,publisher_fresh_rotten_folder,not_annotated,6fc2fc565810f30a1fd6320bb98a741024b03e855cc7cf5672d35fa8bd10d56e,01cdcd022094996cdb9a1f873d8dd581b74a26a7a14de8dad7badbfc2e88a998,224,224,3939800517588880864,2178746708713543948
tomato_fresh_0490,images/tomato_fresh/tomato_fresh_0490.jpg,tomato_fresh,4,tomato,fresh,none,val,g00608,Fruits_Vegetables_Dataset(12000)/Vegetables/FreshTomato/freshTomato (230).jpg,https://www.kaggle.com/datasets/muhriddinmuxiddinov/fruits-and-vegetables-dataset,2,publisher_fresh_rotten_folder,not_annotated,16a2a75ce46c25af4e91a663661a69c42063652a904cc4155f27f29d49d7e802,6667dc90cbb9024694a52fd8e0db4808240f3d1a4665084491a8fce4f520600e,224,224,7708986996367886641,2615847236247203017
tomato_fresh_0482,images/tomato_fresh/tomato_fresh_0482.jpg,tomato_fresh,4,tomato,fresh,none,val,g00504,Fruits_Vegetables_Dataset(12000)/Vegetables/FreshTomato/freshTomato (116).jpg,https://www.kaggle.com/datasets/muhriddinmuxiddinov/fruits-and-vegetables-dataset,2,publisher_fresh_rotten_folder,not_annotated,ed4899f5a2f0bf0f034b20e832f5f26c5725f0a7f0e1e00a64f39d65f5807263,7222ba77745f783e09b5a42c9c86804c5adb036028b1474c5347b37f3090a8cc,300,300,3035181648257739478,14345439441501264796
tomato_fresh_0481,images/tomato_fresh/tomato_fresh_0481.jpg,tomato_fresh,4,tomato,fresh,none,val,g00499,Fruits_Vegetables_Dataset(12000)/Vegetables/FreshTomato/freshTomato (110).jpg,https://www.kaggle.com/datasets/muhriddinmuxiddinov/fruits-and-vegetables-dataset,2,publisher_fresh_rotten_folder,not_annotated,b6df30380d8b594e9eba3d35e567f527490b2150c6958f61360097386abc669d,a8acb465c7b7780962d34e056b5db31148679d1430e82b0d1f9694302498f7ae,600,600,3047323954639024609,16716752562998444943
tomato_fresh_0493,images/tomato_fresh/tomato_fresh_0493.jpg,tomato_fresh,4,tomato,fresh,none,val,g00650,Fruits_Vegetables_Dataset(12000)/Vegetables/FreshTomato/freshTomato (278).jpg,https://www.kaggle.com/datasets/muhriddinmuxiddinov/fruits-and-vegetables-dataset,2,publisher_fresh_rotten_folder,not_annotated,56bcde96fd42c04204f9cbd7ac065263cc714b1a591e58a404c4bb6e93c799c4,1553050c011c888e7a68b05d44ee6a8dcd8b5436bd1b1883287aff032dcda09c,2048,1360,1655470362765089441,17425720209136477289
tomato_fresh_0496,images/tomato_fresh/tomato_fresh_0496.png,tomato_fresh,4,tomato,fresh,none,val,g00664,Fruits_Vegetables_Dataset(12000)/Vegetables/FreshTomato/freshTomato (3).png,https://www.kaggle.com/datasets/muhriddinmuxiddinov/fruits-and-vegetables-dataset,2,publisher_fresh_rotten_folder,not_annotated,4d4833e00891142a909cd940f1b4156d3226c412c93d7d15c664b1f664dfdd85,17edf1f586e3fd5bb8eed7acccab306be4685eb639046245e940a6584ae10b8e,512,512,3445483081332280112,3714923541570717582
tomato_fresh_0487,images/tomato_fresh/tomato_fresh_0487.jpg,tomato_fresh,4,tomato,fresh,none,val,g00534,Fruits_Vegetables_Dataset(12000)/Vegetables/FreshTomato/freshTomato (149).jpg,https://www.kaggle.com/datasets/muhriddinmuxiddinov/fruits-and-vegetables-dataset,2,publisher_fresh_rotten_folder,not_annotated,54efeae51dca536bdfdb70e8e10df27cc5f4f8933e8ced386f73789c4c927c6e,64cd9c02af89764d43c1ea0fe321ea1a1a8b496445591fc956b186c0cdc323e5,1600,1067,9213952114413897540,8264501459552967202
tomato_fresh_0486,images/tomato_fresh/tomato_fresh_0486.jpg,tomato_fresh,4,tomato,fresh,none,val,g00523,Fruits_Vegetables_Dataset(12000)/Vegetables/FreshTomato/freshTomato (137).jpg,https://www.kaggle.com/datasets/muhriddinmuxiddinov/fruits-and-vegetables-dataset,2,publisher_fresh_rotten_folder,not_annotated,e0f7d6547a213687a5e314553695adf8fcdffca9bcf03e87fd34aa27f9258513,a698c0359592aa31f01bc50c62e2c00be06636c79ec88f7e0748722e93890214,387,387,3671789719957759262,16180532607544842744
tomato_fresh_0494,images/tomato_fresh/tomato_fresh_0494.jpg,tomato_fresh,4,tomato,fresh,none,val,g00651,Fruits_Vegetables_Dataset(12000)/Vegetables/FreshTomato/freshTomato (279).JPG,https://www.kaggle.com/datasets/muhriddinmuxiddinov/fruits-and-vegetables-dataset,2,publisher_fresh_rotten_folder,not_annotated,78d301c6f47a0183e9430eaf8c459f7498d2d5200bd4a8dd67962083fae3ccbd,36169dab96bf1021185c240a80ffb735305e5b3edb58a1ba80c4c53f61cc1153,1141,804,3880210011444319345,14755681967799062118
tomato_fresh_0492,images/tomato_fresh/tomato_fresh_0492.jpg,tomato_fresh,4,tomato,fresh,none,val,g00633,Fruits_Vegetables_Dataset(12000)/Vegetables/FreshTomato/freshTomato (258).jpg,https://www.kaggle.com/datasets/muhriddinmuxiddinov/fruits-and-vegetables-dataset,2,publisher_fresh_rotten_folder,not_annotated,5d60e2dd60bb2f1d2fe2666537227e6effdb14f028f6a313e4723e289fa9ad14,9a5f79274748699006baea190ab288f3b869a3682ecfadd41e99705975170157,224,224,2862683583951288454,4262952877781599955
tomato_fresh_0480,images/tomato_fresh/tomato_fresh_0480.jpeg,tomato_fresh,4,tomato,fresh,none,val,g00488,Fruits_Vegetables_Dataset(12000)/Vegetables/FreshTomato/freshTomato (1).jpeg,https://www.kaggle.com/datasets/muhriddinmuxiddinov/fruits-and-vegetables-dataset,2,publisher_fresh_rotten_folder,not_annotated,e2a54b79da6029d726d327a7b5c9e80af00b2f9af3915eb9d725c0dbeb56518b,c9c3f0dbdfbb6fb1e53fca5e11e2591d103a7934690fedfed39d6fb135e68146,1880,1000,7923571270036916237,3255982758494164787
tomato_rotten_0519,images/tomato_rotten/tomato_rotten_0519.jpg,tomato_rotten,5,tomato,rotten,not_subtyped,train,g01151,Fruits_Vegetables_Dataset(12000)/Vegetables/RottenTomato/rottenTomato (252).jpg,https://www.kaggle.com/datasets/muhriddinmuxiddinov/fruits-and-vegetables-dataset,2,publisher_fresh_rotten_folder,not_annotated,6dcffb43af312f69e793711301ef0ac46f9010a3fb13963965bd754831b0ccfc,773a67b71d74b8666c860306731bfebb3bab1cf80c09b52c4a9ce55ea9a665d9,224,224,3947918488590527018,4139085100111302430
tomato_rotten_0570,images/tomato_rotten/tomato_rotten_0570.jpg,tomato_rotten,5,tomato,rotten,not_subtyped,train,g01151,Fruits_Vegetables_Dataset(12000)/Vegetables/RottenTomato/rottenTomato (560).jpg,https://www.kaggle.com/datasets/muhriddinmuxiddinov/fruits-and-vegetables-dataset,2,publisher_fresh_rotten_folder,not_annotated,4ec6999e559c8db4f3cfa1a3842e9a8d1aa918b54972f7478b1f511c976dc791,cc846c41c94b49ef981baa011b24b332bfe876708153d03b0bf9c9b7d18c2e30,224,224,4525212881595631155,16085517823018606398
tomato_rotten_0560,images/tomato_rotten/tomato_rotten_0560.jpg,tomato_rotten,5,tomato,rotten,not_subtyped,train,g01151,Fruits_Vegetables_Dataset(12000)/Vegetables/RottenTomato/rottenTomato (496).jpg,https://www.kaggle.com/datasets/muhriddinmuxiddinov/fruits-and-vegetables-dataset,2,publisher_fresh_rotten_folder,not_annotated,a8f5cd3c8bebad382cb3be3cb799024057bef88183af9a8197c73cfcf0d0a13c,6c903339d0dfc23d8b1226d350cbbea550fe431463fccdb14b20c9c9dfbe182a,224,224,7825726893064874861,17938650850937792244
tomato_rotten_0509,images/tomato_rotten/tomato_rotten_0509.jpg,tomato_rotten,5,tomato,rotten,not_subtyped,train,g01107,Fruits_Vegetables_Dataset(12000)/Vegetables/RottenTomato/rottenTomato (207).jpg,https://www.kaggle.com/datasets/muhriddinmuxiddinov/fruits-and-vegetables-dataset,2,publisher_fresh_rotten_folder,not_annotated,4d09e1a9220a23aa068c5a3ff7015c78dd04a86e544756dbfaa5d45cfce49d9d,3bbe53f945fd887db6a8f8fceb66bf9b0890ea5fd93d03a7a3c2533e39d4d0b1,108,95,4517339171041939237,11316999488972720014
tomato_rotten_0517,images/tomato_rotten/tomato_rotten_0517.jpg,tomato_rotten,5,tomato,rotten,not_subtyped,train,g01125,Fruits_Vegetables_Dataset(12000)/Vegetables/RottenTomato/rottenTomato (247).jpg,https://www.kaggle.com/datasets/muhriddinmuxiddinov/fruits-and-vegetables-dataset,2,publisher_fresh_rotten_folder,not_annotated,d9e3986ec29ccdf0cbb502e7a46a450734542b6bea21f0053e437c5084526abd,8dcf78b6404e50bc9f2531eb07d8f6a7c773865ccc7808742d9b57fe583df2d0,185,158,4522955685949378188,14269153050843881231
tomato_rotten_0506,images/tomato_rotten/tomato_rotten_0506.jpg,tomato_rotten,5,tomato,rotten,not_subtyped,train,g01090,Fruits_Vegetables_Dataset(12000)/Vegetables/RottenTomato/rottenTomato (185).jpg,https://www.kaggle.com/datasets/muhriddinmuxiddinov/fruits-and-vegetables-dataset,2,publisher_fresh_rotten_folder,not_annotated,da26d2ff46b96bff998a688194b86777988f44cbcceb99009af1ba73a0cf4662,d2937eef65770659ac1d02da1696f99c7a14876bf2567d727f4d0ca1b05d95be,224,224,4952055015998437433,18446726376932763435
tomato_rotten_0521,images/tomato_rotten/tomato_rotten_0521.jpg,tomato_rotten,5,tomato,rotten,not_subtyped,train,g01151,Fruits_Vegetables_Dataset(12000)/Vegetables/RottenTomato/rottenTomato (267).jpg,https://www.kaggle.com/datasets/muhriddinmuxiddinov/fruits-and-vegetables-dataset,2,publisher_fresh_rotten_folder,not_annotated,39a8c6b34a50486fc57a43b8f9ded2c1d90cfbde63eee307ce11e8c60158e066,b0556e44e419b48616fd74b40482ef8603d5323134ed42e61edcc280afae80cb,224,224,487015450459685873,2440891512333528895
tomato_rotten_0527,images/tomato_rotten/tomato_rotten_0527.jpg,tomato_rotten,5,tomato,rotten,not_subtyped,train,g01151,Fruits_Vegetables_Dataset(12000)/Vegetables/RottenTomato/rottenTomato (290).jpg,https://www.kaggle.com/datasets/muhriddinmuxiddinov/fruits-and-vegetables-dataset,2,publisher_fresh_rotten_folder,not_annotated,eac335bdaed18ec421f7aa4fa926e3d9f74415ef947095f60740f5e9cac9737f,a3d4b432d279e0971fa5733ea66b1155b2c1943932c4dc12fb010121d69ff68d,224,224,2002241902125746540,13526336601304538943
tomato_rotten_0549,images/tomato_rotten/tomato_rotten_0549.jpg,tomato_rotten,5,tomato,rotten,not_subtyped,train,g01151,Fruits_Vegetables_Dataset(12000)/Vegetables/RottenTomato/rottenTomato (436).jpg,https://www.kaggle.com/datasets/muhriddinmuxiddinov/fruits-and-vegetables-dataset,2,publisher_fresh_rotten_folder,not_annotated,80be891f0adfbccecfe3b0553c0a76de4e89a90cf825922dd1f5a3860af2d446,f2a0b4bed22d3c2f537debd06446cb266b2acdb99fc363b09242f8c2f4aa7b66,224,224,628172348767976116,18148657486140515251
tomato_rotten_0531,images/tomato_rotten/tomato_rotten_0531.jpg,tomato_rotten,5,tomato,rotten,not_subtyped,train,g01090,Fruits_Vegetables_Dataset(12000)/Vegetables/RottenTomato/rottenTomato (331).jpg,https://www.kaggle.com/datasets/muhriddinmuxiddinov/fruits-and-vegetables-dataset,2,publisher_fresh_rotten_folder,not_annotated,a2bc353a677d1fe22d886b52daa6e46901b4494e2012421262bb3b760248bc22,1e1249dce5a61a41f592aa765a545dc17fd8dfc6f700c61a1d971079502fa0e3,224,224,2868186248661644977,14945703675200097651
tomato_rotten_0554,images/tomato_rotten/tomato_rotten_0554.jpg,tomato_rotten,5,tomato,rotten,not_subtyped,train,g01151,Fruits_Vegetables_Dataset(12000)/Vegetables/RottenTomato/rottenTomato (463).jpg,https://www.kaggle.com/datasets/muhriddinmuxiddinov/fruits-and-vegetables-dataset,2,publisher_fresh_rotten_folder,not_annotated,529ec6a3cf78acd81e682f8323450b8d5bc6622da03daeea217df66a8349919f,03d32c5e9147d927880f7167af58080378cc236fcd2c20fd8cddc16ebcae814b,224,224,3721255952461961676,17063812014604572769
tomato_rotten_0544,images/tomato_rotten/tomato_rotten_0544.jpg,tomato_rotten,5,tomato,rotten,not_subtyped,train,g01151,Fruits_Vegetables_Dataset(12000)/Vegetables/RottenTomato/rottenTomato (400).jpg,https://www.kaggle.com/datasets/muhriddinmuxiddinov/fruits-and-vegetables-dataset,2,publisher_fresh_rotten_folder,not_annotated,06ba560c6f7c9235f5570cedf81d3660ee4b7ad50e3decc065c1b614c00831e1,3cc54d01b4d4c4960318c881fd31091896dcf1b8761cb8bd84f84f2f6086b9f3,224,224,7200011865044455579,12020050005621903245
tomato_rotten_0577,images/tomato_rotten/tomato_rotten_0577.jpg,tomato_rotten,5,tomato,rotten,not_subtyped,train,g01293,Fruits_Vegetables_Dataset(12000)/Vegetables/RottenTomato/rottenTomato (85).jpg,https://www.kaggle.com/datasets/muhriddinmuxiddinov/fruits-and-vegetables-dataset,2,publisher_fresh_rotten_folder,not_annotated,9614903331c37bad9c04b176a26650429c635f885f61d14445bb987bb86890d2,6f79d2023447b6f9edf305955f5da5a9126b1a708d83057ff523ce664435d247,277,311,3454489663516821612,5300234400687132430
tomato_rotten_0511,images/tomato_rotten/tomato_rotten_0511.jpg,tomato_rotten,5,tomato,rotten,not_subtyped,train,g01090,Fruits_Vegetables_Dataset(12000)/Vegetables/RottenTomato/rottenTomato (214).jpg,https://www.kaggle.com/datasets/muhriddinmuxiddinov/fruits-and-vegetables-dataset,2,publisher_fresh_rotten_folder,not_annotated,abad76296373454083878bce244c47ffcf3f836a6ed0a6347953d7f48492880f,8c4cccafab3977ec5bb90667ccd91b29bb66bd14dea735f26e50bb6f9880bbc5,224,224,1046578083450187470,18442071035028773671
tomato_rotten_0568,images/tomato_rotten/tomato_rotten_0568.jpg,tomato_rotten,5,tomato,rotten,not_subtyped,train,g01151,Fruits_Vegetables_Dataset(12000)/Vegetables/RottenTomato/rottenTomato (549).jpg,https://www.kaggle.com/datasets/muhriddinmuxiddinov/fruits-and-vegetables-dataset,2,publisher_fresh_rotten_folder,not_annotated,576cebb18c6330d36fbbe69df7a2cc3aa7b50e92e9f34fb6401bfa3110103c88,38827b82d6d8bac8c8bdeb60b625b6ebb3a71cd1c21770ebb528cc0e7d1c0662,224,224,1982643889328570168,17922136668135501857
tomato_rotten_0551,images/tomato_rotten/tomato_rotten_0551.jpg,tomato_rotten,5,tomato,rotten,not_subtyped,train,g01151,Fruits_Vegetables_Dataset(12000)/Vegetables/RottenTomato/rottenTomato (443).jpg,https://www.kaggle.com/datasets/muhriddinmuxiddinov/fruits-and-vegetables-dataset,2,publisher_fresh_rotten_folder,not_annotated,b850a3794adcc02c8bd1340191483b2546819489a9cb717f56e290f5fca92251,c220ef9bb505eaadc6f01c6768a32ac90e802c5d2691b8d6669c3927b1a2a674,224,224,4091181866197565639,18442127328474250039
tomato_rotten_0545,images/tomato_rotten/tomato_rotten_0545.jpg,tomato_rotten,5,tomato,rotten,not_subtyped,train,g01151,Fruits_Vegetables_Dataset(12000)/Vegetables/RottenTomato/rottenTomato (410).jpg,https://www.kaggle.com/datasets/muhriddinmuxiddinov/fruits-and-vegetables-dataset,2,publisher_fresh_rotten_folder,not_annotated,d9c9f17c998787dc0a31ecc9a3e89d4d291e11b25e1c1821313031023bcba817,7f25eaef9d19c969b64246ae634ec16b1cabf6bf236084d050d9255687ffbe71,224,224,7047733854325662563,17638290334809818766
tomato_rotten_0524,images/tomato_rotten/tomato_rotten_0524.jpg,tomato_rotten,5,tomato,rotten,not_subtyped,train,g01151,Fruits_Vegetables_Dataset(12000)/Vegetables/RottenTomato/rottenTomato (281).jpg,https://www.kaggle.com/datasets/muhriddinmuxiddinov/fruits-and-vegetables-dataset,2,publisher_fresh_rotten_folder,not_annotated,2cbbf4abd617e3209de773924b1e2f808eb5e37d193fad42a1216938eaa81aca,379c7aa6d0ea0850610ef44b01ad35ce3d6e7d392bbcba188dff661635a7069a,224,224,3861073940242609300,11183860703176304431
tomato_rotten_0539,images/tomato_rotten/tomato_rotten_0539.jpg,tomato_rotten,5,tomato,rotten,not_subtyped,train,g01151,Fruits_Vegetables_Dataset(12000)/Vegetables/RottenTomato/rottenTomato (381).jpg,https://www.kaggle.com/datasets/muhriddinmuxiddinov/fruits-and-vegetables-dataset,2,publisher_fresh_rotten_folder,not_annotated,54b22d809730047a864f511c4d4210161b5f04df4b645f9e1eb82cfa13702ccc,30c40737aa90a6e49c415d36315e183d5006e39bad3f7496d0372be02397b381,224,224,3517195365681555813,17927869824530517773
tomato_rotten_0578,images/tomato_rotten/tomato_rotten_0578.jpg,tomato_rotten,5,tomato,rotten,not_subtyped,train,g01298,Fruits_Vegetables_Dataset(12000)/Vegetables/RottenTomato/rottenTomato (95).jpg,https://www.kaggle.com/datasets/muhriddinmuxiddinov/fruits-and-vegetables-dataset,2,publisher_fresh_rotten_folder,not_annotated,6193e4ac0c0fd32c580607eef5537cf71a3691782dc0dd4a000eba06efbbd781,27ee6d857b4df32688e0104592ba4e3f4eda92e4fb1b787e5bfa371f077a947d,339,406,8827483111108961645,10218253216478208911
tomato_rotten_0514,images/tomato_rotten/tomato_rotten_0514.jpg,tomato_rotten,5,tomato,rotten,not_subtyped,train,g01115,Fruits_Vegetables_Dataset(12000)/Vegetables/RottenTomato/rottenTomato (226).jpg,https://www.kaggle.com/datasets/muhriddinmuxiddinov/fruits-and-vegetables-dataset,2,publisher_fresh_rotten_folder,not_annotated,fc13b0f664db0665d779af89891ebeb71f8930f96b71a511670303e17a3a8af0,b7c600c0ba9dbdd16c2033e1b0410f5ec7dc289243eb6929db931b6724c9018f,213,147,4599230809783455538,4795505769932863263
tomato_rotten_0500,images/tomato_rotten/tomato_rotten_0500.jpeg,tomato_rotten,5,tomato,rotten,not_subtyped,train,g01058,Fruits_Vegetables_Dataset(12000)/Vegetables/RottenTomato/rottenTomato (1).jpeg,https://www.kaggle.com/datasets/muhriddinmuxiddinov/fruits-and-vegetables-dataset,2,publisher_fresh_rotten_folder,not_annotated,8788e1c3a9d5f54380c41a34dfa3b89ec42fa10cab15b8bc44eb839d20b58264,7048edeae35577b5c2f426fe5331f9ae27ba648f653dbecee511fc39473fcd36,966,966,4421081699943468579,4043159032109932092
tomato_rotten_0565,images/tomato_rotten/tomato_rotten_0565.jpg,tomato_rotten,5,tomato,rotten,not_subtyped,train,g01090,Fruits_Vegetables_Dataset(12000)/Vegetables/RottenTomato/rottenTomato (529).jpg,https://www.kaggle.com/datasets/muhriddinmuxiddinov/fruits-and-vegetables-dataset,2,publisher_fresh_rotten_folder,not_annotated,8017e254c25d9f5f1532a0146c67c0ecf1ae001de8c166414f9f09a157f56ebc,3fdddc96e14eff6819b98a58a69365b26ae21cddd4066b9ec4b393291b6c4a9a,224,224,2270342112591362243,18012200003638931664
tomato_rotten_0550,images/tomato_rotten/tomato_rotten_0550.jpg,tomato_rotten,5,tomato,rotten,not_subtyped,train,g01151,Fruits_Vegetables_Dataset(12000)/Vegetables/RottenTomato/rottenTomato (439).jpg,https://www.kaggle.com/datasets/muhriddinmuxiddinov/fruits-and-vegetables-dataset,2,publisher_fresh_rotten_folder,not_annotated,8aea5a095e212facdf6f87e1044396f138dc11e5dc352442e095ce742a40cb4f,9e650f1f1278702c6c485f9fe5e2be7e1860fb25dbee68da61e6172e8a5dee5a,224,224,7537782668036172139,13662711427211962295
tomato_rotten_0501,images/tomato_rotten/tomato_rotten_0501.jpg,tomato_rotten,5,tomato,rotten,not_subtyped,train,g01061,Fruits_Vegetables_Dataset(12000)/Vegetables/RottenTomato/rottenTomato (104).jpg,https://www.kaggle.com/datasets/muhriddinmuxiddinov/fruits-and-vegetables-dataset,2,publisher_fresh_rotten_folder,not_annotated,4635fd7da60a90cb58f017a65108dd23bba200027cc3c1c0322be4c82fee812e,b10350975407b0f323ed88202380f96dba2f8402dca6277a73925c7666ebdca4,135,139,3446080790416297836,15893039752335267591
tomato_rotten_0510,images/tomato_rotten/tomato_rotten_0510.jpg,tomato_rotten,5,tomato,rotten,not_subtyped,train,g01109,Fruits_Vegetables_Dataset(12000)/Vegetables/RottenTomato/rottenTomato (212).jpg,https://www.kaggle.com/datasets/muhriddinmuxiddinov/fruits-and-vegetables-dataset,2,publisher_fresh_rotten_folder,not_annotated,f29b7e84dee2e9aa4e685e8259fa9c1abf75b68ba538c90120bbe101b8faa805,0c28924e8bd368f51c2c6fa72d2fc66a0bb7bc811979ceddd82cb4d5fcb78b2b,336,313,4215921148355318667,1023286237153920799
tomato_rotten_0572,images/tomato_rotten/tomato_rotten_0572.jpg,tomato_rotten,5,tomato,rotten,not_subtyped,train,g01151,Fruits_Vegetables_Dataset(12000)/Vegetables/RottenTomato/rottenTomato (580).jpg,https://www.kaggle.com/datasets/muhriddinmuxiddinov/fruits-and-vegetables-dataset,2,publisher_fresh_rotten_folder,not_annotated,29edef51d1d6eeb81633dab2520242c0f72dbe1ded4601f823ba3a62178297af,c308a54a71fc5f6717c56e1d5e49ae14455986505e36ea313876d73a7fdbf4b2,224,224,7178337831065381996,17938655119663679054
tomato_rotten_0525,images/tomato_rotten/tomato_rotten_0525.jpg,tomato_rotten,5,tomato,rotten,not_subtyped,train,g01151,Fruits_Vegetables_Dataset(12000)/Vegetables/RottenTomato/rottenTomato (283).jpg,https://www.kaggle.com/datasets/muhriddinmuxiddinov/fruits-and-vegetables-dataset,2,publisher_fresh_rotten_folder,not_annotated,9ecfbb682c3c3a1c5bc73a7b32bab66ad34b05129b8cd40d6f32242f3fc8228c,cac58f69944ca4fc2002d53cd305df83b49bc6340c8a821f0fb239532d0873bb,224,224,3861073939688826293,1382057595623585599
tomato_rotten_0526,images/tomato_rotten/tomato_rotten_0526.jpg,tomato_rotten,5,tomato,rotten,not_subtyped,train,g01300,Fruits_Vegetables_Dataset(12000)/Vegetables/RottenTomato/rottenTomato (286).jpg,https://www.kaggle.com/datasets/muhriddinmuxiddinov/fruits-and-vegetables-dataset,2,publisher_fresh_rotten_folder,not_annotated,bb2ab35a7c66366853611f79dbb9c32b0f4ab31f225c6be2db1c0f74ddc4da7b,c60ef6d74a9f069d0b2285e9ab988dfe201091205fe5c7f9a3dc374818acc335,280,263,3428598633066122797,2098232171579245327
tomato_rotten_0508,images/tomato_rotten/tomato_rotten_0508.jpg,tomato_rotten,5,tomato,rotten,not_subtyped,train,g01090,Fruits_Vegetables_Dataset(12000)/Vegetables/RottenTomato/rottenTomato (202).jpg,https://www.kaggle.com/datasets/muhriddinmuxiddinov/fruits-and-vegetables-dataset,2,publisher_fresh_rotten_folder,not_annotated,64c498c73e2f91efb092892e921ba854ea3327b237a22fbc739c16334304ced0,298e0de1a5c947bae818b32bd96256693e4f1df877622ca13f9390106cf25b5e,224,224,5081532886811985859,13245060012300508939
tomato_rotten_0547,images/tomato_rotten/tomato_rotten_0547.jpg,tomato_rotten,5,tomato,rotten,not_subtyped,train,g01151,Fruits_Vegetables_Dataset(12000)/Vegetables/RottenTomato/rottenTomato (424).jpg,https://www.kaggle.com/datasets/muhriddinmuxiddinov/fruits-and-vegetables-dataset,2,publisher_fresh_rotten_folder,not_annotated,c6bd489e5cb81be7debb579f17babe4341ebd82afb64520ddf6ebbe9cd1a83ae,1efba8111eb6a1881c033b156d7ccfc380b0e16b92c65e9786ca53df0f42ba5b,224,224,7699631137206112850,8350770788978378311
tomato_rotten_0538,images/tomato_rotten/tomato_rotten_0538.jpg,tomato_rotten,5,tomato,rotten,not_subtyped,train,g01151,Fruits_Vegetables_Dataset(12000)/Vegetables/RottenTomato/rottenTomato (379).jpg,https://www.kaggle.com/datasets/muhriddinmuxiddinov/fruits-and-vegetables-dataset,2,publisher_fresh_rotten_folder,not_annotated,29248e355b281b7bc97304a6729dd2ff1f9f9be9321e5b3363f2b1a0cf946f47,ca08438d6ce682cacd86b3743d43c52999450325cce32d063ba23f3475a8cfe3,224,224,3732809216053929542,9185458533402840461
tomato_rotten_0529,images/tomato_rotten/tomato_rotten_0529.jpg,tomato_rotten,5,tomato,rotten,not_subtyped,train,g01151,Fruits_Vegetables_Dataset(12000)/Vegetables/RottenTomato/rottenTomato (319).jpg,https://www.kaggle.com/datasets/muhriddinmuxiddinov/fruits-and-vegetables-dataset,2,publisher_fresh_rotten_folder,not_annotated,e8db054f88ce6a42eccc34beae53b332c4f0363a187156cdf913b2726e6f205d,90047ab7d111f58db5770dd2d15fce213589eac3c39620c0fd128fef1219ef89,224,224,1555317079045531065,18229721347345804921
tomato_rotten_0502,images/tomato_rotten/tomato_rotten_0502.jpg,tomato_rotten,5,tomato,rotten,not_subtyped,train,g01074,Fruits_Vegetables_Dataset(12000)/Vegetables/RottenTomato/rottenTomato (135).jpg,https://www.kaggle.com/datasets/muhriddinmuxiddinov/fruits-and-vegetables-dataset,2,publisher_fresh_rotten_folder,not_annotated,8944c3143b066cbd875301469824d959dda3281909fdc76bdedc6981e1cddc3d,7433da271f93476c0f0fd5c764fbd1132504590e840e4dd2aa0cf794eade77db,199,245,9196773057965332641,3228829335657154406
tomato_rotten_0576,images/tomato_rotten/tomato_rotten_0576.jpg,tomato_rotten,5,tomato,rotten,not_subtyped,train,g01292,Fruits_Vegetables_Dataset(12000)/Vegetables/RottenTomato/rottenTomato (83).jpg,https://www.kaggle.com/datasets/muhriddinmuxiddinov/fruits-and-vegetables-dataset,2,publisher_fresh_rotten_folder,not_annotated,0c19e4a5c253de3964768c82b99b257bb881b8feeaef2f8b2d00cf1e1b11206b,bf52bb3033c0df7cc1563064ad2c93b3109dcffdbd29ab9c03bfbf970f172074,405,366,8691810223056393119,4552601730515306375
tomato_rotten_0535,images/tomato_rotten/tomato_rotten_0535.jpg,tomato_rotten,5,tomato,rotten,not_subtyped,train,g01090,Fruits_Vegetables_Dataset(12000)/Vegetables/RottenTomato/rottenTomato (353).jpg,https://www.kaggle.com/datasets/muhriddinmuxiddinov/fruits-and-vegetables-dataset,2,publisher_fresh_rotten_folder,not_annotated,993610bbe4491fa4a445838aa5c72016d9b2f4eda1d227855eec0c57aab6bc53,756c59a8b24a019b2f8b888f9c2cde6636778b4d7527cbbc335f06e0dfbc479a,224,224,7393110023119214995,18408855894202142479
tomato_rotten_0533,images/tomato_rotten/tomato_rotten_0533.jpg,tomato_rotten,5,tomato,rotten,not_subtyped,train,g01090,Fruits_Vegetables_Dataset(12000)/Vegetables/RottenTomato/rottenTomato (341).jpg,https://www.kaggle.com/datasets/muhriddinmuxiddinov/fruits-and-vegetables-dataset,2,publisher_fresh_rotten_folder,not_annotated,6e48574b163faaf8ece77cb5079e29d5c589d4f5e440c9ef592b4cb9c2a11298,41bc9929235a24a3c1c0895d4bb4de7a825f17a653501ef127981008a44b1104,224,224,2710777925344896822,18408972303926201998
tomato_rotten_0552,images/tomato_rotten/tomato_rotten_0552.jpg,tomato_rotten,5,tomato,rotten,not_subtyped,train,g01151,Fruits_Vegetables_Dataset(12000)/Vegetables/RottenTomato/rottenTomato (453).jpg,https://www.kaggle.com/datasets/muhriddinmuxiddinov/fruits-and-vegetables-dataset,2,publisher_fresh_rotten_folder,not_annotated,8c917038fbd04605a00b1517283a044aa25cba9ce86c750393ff206d7297ac12,e9fd6ef6848645df3b325563b320b9f5d39cb0c90ed90d060592876b35bea5bc,224,224,7336256679070767377,16487342637906300557
tomato_rotten_0513,images/tomato_rotten/tomato_rotten_0513.jpg,tomato_rotten,5,tomato,rotten,not_subtyped,train,g01090,Fruits_Vegetables_Dataset(12000)/Vegetables/RottenTomato/rottenTomato (224).jpg,https://www.kaggle.com/datasets/muhriddinmuxiddinov/fruits-and-vegetables-dataset,2,publisher_fresh_rotten_folder,not_annotated,894c558c488d37c5b71d2e1c1b36d6eceed44ab8110bf4d42ba455e8016be319,31a25631b55e0813ae619bcdbbbbec2a48dde1f56f089c76fc54ee10b87ca7e5,224,224,690799832747263798,18158482721512584991
tomato_rotten_0556,images/tomato_rotten/tomato_rotten_0556.jpg,tomato_rotten,5,tomato,rotten,not_subtyped,train,g01151,Fruits_Vegetables_Dataset(12000)/Vegetables/RottenTomato/rottenTomato (474).jpg,https://www.kaggle.com/datasets/muhriddinmuxiddinov/fruits-and-vegetables-dataset,2,publisher_fresh_rotten_folder,not_annotated,a67132953750c5049279f9639172a0d716de41824148c65d586cace4381f23d9,c32844ad92c59dde8c0d697095ebab25e5b44dcf92d7ea648c2e1bea9ac13c59,224,224,3641104457245254577,18193588789238831164
tomato_rotten_0505,images/tomato_rotten/tomato_rotten_0505.jpg,tomato_rotten,5,tomato,rotten,not_subtyped,train,g01090,Fruits_Vegetables_Dataset(12000)/Vegetables/RottenTomato/rottenTomato (183).jpg,https://www.kaggle.com/datasets/muhriddinmuxiddinov/fruits-and-vegetables-dataset,2,publisher_fresh_rotten_folder,not_annotated,9d15f804ce542957c2182e584c88aebf5ad703169f8adab87301b7a0ddbe65af,cb6da822abe8efdb4d9d510f048896642c9d78692907e19bcfaf8b52a05af7e3,224,224,470126131518691783,17865751022395931435
tomato_rotten_0537,images/tomato_rotten/tomato_rotten_0537.jpg,tomato_rotten,5,tomato,rotten,not_subtyped,train,g01151,Fruits_Vegetables_Dataset(12000)/Vegetables/RottenTomato/rottenTomato (376).jpg,https://www.kaggle.com/datasets/muhriddinmuxiddinov/fruits-and-vegetables-dataset,2,publisher_fresh_rotten_folder,not_annotated,4e86996187fa74b94895f802de70c939ddd14ed94cfd610d17178b24975cadec,7d3ca411354b96e08edda78a1687ffd43508abc4a6d34076422083f9613966e2,224,224,2867696085807548785,14879181567078862733
tomato_rotten_0546,images/tomato_rotten/tomato_rotten_0546.jpg,tomato_rotten,5,tomato,rotten,not_subtyped,train,g01151,Fruits_Vegetables_Dataset(12000)/Vegetables/RottenTomato/rottenTomato (417).jpg,https://www.kaggle.com/datasets/muhriddinmuxiddinov/fruits-and-vegetables-dataset,2,publisher_fresh_rotten_folder,not_annotated,4e6fc7fe58a385963b18497922cb713010326cc7630de9d545e701bd57729131,fbdb5ab1a0fc4a7acd7bb53fb3eae4cb61236d54556fb4a63da7bd7552e4543e,224,224,7466568069908876133,17719073860088989190
tomato_rotten_0575,images/tomato_rotten/tomato_rotten_0575.jpg,tomato_rotten,5,tomato,rotten,not_subtyped,train,g01291,Fruits_Vegetables_Dataset(12000)/Vegetables/RottenTomato/rottenTomato (80).jpg,https://www.kaggle.com/datasets/muhriddinmuxiddinov/fruits-and-vegetables-dataset,2,publisher_fresh_rotten_folder,not_annotated,9cfbb1a257053a43f22fa9eb23b92258acdf666447965a797ea5275a8baad7a0,6a383e71249ce751b1e3d9fd4c72aa5db4a6cd604d70696dc39f8b3bd04b5de2,227,268,3442597354006171057,5300212729325494169
tomato_rotten_0559,images/tomato_rotten/tomato_rotten_0559.jpg,tomato_rotten,5,tomato,rotten,not_subtyped,train,g01151,Fruits_Vegetables_Dataset(12000)/Vegetables/RottenTomato/rottenTomato (494).jpg,https://www.kaggle.com/datasets/muhriddinmuxiddinov/fruits-and-vegetables-dataset,2,publisher_fresh_rotten_folder,not_annotated,db28d0569a943317e10ef710b916a20d9d10a1cd3bee0189d90cee6b5804f2f4,1c67ef9e2d473298fc73ae80b47b3e504149a9237b08515de47958560b8aa311,224,224,4144371832944736568,17922136531233419496
tomato_rotten_0562,images/tomato_rotten/tomato_rotten_0562.jpg,tomato_rotten,5,tomato,rotten,not_subtyped,train,g01090,Fruits_Vegetables_Dataset(12000)/Vegetables/RottenTomato/rottenTomato (513).jpg,https://www.kaggle.com/datasets/muhriddinmuxiddinov/fruits-and-vegetables-dataset,2,publisher_fresh_rotten_folder,not_annotated,9373b41132bf944e7e9fed08aa4ead148d0576ff6f4f750360ee5301168f1534,286623653dc0f052e54dac3a28b1f564e64ca5c5b56da0be1c53d6ef7b7c6300,224,224,5260087977277933834,4339553815154112696
tomato_rotten_0573,images/tomato_rotten/tomato_rotten_0573.jpeg,tomato_rotten,5,tomato,rotten,not_subtyped,train,g01281,Fruits_Vegetables_Dataset(12000)/Vegetables/RottenTomato/rottenTomato (6).jpeg,https://www.kaggle.com/datasets/muhriddinmuxiddinov/fruits-and-vegetables-dataset,2,publisher_fresh_rotten_folder,not_annotated,a68277f11553b4afd438c7c7cf4824b0c1a9903471e73e540e7daccb379c6b29,2cacf494bd6cc2540a362b560b51b9255cec49d972da52e1d5b17e0320dd49ff,275,183,3570961127584482918,1882025903942700620
tomato_rotten_0567,images/tomato_rotten/tomato_rotten_0567.jpg,tomato_rotten,5,tomato,rotten,not_subtyped,train,g01090,Fruits_Vegetables_Dataset(12000)/Vegetables/RottenTomato/rottenTomato (539).jpg,https://www.kaggle.com/datasets/muhriddinmuxiddinov/fruits-and-vegetables-dataset,2,publisher_fresh_rotten_folder,not_annotated,5f943859e2136e5b6abeb61d9ebef37c9ef6453080d435f1b5e4941dc20f8c44,17459102148f006009018ff08075ca5331e008185dda88ce8678c75f34746198,224,224,7636018290052172554,4339272336947804409
tomato_rotten_0507,images/tomato_rotten/tomato_rotten_0507.jpg,tomato_rotten,5,tomato,rotten,not_subtyped,train,g01090,Fruits_Vegetables_Dataset(12000)/Vegetables/RottenTomato/rottenTomato (200).jpg,https://www.kaggle.com/datasets/muhriddinmuxiddinov/fruits-and-vegetables-dataset,2,publisher_fresh_rotten_folder,not_annotated,4032dc3de0d2822c8a2a44fc88b1ca2abf1e46054019c94482de9e104b13b9fd,ba6bfc7056ee6ab7ba601793144c42fb06403634083dce3f3be1f36e46948662,224,224,1860097266673830130,1746187173192482767
tomato_rotten_0548,images/tomato_rotten/tomato_rotten_0548.jpg,tomato_rotten,5,tomato,rotten,not_subtyped,train,g01151,Fruits_Vegetables_Dataset(12000)/Vegetables/RottenTomato/rottenTomato (431).jpg,https://www.kaggle.com/datasets/muhriddinmuxiddinov/fruits-and-vegetables-dataset,2,publisher_fresh_rotten_folder,not_annotated,d9582dd0bc3ac5dcf5d56a02676aa27a2ece4c43b39900ba63544a5c48d36fb3,31ebd3bade9d922ffea7a76c7aaf163318d35d8ba9bd8f060dd34418486ebf75,224,224,4593892500526270231,16372898414909201215
tomato_rotten_0512,images/tomato_rotten/tomato_rotten_0512.jpg,tomato_rotten,5,tomato,rotten,not_subtyped,train,g01090,Fruits_Vegetables_Dataset(12000)/Vegetables/RottenTomato/rottenTomato (219).jpg,https://www.kaggle.com/datasets/muhriddinmuxiddinov/fruits-and-vegetables-dataset,2,publisher_fresh_rotten_folder,not_annotated,4a1b1483a03f540e4d3a9ec7a28d8cd4e7129771ff5b276009f9297c6ac5611b,67c0252d5c22ca29e20ef439b7fe6845f84c079cf6cae84eec329ff6a28dcc7d,224,224,2003086128946846599,18443218461644103439
tomato_rotten_0555,images/tomato_rotten/tomato_rotten_0555.jpg,tomato_rotten,5,tomato,rotten,not_subtyped,train,g01151,Fruits_Vegetables_Dataset(12000)/Vegetables/RottenTomato/rottenTomato (472).jpg,https://www.kaggle.com/datasets/muhriddinmuxiddinov/fruits-and-vegetables-dataset,2,publisher_fresh_rotten_folder,not_annotated,1f160cd3e23f1836d77380dbfaf708b19035d914b90de1016d7add322d98e158,edd740ad9116e085437c9a42af06d72025b3dcbfb558ada416e2387d1cd7feff,224,224,3649832812872020276,18216106788994701428
tomato_rotten_0563,images/tomato_rotten/tomato_rotten_0563.jpg,tomato_rotten,5,tomato,rotten,not_subtyped,train,g01090,Fruits_Vegetables_Dataset(12000)/Vegetables/RottenTomato/rottenTomato (517).jpg,https://www.kaggle.com/datasets/muhriddinmuxiddinov/fruits-and-vegetables-dataset,2,publisher_fresh_rotten_folder,not_annotated,21bffba019ce8f08de34580b40f8b7916571c7559cfd24d13bb78e5e5fe529c1,401552e5956153a975f3db86a5fbc8645c2c68a65c00e8953daabd6b1be6b960,224,224,4521846086338792562,18342103785066474524
tomato_rotten_0540,images/tomato_rotten/tomato_rotten_0540.jpg,tomato_rotten,5,tomato,rotten,not_subtyped,train,g01151,Fruits_Vegetables_Dataset(12000)/Vegetables/RottenTomato/rottenTomato (384).jpg,https://www.kaggle.com/datasets/muhriddinmuxiddinov/fruits-and-vegetables-dataset,2,publisher_fresh_rotten_folder,not_annotated,b6951719cbb8de8ed85d0e7aff9f8363c54389dd4392b4f12692653fa0ded8a9,30b5e5434a5d1e2a8519d4c18ddbbf9a3ca1d24e3dc6f8ca0fceabd6eccf55e6,224,224,3715131254063838182,17791837348142340455
tomato_rotten_0530,images/tomato_rotten/tomato_rotten_0530.jpg,tomato_rotten,5,tomato,rotten,not_subtyped,train,g01159,Fruits_Vegetables_Dataset(12000)/Vegetables/RottenTomato/rottenTomato (32).jpg,https://www.kaggle.com/datasets/muhriddinmuxiddinov/fruits-and-vegetables-dataset,2,publisher_fresh_rotten_folder,not_annotated,9a3fc169b5dcd73a6d982c8022f848e2cb64818e8a7d9bb733f06ce6ed28d4b3,c969d44d685c57cd45ad2a54dfd35442e886be6013a551eb28e3ab31f9c32aeb,100,100,4230197095672374470,2248366643953600359
tomato_rotten_0504,images/tomato_rotten/tomato_rotten_0504.jpg,tomato_rotten,5,tomato,rotten,not_subtyped,train,g01242,Fruits_Vegetables_Dataset(12000)/Vegetables/RottenTomato/rottenTomato (178).jpg,https://www.kaggle.com/datasets/muhriddinmuxiddinov/fruits-and-vegetables-dataset,2,publisher_fresh_rotten_folder,not_annotated,dabe3a034b7458a9fb6e1e1105b44edfd45bae9de61465e3198aceed700a6ebb,34449e376557259de387890ee9844eb35fcc866adc270813bfcaccd41bad5c7e,236,282,3086357463698220188,14773890847089318687
tomato_rotten_0534,images/tomato_rotten/tomato_rotten_0534.jpg,tomato_rotten,5,tomato,rotten,not_subtyped,train,g01090,Fruits_Vegetables_Dataset(12000)/Vegetables/RottenTomato/rottenTomato (348).jpg,https://www.kaggle.com/datasets/muhriddinmuxiddinov/fruits-and-vegetables-dataset,2,publisher_fresh_rotten_folder,not_annotated,0085d65b45f40198c3013319eed005df2099012f6b91ac14f51c5fd2bfd1a474,f530aa83f87466947c0b4cf23fb72c1a2040b6cbf2e7a595160390c323c4a9a8,224,224,4367580981899639836,16011762552811637567
tomato_rotten_0528,images/tomato_rotten/tomato_rotten_0528.jpg,tomato_rotten,5,tomato,rotten,not_subtyped,train,g01074,Fruits_Vegetables_Dataset(12000)/Vegetables/RottenTomato/rottenTomato (305).jpg,https://www.kaggle.com/datasets/muhriddinmuxiddinov/fruits-and-vegetables-dataset,2,publisher_fresh_rotten_folder,not_annotated,46bdf5f0cf2c24ba240c29aefb4cf37399a91398ee4e0009bdcbe95ee87b41ab,93751f32c3df1f7dc0b884234483a31744fc1bdf887dda481079abadf71d7026,199,245,9196773057965332641,3228829335657154406
tomato_rotten_0553,images/tomato_rotten/tomato_rotten_0553.jpg,tomato_rotten,5,tomato,rotten,not_subtyped,train,g01151,Fruits_Vegetables_Dataset(12000)/Vegetables/RottenTomato/rottenTomato (458).jpg,https://www.kaggle.com/datasets/muhriddinmuxiddinov/fruits-and-vegetables-dataset,2,publisher_fresh_rotten_folder,not_annotated,86c2309a0f97aa111213239d9be97e3122b515241a821a03890ca975f00d2450,3fabd705d880d97a2e43638b3b0a4c79ad156e1af5dd82a590e075daadbc6d33,224,224,2709643298639144292,18373779158360032910
tomato_rotten_0543,images/tomato_rotten/tomato_rotten_0543.jpg,tomato_rotten,5,tomato,rotten,not_subtyped,train,g01151,Fruits_Vegetables_Dataset(12000)/Vegetables/RottenTomato/rottenTomato (396).jpg,https://www.kaggle.com/datasets/muhriddinmuxiddinov/fruits-and-vegetables-dataset,2,publisher_fresh_rotten_folder,not_annotated,708ec3693efe77143a9d7da1b115c462bd8b38cd1dc32cb1d461b6fef403857a,924628dcdec8cb51472370f6f7f865b769d8b6d74cd5b775ed1214381e4ee12e,224,224,3588698367512385593,16774957116016201115
tomato_rotten_0574,images/tomato_rotten/tomato_rotten_0574.jpg,tomato_rotten,5,tomato,rotten,not_subtyped,train,g01287,Fruits_Vegetables_Dataset(12000)/Vegetables/RottenTomato/rottenTomato (71).jpg,https://www.kaggle.com/datasets/muhriddinmuxiddinov/fruits-and-vegetables-dataset,2,publisher_fresh_rotten_folder,not_annotated,38097dc4a0839949a63961e3e7420cc0f2629e32aac2bf2d44e7038f8f468d24,acd650aed1676d466c496031c46a13712e52f04c106da04106817c3c83fa7426,390,280,3696835404462535116,9986620695898823830
tomato_rotten_0561,images/tomato_rotten/tomato_rotten_0561.jpg,tomato_rotten,5,tomato,rotten,not_subtyped,train,g01151,Fruits_Vegetables_Dataset(12000)/Vegetables/RottenTomato/rottenTomato (508).jpg,https://www.kaggle.com/datasets/muhriddinmuxiddinov/fruits-and-vegetables-dataset,2,publisher_fresh_rotten_folder,not_annotated,b148d575f9fc7aa04032183f6ff551dae4dcc9dde28c72dd3920f0da68e083d9,655df1dfd2e70c384e06812ab8a8ef9efeeb2eb887ec149d049b2a8f78c163e4,224,224,2203916693013610154,17832408934819918257
tomato_rotten_0516,images/tomato_rotten/tomato_rotten_0516.jpg,tomato_rotten,5,tomato,rotten,not_subtyped,train,g01123,Fruits_Vegetables_Dataset(12000)/Vegetables/RottenTomato/rottenTomato (243).jpg,https://www.kaggle.com/datasets/muhriddinmuxiddinov/fruits-and-vegetables-dataset,2,publisher_fresh_rotten_folder,not_annotated,45f2ad39be2faa62eeeb8d10388c287a03bcf88599b35c847c34f32a5c6bdee6,a88441d393e00e0a9d9ef64e3e4bed7644dfab64ed3c6871254c8d1178c2284a,236,176,7747515273123253081,868925361781153679
tomato_rotten_0542,images/tomato_rotten/tomato_rotten_0542.jpg,tomato_rotten,5,tomato,rotten,not_subtyped,train,g01151,Fruits_Vegetables_Dataset(12000)/Vegetables/RottenTomato/rottenTomato (388).jpg,https://www.kaggle.com/datasets/muhriddinmuxiddinov/fruits-and-vegetables-dataset,2,publisher_fresh_rotten_folder,not_annotated,718102f7d17b9b74f1e216b8e13a6c6c0da480255fe73be71161b3b70c3eac2e,40b78e77badaaeaeeffae194a269f3c3e63ef2775f1c937ce5a14b7cf35e31e4,224,224,3732527671821133494,9185599167811980701
tomato_rotten_0557,images/tomato_rotten/tomato_rotten_0557.jpg,tomato_rotten,5,tomato,rotten,not_subtyped,train,g01151,Fruits_Vegetables_Dataset(12000)/Vegetables/RottenTomato/rottenTomato (479).jpg,https://www.kaggle.com/datasets/muhriddinmuxiddinov/fruits-and-vegetables-dataset,2,publisher_fresh_rotten_folder,not_annotated,8adc44cb76cf9ff2c445ff68b30b4683fde541f764a330fe9664440d9c1e0817,5901f4a808578a2d259b8633d104f15b2a36bfeb674253379a73356814d0b89a,224,224,3496363099065847449,14744396597509758104
tomato_rotten_0541,images/tomato_rotten/tomato_rotten_0541.jpg,tomato_rotten,5,tomato,rotten,not_subtyped,train,g01151,Fruits_Vegetables_Dataset(12000)/Vegetables/RottenTomato/rottenTomato (386).jpg,https://www.kaggle.com/datasets/muhriddinmuxiddinov/fruits-and-vegetables-dataset,2,publisher_fresh_rotten_folder,not_annotated,2b477fbc68e2634422343471e140d8a906a6bc40e0ccd0c1006d30d9d402feeb,f6e0775d88286135182a6bf7cde3753a56eb0f3f1e118f7ab63b8e19092a9ff6,224,224,3714512238814639814,18332409496519658803
tomato_rotten_0558,images/tomato_rotten/tomato_rotten_0558.jpg,tomato_rotten,5,tomato,rotten,not_subtyped,train,g01151,Fruits_Vegetables_Dataset(12000)/Vegetables/RottenTomato/rottenTomato (491).jpg,https://www.kaggle.com/datasets/muhriddinmuxiddinov/fruits-and-vegetables-dataset,2,publisher_fresh_rotten_folder,not_annotated,62ab7c042b0552b5a066af66df1a330920e59cbb36014b02662093c6fd593929,2c4c17d6d29820745e90c1c16704797209177b3b5713ce2909cf3434ab78a8e2,224,224,7823198294421363604,18229713551829231590
tomato_rotten_0579,images/tomato_rotten/tomato_rotten_0579.jpg,tomato_rotten,5,tomato,rotten,not_subtyped,train,g01300,Fruits_Vegetables_Dataset(12000)/Vegetables/RottenTomato/rottenTomato (99).jpg,https://www.kaggle.com/datasets/muhriddinmuxiddinov/fruits-and-vegetables-dataset,2,publisher_fresh_rotten_folder,not_annotated,3808a5d6af37bb18094282421bc246ac4f08a965a805301a3dbaca874c13bc52,34db7a23af3862d4956ec66111d0fe583ace0da8a7db455eb99ff288c4bd322e,280,263,3428598633066122797,2098232171579245327
tomato_rotten_0518,images/tomato_rotten/tomato_rotten_0518.jpg,tomato_rotten,5,tomato,rotten,not_subtyped,train,g01151,Fruits_Vegetables_Dataset(12000)/Vegetables/RottenTomato/rottenTomato (250).jpg,https://www.kaggle.com/datasets/muhriddinmuxiddinov/fruits-and-vegetables-dataset,2,publisher_fresh_rotten_folder,not_annotated,7cfc70091fa42a0c39e4178c0b3cafa55b589d16bc504de0590033bd43e32b1e,44e200f95fe66f570f98cbf7800285e49cf11ca2d9fe8ab750342f67fae61666,224,224,4075038937967545446,18446735256053521564
tomato_rotten_0536,images/tomato_rotten/tomato_rotten_0536.jpg,tomato_rotten,5,tomato,rotten,not_subtyped,train,g01090,Fruits_Vegetables_Dataset(12000)/Vegetables/RottenTomato/rottenTomato (355).jpg,https://www.kaggle.com/datasets/muhriddinmuxiddinov/fruits-and-vegetables-dataset,2,publisher_fresh_rotten_folder,not_annotated,c3ae02d511f23d636c0ebea65140234a7a5ef5a9fe165a064ee85464c09612e4,2f4869962ccb876dda5ce70e37e2e62b5af755edd4311bfa51c6dc0eec482c45,224,224,7464879599099604260,18007194282993600079
tomato_rotten_0523,images/tomato_rotten/tomato_rotten_0523.jpg,tomato_rotten,5,tomato,rotten,not_subtyped,train,g01139,Fruits_Vegetables_Dataset(12000)/Vegetables/RottenTomato/rottenTomato (28).jpg,https://www.kaggle.com/datasets/muhriddinmuxiddinov/fruits-and-vegetables-dataset,2,publisher_fresh_rotten_folder,not_annotated,8efb222954663f6b2ef85522d5069f3dbe14270ce53ac021e03db2a4adfe712c,81858066747f2bb0616da79851d2bdac1c0075b952090fc2a8ad271026187fd2,262,193,1301111123301461639,18440495329222434120
tomato_rotten_0522,images/tomato_rotten/tomato_rotten_0522.jpg,tomato_rotten,5,tomato,rotten,not_subtyped,train,g01151,Fruits_Vegetables_Dataset(12000)/Vegetables/RottenTomato/rottenTomato (271).jpg,https://www.kaggle.com/datasets/muhriddinmuxiddinov/fruits-and-vegetables-dataset,2,publisher_fresh_rotten_folder,not_annotated,d78a1ca405ce65fd1d40282da3de404e6983643f4c5b08fd3b0a51b931f0b4d0,b97c225ebbdcdced4abdaf65b71a68396b0d3d22c85d09521e30ca53439e3b69,224,224,1934970476076754470,4267505039347515263
tomato_rotten_0515,images/tomato_rotten/tomato_rotten_0515.jpg,tomato_rotten,5,tomato,rotten,not_subtyped,train,g01090,Fruits_Vegetables_Dataset(12000)/Vegetables/RottenTomato/rottenTomato (228).jpg,https://www.kaggle.com/datasets/muhriddinmuxiddinov/fruits-and-vegetables-dataset,2,publisher_fresh_rotten_folder,not_annotated,5f202ba0643e5a70eccaf803e6ad515944515c2e2a913bd30984b3b604b57241,80dd9c067a2df471b4370e67329a5f68038bd6188a8147e4e33d46d72fd7dccb,224,224,2210530291776919657,9183958927546792207
tomato_rotten_0520,images/tomato_rotten/tomato_rotten_0520.jpg,tomato_rotten,5,tomato,rotten,not_subtyped,train,g01129,Fruits_Vegetables_Dataset(12000)/Vegetables/RottenTomato/rottenTomato (255).jpg,https://www.kaggle.com/datasets/muhriddinmuxiddinov/fruits-and-vegetables-dataset,2,publisher_fresh_rotten_folder,not_annotated,4618383596be648de6e64c4eb34dd8cf5e7895c82a7a77ab22d2ef021ad07d25,db14c969f5e0bf594f7870276df7cb745de6c3117e5802d423c3466cafc25678,164,201,3135057071110000428,9875039219596594959
tomato_rotten_0564,images/tomato_rotten/tomato_rotten_0564.jpg,tomato_rotten,5,tomato,rotten,not_subtyped,train,g01090,Fruits_Vegetables_Dataset(12000)/Vegetables/RottenTomato/rottenTomato (520).jpg,https://www.kaggle.com/datasets/muhriddinmuxiddinov/fruits-and-vegetables-dataset,2,publisher_fresh_rotten_folder,not_annotated,4b2d1bdd14bf6f15ed35410982d22bd9c9a26021dc7f99a81800e598e456562e,8bbfb4b5270164b22af4f5a5466c708e42eceb8caf05cf08300b64559514c749,224,224,3733076380801535897,4557500284151831768
tomato_rotten_0569,images/tomato_rotten/tomato_rotten_0569.jpg,tomato_rotten,5,tomato,rotten,not_subtyped,train,g01151,Fruits_Vegetables_Dataset(12000)/Vegetables/RottenTomato/rottenTomato (553).jpg,https://www.kaggle.com/datasets/muhriddinmuxiddinov/fruits-and-vegetables-dataset,2,publisher_fresh_rotten_folder,not_annotated,7db0ed5614f98a7f20da73162e9709fdb46c79a82053bd024588f3c96268eb87,9683736f21770b07b090b3c545a852e0e3cbbcfebc2fd18b17ec7c78aa7f8fd0,224,224,5447022579859679962,8970178644336178168
tomato_rotten_0503,images/tomato_rotten/tomato_rotten_0503.jpg,tomato_rotten,5,tomato,rotten,not_subtyped,train,g01082,Fruits_Vegetables_Dataset(12000)/Vegetables/RottenTomato/rottenTomato (161).jpg,https://www.kaggle.com/datasets/muhriddinmuxiddinov/fruits-and-vegetables-dataset,2,publisher_fresh_rotten_folder,not_annotated,13d8fe2cc4dca83304b0b58dde20b134a8ba8d8d3f916eb3203c93090d545284,21a5c5adae60943968684735e361bfe3e761448e69e27a817bd4ef7ced2d50a7,4032,3024,4548566151604483014,18392489082056818639
tomato_rotten_0571,images/tomato_rotten/tomato_rotten_0571.jpg,tomato_rotten,5,tomato,rotten,not_subtyped,train,g01151,Fruits_Vegetables_Dataset(12000)/Vegetables/RottenTomato/rottenTomato (563).jpg,https://www.kaggle.com/datasets/muhriddinmuxiddinov/fruits-and-vegetables-dataset,2,publisher_fresh_rotten_folder,not_annotated,473336adcdf6d26eeb3fcc2bf57afc8b480e621b2b6c07632b64a5729f495681,7c36b810b19777208fe2cff4ba6fd8633e8529b21b4f9ab01f802e9d8dedf321,224,224,3859472890612582279,18229670373191748748
tomato_rotten_0566,images/tomato_rotten/tomato_rotten_0566.jpg,tomato_rotten,5,tomato,rotten,not_subtyped,train,g01090,Fruits_Vegetables_Dataset(12000)/Vegetables/RottenTomato/rottenTomato (537).jpg,https://www.kaggle.com/datasets/muhriddinmuxiddinov/fruits-and-vegetables-dataset,2,publisher_fresh_rotten_folder,not_annotated,737633f00de8ce4720b21264d93abc413f879fa8b94bb636771f72193630d5ce,eb9bcadc19a224204390ca5c0092ab8f08a342c4547bfac080a74b4bfdf69632,224,224,8697582727061304427,11248932185600947155
tomato_rotten_0532,images/tomato_rotten/tomato_rotten_0532.jpg,tomato_rotten,5,tomato,rotten,not_subtyped,train,g01090,Fruits_Vegetables_Dataset(12000)/Vegetables/RottenTomato/rottenTomato (338).jpg,https://www.kaggle.com/datasets/muhriddinmuxiddinov/fruits-and-vegetables-dataset,2,publisher_fresh_rotten_folder,not_annotated,3ac5208dcadb8d907c4b091fc9a342776e3958e79ba7b384a1f32c326265309b,6fe13d26ef6a8374c85a492e18714e52c43c3cb00ec01b280988bf0af76564ef,224,224,7537782668036762186,18227180267370701751
tomato_rotten_0588,images/tomato_rotten/tomato_rotten_0588.jpg,tomato_rotten,5,tomato,rotten,not_subtyped,val,g01118,Fruits_Vegetables_Dataset(12000)/Vegetables/RottenTomato/rottenTomato (231).jpg,https://www.kaggle.com/datasets/muhriddinmuxiddinov/fruits-and-vegetables-dataset,2,publisher_fresh_rotten_folder,not_annotated,a1df4b21bdce6994a09c251ae11d7b8b8c8fd2b2760035a5d005fc510fa7eb68,5aafb9fb8801b15c4bd03566d3aa4015e3960aa93fa5381f844416fe4af47843,214,174,4293008308805356393,10100179015108071318
tomato_rotten_0587,images/tomato_rotten/tomato_rotten_0587.jpg,tomato_rotten,5,tomato,rotten,not_subtyped,val,g01108,Fruits_Vegetables_Dataset(12000)/Vegetables/RottenTomato/rottenTomato (209).jpg,https://www.kaggle.com/datasets/muhriddinmuxiddinov/fruits-and-vegetables-dataset,2,publisher_fresh_rotten_folder,not_annotated,0f9b914e2e31ee6e8e27128e4164086110df851d9ee4d86acdec716e5d0ed880,6d370ee5fcc56894f6b765dd32a1c25d48a554befce24c8b92ae1aae8130c705,80,100,8818032036215818885,662091994036246414
tomato_rotten_0591,images/tomato_rotten/tomato_rotten_0591.jpg,tomato_rotten,5,tomato,rotten,not_subtyped,val,g01172,Fruits_Vegetables_Dataset(12000)/Vegetables/RottenTomato/rottenTomato (35).jpg,https://www.kaggle.com/datasets/muhriddinmuxiddinov/fruits-and-vegetables-dataset,2,publisher_fresh_rotten_folder,not_annotated,4ecc674a06e06d13c1d283e0fedd1d7ef27429772209d432ab57ef9b0c12d0dc,e7f0e303300d13455567a29bb166cee6ccaf8f99d3bf17ce87f8d0d56a060642,194,259,4651689798179173911,8659240948529418374
tomato_rotten_0582,images/tomato_rotten/tomato_rotten_0582.jpg,tomato_rotten,5,tomato,rotten,not_subtyped,val,g01065,Fruits_Vegetables_Dataset(12000)/Vegetables/RottenTomato/rottenTomato (111).jpg,https://www.kaggle.com/datasets/muhriddinmuxiddinov/fruits-and-vegetables-dataset,2,publisher_fresh_rotten_folder,not_annotated,d100d75087ca8a83217c776bbae0301866843a6d9971b1a2f5f1b12a4e5a516c,3deb028564f93cad0d34e89aa66af45430f82bbeed4eaa64bb3ad386d8b63f36,99,111,2436964786281236796,2098263492556957197
tomato_rotten_0599,images/tomato_rotten/tomato_rotten_0599.jpg,tomato_rotten,5,tomato,rotten,not_subtyped,val,g01296,Fruits_Vegetables_Dataset(12000)/Vegetables/RottenTomato/rottenTomato (90).jpg,https://www.kaggle.com/datasets/muhriddinmuxiddinov/fruits-and-vegetables-dataset,2,publisher_fresh_rotten_folder,not_annotated,5c02ce12bd8eca7af812a7a5f127553b5aa5be0811d9061160654c52ef7fd67d,d28356d0ecf08079f5482e6fd8ce2b2de3c5a2b6c0faeb3c5d13047f7258c99b,294,269,7681379295487644187,1374532152922014471
tomato_rotten_0584,images/tomato_rotten/tomato_rotten_0584.jpeg,tomato_rotten,5,tomato,rotten,not_subtyped,val,g01068,Fruits_Vegetables_Dataset(12000)/Vegetables/RottenTomato/rottenTomato (12).jpeg,https://www.kaggle.com/datasets/muhriddinmuxiddinov/fruits-and-vegetables-dataset,2,publisher_fresh_rotten_folder,not_annotated,86a9fa707df7804b79229514853a54c7b67abe74d1a67f596b9e8f4d8c4db1fa,1a0448bada8859940e1e4bf4ff05c1ec4eff79501bcdbdd9f69970ec4d6ebf09,309,163,4220088684286525363,11940234866546128652
tomato_rotten_0598,images/tomato_rotten/tomato_rotten_0598.jpg,tomato_rotten,5,tomato,rotten,not_subtyped,val,g01295,Fruits_Vegetables_Dataset(12000)/Vegetables/RottenTomato/rottenTomato (9).jpg,https://www.kaggle.com/datasets/muhriddinmuxiddinov/fruits-and-vegetables-dataset,2,publisher_fresh_rotten_folder,not_annotated,73b56bdac5079c9fb7249ba07d34c68e4512fbe84abef6a6e4b3fe51e637129f,8248a0cee8d37a5156568ae245f9ad3fd7aa1564a9cbd860cedb42f9a4de91bd,450,320,5014119658869941864,15626950249074279187
tomato_rotten_0580,images/tomato_rotten/tomato_rotten_0580.png,tomato_rotten,5,tomato,rotten,not_subtyped,val,g01059,Fruits_Vegetables_Dataset(12000)/Vegetables/RottenTomato/rottenTomato (1).png,https://www.kaggle.com/datasets/muhriddinmuxiddinov/fruits-and-vegetables-dataset,2,publisher_fresh_rotten_folder,not_annotated,65c15812b89017f795663df933bb395eddb71d1b4d8734fd79392a77aa55f39b,afe71d76d264d336352a0ff5dbf792bed0bbced4c09fec5cea6b826c86587bdd,260,242,422031082598116397,17422393852691932904
tomato_rotten_0593,images/tomato_rotten/tomato_rotten_0593.jpg,tomato_rotten,5,tomato,rotten,not_subtyped,val,g01280,Fruits_Vegetables_Dataset(12000)/Vegetables/RottenTomato/rottenTomato (59).jpg,https://www.kaggle.com/datasets/muhriddinmuxiddinov/fruits-and-vegetables-dataset,2,publisher_fresh_rotten_folder,not_annotated,5685790e0db303f52fcdbbf66addffe16ebe01f75f8641fad779cfb30b303936,9d9915a30a9124067e601440586b1caff95395ff2807cea644e73079a3accdaf,258,195,7826017510479906409,17074170552750933958
tomato_rotten_0581,images/tomato_rotten/tomato_rotten_0581.jpg,tomato_rotten,5,tomato,rotten,not_subtyped,val,g01062,Fruits_Vegetables_Dataset(12000)/Vegetables/RottenTomato/rottenTomato (106).jpg,https://www.kaggle.com/datasets/muhriddinmuxiddinov/fruits-and-vegetables-dataset,2,publisher_fresh_rotten_folder,not_annotated,7651afb43715db344c7b29a6c8fc681889216e0ad03cd15758d3a87ab3f9ea8e,eeb633d4c2e81fec3381c9f8653399d08bd69156f73b69eb4607365188a75d85,336,328,7767834418700407649,1668323315436685199
tomato_rotten_0594,images/tomato_rotten/tomato_rotten_0594.jpg,tomato_rotten,5,tomato,rotten,not_subtyped,val,g01282,Fruits_Vegetables_Dataset(12000)/Vegetables/RottenTomato/rottenTomato (61).jpg,https://www.kaggle.com/datasets/muhriddinmuxiddinov/fruits-and-vegetables-dataset,2,publisher_fresh_rotten_folder,not_annotated,c694aaa90805c345098f475f2ecb0ceced9aa1abfea8559e27af6218bf858386,cb52296088144e23de52dd94d3969f13681e9d9dac768a1a6cb0aca939b5debd,280,180,3395949889140515715,6167361206435933024
tomato_rotten_0592,images/tomato_rotten/tomato_rotten_0592.jpg,tomato_rotten,5,tomato,rotten,not_subtyped,val,g01214,Fruits_Vegetables_Dataset(12000)/Vegetables/RottenTomato/rottenTomato (44).jpg,https://www.kaggle.com/datasets/muhriddinmuxiddinov/fruits-and-vegetables-dataset,2,publisher_fresh_rotten_folder,not_annotated,1049d57a5db670c3c330cdd24fe51d0574a810c937bffe22990f8b000b2a86d8,0647a5ba80bd226c0b974eb0da3840a10de4c4ae5bb4ca15f119cd9a87d6208d,275,183,3801822302827695154,9810051156541840937
tomato_rotten_0589,images/tomato_rotten/tomato_rotten_0589.jpg,tomato_rotten,5,tomato,rotten,not_subtyped,val,g01131,Fruits_Vegetables_Dataset(12000)/Vegetables/RottenTomato/rottenTomato (259).jpg,https://www.kaggle.com/datasets/muhriddinmuxiddinov/fruits-and-vegetables-dataset,2,publisher_fresh_rotten_folder,not_annotated,b33cdd14ed91a3805dc14fb12e841fe6211ce2e5a0e5ffc3418e40da5d6842fe,40ddacdb936e0a0ef2ac830ed5fa49aafe629920e995ce8ec30c7b632838df4f,197,224,4593904767039478576,7822259367473528588
tomato_rotten_0585,images/tomato_rotten/tomato_rotten_0585.jpg,tomato_rotten,5,tomato,rotten,not_subtyped,val,g01069,Fruits_Vegetables_Dataset(12000)/Vegetables/RottenTomato/rottenTomato (123).jpg,https://www.kaggle.com/datasets/muhriddinmuxiddinov/fruits-and-vegetables-dataset,2,publisher_fresh_rotten_folder,not_annotated,057bd9321aa99d87924d74ed6935d593099742af16aed878c36c78839d8bbce8,7af86651462324fa14c2dd79175291861d7fe11f1a2260e8e2bc96d084aff0f5,449,344,7693187870190966668,11106761844414940935
tomato_rotten_0595,images/tomato_rotten/tomato_rotten_0595.jpeg,tomato_rotten,5,tomato,rotten,not_subtyped,val,g01286,Fruits_Vegetables_Dataset(12000)/Vegetables/RottenTomato/rottenTomato (7).jpeg,https://www.kaggle.com/datasets/muhriddinmuxiddinov/fruits-and-vegetables-dataset,2,publisher_fresh_rotten_folder,not_annotated,55d11b679e33d11882b8b426e7be8a3c29c7186ca2a5f4ab190c193bdc97fbca,153ce7c19009558a54f3e79bbfdc82baf202bbc89250adb70b92730ede4e4e11,274,184,4497636519524378428,4873780088949913654
tomato_rotten_0583,images/tomato_rotten/tomato_rotten_0583.jpg,tomato_rotten,5,tomato,rotten,not_subtyped,val,g01067,Fruits_Vegetables_Dataset(12000)/Vegetables/RottenTomato/rottenTomato (116).jpg,https://www.kaggle.com/datasets/muhriddinmuxiddinov/fruits-and-vegetables-dataset,2,publisher_fresh_rotten_folder,not_annotated,d4924635a759af009b0e62f44637656ae9fdcf816c7b02cf3a68dc94269da2f6,7926a67e1f8bf7356fd667a79f3fbe03a276a12298b8f82c208a6d7edb81bbbd,219,260,4188881804849695604,2024142879335726860
tomato_rotten_0586,images/tomato_rotten/tomato_rotten_0586.jpg,tomato_rotten,5,tomato,rotten,not_subtyped,val,g01075,Fruits_Vegetables_Dataset(12000)/Vegetables/RottenTomato/rottenTomato (138).jpg,https://www.kaggle.com/datasets/muhriddinmuxiddinov/fruits-and-vegetables-dataset,2,publisher_fresh_rotten_folder,not_annotated,7a102bb60e8cef97a9442045ce38c1ed0b05be0e2aa5bd38a2a7c5a20880d860,825ef4c9dd46aaa4e129ed02586dbeb00d46fd4e3f48714e514ec982f41b4a4f,258,275,7679399943628099432,5192433986474022791
tomato_rotten_0597,images/tomato_rotten/tomato_rotten_0597.jpg,tomato_rotten,5,tomato,rotten,not_subtyped,val,g01294,Fruits_Vegetables_Dataset(12000)/Vegetables/RottenTomato/rottenTomato (87).jpg,https://www.kaggle.com/datasets/muhriddinmuxiddinov/fruits-and-vegetables-dataset,2,publisher_fresh_rotten_folder,not_annotated,2311cec5b7f603cdf6f93976c5f28b04e407980e951974b1f724dd5e163e5338,252718668b2350fc320b3744b58185f72a1520e475439c5b74e08d3366332890,334,287,7684694860232302185,1013058330111185807
tomato_rotten_0590,images/tomato_rotten/tomato_rotten_0590.jpg,tomato_rotten,5,tomato,rotten,not_subtyped,val,g01155,Fruits_Vegetables_Dataset(12000)/Vegetables/RottenTomato/rottenTomato (312).jpg,https://www.kaggle.com/datasets/muhriddinmuxiddinov/fruits-and-vegetables-dataset,2,publisher_fresh_rotten_folder,not_annotated,d5d6e32462516ba7d66ba8b20208884223cf102c5397017bfc826af2a81a4b48,b82544aa85821fc4754e54af27e790de4cdacf06a2c6dfec26218c898b7762f7,414,372,7985077619464246173,1947566480439848718
tomato_rotten_0596,images/tomato_rotten/tomato_rotten_0596.jpg,tomato_rotten,5,tomato,rotten,not_subtyped,val,g01288,Fruits_Vegetables_Dataset(12000)/Vegetables/RottenTomato/rottenTomato (73).jpg,https://www.kaggle.com/datasets/muhriddinmuxiddinov/fruits-and-vegetables-dataset,2,publisher_fresh_rotten_folder,not_annotated,9e9300fadc8913a492bd34d6932ce56a7d6b50afe1cda1feb5f884d35ef54fc6,10786d4957407946ebd9bbf3aa7df4caa6071a302011e60db15a681aa172c543,1255,1300,3281382735191698636,4799754369162447938
