image_id,image_path,class_name,class_id,species,condition,abnormal_type,split,group_id,session_id,source_dataset,source_archive_path,source_url,source_version,label_origin,preprocessing,region_annotation,sha256,pixel_sha256,width,height,phash,dhash,in_v1
cucumber_fresh_0001,train/P_fresh/cucumber_fresh_0001.jpg,cucumber_fresh,0,cucumber,fresh,none,train,g0001,s0001,muhriddinmuxiddinov,Fruits_Vegetables_Dataset(12000)/Vegetables/FreshCucumber/freshCucumber (109).jpg,https://www.kaggle.com/datasets/muhriddinmuxiddinov/fruits-and-vegetables-dataset,2,publisher_fresh_rotten_folder+visual_review,none,not_annotated,9984baaf210b9c15d597bb0c9919afe26684b5c08675af7a1f2e731e7d20365d,89f79fb995d3c421053b0b46be929a4f257927d21636107c44e606e5147a5fba,480,848,b067c736ce629cc2,cc8e969696968ccc,yes
cucumber_fresh_0002,train/P_fresh/cucumber_fresh_0002.jpg,cucumber_fresh,0,cucumber,fresh,none,train,g0001,s0001,muhriddinmuxiddinov,Fruits_Vegetables_Dataset(12000)/Vegetables/FreshCucumber/freshCucumber (114).jpg,https://www.kaggle.com/datasets/muhriddinmuxiddinov/fruits-and-vegetables-dataset,2,publisher_fresh_rotten_folder+visual_review,none,not_annotated,33cef23a57dd2e903ab68a60cb0b5c49541bf0883c706e101e257124ec0aa082,73c76c602a883a8f1a6ce928260da75bd2dfbb46bd809240cb75b50b2392ac07,480,848,b065c734ce629ce6,cc9e969696968ccc,yes
cucumber_fresh_0004,train/P_fresh/cucumber_fresh_0004.jpg,cucumber_fresh,0,cucumber,fresh,none,train,g0001,s0001,muhriddinmuxiddinov,Fruits_Vegetables_Dataset(12000)/Vegetables/FreshCucumber/freshCucumber (14).jpg,https://www.kaggle.com/datasets/muhriddinmuxiddinov/fruits-and-vegetables-dataset,2,publisher_fresh_rotten_folder+visual_review,none,not_annotated,cdfd2a3304cd8ec91afc849c832540afe3982951baabbbec7fa4f4c7074cd03f,3fc57e21149bc8541b400a073945d78083d8a11c40d42766cf32a03b67629cc5,4032,3024,bf6ac0951f42e82b,fd1f073d7f3fc8fc,yes
cucumber_fresh_0006,train/P_fresh/cucumber_fresh_0006.jpg,cucumber_fresh,0,cucumber,fresh,none,train,g0001,s0001,muhriddinmuxiddinov,Fruits_Vegetables_Dataset(12000)/Vegetables/FreshCucumber/freshCucumber (158).jpg,https://www.kaggle.com/datasets/muhriddinmuxiddinov/fruits-and-vegetables-dataset,2,publisher_fresh_rotten_folder+visual_review,none,not_annotated,1f354df7d1e60a376afb631a638bc7fb6e3837b89ef15db27d4dffa44e8bb53d,2c37ca52935a2512d3fc551ceac1faab28ccc4e57fdd01268f1d90eaeb717d99,480,848,e57196619b66d982,cc8e060e0606ce4c,yes
cucumber_fresh_0007,train/P_fresh/cucumber_fresh_0007.jpg,cucumber_fresh,0,cucumber,fresh,none,train,g0001,s0001,muhriddinmuxiddinov,Fruits_Vegetables_Dataset(12000)/Vegetables/FreshCucumber/freshCucumber (167).jpg,https://www.kaggle.com/datasets/muhriddinmuxiddinov/fruits-and-vegetables-dataset,2,publisher_fresh_rotten_folder+visual_review,none,not_annotated,d89e8889b967aac59ae3b4e7a52af7bf7d67b7d2f6bb189c9a86c1f8d079c0b6,84292eab7a7c70893b47ce79f2e7379108635e6c3d3162381644792183167ed4,480,848,e53092619b66d9d3,8c8e06161616ce4c,yes
cucumber_fresh_0011,train/P_fresh/cucumber_fresh_0011.jpg,cucumber_fresh,0,cucumber,fresh,none,train,g0001,s0001,muhriddinmuxiddinov,Fruits_Vegetables_Dataset(12000)/Vegetables/FreshCucumber/freshCucumber (184).jpg,https://www.kaggle.com/datasets/muhriddinmuxiddinov/fruits-and-vegetables-dataset,2,publisher_fresh_rotten_folder+visual_review,none,not_annotated,e77764201ae6da3031e22f1da4caa99a6e90f42cc75b3f0092a0c5cfcbac942c,34fb6fbf16c77e9d73d0d512d2c944aad21400d622472388378b793b22df8e8c,4032,3024,fee0813f6ae08947,80808301413f0040,yes
cucumber_fresh_0012,train/P_fresh/cucumber_fresh_0012.jpg,cucumber_fresh,0,cucumber,fresh,none,train,g0001,s0001,muhriddinmuxiddinov,Fruits_Vegetables_Dataset(12000)/Vegetables/FreshCucumber/freshCucumber (187).jpg,https://www.kaggle.com/datasets/muhriddinmuxiddinov/fruits-and-vegetables-dataset,2,publisher_fresh_rotten_folder+visual_review,none,not_annotated,f71f9010d4b183adf49c6a239bb920bbcc2d9e82128c298b76e76077a82ee7e5,98776eaa963f623f9617cf37ab30ec9aacf7c8d73bef5f3b95891cca473a4da1,4032,3024,fac0953f604e47cc,00092181035e7840,yes
cucumber_fresh_0013,train/P_fresh/cucumber_fresh_0013.jpg,cucumber_fresh,0,cucumber,fresh,none,train,g0001,s0001,muhriddinmuxiddinov,Fruits_Vegetables_Dataset(12000)/Vegetables/FreshCucumber/freshCucumber (197).jpg,https://www.kaggle.com/datasets/muhriddinmuxiddinov/fruits-and-vegetables-dataset,2,publisher_fresh_rotten_folder+visual_review,none,not_annotated,404015d40e987491386ca60f55df10ff9d5e49f031b8884ade698b662b9d4eea,c16a33fbe951f2319ec0518c695d7396c67080f598425fc7a02497cef3f89d4c,4032,3024,af2ad4c0532abdac,bf667345633bfffa,yes
cucumber_fresh_0014,train/P_fresh/cucumber_fresh_0014.png,cucumber_fresh,0,cucumber,fresh,none,train,g0002,s0001,muhriddinmuxiddinov,Fruits_Vegetables_Dataset(12000)/Vegetables/FreshCucumber/freshCucumber (2).png,https://www.kaggle.com/datasets/muhriddinmuxiddinov/fruits-and-vegetables-dataset,2,publisher_fresh_rotten_folder+visual_review,none,not_annotated,f35f45181515020daa546fe2da4bd287788a867370275eb968e74b241692318f,39772427fc21b328744083e221d83c090558df17eb235b43d5fc34c2ee943ffd,512,512,ba1ec3e1f83e2518,04787e3513860101,yes
cucumber_fresh_0015,valid/P_fresh/cucumber_fresh_0015.jpg,cucumber_fresh,0,cucumber,fresh,none,val,g0003,s0002,muhriddinmuxiddinov,Fruits_Vegetables_Dataset(12000)/Vegetables/FreshCucumber/freshCucumber (204).jpg,https://www.kaggle.com/datasets/muhriddinmuxiddinov/fruits-and-vegetables-dataset,2,publisher_fresh_rotten_folder+visual_review,none,not_annotated,b6a01aee2fb8b3088b00f6a9b52631dbcde9bd38395ccc9f86d07bcb02bb1003,7c73ab08c8e00af093e016e0b6de4ec5c76fea8a734c3638c8258d9c6e36f40f,450,600,eb79918913527663,db33076953a3b9fd,yes
cucumber_fresh_0017,test/P_fresh/cucumber_fresh_0017.jpg,cucumber_fresh,0,cucumber,fresh,none,test,g0004,s0003,muhriddinmuxiddinov,Fruits_Vegetables_Dataset(12000)/Vegetables/FreshCucumber/freshCucumber (209).jpg,https://www.kaggle.com/datasets/muhriddinmuxiddinov/fruits-and-vegetables-dataset,2,publisher_fresh_rotten_folder+visual_review,none,not_annotated,0b795d8c03cc768c9558587f8f7c789e73b96cf9c9cc2e7312a0cd15b36e28bc,42d1d1a4f7319c563542590222cc2868f9bc6c0c467a364659c130fb217b7d98,4000,3000,e5b2d2cd0c39b266,b0888e1723464286,yes
cucumber_fresh_0020,train/P_fresh/cucumber_fresh_0020.jpg,cucumber_fresh,0,cucumber,fresh,none,train,g0005,s0004,muhriddinmuxiddinov,Fruits_Vegetables_Dataset(12000)/Vegetables/FreshCucumber/freshCucumber (236).jpg,https://www.kaggle.com/datasets/muhriddinmuxiddinov/fruits-and-vegetables-dataset,2,publisher_fresh_rotten_folder+visual_review,none,not_annotated,dc625246d921a10add4170930536f7e0167ff9bf072010ae8e330eb718dd187f,44acd8842f2291ada1d0b34e7c4b772f850420c3ff3fd3e812b6234779aa96c2,945,1024,8ce41b52e236bfc1,31b3e6a484557471,yes
cucumber_fresh_0021,test/P_fresh/cucumber_fresh_0021.jpg,cucumber_fresh,0,cucumber,fresh,none,test,g0006,s0005,muhriddinmuxiddinov,Fruits_Vegetables_Dataset(12000)/Vegetables/FreshCucumber/freshCucumber (248).jpg,https://www.kaggle.com/datasets/muhriddinmuxiddinov/fruits-and-vegetables-dataset,2,publisher_fresh_rotten_folder+visual_review,none,not_annotated,c265efcc5738c8a2659c0af9f38a700b96f70f10feb6743925a3b120260ca885,42c864afed030346bac06ac58f6a74cf6f950a683def7874f225922b411d8bd1,4608,3456,9c6ccd9ab1e10753,9727661e3c38b0f2,yes
cucumber_fresh_0022,valid/P_fresh/cucumber_fresh_0022.jpg,cucumber_fresh,0,cucumber,fresh,none,val,g0007,s0006,muhriddinmuxiddinov,Fruits_Vegetables_Dataset(12000)/Vegetables/FreshCucumber/freshCucumber (255).jpg,https://www.kaggle.com/datasets/muhriddinmuxiddinov/fruits-and-vegetables-dataset,2,publisher_fresh_rotten_folder+visual_review,none,not_annotated,8c6efb6c83be964fb10c4a12a1a279f8e03bec95ab035defe3d8d4ff0709d703,6dcc1db7f50fa645edb3efa1fedb1b018a727905006b1ada9656f99a41f98b9d,1754,1500,ab02341dede2873d,fffdcdcb7a591b06,yes
cucumber_fresh_0023,train/P_fresh/cucumber_fresh_0023.jpg,cucumber_fresh,0,cucumber,fresh,none,train,g0008,s0001,muhriddinmuxiddinov,Fruits_Vegetables_Dataset(12000)/Vegetables/FreshCucumber/freshCucumber (265).jpg,https://www.kaggle.com/datasets/muhriddinmuxiddinov/fruits-and-vegetables-dataset,2,publisher_fresh_rotten_folder+visual_review,none,not_annotated,0c53b1fdd0a9734670b9d29d0dd79116f155c8be64594b9db7887b97fedb3e70,03c88cb4e0c2800ba835006053a5402efa14e74d6110322f2a33bca50544bb97,1000,563,fe85c07e85e0478b,000045207d290380,yes
cucumber_fresh_0024,train/P_fresh/cucumber_fresh_0024.jpg,cucumber_fresh,0,cucumber,fresh,none,train,g0009,s0007,muhriddinmuxiddinov,Fruits_Vegetables_Dataset(12000)/Vegetables/FreshCucumber/freshCucumber (292).jpg,https://www.kaggle.com/datasets/muhriddinmuxiddinov/fruits-and-vegetables-dataset,2,publisher_fresh_rotten_folder+visual_review,none,not_annotated,90db8412242e7176be84d4dabbe063e2bbab36a6b5e453ba6cb0362871fc511a,1841fb42793e5e296c129a17beb14763a464c531125ad6f53324f093cc17bee1,224,224,c89f2639a67d8d14,57b571f3b19393e5,yes
cucumber_fresh_0025,train/P_fresh/cucumber_fresh_0025.jpg,cucumber_fresh,0,cucumber,fresh,none,train,g0009,s0007,muhriddinmuxiddinov,Fruits_Vegetables_Dataset(12000)/Vegetables/FreshCucumber/freshCucumber (294).jpg,https://www.kaggle.com/datasets/muhriddinmuxiddinov/fruits-and-vegetables-dataset,2,publisher_fresh_rotten_folder+visual_review,none,not_annotated,ed180b12591dd57b5790121dce7f218656d3b2d33a2c328b72b954ad6b69e362,1d592b5819ad01e0358b3f24cf7628bc366a3088c4492645782f30fc5c772933,224,224,c99f263186f99585,76a1f0b3d39391e5,yes
cucumber_fresh_0026,train/P_fresh/cucumber_fresh_0026.jpg,cucumber_fresh,0,cucumber,fresh,none,train,g0001,s0001,muhriddinmuxiddinov,Fruits_Vegetables_Dataset(12000)/Vegetables/FreshCucumber/freshCucumber (3).jpg,https://www.kaggle.com/datasets/muhriddinmuxiddinov/fruits-and-vegetables-dataset,2,publisher_fresh_rotten_folder+visual_review,none,not_annotated,6fc061c96f98ba54a7fb67bf86507a4a699e96ef8b9feccced4f9c4bc56c9e00,8882387c6a5612187b724f46e4c92eda7173538f79ca712a44420a7b90608b63,848,480,8b95c57a11a82f97,fc9c77f77803c2f8,yes
cucumber_fresh_0027,train/P_fresh/cucumber_fresh_0027.jpg,cucumber_fresh,0,cucumber,fresh,none,train,g0009,s0007,muhriddinmuxiddinov,Fruits_Vegetables_Dataset(12000)/Vegetables/FreshCucumber/freshCucumber (309).jpg,https://www.kaggle.com/datasets/muhriddinmuxiddinov/fruits-and-vegetables-dataset,2,publisher_fresh_rotten_folder+visual_review,none,not_annotated,7721b5982421ff2de624685631889916031dd9d1ace1de62194499b2ccfb3948,36ec3b836c79f6e712b73b325136865a21c9f90bd136e6f864eb2eb97439b01b,224,224,a2f01a8e9d5369bc,8dae87c8a6c76d6b,yes
cucumber_fresh_0029,train/P_fresh/cucumber_fresh_0029.jpg,cucumber_fresh,0,cucumber,fresh,none,train,g0009,s0007,muhriddinmuxiddinov,Fruits_Vegetables_Dataset(12000)/Vegetables/FreshCucumber/freshCucumber (316).jpg,https://www.kaggle.com/datasets/muhriddinmuxiddinov/fruits-and-vegetables-dataset,2,publisher_fresh_rotten_folder+visual_review,none,not_annotated,e806954a7642125edde971c8eed514128a15af4f8532b9e1703ccd61e2385b3c,de50c1eb5953e534ac7f62f70bc86573057b2a1896de748044d4ea6b2e5a4bf9,224,224,d5c9629f8561b991,5a789a1a78384ccc,yes
cucumber_fresh_0031,train/P_fresh/cucumber_fresh_0031.jpg,cucumber_fresh,0,cucumber,fresh,none,train,g0009,s0007,muhriddinmuxiddinov,Fruits_Vegetables_Dataset(12000)/Vegetables/FreshCucumber/freshCucumber (331).jpg,https://www.kaggle.com/datasets/muhriddinmuxiddinov/fruits-and-vegetables-dataset,2,publisher_fresh_rotten_folder+visual_review,none,not_annotated,04c30bcf4833af5912d94c61b6079f6072a6c97d18258525e1e4737bb38bc4da,26b7051b76bac593d38a02c89ba07f96a1e856628530e84d09829d45e10e774f,224,224,b75e4bd40a2463a7,98286eae6e8e4e4b,yes
cucumber_fresh_0032,train/P_fresh/cucumber_fresh_0032.jpg,cucumber_fresh,0,cucumber,fresh,none,train,g0009,s0007,muhriddinmuxiddinov,Fruits_Vegetables_Dataset(12000)/Vegetables/FreshCucumber/freshCucumber (333).jpg,https://www.kaggle.com/datasets/muhriddinmuxiddinov/fruits-and-vegetables-dataset,2,publisher_fresh_rotten_folder+visual_review,none,not_annotated,b3d2a74ce282e141dde00cfa814c614fc2a53b63bd91bfdeb284b49b65e56f3b,29b17f896224cdbd95cf0711b57be6c4c9447eec0935596c01f2a8cd08668f6e,224,224,a6c86a631c2f6e69,e1d8a76498ce4f2e,yes
cucumber_fresh_0034,train/P_fresh/cucumber_fresh_0034.jpg,cucumber_fresh,0,cucumber,fresh,none,train,g0009,s0007,muhriddinmuxiddinov,Fruits_Vegetables_Dataset(12000)/Vegetables/FreshCucumber/freshCucumber (348).jpg,https://www.kaggle.com/datasets/muhriddinmuxiddinov/fruits-and-vegetables-dataset,2,publisher_fresh_rotten_folder+visual_review,none,not_annotated,08e0bd8fa6841efe27316515895aa7cecb4403adc9e40a7a2b0a65b9ec1c231d,8c848f49aaace3d08bc3dfb282075c872bf518523f2bfb7d9bca855338e1b348,224,224,838f49c8e9e146f3,fb694cdf99e59b97,yes
cucumber_fresh_0035,train/P_fresh/cucumber_fresh_0035.jpg,cucumber_fresh,0,cucumber,fresh,none,train,g0009,s0007,muhriddinmuxiddinov,Fruits_Vegetables_Dataset(12000)/Vegetables/FreshCucumber/freshCucumber (353).jpg,https://www.kaggle.com/datasets/muhriddinmuxiddinov/fruits-and-vegetables-dataset,2,publisher_fresh_rotten_folder+visual_review,none,not_annotated,3ca25796f0abaa7783a0d74af5798de12801e5f06e72a90ddae09c1d5b444913,994e42ba569cf6ddecd6bbe4c3c5b8f1ef1b142c03c63241dcf038e661dbae6c,224,224,d4591bf83a924bc9,70e4c4ece464e4ec,yes
cucumber_fresh_0036,train/P_fresh/cucumber_fresh_0036.jpg,cucumber_fresh,0,cucumber,fresh,none,train,g0009,s0007,muhriddinmuxiddinov,Fruits_Vegetables_Dataset(12000)/Vegetables/FreshCucumber/freshCucumber (355).jpg,https://www.kaggle.com/datasets/muhriddinmuxiddinov/fruits-and-vegetables-dataset,2,publisher_fresh_rotten_folder+visual_review,none,not_annotated,e7d4bf0bb7bff76fc0ccdabcfcbc26726841c6787f1b9f231550989ed7dacd20,0949aed66ef9a4666ff46eb742bfbcf7f8af050816c6ae1de2e5476623c3bc52,224,224,a1ad568b1bd6e039,d33206b6cbcfcc4c,yes
cucumber_fresh_0037,train/P_fresh/cucumber_fresh_0037.jpg,cucumber_fresh,0,cucumber,fresh,none,train,g0009,s0007,muhriddinmuxiddinov,Fruits_Vegetables_Dataset(12000)/Vegetables/FreshCucumber/freshCucumber (360).jpg,https://www.kaggle.com/datasets/muhriddinmuxiddinov/fruits-and-vegetables-dataset,2,publisher_fresh_rotten_folder+visual_review,none,not_annotated,795ac999631850da3c8143d80e8328fb69a1c105587390b4caa502118b2de33b,6da013a18c7b70fed6960a8450bf2f31768d50e1f65583a0a2ef43eef329bb3e,224,224,80ab6d6f21fc9529,3369ac9c8b6a179e,yes
cucumber_fresh_0038,train/P_fresh/cucumber_fresh_0038.jpg,cucumber_fresh,0,cucumber,fresh,none,train,g0010,s0001,muhriddinmuxiddinov,Fruits_Vegetables_Dataset(12000)/Vegetables/FreshCucumber/freshCucumber (362).jpg,https://www.kaggle.com/datasets/muhriddinmuxiddinov/fruits-and-vegetables-dataset,2,publisher_fresh_rotten_folder+visual_review,none,not_annotated,673f46ab4a49be239032109da7a070afdf4c656aa3f3f33e34cc231c76997862,5a142cd0a93c4f8e44a31aea6dce0d41243add6233c66a5cfbafe126a78cfb33,224,224,87c43933670ed8cb,6c92f065cb9c7578,yes
cucumber_fresh_0039,train/P_fresh/cucumber_fresh_0039.jpg,cucumber_fresh,0,cucumber,fresh,none,train,g0009,s0007,muhriddinmuxiddinov,Fruits_Vegetables_Dataset(12000)/Vegetables/FreshCucumber/freshCucumber (365).jpg,https://www.kaggle.com/datasets/muhriddinmuxiddinov/fruits-and-vegetables-dataset,2,publisher_fresh_rotten_folder+visual_review,none,not_annotated,c17abd301ff1ff894b9839c9fee88dd8f6054eb5854b2681cfea9d6199dad97c,027be5ec7638d21b4a17afc341421d2c1a032ea061b9b09bcf94b8665b43a7f7,224,224,c3983e6363a974b2,63f1b4dbc9c5e36e,yes
cucumber_fresh_0040,train/P_fresh/cucumber_fresh_0040.jpg,cucumber_fresh,0,cucumber,fresh,none,train,g0009,s0007,muhriddinmuxiddinov,Fruits_Vegetables_Dataset(12000)/Vegetables/FreshCucumber/freshCucumber (379).jpg,https://www.kaggle.com/datasets/muhriddinmuxiddinov/fruits-and-vegetables-dataset,2,publisher_fresh_rotten_folder+visual_review,none,not_annotated,8bf45110f5e36018fe651abfb32a16185beabdb1fcfcdcebbe0084df63f5bf00,5626e90d431b91f50279bb61f23473867903640ca7875ad03389892776e593af,224,224,a6c55820562d7d5f,86cd6666ad8fab29,yes
cucumber_fresh_0042,train/P_fresh/cucumber_fresh_0042.jpg,cucumber_fresh,0,cucumber,fresh,none,train,g0009,s0007,muhriddinmuxiddinov,Fruits_Vegetables_Dataset(12000)/Vegetables/FreshCucumber/freshCucumber (404).jpg,https://www.kaggle.com/datasets/muhriddinmuxiddinov/fruits-and-vegetables-dataset,2,publisher_fresh_rotten_folder+visual_review,none,not_annotated,254872458ef31586f1af2d25326d6d0b79cf50d761bd039eb169e65d6f873f1d,8c0f2f2266e1461638513afdce7f87997f4df3029ace31048f9c34399023ea0a,224,224,d5cd784ac7ca03a5,7232d2baf6909038,yes
cucumber_fresh_0043,train/P_fresh/cucumber_fresh_0043.jpg,cucumber_fresh,0,cucumber,fresh,none,train,g0001,s0001,muhriddinmuxiddinov,Fruits_Vegetables_Dataset(12000)/Vegetables/FreshCucumber/freshCucumber (409).jpg,https://www.kaggle.com/datasets/muhriddinmuxiddinov/fruits-and-vegetables-dataset,2,publisher_fresh_rotten_folder+visual_review,none,not_annotated,90362d9f62194ce83cad5aba5fac2bd7287652a18a1e40eb72e42f50e52729d7,84052a3f9e0337081795919aa564d9f20eef981117bd5c3215f73171971b8c6c,224,224,a1ce9a3167c698d9,e4d8a4cece9e98e0,yes
cucumber_fresh_0044,train/P_fresh/cucumber_fresh_0044.jpg,cucumber_fresh,0,cucumber,fresh,none,train,g0009,s0007,muhriddinmuxiddinov,Fruits_Vegetables_Dataset(12000)/Vegetables/FreshCucumber/freshCucumber (414).jpg,https://www.kaggle.com/datasets/muhriddinmuxiddinov/fruits-and-vegetables-dataset,2,publisher_fresh_rotten_folder+visual_review,none,not_annotated,691a788af3d2715c91c6b5b38b22209b4741160808d2900cc4e228e51cf11b2b,06ac34c785bf45e704f33f3f22b4bef6aad138733db6b4e81f1dd7eeda81ae04,224,224,aa5a25fa955247d1,9533f9d5594db3d6,yes
cucumber_fresh_0046,train/P_fresh/cucumber_fresh_0046.jpg,cucumber_fresh,0,cucumber,fresh,none,train,g0009,s0007,muhriddinmuxiddinov,Fruits_Vegetables_Dataset(12000)/Vegetables/FreshCucumber/freshCucumber (418).jpg,https://www.kaggle.com/datasets/muhriddinmuxiddinov/fruits-and-vegetables-dataset,2,publisher_fresh_rotten_folder+visual_review,none,not_annotated,c8a6c4d78d453c8f294c8e8fc12f39706a2d629509d8c40036e424e226f4c5a2,c037345a6cf16cf4c2009093f99f95bf1eb3a40214e7d3a704db8283b54f08c2,224,224,8fb029e2b28ea9a7,8f31526d4dd36373,yes
cucumber_fresh_0047,train/P_fresh/cucumber_fresh_0047.jpg,cucumber_fresh,0,cucumber,fresh,none,train,g0009,s0007,muhriddinmuxiddinov,Fruits_Vegetables_Dataset(12000)/Vegetables/FreshCucumber/freshCucumber (421).jpg,https://www.kaggle.com/datasets/muhriddinmuxiddinov/fruits-and-vegetables-dataset,2,publisher_fresh_rotten_folder+visual_review,none,not_annotated,024a3b1c74a1ca7c75092e3c58e69727f56527c407bcc20b503a6372dc1eceec,83039326213884ea9bf3e986c843f952e93fe3a2afae0ef8cb559450115613a9,224,224,aa5aa57a955a4751,9533d155594d3bd6,yes
cucumber_fresh_0048,train/P_fresh/cucumber_fresh_0048.jpg,cucumber_fresh,0,cucumber,fresh,none,train,g0009,s0007,muhriddinmuxiddinov,Fruits_Vegetables_Dataset(12000)/Vegetables/FreshCucumber/freshCucumber (423).jpg,https://www.kaggle.com/datasets/muhriddinmuxiddinov/fruits-and-vegetables-dataset,2,publisher_fresh_rotten_folder+visual_review,none,not_annotated,25d5b97e458252304fa473ba9d702a798b9a2579a9774ef8a315158c5bf80b61,b872396b1c213064644ecea02c50b9e717e076310be509d6a3df2d3cb6c72668,224,224,e382c968c4b31f1f,c5c36b8c860b1242,yes
cucumber_fresh_0049,train/P_fresh/cucumber_fresh_0049.jpg,cucumber_fresh,0,cucumber,fresh,none,train,g0009,s0007,muhriddinmuxiddinov,Fruits_Vegetables_Dataset(12000)/Vegetables/FreshCucumber/freshCucumber (433).jpg,https://www.kaggle.com/datasets/muhriddinmuxiddinov/fruits-and-vegetables-dataset,2,publisher_fresh_rotten_folder+visual_review,none,not_annotated,a7add1703107fc1bca76026721c64ac5ecff21b8d4e618a70cf2b6dbe673b8cc,26e5b477e8caf0c4391cc894e86101fb9f87d3bc30684ad24caa8a3bde25c296,224,224,828f4ecaf8e984f1,fb68ce9db9e99bb5,yes
cucumber_fresh_0050,train/P_fresh/cucumber_fresh_0050.jpg,cucumber_fresh,0,cucumber,fresh,none,train,g0009,s0007,muhriddinmuxiddinov,Fruits_Vegetables_Dataset(12000)/Vegetables/FreshCucumber/freshCucumber (440).jpg,https://www.kaggle.com/datasets/muhriddinmuxiddinov/fruits-and-vegetables-dataset,2,publisher_fresh_rotten_folder+visual_review,none,not_annotated,7af70cde8c8e2f00fc12fc32ee4f62c2f44b7fabb12adac623b93779c4381832,4f03d09c3957a745fc89b06f56e9c8996375d3b156d55e22acba61878fdbef49,224,224,a85aad7a857a4751,9533d155584d3bd6,yes
cucumber_fresh_0051,train/P_fresh/cucumber_fresh_0051.jpg,cucumber_fresh,0,cucumber,fresh,none,train,g0009,s0007,muhriddinmuxiddinov,Fruits_Vegetables_Dataset(12000)/Vegetables/FreshCucumber/freshCucumber (443).jpg,https://www.kaggle.com/datasets/muhriddinmuxiddinov/fruits-and-vegetables-dataset,2,publisher_fresh_rotten_folder+visual_review,none,not_annotated,afe5e713b8601f56c9c488cb1b1e4c85a8d9d0ae69388964f76d657649da59ce,911d7ae56934edfbd4c8d25ca2554342229aa9db9df08289710728777cc2ffa4,224,224,990b3f58ba9c681d,3b4a96ddaaa5360b,yes
cucumber_fresh_0052,train/P_fresh/cucumber_fresh_0052.jpg,cucumber_fresh,0,cucumber,fresh,none,train,g0009,s0007,muhriddinmuxiddinov,Fruits_Vegetables_Dataset(12000)/Vegetables/FreshCucumber/freshCucumber (445).jpg,https://www.kaggle.com/datasets/muhriddinmuxiddinov/fruits-and-vegetables-dataset,2,publisher_fresh_rotten_folder+visual_review,none,not_annotated,1bbd45b99b7312fb34ea5eb5f34bfe92c17ea01e20de5fbdd1fe899f5be79eb3,64275a69b745ff49d00d7484305c4e5818bf429cb2d965ed78772aadb20d44d7,224,224,d59570671d4c883f,764caab06e952291,yes
cucumber_fresh_0053,test/P_fresh/cucumber_fresh_0053.jpg,cucumber_fresh,0,cucumber,fresh,none,test,g0011,s0008,muhriddinmuxiddinov,Fruits_Vegetables_Dataset(12000)/Vegetables/FreshCucumber/freshCucumber (455).jpg,https://www.kaggle.com/datasets/muhriddinmuxiddinov/fruits-and-vegetables-dataset,2,publisher_fresh_rotten_folder+visual_review,none,not_annotated,c152a78f35d4cd59bf30f354a3c7facdedf48fae6cb6fc30e89bc9c459fcca1a,7700997b47bbb3cbebe73befe9d2d20489af6012eca04e947939431621b64c0b,100,100,beb9d080c0f54ae7,3b1f633ec73f0fc4,yes
cucumber_fresh_0054,train/P_fresh/cucumber_fresh_0054.jpg,cucumber_fresh,0,cucumber,fresh,none,train,g0001,s0001,muhriddinmuxiddinov,Fruits_Vegetables_Dataset(12000)/Vegetables/FreshCucumber/freshCucumber (477).jpg,https://www.kaggle.com/datasets/muhriddinmuxiddinov/fruits-and-vegetables-dataset,2,publisher_fresh_rotten_folder+visual_review,none,not_annotated,01b57ff9afee0a5aa2d790702fc14036a2bd69f8f9c54347439691c90b0a8f18,035932dbbcd2240b057bd2689f0bb47b34201ae06b93fb118aaa85dd154b427a,100,100,bee0ca1fe42da306,112143870e397268,yes
cucumber_fresh_0055,test/P_fresh/cucumber_fresh_0055.jpg,cucumber_fresh,0,cucumber,fresh,none,test,g0012,s0009,muhriddinmuxiddinov,Fruits_Vegetables_Dataset(12000)/Vegetables/FreshCucumber/freshCucumber (482).jpg,https://www.kaggle.com/datasets/muhriddinmuxiddinov/fruits-and-vegetables-dataset,2,publisher_fresh_rotten_folder+visual_review,none,not_annotated,d38659cd1cb18cf80ff5ff60a99cf863581f2961ca48287307a5aae4f4d38353,b0eec54eb27416c26c67e92d1afbd4ef20a1338a6ff8679aa656cc8681d0fc09,100,100,8ecceb1fb50a6590,6b21a6aa5c45691e,yes
cucumber_fresh_0056,test/P_fresh/cucumber_fresh_0056.jpeg,cucumber_fresh,0,cucumber,fresh,none,test,g0013,s0010,muhriddinmuxiddinov,Fruits_Vegetables_Dataset(12000)/Vegetables/FreshCucumber/freshCucumber (5).jpeg,https://www.kaggle.com/datasets/muhriddinmuxiddinov/fruits-and-vegetables-dataset,2,publisher_fresh_rotten_folder+visual_review,none,not_annotated,cda107dc7f92f66c78787a2005925d20c4c41be3938b16b7723af2cc0eac070b,5480727332d33a387df4d8ed3b205d70ab9a02d2588205c5db1b69859bc5852e,207,244,916317db0c17dbc4,c889d9bb3399ec7c,yes
cucumber_fresh_0057,valid/P_fresh/cucumber_fresh_0057.jpg,cucumber_fresh,0,cucumber,fresh,none,val,g0014,s0011,muhriddinmuxiddinov,Fruits_Vegetables_Dataset(12000)/Vegetables/FreshCucumber/freshCucumber (501).jpg,https://www.kaggle.com/datasets/muhriddinmuxiddinov/fruits-and-vegetables-dataset,2,publisher_fresh_rotten_folder+visual_review,none,not_annotated,8b391a8bfad5fba708fe7cc102374d8dcf5887ead20e34677a81331b8f437ff2,85c79e2d269fd520ae5b5f8e579c90a87909ab456caea40411c76d44fcbdfacc,100,100,ec2593da3e25e4c8,0600060713090021,yes
cucumber_fresh_0058,test/P_fresh/cucumber_fresh_0058.jpg,cucumber_fresh,0,cucumber,fresh,none,test,g0015,s0012,muhriddinmuxiddinov,Fruits_Vegetables_Dataset(12000)/Vegetables/FreshCucumber/freshCucumber (504).jpg,https://www.kaggle.com/datasets/muhriddinmuxiddinov/fruits-and-vegetables-dataset,2,publisher_fresh_rotten_folder+visual_review,none,not_annotated,dbbdf64b679de29f9362039b291e95e5aee7977c848d5f55334d30c92ab89ac2,a761c5af8dfef49e346004e1cc75ad0d4bcad200fe99d34f8d800cebb8e5f479,100,100,d028c62f48b377cb,b2a45c9a320c59a4,yes
cucumber_fresh_0059,train/P_fresh/cucumber_fresh_0059.jpg,cucumber_fresh,0,cucumber,fresh,none,train,g0001,s0001,muhriddinmuxiddinov,Fruits_Vegetables_Dataset(12000)/Vegetables/FreshCucumber/freshCucumber (506).jpg,https://www.kaggle.com/datasets/muhriddinmuxiddinov/fruits-and-vegetables-dataset,2,publisher_fresh_rotten_folder+visual_review,none,not_annotated,e096408f8b98a96b831abc7cb04cec429a27fd7f075092e8b1e14dffe84fd4bd,ef73f8d8d37a57dcd35bb6098af014a2572fca5f9729da12fc8c3b8fa93f16fc,100,100,be4ac384b9624e3d,02332d0f36270d1a,yes
cucumber_fresh_0061,test/P_fresh/cucumber_fresh_0061.jpg,cucumber_fresh,0,cucumber,fresh,none,test,g0016,s0013,muhriddinmuxiddinov,Fruits_Vegetables_Dataset(12000)/Vegetables/FreshCucumber/freshCucumber (521).jpg,https://www.kaggle.com/datasets/muhriddinmuxiddinov/fruits-and-vegetables-dataset,2,publisher_fresh_rotten_folder+visual_review,none,not_annotated,0ddc56237dd11b5d1e43a71efbcf90422fa53a3612cbce61f3a901471b41d3aa,39859a2b8eb8049c8c6e34cfd110a454cc995df2358719c31c902db832699ece,100,100,85c952fba714f911,68e2f6c64e12b44c,yes
cucumber_fresh_0063,train/P_fresh/cucumber_fresh_0063.jpg,cucumber_fresh,0,cucumber,fresh,none,train,g0001,s0001,muhriddinmuxiddinov,Fruits_Vegetables_Dataset(12000)/Vegetables/FreshCucumber/freshCucumber (538).jpg,https://www.kaggle.com/datasets/muhriddinmuxiddinov/fruits-and-vegetables-dataset,2,publisher_fresh_rotten_folder+visual_review,none,not_annotated,047326997cfa5d6281325c18694ad6a8a12227553840c7610d24c90b3408f546,017b7238e33bab5f8df41c8725b8a65ec33cf4f1e74db5103ab296436f58c317,848,480,ab3fd4c20a09353f,d8dc0ef37346dcf6,yes
cucumber_fresh_0064,train/P_fresh/cucumber_fresh_0064.jpg,cucumber_fresh,0,cucumber,fresh,none,train,g0001,s0001,muhriddinmuxiddinov,Fruits_Vegetables_Dataset(12000)/Vegetables/FreshCucumber/freshCucumber (557).jpg,https://www.kaggle.com/datasets/muhriddinmuxiddinov/fruits-and-vegetables-dataset,2,publisher_fresh_rotten_folder+visual_review,none,not_annotated,dd27fe15afbc2b9ab11322fb556f9964f4502a8ca742498a3188510d1279426f,5483ef18420aa479644114168b81b971bed85c39b397348c87ef31d166686c30,480,848,b071c7b4ce63ccc2,cc9c9e9494948ccc,yes
cucumber_fresh_0065,train/P_fresh/cucumber_fresh_0065.jpg,cucumber_fresh,0,cucumber,fresh,none,train,g0001,s0001,muhriddinmuxiddinov,Fruits_Vegetables_Dataset(12000)/Vegetables/FreshCucumber/freshCucumber (562).jpg,https://www.kaggle.com/datasets/muhriddinmuxiddinov/fruits-and-vegetables-dataset,2,publisher_fresh_rotten_folder+visual_review,none,not_annotated,db555f83b691a6371dfceec3a3413d5a3c66f61d5304c2536dc804ef8f1d7ee9,be000813fa3f02362fbdcd2e4c8ef2e71e4b366aa11bf457b546db88476cd83d,848,480,977ad5831514ea6a,fcca037c71f0ccc8,yes
cucumber_fresh_0068,train/P_fresh/cucumber_fresh_0068.jpg,cucumber_fresh,0,cucumber,fresh,none,train,g0001,s0001,muhriddinmuxiddinov,Fruits_Vegetables_Dataset(12000)/Vegetables/FreshCucumber/freshCucumber (58).jpg,https://www.kaggle.com/datasets/muhriddinmuxiddinov/fruits-and-vegetables-dataset,2,publisher_fresh_rotten_folder+visual_review,none,not_annotated,7c2c000c28d7416e2030dc54a0402908a368da6b8fbe2fff3a7e30fce473e91d,da4e4c7008fc0a1ecfdafab4cbc65770f06a783651ba660d975e4162f786c60f,848,480,9295c17e10aaef95,f8fcdeed7c01d9ec,yes
cucumber_fresh_0070,train/P_fresh/cucumber_fresh_0070.jpg,cucumber_fresh,0,cucumber,fresh,none,train,g0001,s0001,muhriddinmuxiddinov,Fruits_Vegetables_Dataset(12000)/Vegetables/FreshCucumber/freshCucumber (584).jpg,https://www.kaggle.com/datasets/muhriddinmuxiddinov/fruits-and-vegetables-dataset,2,publisher_fresh_rotten_folder+visual_review,none,not_annotated,24aef8c68155614797a7ef84f897d18d29a4a9bef766f9cb759ada7e56928b92,a2e5b1f1f56d50470ddadafb26b0e2f2c644cdc07d504acd0a8a4851d0f03ea7,848,480,9280e57f14a8df95,fcdcccf1f81987e8,yes
cucumber_fresh_0072,train/P_fresh/cucumber_fresh_0072.jpg,cucumber_fresh,0,cucumber,fresh,none,train,g0001,s0001,muhriddinmuxiddinov,Fruits_Vegetables_Dataset(12000)/Vegetables/FreshCucumber/freshCucumber (60).jpg,https://www.kaggle.com/datasets/muhriddinmuxiddinov/fruits-and-vegetables-dataset,2,publisher_fresh_rotten_folder+visual_review,none,not_annotated,e0e270d48580fff6e9eae50e94f29e656163d7e2ddd38f5aefe659e459436df8,3564630c3b7c25ac92ba21a6558c810e31fe90389ffbb0cb0e92a49203475501,848,480,96b3855f14aa6a95,fcfc0fe57c01c8e4,yes
cucumber_fresh_0075,train/P_fresh/cucumber_fresh_0075.jpg,cucumber_fresh,0,cucumber,fresh,none,train,g0001,s0001,muhriddinmuxiddinov,Fruits_Vegetables_Dataset(12000)/Vegetables/FreshCucumber/freshCucumber (80).jpg,https://www.kaggle.com/datasets/muhriddinmuxiddinov/fruits-and-vegetables-dataset,2,publisher_fresh_rotten_folder+visual_review,none,not_annotated,9fbc1799b553a652165501f1c01b42138d205b4bf88472fde3db77e56be21bf8,eae09ded13ff53598dc0e61366c341d829c717f10289206a6e628b35c4678edf,848,480,ad3bd4d20a09353f,d8bc1ef34346dcf4,yes
cucumber_fresh_0078,train/P_fresh/cucumber_fresh_0078.jpg,cucumber_fresh,0,cucumber,fresh,none,train,g0001,s0001,muhriddinmuxiddinov,Fruits_Vegetables_Dataset(12000)/Vegetables/FreshCucumber/freshCucumber (92).jpg,https://www.kaggle.com/datasets/muhriddinmuxiddinov/fruits-and-vegetables-dataset,2,publisher_fresh_rotten_folder+visual_review,none,not_annotated,24eae864f439852d6fe998adb0c1c92d982e5ebf7ce59d46586f57a93a3741bd,125506e577d2c1445a3f1211cf0fa93e0acef04280cca84dba564152e8b609c0,848,480,ab3ed4ca0a293d36,d8dc0ef37347d8f6,yes
cucumber_fresh_0079,train/P_fresh/cucumber_fresh_0079.jpg,cucumber_fresh,0,cucumber,fresh,none,train,g0001,s0001,muhriddinmuxiddinov,Fruits_Vegetables_Dataset(12000)/Vegetables/FreshCucumber/freshCucumber (99).jpg,https://www.kaggle.com/datasets/muhriddinmuxiddinov/fruits-and-vegetables-dataset,2,publisher_fresh_rotten_folder+visual_review,none,not_annotated,3b5b7a4dbd92b87592459d79277d60fed9f0e1a0bac51d186080b456e6485eef,292fba7a0de4e9ae8d99f67329207d15437fab591192c57e6a38c915df76515b,848,480,ab3ed5c20a093d3e,f8dc1ff37147ced6,yes
cucumber_fresh_0080,train/P_fresh/cucumber_fresh_0080.jpeg,cucumber_fresh,0,cucumber,fresh,none,train,g0009,s0007,muhriddinmuxiddinov,Fruits_Vegetables_Dataset(12000)/Vegetables/FreshCucumber/freshCucumber (1).jpeg,https://www.kaggle.com/datasets/muhriddinmuxiddinov/fruits-and-vegetables-dataset,2,publisher_fresh_rotten_folder+visual_review,none,not_annotated,f2cf3e0e7c49ce1b925789b461043192286542c636208faa854a08f6f4d3f77d,826963dceb43ccc952f946d8c88d6b121ecba172e50b7c0471f1c96b3db85467,300,300,8b1b98de2ca05df8,35599ad76768cdaa,yes
cucumber_fresh_0082,train/P_fresh/cucumber_fresh_0082.jpg,cucumber_fresh,0,cucumber,fresh,none,train,g0001,s0001,muhriddinmuxiddinov,Fruits_Vegetables_Dataset(12000)/Vegetables/FreshCucumber/freshCucumber (131).jpg,https://www.kaggle.com/datasets/muhriddinmuxiddinov/fruits-and-vegetables-dataset,2,publisher_fresh_rotten_folder+visual_review,none,not_annotated,7cc5552ae09d4db69650b80f57359d1383af8007e59692a8838558944ba58379,766173dc5c419e8680c65c23d26001c68fd9fbe979b3f49baa3318cc7289eb25,324,324,eba7941a2de46227,03180f0b07193142,yes
cucumber_fresh_0083,valid/P_fresh/cucumber_fresh_0083.jpg,cucumber_fresh,0,cucumber,fresh,none,val,g0017,s0014,muhriddinmuxiddinov,Fruits_Vegetables_Dataset(12000)/Vegetables/FreshCucumber/freshCucumber (233).jpg,https://www.kaggle.com/datasets/muhriddinmuxiddinov/fruits-and-vegetables-dataset,2,publisher_fresh_rotten_folder+visual_review,none,not_annotated,49c099f6eda15253830e2ea07256027d1b4b918fe58be7776741fc8db8200e44,276b2d827b673025c65f0be25835aef2ff2b7ddbd586c9c98217f59c7db07857,400,300,95d37b68a491da4c,d999786ee6b132ac,yes
cucumber_fresh_0084,valid/P_fresh/cucumber_fresh_0084.jpg,cucumber_fresh,0,cucumber,fresh,none,val,g0018,s0015,muhriddinmuxiddinov,Fruits_Vegetables_Dataset(12000)/Vegetables/FreshCucumber/freshCucumber (241).jpg,https://www.kaggle.com/datasets/muhriddinmuxiddinov/fruits-and-vegetables-dataset,2,publisher_fresh_rotten_folder+visual_review,none,not_annotated,edd68771f75f120a13f4563fd25352c5482542fa241abd9f57749cba59d19103,c07d7f886bb2803986695b292bb36fdf4c12cb427266d9223a9894e640e858ee,1024,1120,cbea22ddb48d4d30,098961c790737b9f,yes
cucumber_fresh_0085,valid/P_fresh/cucumber_fresh_0085.jpg,cucumber_fresh,0,cucumber,fresh,none,val,g0019,s0016,muhriddinmuxiddinov,Fruits_Vegetables_Dataset(12000)/Vegetables/FreshCucumber/freshCucumber (243).jpg,https://www.kaggle.com/datasets/muhriddinmuxiddinov/fruits-and-vegetables-dataset,2,publisher_fresh_rotten_folder+visual_review,none,not_annotated,2ec0f364fc4f01338aa8b1abb605da96df9ac562245b71bb740260d55ae7b11a,b7f635b4f55bad9949d4b84dbe2da283c2ea9cf23d960328af05aca35ab822da,1024,1365,b269bc2f9570882f,3f0f9b9d4ee91d3d,yes
cucumber_fresh_0086,valid/P_fresh/cucumber_fresh_0086.jpg,cucumber_fresh,0,cucumber,fresh,none,val,g0020,s0017,muhriddinmuxiddinov,Fruits_Vegetables_Dataset(12000)/Vegetables/FreshCucumber/freshCucumber (245).jpg,https://www.kaggle.com/datasets/muhriddinmuxiddinov/fruits-and-vegetables-dataset,2,publisher_fresh_rotten_folder+visual_review,none,not_annotated,60dfaa860180bb754bcf23bcb590bc7a6c896ffd106451eed177deef078975a3,883ecd256e40f1432b1937e216cc4512ea91d78f341e8698ad2366e1d655bdac,1024,768,b0c58e58593927f5,f4e44e9b942d3b3f,yes
cucumber_fresh_0087,valid/P_fresh/cucumber_fresh_0087.jpg,cucumber_fresh,0,cucumber,fresh,none,val,g0021,s0018,muhriddinmuxiddinov,Fruits_Vegetables_Dataset(12000)/Vegetables/FreshCucumber/freshCucumber (250).JPG,https://www.kaggle.com/datasets/muhriddinmuxiddinov/fruits-and-vegetables-dataset,2,publisher_fresh_rotten_folder+visual_review,none,not_annotated,71a5147ec177c92877abb320d888c1b97a10f6b4ee9be5ea7be62ac4fe99f538,9a0ae9b987ca4e23a8582eae2701a9a758ae7cd8da6df90468c18b06c14fd34f,1059,1600,cec023befde12194,69e0e2e3303b0517,yes
cucumber_fresh_0088,train/P_fresh/cucumber_fresh_0088.jpg,cucumber_fresh,0,cucumber,fresh,none,train,g0022,s0019,muhriddinmuxiddinov,Fruits_Vegetables_Dataset(12000)/Vegetables/FreshCucumber/freshCucumber (260).jpg,https://www.kaggle.com/datasets/muhriddinmuxiddinov/fruits-and-vegetables-dataset,2,publisher_fresh_rotten_folder+visual_review,none,not_annotated,93ae390dbfbe96c1c0f89c87636184b82e5861c8e4b1f5bd1dd05707e203dca5,5237c7fbfde8310fa943ce483636b7463ae41e64899af9dc8fa15c9faf0babbe,1024,681,c0e879897313bbd2,95a629aac455c408,yes
cucumber_fresh_0089,test/P_fresh/cucumber_fresh_0089.jpg,cucumber_fresh,0,cucumber,fresh,none,test,g0023,s0020,muhriddinmuxiddinov,Fruits_Vegetables_Dataset(12000)/Vegetables/FreshCucumber/freshCucumber (270).jpg,https://www.kaggle.com/datasets/muhriddinmuxiddinov/fruits-and-vegetables-dataset,2,publisher_fresh_rotten_folder+visual_review,none,not_annotated,4a459c80142c3b824aab66a1f8e832a758644b9f71cb5e17b4d30a697eb09a18,703bddc39465f75068af0505ec4da95bd5ad38092b9cedf23dd085d069e56fc4,900,950,b934d461d2e3c363,9f171f1f1f1f1717,yes
cucumber_fresh_0090,train/P_fresh/cucumber_fresh_0090.jpg,cucumber_fresh,0,cucumber,fresh,none,train,g0009,s0007,muhriddinmuxiddinov,Fruits_Vegetables_Dataset(12000)/Vegetables/FreshCucumber/freshCucumber (282).jpg,https://www.kaggle.com/datasets/muhriddinmuxiddinov/fruits-and-vegetables-dataset,2,publisher_fresh_rotten_folder+visual_review,none,not_annotated,e7fc41483574227155767d4eb8b5339ee096ed64ad894f5b56c7ac2473233316,7c5e99265a1080294d1b1387f808a3bed1dc4dde9a3c8c9fb428052f2bca7106,1500,1000,f190a1ff74614a1b,96ded0a42c495b96,yes
cucumber_fresh_0091,train/P_fresh/cucumber_fresh_0091.jpg,cucumber_fresh,0,cucumber,fresh,none,train,g0001,s0001,muhriddinmuxiddinov,Fruits_Vegetables_Dataset(12000)/Vegetables/FreshCucumber/freshCucumber (287).jpg,https://www.kaggle.com/datasets/muhriddinmuxiddinov/fruits-and-vegetables-dataset,2,publisher_fresh_rotten_folder+visual_review,none,not_annotated,f5623c41e60df49905598e0152a0b5998e76561d6d39e1c4709466b031b20f70,0be22ba2b59f6d3fcc38bf2535dc4d1e5dbec2c10b3624af4739669d72b0535a,3463,2309,e9a5924ab458e74e,101b8f1e270b1125,yes
cucumber_fresh_0093,test/P_fresh/cucumber_fresh_0093.jpg,cucumber_fresh,0,cucumber,fresh,none,test,g0024,s0021,muhriddinmuxiddinov,Fruits_Vegetables_Dataset(12000)/Vegetables/FreshCucumber/freshCucumber (475).jpg,https://www.kaggle.com/datasets/muhriddinmuxiddinov/fruits-and-vegetables-dataset,2,publisher_fresh_rotten_folder+visual_review,none,not_annotated,0bd23297353b329fc3d671b240c0a1d1d42bfc4c4ca530a225be247bf75cd5a5,a88ab99fb9bf40a8a4e753ee01c9995941d187774ef43f25b5cb037be9c95894,100,100,e5b32a7cb6062927,4d96da2e46b2646d,yes
cucumber_fresh_0094,valid/P_fresh/cucumber_fresh_0094.jpg,cucumber_fresh,0,cucumber,fresh,none,val,g0025,s0022,muhriddinmuxiddinov,Fruits_Vegetables_Dataset(12000)/Vegetables/FreshCucumber/freshCucumber (487).jpg,https://www.kaggle.com/datasets/muhriddinmuxiddinov/fruits-and-vegetables-dataset,2,publisher_fresh_rotten_folder+visual_review,none,not_annotated,7c66394478a4d4a8897572fd02e95cd7f3634e4628ddcf388d590e6f9f1299ef,1be624f922d6a0efe99d59b365a6cd12faacb25201e9ae6628e021ed765377d7,100,100,81b81872fca733da,b2b3fae2d4cd4d71,yes
cucumber_fresh_0096,train/P_fresh/cucumber_fresh_0096.jpg,cucumber_fresh,0,cucumber,fresh,none,train,g0026,s0023,muhriddinmuxiddinov,Fruits_Vegetables_Dataset(12000)/Vegetables/FreshCucumber/freshCucumber (509).jpg,https://www.kaggle.com/datasets/muhriddinmuxiddinov/fruits-and-vegetables-dataset,2,publisher_fresh_rotten_folder+visual_review,none,not_annotated,15b1146a487c6e224397f77f5104723508af8df5bbf09dfada831c50d3ea4cb0,8acca952633224fe8a0e30dc36c551d01470fb1a8a9bf798cfaa59de3726961a,100,100,b967e44a96ac6e30,070a1216b93b339e,yes
cucumber_fresh_0097,test/P_fresh/cucumber_fresh_0097.jpg,cucumber_fresh,0,cucumber,fresh,none,test,g0027,s0024,muhriddinmuxiddinov,Fruits_Vegetables_Dataset(12000)/Vegetables/FreshCucumber/freshCucumber (516).jpg,https://www.kaggle.com/datasets/muhriddinmuxiddinov/fruits-and-vegetables-dataset,2,publisher_fresh_rotten_folder+visual_review,none,not_annotated,aa7765ef6a58e117d12d25630ffafb25fdfb788f6434b292e8429d2936c81ae1,3e957e355e7f8f62b8a3024e787d8e210a59e61a103837e96f818c2bea875651,100,100,8976e6a3c823c53e,cf34769239db4ff2,yes
cucumber_fresh_0098,train/P_fresh/cucumber_fresh_0098.jpeg,cucumber_fresh,0,cucumber,fresh,none,train,g0028,s0007,muhriddinmuxiddinov,Fruits_Vegetables_Dataset(12000)/Vegetables/FreshCucumber/freshCucumber (6).jpeg,https://www.kaggle.com/datasets/muhriddinmuxiddinov/fruits-and-vegetables-dataset,2,publisher_fresh_rotten_folder+visual_review,none,not_annotated,d2a51d8ae51397a4c012552dd55512e971141366544a83dd3f00cc084c0a6332,f9b14be1ae84f311b42c29048cb00098ed9759980fefe617479ae12cfb75211d,259,194,ccc6cd64b5b63245,6673698c92a96a32,yes
cucumber_fresh_0099,train/P_fresh/cucumber_fresh_0099.png,cucumber_fresh,0,cucumber,fresh,none,train,g0029,s0001,muhriddinmuxiddinov,Fruits_Vegetables_Dataset(12000)/Vegetables/FreshCucumber/freshCucumber (6).png,https://www.kaggle.com/datasets/muhriddinmuxiddinov/fruits-and-vegetables-dataset,2,publisher_fresh_rotten_folder+visual_review,none,not_annotated,7b42fe3831f7a9abbc9f20a175cde9d5848d66166f5d70426d3564ec843c8804,28815634679d1b0a1ca7c57df85e1aa71bded5c4e019b0967cbd44782e497e85,360,224,be90c44fc667c133,26311e3f1b4b2336,yes
cucumber_fresh_0601,train/P_fresh/cucumber_fresh_0601.jpg,cucumber_fresh,0,cucumber,fresh,none,train,g0001,s0001,muhriddinmuxiddinov,Fruits_Vegetables_Dataset(12000)/Vegetables/FreshCucumber/freshCucumber (10).jpg,https://www.kaggle.com/datasets/muhriddinmuxiddinov/fruits-and-vegetables-dataset,2,publisher_fresh_rotten_folder+visual_review,none,not_annotated,e6694c6567fd1bb41ccc9b6b0dae392a9396d07029dcd602adfaa2d8f863ea0e,f75b6f301aef3148e7d52fabdd31370664f8f89cd04452b09d82f36abc89d3ec,3024,4032,bac0d51f6ae4950b,d4f88f077979041b,no
cucumber_fresh_0602,train/P_fresh/cucumber_fresh_0602.jpg,cucumber_fresh,0,cucumber,fresh,none,train,g0030,s0001,muhriddinmuxiddinov,Fruits_Vegetables_Dataset(12000)/Vegetables/FreshCucumber/freshCucumber (130).jpg,https://www.kaggle.com/datasets/muhriddinmuxiddinov/fruits-and-vegetables-dataset,2,publisher_fresh_rotten_folder+visual_review,none,not_annotated,7a3fd221aa0ab3ee311766e0ef201487fa0ff4d99c40787a7c651caf05fcdbcb,d46182af81999dd119057cc169f7f283246a2d68425534600274a9ea50fc49c4,600,397,ba98c5633a989f07,1100393b07270001,no
cucumber_fresh_0603,train/P_fresh/cucumber_fresh_0603.jpg,cucumber_fresh,0,cucumber,fresh,none,train,g0001,s0001,muhriddinmuxiddinov,Fruits_Vegetables_Dataset(12000)/Vegetables/FreshCucumber/freshCucumber (16).jpg,https://www.kaggle.com/datasets/muhriddinmuxiddinov/fruits-and-vegetables-dataset,2,publisher_fresh_rotten_folder+visual_review,none,not_annotated,e25129e8fecc31ca40765216918b6fb59e3b60331cb6e07270ccd2ffb70afeab,ba45a4b8813f15d6006d2ea6c7e00dc39dc0002963e3c6972c910b4ae262b78b,4032,3024,af3d90c04a2bad7c,981e3f63618172e8,no
cucumber_fresh_0604,train/P_fresh/cucumber_fresh_0604.jpg,cucumber_fresh,0,cucumber,fresh,none,train,g0001,s0001,muhriddinmuxiddinov,Fruits_Vegetables_Dataset(12000)/Vegetables/FreshCucumber/freshCucumber (168).jpg,https://www.kaggle.com/datasets/muhriddinmuxiddinov/fruits-and-vegetables-dataset,2,publisher_fresh_rotten_folder+visual_review,none,not_annotated,e069569e2da158843ad7db769876ca2516f994a48703cbeb76d03596c777f476,758a0013b397399e7cd85481c174f90a2569192ecd21c2966092dc4cf5958f2e,3024,4032,b393cd67986c984c,d89c9c9d8d0e4666,no
cucumber_fresh_0605,train/P_fresh/cucumber_fresh_0605.jpg,cucumber_fresh,0,cucumber,fresh,none,train,g0001,s0001,muhriddinmuxiddinov,Fruits_Vegetables_Dataset(12000)/Vegetables/FreshCucumber/freshCucumber (169).jpg,https://www.kaggle.com/datasets/muhriddinmuxiddinov/fruits-and-vegetables-dataset,2,publisher_fresh_rotten_folder+visual_review,none,not_annotated,f05cc9f47ba221a41e30d9eedb992aaa3338d6a460dece9fb54370213e68d01f,4cff78e62d03eb8a20e015a58a0c01a75eda82f5b5ca2e73a77a7eb04b6643ec,3024,4032,b3e79932cd18cc19,cc4c4e4e4d8d9c9b,no
cucumber_fresh_0606,train/P_fresh/cucumber_fresh_0606.jpg,cucumber_fresh,0,cucumber,fresh,none,train,g0001,s0001,muhriddinmuxiddinov,Fruits_Vegetables_Dataset(12000)/Vegetables/FreshCucumber/freshCucumber (174).jpg,https://www.kaggle.com/datasets/muhriddinmuxiddinov/fruits-and-vegetables-dataset,2,publisher_fresh_rotten_folder+visual_review,none,not_annotated,7caef89114c1b32caf15b603d9403afcfcb3a9755e5e50120d5df979f0efb27e,9efd8c9150bb3f652dedb3251676c1ae3d49f2dde848a663c18f5e9bc781c2fe,3024,4032,a6e7ce439a269926,cc4e8ecececececc,no
cucumber_fresh_0607,train/P_fresh/cucumber_fresh_0607.jpg,cucumber_fresh,0,cucumber,fresh,none,train,g0001,s0001,muhriddinmuxiddinov,Fruits_Vegetables_Dataset(12000)/Vegetables/FreshCucumber/freshCucumber (176).jpg,https://www.kaggle.com/datasets/muhriddinmuxiddinov/fruits-and-vegetables-dataset,2,publisher_fresh_rotten_folder+visual_review,none,not_annotated,b8a57cbf62109a4e966f7b2b24bbcf991fba23b8478c3b7b5b919e49d44835ae,daee3beea5eeec7bad84494fc807eb0efc59a06d62786435a7ec9b264243b5aa,3024,4032,b2c6c798cb92cf11,cc8c8d1d1d9d9c0c,no
cucumber_fresh_0608,train/P_fresh/cucumber_fresh_0608.jpg,cucumber_fresh,0,cucumber,fresh,none,train,g0001,s0001,muhriddinmuxiddinov,Fruits_Vegetables_Dataset(12000)/Vegetables/FreshCucumber/freshCucumber (183).jpg,https://www.kaggle.com/datasets/muhriddinmuxiddinov/fruits-and-vegetables-dataset,2,publisher_fresh_rotten_folder+visual_review,none,not_annotated,ddc83766640a7b825f24d2c0cad918f5c7f6252edf7b32549f32c604eb82873a,222b5ba0bee4e1f007d751590c996f1e9458f459bed84a38d7a82ca03aba8df6,4032,3024,faf0858d3a52fc28,0080031939338040,no
cucumber_fresh_0609,train/P_fresh/cucumber_fresh_0609.jpg,cucumber_fresh,0,cucumber,fresh,none,train,g0001,s0001,muhriddinmuxiddinov,Fruits_Vegetables_Dataset(12000)/Vegetables/FreshCucumber/freshCucumber (19).jpg,https://www.kaggle.com/datasets/muhriddinmuxiddinov/fruits-and-vegetables-dataset,2,publisher_fresh_rotten_folder+visual_review,none,not_annotated,f45183f9a29a79a9864376d62dfd0a5bf6a6a348df1c9993e4c699d221675742,3cdd8df3ad4f095d2d6f365f636c4dad065f2d713db2b73d4b38c9490dfb0ae1,3024,4032,b399c961cd63cc26,991d1d1d1d1d9d9f,no
cucumber_fresh_0610,train/P_fresh/cucumber_fresh_0610.jpg,cucumber_fresh,0,cucumber,fresh,none,train,g0001,s0001,muhriddinmuxiddinov,Fruits_Vegetables_Dataset(12000)/Vegetables/FreshCucumber/freshCucumber (194).jpg,https://www.kaggle.com/datasets/muhriddinmuxiddinov/fruits-and-vegetables-dataset,2,publisher_fresh_rotten_folder+visual_review,none,not_annotated,3dcb4c4e72b1e664b69041d9aec9cf523bf973b154f2daf9f9aff0dd8016eaa9,4f7ab126f1fae772dd81c42ad24f0f674acb299294c38d9c51455ba7257f91c4,4032,3024,af2bd0810a6baf2d,c11e1f7975739c78,no
cucumber_fresh_0611,test/P_fresh/cucumber_fresh_0611.jpeg,cucumber_fresh,0,cucumber,fresh,none,test,g0031,s0025,muhriddinmuxiddinov,Fruits_Vegetables_Dataset(12000)/Vegetables/FreshCucumber/freshCucumber (2).jpeg,https://www.kaggle.com/datasets/muhriddinmuxiddinov/fruits-and-vegetables-dataset,2,publisher_fresh_rotten_folder+visual_review,none,not_annotated,407fc3ccfa68ff990cc680a23e845fe0decba018b1d2625f89fa75ad924e658a,91be8e12281c05c18481e8f0490ae63d6908ba9e161e9dd9f96d5ff831dbf359,700,1195,9eb7dacce2c161c0,2070594f77737321,no
cucumber_fresh_0612,train/P_fresh/cucumber_fresh_0612.jpg,cucumber_fresh,0,cucumber,fresh,none,train,g0001,s0001,muhriddinmuxiddinov,Fruits_Vegetables_Dataset(12000)/Vegetables/FreshCucumber/freshCucumber (200).jpg,https://www.kaggle.com/datasets/muhriddinmuxiddinov/fruits-and-vegetables-dataset,2,publisher_fresh_rotten_folder+visual_review,none,not_annotated,e609a7ae6aee5a2bf2eb58414dd9a1e410c05db8ed9456dc566ca15b7b60de5d,0ba156d066e2aeea2b2aa12f4603a53d872be34ba47e0dc5ac4d27f94ba63031,3024,4032,e7cc92a4ce34cb32,c68e8fcfcf8e0e0d,no
cucumber_fresh_0613,train/P_fresh/cucumber_fresh_0613.jpg,cucumber_fresh,0,cucumber,fresh,none,train,g0009,s0007,muhriddinmuxiddinov,Fruits_Vegetables_Dataset(12000)/Vegetables/FreshCucumber/freshCucumber (205).jpg,https://www.kaggle.com/datasets/muhriddinmuxiddinov/fruits-and-vegetables-dataset,2,publisher_fresh_rotten_folder+visual_review,none,not_annotated,26b9234a125cd7e55f18d6e3b4f956c9082d9d4e9b5a417a03b714c47096646e,68f8f458406a801162e7633f12f2b4243b8a7c80311332a7ed961ef46856d717,500,500,c31cec4dc5b1b3b0,e36688daeaca8bce,no
cucumber_fresh_0614,train/P_fresh/cucumber_fresh_0614.jpg,cucumber_fresh,0,cucumber,fresh,none,train,g0009,s0007,muhriddinmuxiddinov,Fruits_Vegetables_Dataset(12000)/Vegetables/FreshCucumber/freshCucumber (207).jpg,https://www.kaggle.com/datasets/muhriddinmuxiddinov/fruits-and-vegetables-dataset,2,publisher_fresh_rotten_folder+visual_review,none,not_annotated,c570bba53b73a5d1d37c8979c8a0bfdd40eb4a9dd48cc2fb9258a2ae1b47008e,2457c70289d39290a43e8c04e2697dfdef3643e271a5c94b0d8706fe9b9f6c85,500,500,b0c8c731a8eef61a,a4926db6bd5669a4,no
cucumber_fresh_0615,valid/P_fresh/cucumber_fresh_0615.jpg,cucumber_fresh,0,cucumber,fresh,none,val,g0032,s0026,muhriddinmuxiddinov,Fruits_Vegetables_Dataset(12000)/Vegetables/FreshCucumber/freshCucumber (208).jpg,https://www.kaggle.com/datasets/muhriddinmuxiddinov/fruits-and-vegetables-dataset,2,publisher_fresh_rotten_folder+visual_review,none,not_annotated,8c2c45035821a97a428a62201e312843db6b3d5e47ef171307095a40e0fef13e,cc7910da6fcec9aa292cfcc3f5f301c60f6e17ccd02b66314e05d78ce3354b80,800,533,a4b3b1d0c09ede87,df5e6f37e63666d6,no
cucumber_fresh_0616,test/P_fresh/cucumber_fresh_0616.jpg,cucumber_fresh,0,cucumber,fresh,none,test,g0033,s0027,muhriddinmuxiddinov,Fruits_Vegetables_Dataset(12000)/Vegetables/FreshCucumber/freshCucumber (212).jpg,https://www.kaggle.com/datasets/muhriddinmuxiddinov/fruits-and-vegetables-dataset,2,publisher_fresh_rotten_folder+visual_review,none,not_annotated,8aaeddd90a653c7faa00fa920bd8acfb6b3b99294a499a75836e5c5b0d641394,8a3b25c921a787a453332854b08ebc29b9383cd5dabc370fd8918fc4938a89f7,1500,1000,bddc613c1918cce5,32a864391f379ec3,no
cucumber_fresh_0617,valid/P_fresh/cucumber_fresh_0617.jpg,cucumber_fresh,0,cucumber,fresh,none,val,g0034,s0028,muhriddinmuxiddinov,Fruits_Vegetables_Dataset(12000)/Vegetables/FreshCucumber/freshCucumber (217).jpg,https://www.kaggle.com/datasets/muhriddinmuxiddinov/fruits-and-vegetables-dataset,2,publisher_fresh_rotten_folder+visual_review,none,not_annotated,9fc8a7a60bf31b9005247b2e6147ee6d64f99a98fd493ea23e555fe400467b13,beca1cad3d150c6b1ffbccd8ced574ffe37be3578019e205622cbaecc4bbb69e,1000,1000,9f68b47b8a6198e4,b3565455556e6e34,no
cucumber_fresh_0618,test/P_fresh/cucumber_fresh_0618.jpg,cucumber_fresh,0,cucumber,fresh,none,test,g0035,s0029,muhriddinmuxiddinov,Fruits_Vegetables_Dataset(12000)/Vegetables/FreshCucumber/freshCucumber (220).JPG,https://www.kaggle.com/datasets/muhriddinmuxiddinov/fruits-and-vegetables-dataset,2,publisher_fresh_rotten_folder+visual_review,none,not_annotated,2612c301f2aca1de53dcd2d0787ec748c26e9ff5b25ce195f9f54bd39d53b1e2,f8e3563939beaacd4cdc8473ec860420b147f1ee10f4b1888ccb466865319075,3872,2592,ff78e0849a790f0a,801733196d4e010f,no
cucumber_fresh_0619,valid/P_fresh/cucumber_fresh_0619.jpg,cucumber_fresh,0,cucumber,fresh,none,val,g0036,s0030,muhriddinmuxiddinov,Fruits_Vegetables_Dataset(12000)/Vegetables/FreshCucumber/freshCucumber (221).jpg,https://www.kaggle.com/datasets/muhriddinmuxiddinov/fruits-and-vegetables-dataset,2,publisher_fresh_rotten_folder+visual_review,none,not_annotated,dd45202ec3a080e1105f64d3fe1ac159c1eca4551c63eae4d062fbc71ad321e8,bc9ce9f6629961602907ff6a096785ecd3422613c410a9345e8a749210f8ba78,1000,1000,ee80ecc3ce91ab4c,c50c6b9e254a1627,no
cucumber_fresh_0620,train/P_fresh/cucumber_fresh_0620.jpg,cucumber_fresh,0,cucumber,fresh,none,train,g0001,s0001,muhriddinmuxiddinov,Fruits_Vegetables_Dataset(12000)/Vegetables/FreshCucumber/freshCucumber (222).jpg,https://www.kaggle.com/datasets/muhriddinmuxiddinov/fruits-and-vegetables-dataset,2,publisher_fresh_rotten_folder+visual_review,none,not_annotated,053b1b1f34fe20c75d9feb234233c663872cf594077eb7c0d443a28d2d5c53d4,f63b1d18d1f19f644ab0e811d0315c1cc156a58f5aa8cbb9c815a32e5591467f,1000,1000,bc66c2193b66e499,084506071b360112,no
cucumber_fresh_0621,valid/P_fresh/cucumber_fresh_0621.jpg,cucumber_fresh,0,cucumber,fresh,none,val,g0037,s0031,muhriddinmuxiddinov,Fruits_Vegetables_Dataset(12000)/Vegetables/FreshCucumber/freshCucumber (224).jpg,https://www.kaggle.com/datasets/muhriddinmuxiddinov/fruits-and-vegetables-dataset,2,publisher_fresh_rotten_folder+visual_review,none,not_annotated,0d8dcbbd888e64fb62b55cf60abcb0a40dc70ed6e9a1f227543dd9ee98cff59c,d0c6f8eb44ea932cacd84823ffe8594601e403f8ad4ae448dc16fec38b30726a,900,900,fbe1853c9293cdc0,dc134b4d0d270396,no
cucumber_fresh_0622,train/P_fresh/cucumber_fresh_0622.jpg,cucumber_fresh,0,cucumber,fresh,none,train,g0038,s0032,muhriddinmuxiddinov,Fruits_Vegetables_Dataset(12000)/Vegetables/FreshCucumber/freshCucumber (225).jpg,https://www.kaggle.com/datasets/muhriddinmuxiddinov/fruits-and-vegetables-dataset,2,publisher_fresh_rotten_folder+visual_review,none,not_annotated,09b84da5cb7b996c5e632a06ce3b9e9e032c0766be0e7f6783ff92af73a4e21b,63c7dd0765cbf3755dae4292b617d6560f8d576ffb901a2c0a9b31543364f8c6,1000,1333,baf2c0c385b1cb87,0f3d3f3f3b3b1f3b,no
cucumber_fresh_0623,valid/P_fresh/cucumber_fresh_0623.jpg,cucumber_fresh,0,cucumber,fresh,none,val,g0039,s0033,muhriddinmuxiddinov,Fruits_Vegetables_Dataset(12000)/Vegetables/FreshCucumber/freshCucumber (226).jpg,https://www.kaggle.com/datasets/muhriddinmuxiddinov/fruits-and-vegetables-dataset,2,publisher_fresh_rotten_folder+visual_review,none,not_annotated,3d3b3ebd13a82be302c761ab2bcd1c3d37c43042b7ec12f1f17bca981bded847,e0dc8a537d65ef7873173d99bb17c13a626f533cfa8ee3b812b79686c6a9373d,4898,4345,efc4a08c95969b1b,66134b245329170b,no
cucumber_fresh_0624,valid/P_fresh/cucumber_fresh_0624.jpg,cucumber_fresh,0,cucumber,fresh,none,val,g0040,s0034,muhriddinmuxiddinov,Fruits_Vegetables_Dataset(12000)/Vegetables/FreshCucumber/freshCucumber (229).jpg,https://www.kaggle.com/datasets/muhriddinmuxiddinov/fruits-and-vegetables-dataset,2,publisher_fresh_rotten_folder+visual_review,none,not_annotated,c480abd20f0b130bf4062e5a4b1f5fbb889030d4e29d75ccadeab3f6006aa8f4,278e6b3a5ea3a61a208d66deb8a8b2c6076a1dee8964d0f25dc75b765a0c2859,1024,1240,b54dc2960e9865bb,e88612366c8c980d,no
cucumber_fresh_0625,train/P_fresh/cucumber_fresh_0625.jpg,cucumber_fresh,0,cucumber,fresh,none,train,g0001,s0001,muhriddinmuxiddinov,Fruits_Vegetables_Dataset(12000)/Vegetables/FreshCucumber/freshCucumber (231).jpg,https://www.kaggle.com/datasets/muhriddinmuxiddinov/fruits-and-vegetables-dataset,2,publisher_fresh_rotten_folder+visual_review,none,not_annotated,26a5aba0af7f3595bd3e58433986e87b4fca483cea4cb05244d410d8f97afbbe,9bc4b7081ca584f76772d1c34d8f928b8b0e2de5b6eaba688b625d229aa4cea1,500,650,ea98952f6af0b087,82c01f190b0f88a0,no
cucumber_fresh_0626,valid/P_fresh/cucumber_fresh_0626.jpg,cucumber_fresh,0,cucumber,fresh,none,val,g0041,s0035,muhriddinmuxiddinov,Fruits_Vegetables_Dataset(12000)/Vegetables/FreshCucumber/freshCucumber (232).jpg,https://www.kaggle.com/datasets/muhriddinmuxiddinov/fruits-and-vegetables-dataset,2,publisher_fresh_rotten_folder+visual_review,none,not_annotated,9a39d3b947472dcd933dc5ee0251f7c1ec32c64cec55116996434978824be65f,3910e468cd12194a66add7c00f3c324a7b299c7c71875bf7415fd80f48722dc7,1024,1175,cd21b14ba54ecbc6,8e1ee7676263309c,no
cucumber_fresh_0627,test/P_fresh/cucumber_fresh_0627.jpg,cucumber_fresh,0,cucumber,fresh,none,test,g0042,s0036,muhriddinmuxiddinov,Fruits_Vegetables_Dataset(12000)/Vegetables/FreshCucumber/freshCucumber (239).jpg,https://www.kaggle.com/datasets/muhriddinmuxiddinov/fruits-and-vegetables-dataset,2,publisher_fresh_rotten_folder+visual_review,none,not_annotated,6a34458efc5e85528df20204b8d5d92396605f1fb2cbd16916d5cea95a16b7c2,798ffabf227bef8234cad5e2375003175fe8c79235b1e47f32bf54ed248b2c74,2560,1920,b9c699629523c59b,cd37f88eac877b7a,no
cucumber_fresh_0628,test/P_fresh/cucumber_fresh_0628.jpg,cucumber_fresh,0,cucumber,fresh,none,test,g0043,s0037,muhriddinmuxiddinov,Fruits_Vegetables_Dataset(12000)/Vegetables/FreshCucumber/freshCucumber (240).jpg,https://www.kaggle.com/datasets/muhriddinmuxiddinov/fruits-and-vegetables-dataset,2,publisher_fresh_rotten_folder+visual_review,none,not_annotated,fc25a610ce106ca6b8b9dba87f4aca38faf8ff7821052e44615ced1641125b0b,62eaf54b0169785434648416ba556f039d06a8c35fe73f6c4261d53e2ee4031e,600,450,8d2ea6b5f49262a5,3677733312d8fec6,no
cucumber_fresh_0629,valid/P_fresh/cucumber_fresh_0629.jpg,cucumber_fresh,0,cucumber,fresh,none,val,g0044,s0038,muhriddinmuxiddinov,Fruits_Vegetables_Dataset(12000)/Vegetables/FreshCucumber/freshCucumber (244).jpg,https://www.kaggle.com/datasets/muhriddinmuxiddinov/fruits-and-vegetables-dataset,2,publisher_fresh_rotten_folder+visual_review,none,not_annotated,0e69dd3129d846816466cf3326327f41b35c5d67745e9a77cbb50b6fe8c315e1,e310885b87db1efc8053a21a79b9feee4720c91ba519ac83a260865786acfeaa,1800,850,97b949962e974896,5c5c5c5c6c6468f4,no
cucumber_fresh_0630,valid/P_fresh/cucumber_fresh_0630.jpg,cucumber_fresh,0,cucumber,fresh,none,val,g0045,s0039,muhriddinmuxiddinov,Fruits_Vegetables_Dataset(12000)/Vegetables/FreshCucumber/freshCucumber (249).jpg,https://www.kaggle.com/datasets/muhriddinmuxiddinov/fruits-and-vegetables-dataset,2,publisher_fresh_rotten_folder+visual_review,none,not_annotated,bc26209824f2523b61efe481e6effcb9eaa0913819d3f1ff47bb6e0b11d7b2c7,d4226ee2315df03994eef3608f10a49352008f5f8c77a3edd31ac38d45455ae7,700,644,bfc48099edf57820,27e94d2333381d2d,no
cucumber_fresh_0631,valid/P_fresh/cucumber_fresh_0631.jpg,cucumber_fresh,0,cucumber,fresh,none,val,g0046,s0040,muhriddinmuxiddinov,Fruits_Vegetables_Dataset(12000)/Vegetables/FreshCucumber/freshCucumber (251).JPG,https://www.kaggle.com/datasets/muhriddinmuxiddinov/fruits-and-vegetables-dataset,2,publisher_fresh_rotten_folder+visual_review,none,not_annotated,4cdf12f1b9e86b7ea6c1997b75e33855358c15c8104abafeb29573eb74e6aa6f,5b21c6b3253d19de5972cf46215d6e532653c699846b9a9421b2112874966a68,980,735,83e97861a7963a69,c7c3f1e4c679706c,no
cucumber_fresh_0632,test/P_fresh/cucumber_fresh_0632.jpg,cucumber_fresh,0,cucumber,fresh,none,test,g0047,s0041,muhriddinmuxiddinov,Fruits_Vegetables_Dataset(12000)/Vegetables/FreshCucumber/freshCucumber (253).JPG,https://www.kaggle.com/datasets/muhriddinmuxiddinov/fruits-and-vegetables-dataset,2,publisher_fresh_rotten_folder+visual_review,none,not_annotated,41ae83cb438b46e777f851686875dae848bf5f0555a7d4c109e233eb2e726aab,3bb7bc36b2a8de0afaf8a2b46b387d8e30bfe9e1ca8752ca49382145341d0c03,1200,1600,b89edf8a8349ad81,792c329b8e2b9b87,no
cucumber_fresh_0633,valid/P_fresh/cucumber_fresh_0633.jpg,cucumber_fresh,0,cucumber,fresh,none,val,g0048,s0042,muhriddinmuxiddinov,Fruits_Vegetables_Dataset(12000)/Vegetables/FreshCucumber/freshCucumber (254).jpg,https://www.kaggle.com/datasets/muhriddinmuxiddinov/fruits-and-vegetables-dataset,2,publisher_fresh_rotten_folder+visual_review,none,not_annotated,614dc2983c53f679f74c886ea321bb54b924363f5c97fdab21dc9e711e0831b3,d42a7184f7b84701f73ccd4979f01d993fe70edcf48e7631254578a5744b7492,1260,855,c1f8b8c7785bc24c,1195a59cc6ca5a1b,no
cucumber_fresh_0634,train/P_fresh/cucumber_fresh_0634.jpg,cucumber_fresh,0,cucumber,fresh,none,train,g0049,s0007,muhriddinmuxiddinov,Fruits_Vegetables_Dataset(12000)/Vegetables/FreshCucumber/freshCucumber (261).jpg,https://www.kaggle.com/datasets/muhriddinmuxiddinov/fruits-and-vegetables-dataset,2,publisher_fresh_rotten_folder+visual_review,none,not_annotated,cb5259c81aa8c82b7d64188ab3475cf1addbb1119abac37df385f02382ecb1d2,b50395e06c5220664cbbcd88285585328db3242cc8a448e1dc628ca91d61dda1,400,300,90477a7e84c86f35,a0ecdeeede59b89c,no
cucumber_fresh_0635,train/P_fresh/cucumber_fresh_0635.jpg,cucumber_fresh,0,cucumber,fresh,none,train,g0009,s0007,muhriddinmuxiddinov,Fruits_Vegetables_Dataset(12000)/Vegetables/FreshCucumber/freshCucumber (263).jpg,https://www.kaggle.com/datasets/muhriddinmuxiddinov/fruits-and-vegetables-dataset,2,publisher_fresh_rotten_folder+visual_review,none,not_annotated,2b6e414c09386c65c3b3caf1647a08a9bb3981ecb2ae8f565bd5a383339b7d67,67cb3c8c0673897b818c36dc5557a6c68a4f383d763fa2a6b55348e0b9a9e37b,1024,681,90845fea39fc84f2,a2caa692d98d1912,no
cucumber_fresh_0636,test/P_fresh/cucumber_fresh_0636.jpg,cucumber_fresh,0,cucumber,fresh,none,test,g0050,s0043,muhriddinmuxiddinov,Fruits_Vegetables_Dataset(12000)/Vegetables/FreshCucumber/freshCucumber (267).jpg,https://www.kaggle.com/datasets/muhriddinmuxiddinov/fruits-and-vegetables-dataset,2,publisher_fresh_rotten_folder+visual_review,none,not_annotated,75417cd078e4fd3b0603913ecf21c1df2e25b965f8ae4836d429d1da3c0b0834,8937427f59591c4556f895c873161100513f349810f21ac457d35a44348e3aae,900,900,fd78ac68c84958b3,930e382008101a3a,no
cucumber_fresh_0637,valid/P_fresh/cucumber_fresh_0637.jpg,cucumber_fresh,0,cucumber,fresh,none,val,g0051,s0044,muhriddinmuxiddinov,Fruits_Vegetables_Dataset(12000)/Vegetables/FreshCucumber/freshCucumber (268).JPG,https://www.kaggle.com/datasets/muhriddinmuxiddinov/fruits-and-vegetables-dataset,2,publisher_fresh_rotten_folder+visual_review,none,not_annotated,f300501f1842fa19440f3c26677d547b9b243ad75670b2c58b9fa0af888b9d92,8197e62f39dcdf0e0550a77d1d1c2880452aa4699cbc6e33dea7a1cfc632fc8a,480,480,b2c889573e71e94a,e0e9d92c2d4a4a3f,no
cucumber_fresh_0638,train/P_fresh/cucumber_fresh_0638.jpg,cucumber_fresh,0,cucumber,fresh,none,train,g0001,s0001,muhriddinmuxiddinov,Fruits_Vegetables_Dataset(12000)/Vegetables/FreshCucumber/freshCucumber (269).jpg,https://www.kaggle.com/datasets/muhriddinmuxiddinov/fruits-and-vegetables-dataset,2,publisher_fresh_rotten_folder+visual_review,none,not_annotated,958e116da5a277f49511a5e23b6ed1832dd023ab351125405a87b7707d40bd20,97cef71c46074c79c9a2ff7aa7d73d341f1d52e6b8adb855770dea6417b87c2c,488,488,fac281356ec29a3d,011001033f3c0318,no
cucumber_fresh_0639,valid/P_fresh/cucumber_fresh_0639.jpg,cucumber_fresh,0,cucumber,fresh,none,val,g0052,s0045,muhriddinmuxiddinov,Fruits_Vegetables_Dataset(12000)/Vegetables/FreshCucumber/freshCucumber (271).jpg,https://www.kaggle.com/datasets/muhriddinmuxiddinov/fruits-and-vegetables-dataset,2,publisher_fresh_rotten_folder+visual_review,none,not_annotated,63701a76ecad52b96b8e1e4f970de4302ff1ac2175697207f750b54f04993cb9,55c4b7be34bb4d164981252dd77b07eb6415c1f83d411b32d26d6af68eaea268,500,500,ba938386c4766fe0,891b1b15977e1f0f,no
cucumber_fresh_0640,train/P_fresh/cucumber_fresh_0640.jpg,cucumber_fresh,0,cucumber,fresh,none,train,g0001,s0001,muhriddinmuxiddinov,Fruits_Vegetables_Dataset(12000)/Vegetables/FreshCucumber/freshCucumber (273).jpg,https://www.kaggle.com/datasets/muhriddinmuxiddinov/fruits-and-vegetables-dataset,2,publisher_fresh_rotten_folder+visual_review,none,not_annotated,08b8dff9699c27549308f38943d18e4722ba7d539c13f4c8e68e3c7c684d1fae,ebb0242602749cb6339c7fc8b7a2d139c64a7cef5ebacb3d25775a13f2556d84,800,552,bfc0c01f3ef44d0a,104303373b735e3d,no
cucumber_fresh_0641,valid/P_fresh/cucumber_fresh_0641.jpg,cucumber_fresh,0,cucumber,fresh,none,val,g0053,s0028,muhriddinmuxiddinov,Fruits_Vegetables_Dataset(12000)/Vegetables/FreshCucumber/freshCucumber (274).jpg,https://www.kaggle.com/datasets/muhriddinmuxiddinov/fruits-and-vegetables-dataset,2,publisher_fresh_rotten_folder+visual_review,none,not_annotated,0517f33a918c09614d5ee7be3707ff4c12f7d4af3834ca0eba691d86e72cb1ec,9c93ce064acb94b748c0e8e9686478dbb96625da0d5d24feca3a69131c31fd0f,900,900,bf838166a7f6a281,6d7ad9296b25545a,no
cucumber_fresh_0642,test/P_fresh/cucumber_fresh_0642.jpg,cucumber_fresh,0,cucumber,fresh,none,test,g0054,s0046,muhriddinmuxiddinov,Fruits_Vegetables_Dataset(12000)/Vegetables/FreshCucumber/freshCucumber (275).jpg,https://www.kaggle.com/datasets/muhriddinmuxiddinov/fruits-and-vegetables-dataset,2,publisher_fresh_rotten_folder+visual_review,none,not_annotated,3b86de874e345398b4d855c2e6f55fb63e9d4276def8c1d8deda0c4ba1ff66e9,476a73cbe4981fa80d399acdcfc2572328c1e3930ef9dc2cea44448ad3668764,800,533,e19f254c3b49b1b8,52e69b491d96920d,no
cucumber_fresh_0643,valid/P_fresh/cucumber_fresh_0643.jpg,cucumber_fresh,0,cucumber,fresh,none,val,g0055,s0047,muhriddinmuxiddinov,Fruits_Vegetables_Dataset(12000)/Vegetables/FreshCucumber/freshCucumber (278).jpg,https://www.kaggle.com/datasets/muhriddinmuxiddinov/fruits-and-vegetables-dataset,2,publisher_fresh_rotten_folder+visual_review,none,not_annotated,cb58c27b7f6ba7d098dd47777a91a48d87025830d1e0e5e486e38464327ad299,21322d1f32e5fe98ef154efd9ed39f5326b6379d21d59c6b7e4847187a12af38,709,350,d5162bf5688e3893,ee4c7ce4861644db,no
cucumber_fresh_0644,train/P_fresh/cucumber_fresh_0644.jpg,cucumber_fresh,0,cucumber,fresh,none,train,g0009,s0007,muhriddinmuxiddinov,Fruits_Vegetables_Dataset(12000)/Vegetables/FreshCucumber/freshCucumber (279).jpg,https://www.kaggle.com/datasets/muhriddinmuxiddinov/fruits-and-vegetables-dataset,2,publisher_fresh_rotten_folder+visual_review,none,not_annotated,48277a42761a2caa13de0576b71fd62477e4b17e3ae3845e359d02cfa90cc4cb,c0ff6f54b00197efde71d972766a7f6ece76b4d3f6c0ef208aee0c7ef7abe70e,1000,1000,bed07cd1a1e65a0c,91356dcfdc4c6e33,no
cucumber_fresh_0645,train/P_fresh/cucumber_fresh_0645.jpg,cucumber_fresh,0,cucumber,fresh,none,train,g0009,s0007,muhriddinmuxiddinov,Fruits_Vegetables_Dataset(12000)/Vegetables/FreshCucumber/freshCucumber (289).jpg,https://www.kaggle.com/datasets/muhriddinmuxiddinov/fruits-and-vegetables-dataset,2,publisher_fresh_rotten_folder+visual_review,none,not_annotated,7f1f0901812682b37109be5311b51744d92b15df4654c89fc109ed58bfe3eb4e,c28cd4e89cde4064b71698d3ee055f727b28d0aa1cd2becd507393e39265c7d0,224,224,cc9f224e3d703d13,57e9dab3f2a28787,no
cucumber_fresh_0646,valid/P_fresh/cucumber_fresh_0646.jpg,cucumber_fresh,0,cucumber,fresh,none,val,g0056,s0048,muhriddinmuxiddinov,Fruits_Vegetables_Dataset(12000)/Vegetables/FreshCucumber/freshCucumber (290).jpg,https://www.kaggle.com/datasets/muhriddinmuxiddinov/fruits-and-vegetables-dataset,2,publisher_fresh_rotten_folder+visual_review,none,not_annotated,8fc092502dc1d21b1271734c3de191ce7a451a2588a21dc9e407c0abdd96f612,869c4602e99c3877f2e5eeba12c161cd880b78a3ebdc536ec196696706e48597,640,444,f1a156e568d50ed2,c0861c9e8722d871,no
cucumber_fresh_0647,train/P_fresh/cucumber_fresh_0647.jpg,cucumber_fresh,0,cucumber,fresh,none,train,g0009,s0007,muhriddinmuxiddinov,Fruits_Vegetables_Dataset(12000)/Vegetables/FreshCucumber/freshCucumber (293).jpg,https://www.kaggle.com/datasets/muhriddinmuxiddinov/fruits-and-vegetables-dataset,2,publisher_fresh_rotten_folder+visual_review,none,not_annotated,7d85ff55e5c348481789b8887be89405829a696c9c575ec465b3dfbfc4ff2bff,13bdd6cf80393c9c36f8afbdef98190be07dfdcf0c14d056502efe1b514cc6cb,224,224,cc1f23ce2c383d17,57e9dab3e2628787,no
cucumber_fresh_0648,train/P_fresh/cucumber_fresh_0648.jpg,cucumber_fresh,0,cucumber,fresh,none,train,g0009,s0007,muhriddinmuxiddinov,Fruits_Vegetables_Dataset(12000)/Vegetables/FreshCucumber/freshCucumber (298).jpg,https://www.kaggle.com/datasets/muhriddinmuxiddinov/fruits-and-vegetables-dataset,2,publisher_fresh_rotten_folder+visual_review,none,not_annotated,5c7be1d51dc06e54e3d0d14918168e72d209a2d37a2fbcf3a4dfab00faf4f841,d73d5a0f0316bfedd71e5c90c56d5990c521b37cd411c9d427842c8c1f9d42b7,224,224,80f38247de72ace3,a9d897955af3cdb1,no
cucumber_fresh_0649,valid/P_fresh/cucumber_fresh_0649.jpeg,cucumber_fresh,0,cucumber,fresh,none,val,g0057,s0004,muhriddinmuxiddinov,Fruits_Vegetables_Dataset(12000)/Vegetables/FreshCucumber/freshCucumber (3).jpeg,https://www.kaggle.com/datasets/muhriddinmuxiddinov/fruits-and-vegetables-dataset,2,publisher_fresh_rotten_folder+visual_review,none,not_annotated,8e719a5acd0587e8f9576176ac405850fe7f3ecfa75520ab4ac961236e33dc07,190385b39f8bbaf54f99fa6fabdce8df312485bb75f5207a6cbeab6ce328a2df,1080,1620,f70da2f3c203dd60,4b6e6a4a084ccd8d,no
cucumber_fresh_0650,test/P_fresh/cucumber_fresh_0650.png,cucumber_fresh,0,cucumber,fresh,none,test,g0058,s0049,muhriddinmuxiddinov,Fruits_Vegetables_Dataset(12000)/Vegetables/FreshCucumber/freshCucumber (3).png,https://www.kaggle.com/datasets/muhriddinmuxiddinov/fruits-and-vegetables-dataset,2,publisher_fresh_rotten_folder+visual_review,none,not_annotated,2c0ed1f483528429aa7e2fc007d991af282879ad7ea2659e1142a2f4cddd46cf,4f91f513ad77a837aef7f514af027b95c52e9d17a27531df59e557e7f7e19909,512,276,a6d995da49a5d02d,0e0e86af4d0defce,no
cucumber_fresh_0651,train/P_fresh/cucumber_fresh_0651.jpg,cucumber_fresh,0,cucumber,fresh,none,train,g0010,s0001,muhriddinmuxiddinov,Fruits_Vegetables_Dataset(12000)/Vegetables/FreshCucumber/freshCucumber (301).jpg,https://www.kaggle.com/datasets/muhriddinmuxiddinov/fruits-and-vegetables-dataset,2,publisher_fresh_rotten_folder+visual_review,none,not_annotated,f3179cf930a9d5cfa3ccf257f6ef0d8fc71683344ebd3efede1eb1c0ba92fd1c,a7228f069d5d2230c7f3285363ebe7205ccdfbbda3d279270384a2cb12ff32cd,224,224,a63c27d53653c478,3e2d2f2facc04b4b,no
cucumber_fresh_0652,train/P_fresh/cucumber_fresh_0652.jpg,cucumber_fresh,0,cucumber,fresh,none,train,g0009,s0007,muhriddinmuxiddinov,Fruits_Vegetables_Dataset(12000)/Vegetables/FreshCucumber/freshCucumber (302).jpg,https://www.kaggle.com/datasets/muhriddinmuxiddinov/fruits-and-vegetables-dataset,2,publisher_fresh_rotten_folder+visual_review,none,not_annotated,cc2690ff1fc0c7164e51dbac7e7bfad6a336f043ddea2da3849f491a9cfd7b01,260fef4fd9eab738a9dce0fdce7e5e1954d52df7aa2b274c47a2b79077d31b6e,224,224,f182c562d4f11e1f,84d36b942e1b93b2,no
cucumber_fresh_0653,train/P_fresh/cucumber_fresh_0653.jpg,cucumber_fresh,0,cucumber,fresh,none,train,g0009,s0007,muhriddinmuxiddinov,Fruits_Vegetables_Dataset(12000)/Vegetables/FreshCucumber/freshCucumber (304).jpg,https://www.kaggle.com/datasets/muhriddinmuxiddinov/fruits-and-vegetables-dataset,2,publisher_fresh_rotten_folder+visual_review,none,not_annotated,fae3bdf71f9acd8f43ac5a68d88c648ba8bb198d2e149c81302688d87869daab,c5c20e43c8fa22aa3c5835b58e29bf58216f3a9036bc370c2e5e43f040dd6373,224,224,863f427967b13558,4d6d2466278d95cc,no
cucumber_fresh_0654,train/P_fresh/cucumber_fresh_0654.jpg,cucumber_fresh,0,cucumber,fresh,none,train,g0009,s0007,muhriddinmuxiddinov,Fruits_Vegetables_Dataset(12000)/Vegetables/FreshCucumber/freshCucumber (318).jpg,https://www.kaggle.com/datasets/muhriddinmuxiddinov/fruits-and-vegetables-dataset,2,publisher_fresh_rotten_folder+visual_review,none,not_annotated,380dcbecb70b23a5bbdad7261c47190d084c85b888d9a0da0dc2c5b5522b2479,70fd341f6fcb39b88e0de25f290a7850f336ca58fef7c7ef0bd2a10fcf1541ad,224,224,e1c34360c4b31f9f,c4c33b9596130a54,no
cucumber_fresh_0655,train/P_fresh/cucumber_fresh_0655.jpg,cucumber_fresh,0,cucumber,fresh,none,train,g0010,s0001,muhriddinmuxiddinov,Fruits_Vegetables_Dataset(12000)/Vegetables/FreshCucumber/freshCucumber (322).jpg,https://www.kaggle.com/datasets/muhriddinmuxiddinov/fruits-and-vegetables-dataset,2,publisher_fresh_rotten_folder+visual_review,none,not_annotated,27639868480a37b36d9481a13e5e4c56bf05372480191e86b29e496363b9382e,fb9ce2d24e94a4f56b7943b0f485a37d9f484d03d41890bda48fb6853eb86d0b,224,224,d75622b09e4b7394,8c0c0c683c1edaf2,no
cucumber_fresh_0656,train/P_fresh/cucumber_fresh_0656.jpg,cucumber_fresh,0,cucumber,fresh,none,train,g0009,s0007,muhriddinmuxiddinov,Fruits_Vegetables_Dataset(12000)/Vegetables/FreshCucumber/freshCucumber (326).jpg,https://www.kaggle.com/datasets/muhriddinmuxiddinov/fruits-and-vegetables-dataset,2,publisher_fresh_rotten_folder+visual_review,none,not_annotated,64d2afbd4ef32446efcf30d89dab50d8f815781924d831d4512a21bf970aa794,7c93beb76dda02d58ab5302fb90159f1da24f305bd10dc3eaa47823e351b1972,224,224,c99f26398738a587,57e1d2b3d392b7c5,no
cucumber_fresh_0657,train/P_fresh/cucumber_fresh_0657.jpg,cucumber_fresh,0,cucumber,fresh,none,train,g0059,s0001,muhriddinmuxiddinov,Fruits_Vegetables_Dataset(12000)/Vegetables/FreshCucumber/freshCucumber (329).jpg,https://www.kaggle.com/datasets/muhriddinmuxiddinov/fruits-and-vegetables-dataset,2,publisher_fresh_rotten_folder+visual_review,none,not_annotated,7b25719b013a3a26a0a28f5d721f18c170f9ea3695c70f79e1e2fd2018d0f9ef,1240fba90e4ce6a7abf137a07f9ed0ae6d570fc9e92896322d4f32a492f7c2ef,224,224,97a838dc9c7a2995,b7bfdb796460688c,no
cucumber_fresh_0658,train/P_fresh/cucumber_fresh_0658.jpg,cucumber_fresh,0,cucumber,fresh,none,train,g0009,s0007,muhriddinmuxiddinov,Fruits_Vegetables_Dataset(12000)/Vegetables/FreshCucumber/freshCucumber (334).jpg,https://www.kaggle.com/datasets/muhriddinmuxiddinov/fruits-and-vegetables-dataset,2,publisher_fresh_rotten_folder+visual_review,none,not_annotated,29d1c053a4582cf150f7d83d3eab7137a68bac7c2d897188e8c011237aa0d297,cf8a0823841771b8736fde81b6bd52afc2906b1325123f06adb3c63faa835358,224,224,a1b92d5237877037,dad31eca2a88cc4a,no
cucumber_fresh_0659,test/P_fresh/cucumber_fresh_0659.jpg,cucumber_fresh,0,cucumber,fresh,none,test,g0060,s0050,muhriddinmuxiddinov,Fruits_Vegetables_Dataset(12000)/Vegetables/FreshCucumber/freshCucumber (337).jpg,https://www.kaggle.com/datasets/muhriddinmuxiddinov/fruits-and-vegetables-dataset,2,publisher_fresh_rotten_folder+visual_review,none,not_annotated,03172d130e97fa55f4fe42b5008588a1cc77599c357d9ab6cee1b1045c42d176,a4293f9e105924c58d420535b2ef68cc4dbceb009a045a2a8074bdf5fdd0462d,224,224,b193e649acf4862e,d3d89d1e9b991504,no
cucumber_fresh_0660,train/P_fresh/cucumber_fresh_0660.jpg,cucumber_fresh,0,cucumber,fresh,none,train,g0061,s0007,muhriddinmuxiddinov,Fruits_Vegetables_Dataset(12000)/Vegetables/FreshCucumber/freshCucumber (342).jpg,https://www.kaggle.com/datasets/muhriddinmuxiddinov/fruits-and-vegetables-dataset,2,publisher_fresh_rotten_folder+visual_review,none,not_annotated,9ffcedce157d312f7889dae6cf91a8760ada5b485a287662b2f4871130cb08b6,9f40968e324c9e390a979987148721e59993776c2e0bb54748bd04d46e9a8aad,224,224,eac2507c652e9727,8591ecf30e3925d4,no
cucumber_fresh_0661,train/P_fresh/cucumber_fresh_0661.jpg,cucumber_fresh,0,cucumber,fresh,none,train,g0010,s0001,muhriddinmuxiddinov,Fruits_Vegetables_Dataset(12000)/Vegetables/FreshCucumber/freshCucumber (347).jpg,https://www.kaggle.com/datasets/muhriddinmuxiddinov/fruits-and-vegetables-dataset,2,publisher_fresh_rotten_folder+visual_review,none,not_annotated,281beca0c05736014e6fcf2195960018eb5549741e5185799f3754c849943c65,0bed98a998ae2bab8986ca3ab68bf887065372f6d4ba7404a8d54f5ae5da22d8,224,224,ca6b2aa92534df86,0711109c4a7acd35,no
cucumber_fresh_0662,train/P_fresh/cucumber_fresh_0662.jpg,cucumber_fresh,0,cucumber,fresh,none,train,g0010,s0001,muhriddinmuxiddinov,Fruits_Vegetables_Dataset(12000)/Vegetables/FreshCucumber/freshCucumber (350).jpg,https://www.kaggle.com/datasets/muhriddinmuxiddinov/fruits-and-vegetables-dataset,2,publisher_fresh_rotten_folder+visual_review,none,not_annotated,03e1c7b930b0d491a9d7066883cbe8720247f996fd3dbded6fa76657acad911b,fcc5554477a5dc758f4f1c3911aaff3cf26b9f5b463db7412db4002336a8c7cb,224,224,b09947639365d5d2,da9ab89c9d9e8ecc,no
cucumber_fresh_0663,train/P_fresh/cucumber_fresh_0663.jpg,cucumber_fresh,0,cucumber,fresh,none,train,g0009,s0007,muhriddinmuxiddinov,Fruits_Vegetables_Dataset(12000)/Vegetables/FreshCucumber/freshCucumber (357).jpg,https://www.kaggle.com/datasets/muhriddinmuxiddinov/fruits-and-vegetables-dataset,2,publisher_fresh_rotten_folder+visual_review,none,not_annotated,cf519b17769337a0b832b8bd31d6af52781b80ca6b59ffd45bf3f388498894cf,d0f704937d24846b23d77fbca7c5dae4acb9f7f961bd61e9facd4719f9fa39f4,224,224,c01f623d2fb82d17,57edf2a3ebb28787,no
cucumber_fresh_0664,train/P_fresh/cucumber_fresh_0664.jpg,cucumber_fresh,0,cucumber,fresh,none,train,g0009,s0007,muhriddinmuxiddinov,Fruits_Vegetables_Dataset(12000)/Vegetables/FreshCucumber/freshCucumber (358).jpg,https://www.kaggle.com/datasets/muhriddinmuxiddinov/fruits-and-vegetables-dataset,2,publisher_fresh_rotten_folder+visual_review,none,not_annotated,7f4992f97655600accf133cb0502da390a83ce1d9d786adadfafb8535b82efcc,8cbcef2e108a72210ccf68ec7c0939d83a26bd0ff7df27d5b2d3023bc6928b34,224,224,dd4c66b9ceb3c804,76569674b21a1a44,no
cucumber_fresh_0665,train/P_fresh/cucumber_fresh_0665.jpg,cucumber_fresh,0,cucumber,fresh,none,train,g0010,s0001,muhriddinmuxiddinov,Fruits_Vegetables_Dataset(12000)/Vegetables/FreshCucumber/freshCucumber (363).jpg,https://www.kaggle.com/datasets/muhriddinmuxiddinov/fruits-and-vegetables-dataset,2,publisher_fresh_rotten_folder+visual_review,none,not_annotated,6f690cc863b0f47a26bb0ce7842af9ed35a9af45fddbca6724233bfb28c0ac98,9047c1ce3e20e7e642e59eeee075ab0bd2c51a271f4a74cba073620ad04aa202,224,224,b88c63b1ca6c9f64,7b9c323bb81c8f8d,no
cucumber_fresh_0666,train/P_fresh/cucumber_fresh_0666.jpg,cucumber_fresh,0,cucumber,fresh,none,train,g0001,s0001,muhriddinmuxiddinov,Fruits_Vegetables_Dataset(12000)/Vegetables/FreshCucumber/freshCucumber (37).jpg,https://www.kaggle.com/datasets/muhriddinmuxiddinov/fruits-and-vegetables-dataset,2,publisher_fresh_rotten_folder+visual_review,none,not_annotated,873975f38ca1f7277b7e48899204c14310f9e0504f021f2232bca009f9ba7930,6f5c4361188848a1145e552adb2898b65cc3c441aeee3ff1cf8e41b81e79f5b4,1024,1024,fe95c0603d9f4ae0,700c713e0f012104,no
cucumber_fresh_0667,train/P_fresh/cucumber_fresh_0667.jpg,cucumber_fresh,0,cucumber,fresh,none,train,g0009,s0007,muhriddinmuxiddinov,Fruits_Vegetables_Dataset(12000)/Vegetables/FreshCucumber/freshCucumber (372).jpg,https://www.kaggle.com/datasets/muhriddinmuxiddinov/fruits-and-vegetables-dataset,2,publisher_fresh_rotten_folder+visual_review,none,not_annotated,a488c1f745464759735e10671cea42109df6b620090b6fafa7db1adc84669160,18b67f9eba2bd45bca1363fdb9c2986b6a71a3288e0f07ff651d14668a36fd9b,224,224,b241603bc7db4de2,c896954dad393da5,no
cucumber_fresh_0668,train/P_fresh/cucumber_fresh_0668.jpg,cucumber_fresh,0,cucumber,fresh,none,train,g0009,s0007,muhriddinmuxiddinov,Fruits_Vegetables_Dataset(12000)/Vegetables/FreshCucumber/freshCucumber (373).jpg,https://www.kaggle.com/datasets/muhriddinmuxiddinov/fruits-and-vegetables-dataset,2,publisher_fresh_rotten_folder+visual_review,none,not_annotated,ff600dba6aa61b71e2520c04af0341f65d0b8299f2896d561124d5a289282664,8c1832328d9b539ed9f7438315134b9b6ebc62aef714219fc11a728cd18eabc4,224,224,b4934e6a28ab6d71,b5d4de56960794b6,no
cucumber_fresh_0669,train/P_fresh/cucumber_fresh_0669.jpg,cucumber_fresh,0,cucumber,fresh,none,train,g0009,s0007,muhriddinmuxiddinov,Fruits_Vegetables_Dataset(12000)/Vegetables/FreshCucumber/freshCucumber (376).jpg,https://www.kaggle.com/datasets/muhriddinmuxiddinov/fruits-and-vegetables-dataset,2,publisher_fresh_rotten_folder+visual_review,none,not_annotated,58b7a7c00fe7d654a4aee0c785e7c67be465147d0a493a7e155d12698eccada0,d53ca2e425fe4f4ca704e698237c257fe4e5b77bc5b02a94599d55b9d6789dbf,224,224,d02b0ecbba4c6c79,69db969498c8e4ac,no
cucumber_fresh_0670,train/P_fresh/cucumber_fresh_0670.jpg,cucumber_fresh,0,cucumber,fresh,none,train,g0009,s0007,muhriddinmuxiddinov,Fruits_Vegetables_Dataset(12000)/Vegetables/FreshCucumber/freshCucumber (384).jpg,https://www.kaggle.com/datasets/muhriddinmuxiddinov/fruits-and-vegetables-dataset,2,publisher_fresh_rotten_folder+visual_review,none,not_annotated,244c51c8c9bf13c6f7738c43cbdec19c155def90556da6a002d8c791471f7931,6b09870f9ccd979ec6310e2e1cc57ca0e7427cac0cd2ae47eb4bb1ab9de5d4b0,224,224,c3522d4d24a6f55d,67c1c9cdd4d16366,no
cucumber_fresh_0671,train/P_fresh/cucumber_fresh_0671.jpg,cucumber_fresh,0,cucumber,fresh,none,train,g0009,s0007,muhriddinmuxiddinov,Fruits_Vegetables_Dataset(12000)/Vegetables/FreshCucumber/freshCucumber (385).jpg,https://www.kaggle.com/datasets/muhriddinmuxiddinov/fruits-and-vegetables-dataset,2,publisher_fresh_rotten_folder+visual_review,none,not_annotated,9fc1f7518cc88bb077539d1aadb3d3585132936597091f73403147c323314575,850afec4e609a23bc3f40f52d062d4bbb6e03e18b79ad9887ff8bf11727fe574,224,224,ab552a7c2bb86da0,3268d45a4a51b1cb,no
cucumber_fresh_0672,train/P_fresh/cucumber_fresh_0672.jpg,cucumber_fresh,0,cucumber,fresh,none,train,g0009,s0007,muhriddinmuxiddinov,Fruits_Vegetables_Dataset(12000)/Vegetables/FreshCucumber/freshCucumber (388).jpg,https://www.kaggle.com/datasets/muhriddinmuxiddinov/fruits-and-vegetables-dataset,2,publisher_fresh_rotten_folder+visual_review,none,not_annotated,371f8c155cfd3b9898bc5ee72cf19d571d6e1c89688184f435a7a842ba1dd5c8,367a4f039ccc9a91abf6523268ea6c1cc8c719155c4d6c20f777fda5e3ce15c1,224,224,b94cb298d259f532,3373d25af8321b8f,no
cucumber_fresh_0673,train/P_fresh/cucumber_fresh_0673.jpg,cucumber_fresh,0,cucumber,fresh,none,train,g0010,s0001,muhriddinmuxiddinov,Fruits_Vegetables_Dataset(12000)/Vegetables/FreshCucumber/freshCucumber (389).jpg,https://www.kaggle.com/datasets/muhriddinmuxiddinov/fruits-and-vegetables-dataset,2,publisher_fresh_rotten_folder+visual_review,none,not_annotated,1ec84a27b1e9d32924cab69a2b25dde5c4f49ce6dfea0bc8bc4c3543fb11bca2,889e1ed81e91cb38cf8ffdfcde93969ee548a2fe6eeda3622db7c4d858b4b91b,224,224,9525f0792585c97d,565e7efe5e36b4f4,no
cucumber_fresh_0674,train/P_fresh/cucumber_fresh_0674.jpg,cucumber_fresh,0,cucumber,fresh,none,train,g0062,s0001,muhriddinmuxiddinov,Fruits_Vegetables_Dataset(12000)/Vegetables/FreshCucumber/freshCucumber (394).jpg,https://www.kaggle.com/datasets/muhriddinmuxiddinov/fruits-and-vegetables-dataset,2,publisher_fresh_rotten_folder+visual_review,none,not_annotated,535008cef8c73125652fbbfb5e54e74ae8a49ebe859712abd9c4a2872c8b00fd,aab55db27cf7529c8a11ee5921ad0906526cdcce77e1566a68bd4aaf04601b88,224,224,cb6a29a895633aae,232339406531cbb2,no
cucumber_fresh_0675,train/P_fresh/cucumber_fresh_0675.jpg,cucumber_fresh,0,cucumber,fresh,none,train,g0009,s0007,muhriddinmuxiddinov,Fruits_Vegetables_Dataset(12000)/Vegetables/FreshCucumber/freshCucumber (395).jpg,https://www.kaggle.com/datasets/muhriddinmuxiddinov/fruits-and-vegetables-dataset,2,publisher_fresh_rotten_folder+visual_review,none,not_annotated,efba8376d3ad110f102357ec1d85bc33715e03793d06cfdad521849269498065,755380645372c0b041c6e1fefa6d19ae867145928884072a2842a2c669c929bb,224,224,dd4666b9ce334c90,665494d4b2b21a44,no
cucumber_fresh_0676,train/P_fresh/cucumber_fresh_0676.jpg,cucumber_fresh,0,cucumber,fresh,none,train,g0010,s0001,muhriddinmuxiddinov,Fruits_Vegetables_Dataset(12000)/Vegetables/FreshCucumber/freshCucumber (399).jpg,https://www.kaggle.com/datasets/muhriddinmuxiddinov/fruits-and-vegetables-dataset,2,publisher_fresh_rotten_folder+visual_review,none,not_annotated,19f247011fef762d51e960fedea818a68ad25e8ded3e8a771285ffd87f8d72d4,06c5982e16dd91c3b5231228d457a6d93f3e1974ff5de576d5b47d7332f29faf,224,224,ca696a2abd44769a,0311106278c5e131,no
cucumber_fresh_0677,train/P_fresh/cucumber_fresh_0677.jpeg,cucumber_fresh,0,cucumber,fresh,none,train,g0063,s0037,muhriddinmuxiddinov,Fruits_Vegetables_Dataset(12000)/Vegetables/FreshCucumber/freshCucumber (4).jpeg,https://www.kaggle.com/datasets/muhriddinmuxiddinov/fruits-and-vegetables-dataset,2,publisher_fresh_rotten_folder+visual_review,none,not_annotated,5d62e6c13e7aa99a1c5e49ac2607f4ce3798eeb15f9977c78a6c71c91982ab51,790ce7d3795f791ade1498f0271991424212cddcc97fecc3ffa524680d49727a,600,450,9938a1f3ec23d538,9bb03c383158d8f4,no
cucumber_fresh_0678,train/P_fresh/cucumber_fresh_0678.png,cucumber_fresh,0,cucumber,fresh,none,train,g0064,s0001,muhriddinmuxiddinov,Fruits_Vegetables_Dataset(12000)/Vegetables/FreshCucumber/freshCucumber (4).png,https://www.kaggle.com/datasets/muhriddinmuxiddinov/fruits-and-vegetables-dataset,2,publisher_fresh_rotten_folder+visual_review,none,not_annotated,07e31e70bee3530c3383835e98559dba5cb7ca3e79f4ab8ea6d1479db24aeb7c,7968eef7e00b2be025a97d9e06b23df7e06bfbc7708503110f3857120ccf9bb4,2528,2639,ebed850d9d531063,1247891b13354919,no
cucumber_fresh_0679,train/P_fresh/cucumber_fresh_0679.jpg,cucumber_fresh,0,cucumber,fresh,none,train,g0009,s0007,muhriddinmuxiddinov,Fruits_Vegetables_Dataset(12000)/Vegetables/FreshCucumber/freshCucumber (402).jpg,https://www.kaggle.com/datasets/muhriddinmuxiddinov/fruits-and-vegetables-dataset,2,publisher_fresh_rotten_folder+visual_review,none,not_annotated,37e64b2648002be1b1efe462e585cbc79b2ba6a1b809df03cb30e602aaaee50c,9ca335db25afaf813b23224cf8e08e4dc86c76bf7e91a2d3cca156e8d43563c1,224,224,d8446b6f25be7411,63a1b4b43229393b,no
cucumber_fresh_0680,train/P_fresh/cucumber_fresh_0680.jpg,cucumber_fresh,0,cucumber,fresh,none,train,g0009,s0007,muhriddinmuxiddinov,Fruits_Vegetables_Dataset(12000)/Vegetables/FreshCucumber/freshCucumber (406).jpg,https://www.kaggle.com/datasets/muhriddinmuxiddinov/fruits-and-vegetables-dataset,2,publisher_fresh_rotten_folder+visual_review,none,not_annotated,7c7e4624cda481c0429dc13ea411fe1ecdb4021b001b35b6e9ec47abfffbb9df,f64e6fbc160c439aaeed70ad9fa9542b075dd6fd91799b992754b68d723eb898,224,224,82693389b55e671d,9b9969a576d3b98c,no
cucumber_fresh_0681,train/P_fresh/cucumber_fresh_0681.jpg,cucumber_fresh,0,cucumber,fresh,none,train,g0065,s0001,muhriddinmuxiddinov,Fruits_Vegetables_Dataset(12000)/Vegetables/FreshCucumber/freshCucumber (410).jpg,https://www.kaggle.com/datasets/muhriddinmuxiddinov/fruits-and-vegetables-dataset,2,publisher_fresh_rotten_folder+visual_review,none,not_annotated,55574660ab9e6b3d5e82a4c529f06215385da4443f6b29c2196d6f84ab6203ab,f0f1ab1e7b377458889d0887a1c3de245277ece855632b631ebf5acd73a3e068,224,224,e79e986123966599,c4f2c4cecececed0,no
cucumber_fresh_0682,train/P_fresh/cucumber_fresh_0682.jpg,cucumber_fresh,0,cucumber,fresh,none,train,g0066,s0007,muhriddinmuxiddinov,Fruits_Vegetables_Dataset(12000)/Vegetables/FreshCucumber/freshCucumber (413).jpg,https://www.kaggle.com/datasets/muhriddinmuxiddinov/fruits-and-vegetables-dataset,2,publisher_fresh_rotten_folder+visual_review,none,not_annotated,7f47922dedb0341ebc84de8a5f94c6648deb60d041d4df555e0603e0b1758d2a,370e77ae202a07a8063afd7d97afcbd8763d518670aafb9755c457b8ee3a14d1,224,224,fee0128278952dfc,89cd561227472830,no
cucumber_fresh_0683,train/P_fresh/cucumber_fresh_0683.jpg,cucumber_fresh,0,cucumber,fresh,none,train,g0001,s0001,muhriddinmuxiddinov,Fruits_Vegetables_Dataset(12000)/Vegetables/FreshCucumber/freshCucumber (415).jpg,https://www.kaggle.com/datasets/muhriddinmuxiddinov/fruits-and-vegetables-dataset,2,publisher_fresh_rotten_folder+visual_review,none,not_annotated,14ec4eab5fbed0295a018d51cc04c5b4475227a00dd581ce30f228694c5b654c,a0b824ab55408988e0eb11fa9bd1be9dcdddbf925d128e5da3a2c549ffb757db,224,224,b49bcb2439d326c9,8a96e88e96868cb0,no
cucumber_fresh_0684,train/P_fresh/cucumber_fresh_0684.jpg,cucumber_fresh,0,cucumber,fresh,none,train,g0009,s0007,muhriddinmuxiddinov,Fruits_Vegetables_Dataset(12000)/Vegetables/FreshCucumber/freshCucumber (417).jpg,https://www.kaggle.com/datasets/muhriddinmuxiddinov/fruits-and-vegetables-dataset,2,publisher_fresh_rotten_folder+visual_review,none,not_annotated,f8476fbeed5f43d99fd097f8def725e7f3fba88584422b0a2ce0e2657ebb3250,f6acda8605643642ce4f8cfe7674fd35293a0730cd1dcd5b53576e7c5cadd579,224,224,97ab54f555b00ea1,4e7155d85a26ac68,no
cucumber_fresh_0685,train/P_fresh/cucumber_fresh_0685.jpg,cucumber_fresh,0,cucumber,fresh,none,train,g0001,s0001,muhriddinmuxiddinov,Fruits_Vegetables_Dataset(12000)/Vegetables/FreshCucumber/freshCucumber (424).jpg,https://www.kaggle.com/datasets/muhriddinmuxiddinov/fruits-and-vegetables-dataset,2,publisher_fresh_rotten_folder+visual_review,none,not_annotated,49ab76afe6e0eeb8e72119a21a607f6c3e1aae5ce7bd0385f874acd2ae11e4fc,4aa25c8c2854b7c1cf1d385374d221037b0f86363c3d389c7201740716c4dc2d,224,224,e59b9a6469c63499,c4c2ec86968686d8,no
cucumber_fresh_0686,train/P_fresh/cucumber_fresh_0686.jpg,cucumber_fresh,0,cucumber,fresh,none,train,g0067,s0007,muhriddinmuxiddinov,Fruits_Vegetables_Dataset(12000)/Vegetables/FreshCucumber/freshCucumber (427).jpg,https://www.kaggle.com/datasets/muhriddinmuxiddinov/fruits-and-vegetables-dataset,2,publisher_fresh_rotten_folder+visual_review,none,not_annotated,5e90b866e69994b76b2b896f8901444702cf42421d0f4aafbceb376d4ffd6937,dcc0a3bf24468300b05fdc7ef0d29e0574d32d0fd9aa9d76df7861687e91e010,224,224,c0dc4eb367599724,6525b494cf1881c7,no
cucumber_fresh_0687,train/P_fresh/cucumber_fresh_0687.jpg,cucumber_fresh,0,cucumber,fresh,none,train,g0061,s0007,muhriddinmuxiddinov,Fruits_Vegetables_Dataset(12000)/Vegetables/FreshCucumber/freshCucumber (429).jpg,https://www.kaggle.com/datasets/muhriddinmuxiddinov/fruits-and-vegetables-dataset,2,publisher_fresh_rotten_folder+visual_review,none,not_annotated,9fe4ff96d481c9a48df725347276acbc6e3d6131a741ccdb190cc3a9da7b8571,7a26d12b6013db58b73ea9f44cb47fa3bc56f8a21d971c0ec0602c0a7134db0d,224,224,86dad1427d796a15,90ecad6b6fcd96ba,no
cucumber_fresh_0688,train/P_fresh/cucumber_fresh_0688.jpg,cucumber_fresh,0,cucumber,fresh,none,train,g0009,s0007,muhriddinmuxiddinov,Fruits_Vegetables_Dataset(12000)/Vegetables/FreshCucumber/freshCucumber (438).jpg,https://www.kaggle.com/datasets/muhriddinmuxiddinov/fruits-and-vegetables-dataset,2,publisher_fresh_rotten_folder+visual_review,none,not_annotated,7d69478cc0d2ae353869e959e218493b1c3fbce6654400fa5cfe5b12275d0d80,a114b6a9d0629d5e6df71080010c3ba2cd3b311d771d6e88175a6b849ce61ebb,224,224,f1ba40da3d122f69,9db55b2c125a85d6,no
cucumber_fresh_0689,train/P_fresh/cucumber_fresh_0689.jpg,cucumber_fresh,0,cucumber,fresh,none,train,g0009,s0007,muhriddinmuxiddinov,Fruits_Vegetables_Dataset(12000)/Vegetables/FreshCucumber/freshCucumber (442).jpg,https://www.kaggle.com/datasets/muhriddinmuxiddinov/fruits-and-vegetables-dataset,2,publisher_fresh_rotten_folder+visual_review,none,not_annotated,c9a179e103fa69fbdf6374a0e0b2bc3a668d5a01efbfbe682b945200377a8f9c,077399a17e9eaf2bf718ce7e7142effb0aee472e387e10a8ab0f105ff088f5b3,224,224,b19b4c6e68597c52,33ded85bd5069296,no
cucumber_fresh_0690,train/P_fresh/cucumber_fresh_0690.jpg,cucumber_fresh,0,cucumber,fresh,none,train,g0009,s0007,muhriddinmuxiddinov,Fruits_Vegetables_Dataset(12000)/Vegetables/FreshCucumber/freshCucumber (446).jpg,https://www.kaggle.com/datasets/muhriddinmuxiddinov/fruits-and-vegetables-dataset,2,publisher_fresh_rotten_folder+visual_review,none,not_annotated,af9b65a681de9f9f4a41fca5e992f165d380b72d78dfe8290d21eb6d86cb1c9b,a2b306c3f567aa9d4e086ad1d070ee895ba81a7a329559484ce25b37735269ca,224,224,959756332a2dece0,3cd8f272dd0696b4,no
cucumber_fresh_0691,train/P_fresh/cucumber_fresh_0691.jpg,cucumber_fresh,0,cucumber,fresh,none,train,g0009,s0007,muhriddinmuxiddinov,Fruits_Vegetables_Dataset(12000)/Vegetables/FreshCucumber/freshCucumber (447).jpg,https://www.kaggle.com/datasets/muhriddinmuxiddinov/fruits-and-vegetables-dataset,2,publisher_fresh_rotten_folder+visual_review,none,not_annotated,eb1269afc037bca937493e07fdfba7bfbe7f28870733a73f1b4431219b7b7d04,51af824b57f0e12a555e094832a8296f19594f8b5c62c52644ef54d5f6384cee,224,224,cba7651b5919c4f0,526f253119713353,no
cucumber_fresh_0692,train/P_fresh/cucumber_fresh_0692.jpg,cucumber_fresh,0,cucumber,fresh,none,train,g0009,s0007,muhriddinmuxiddinov,Fruits_Vegetables_Dataset(12000)/Vegetables/FreshCucumber/freshCucumber (448).jpg,https://www.kaggle.com/datasets/muhriddinmuxiddinov/fruits-and-vegetables-dataset,2,publisher_fresh_rotten_folder+visual_review,none,not_annotated,8ce435d803923f953733ac37e0b3e0aa8b01df81ad8c79f78027e488ce77388d,4bd03c32ca31ce5f767bad057977b5b2f9c9620752a1c2a3fb7bd915962f8778,224,224,a597487d59aa68a3,304cce4e4e02cb92,no
cucumber_fresh_0693,train/P_fresh/cucumber_fresh_0693.jpg,cucumber_fresh,0,cucumber,fresh,none,train,g0009,s0007,muhriddinmuxiddinov,Fruits_Vegetables_Dataset(12000)/Vegetables/FreshCucumber/freshCucumber (449).jpg,https://www.kaggle.com/datasets/muhriddinmuxiddinov/fruits-and-vegetables-dataset,2,publisher_fresh_rotten_folder+visual_review,none,not_annotated,76bbbfa1604df3cdfa9edc775c447a64ac7a4502a24e54cb9db9ee4f6beda456,2ec2a6fa68142c0c980e1486f55859babd96213adb9f23da7aec2de24ae14efc,224,224,fd3b609b11856c87,5a29565a6c35c289,no
cucumber_fresh_0694,train/P_fresh/cucumber_fresh_0694.jpg,cucumber_fresh,0,cucumber,fresh,none,train,g0009,s0007,muhriddinmuxiddinov,Fruits_Vegetables_Dataset(12000)/Vegetables/FreshCucumber/freshCucumber (450).jpg,https://www.kaggle.com/datasets/muhriddinmuxiddinov/fruits-and-vegetables-dataset,2,publisher_fresh_rotten_folder+visual_review,none,not_annotated,123e6442e3b503ac978bb4ccb41dcb24b8bdcf546684e654b57176b3475196ec,fe13a22526bf3ec648d79aef49d97a53ed08593683bdae649babed284f88c8e6,224,224,85aa85a915b4d7f4,8ed368b3da5ba6e4,no
cucumber_fresh_0695,train/P_fresh/cucumber_fresh_0695.png,cucumber_fresh,0,cucumber,fresh,none,train,g0068,s0051,muhriddinmuxiddinov,Fruits_Vegetables_Dataset(12000)/Vegetables/FreshCucumber/freshCucumber (7).png,https://www.kaggle.com/datasets/muhriddinmuxiddinov/fruits-and-vegetables-dataset,2,publisher_fresh_rotten_folder+visual_review,none,not_annotated,6f0b621a341d68a9d3fae99ab3ef0f6e6aba6c42d2e49e372534337e6343595f,f76ca8dbddcd9d980d7c697988409d8d1855d9df05359afba0a96e8b481d0df2,454,586,eb6cac11e01dd356,0743595348d91bdd,no
cucumber_fresh_0696,valid/P_fresh/cucumber_fresh_0696.png,cucumber_fresh,0,cucumber,fresh,none,val,g0069,s0052,muhriddinmuxiddinov,Fruits_Vegetables_Dataset(12000)/Vegetables/FreshCucumber/freshCucumber (8).png,https://www.kaggle.com/datasets/muhriddinmuxiddinov/fruits-and-vegetables-dataset,2,publisher_fresh_rotten_folder+visual_review,none,not_annotated,cb56a683fa47dfec925ef016463cef17da572e70224c909290c14ea7a0dff45e,501246fc44025d2434e56ab09f7963bcff4d8de9422a1e9ecfa36dbfe13c63b1,768,768,fc6841e7c25c58f2,011f3e230f3fc0f0,no
cucumber_fresh_0697,train/P_fresh/cucumber_fresh_0697.jpg,cucumber_fresh,0,cucumber,fresh,none,train,g0001,s0001,muhriddinmuxiddinov,Fruits_Vegetables_Dataset(12000)/Vegetables/FreshCucumber/freshCucumber (9).jpg,https://www.kaggle.com/datasets/muhriddinmuxiddinov/fruits-and-vegetables-dataset,2,publisher_fresh_rotten_folder+visual_review,none,not_annotated,87237b5c5fb836b9e15325fbfed7f90f3e0c863a1002a3e07a41e16f26a60cd1,fb0129e9f15025d4927f0183ec7ff181d457f2c5fc4d8e2c221b64456883a104,3024,4032,b399cda6cd66c844,989c9d9d8d0f4e46,no
cucumber_fresh_0698,valid/P_fresh/cucumber_fresh_0698.png,cucumber_fresh,0,cucumber,fresh,none,val,g0070,s0053,swoyam2609,dataset/Test/freshcucumber/c_f001.png,https://www.kaggle.com/datasets/swoyam2609/fresh-and-stale-classification,1,publisher_fresh_rotten_folder+visual_review,frame_cropped,not_annotated,2a6156e9cacf70005318b7036846eed2fcc1206e583c4a24400033ae24dee9cd,4f7493bdf13c5876644ce81e6e506399b51a3570231190c6295668e87311e557,206,174,b369c6c9c899cc9c,0b0f0f0f0f0f0f2f,no
cucumber_fresh_0699,valid/P_fresh/cucumber_fresh_0699.png,cucumber_fresh,0,cucumber,fresh,none,val,g0071,s0054,swoyam2609,dataset/Test/freshcucumber/c_f016.png,https://www.kaggle.com/datasets/swoyam2609/fresh-and-stale-classification,1,publisher_fresh_rotten_folder+visual_review,frame_cropped,not_annotated,7cbb03a4759f6a439d2de91c749811a624b6806c0777ae87920b656dd9fc9ee4,d883efea294a1ad62be22af93e7c508a111c439ef5f06869c14b7f251edc9217,277,174,be3ae1b899a6a40d,3d31662c31246a4b,no
cucumber_fresh_0700,test/P_fresh/cucumber_fresh_0700.png,cucumber_fresh,0,cucumber,fresh,none,test,g0072,s0055,swoyam2609,dataset/Test/freshcucumber/c_f025.png,https://www.kaggle.com/datasets/swoyam2609/fresh-and-stale-classification,1,publisher_fresh_rotten_folder+visual_review,frame_cropped,not_annotated,d3eea90c531e783dad25ac737988ddb51e4dd7063bc615d989ae4d555fdc4d6b,772059e7598863a731b7119fed4c187dfa1e009d4812a3b66d42386d7a2e5516,245,146,be98c0fed5651381,2b31b336732f0f8e,no
cucumber_fresh_0701,train/P_fresh/cucumber_fresh_0701.png,cucumber_fresh,0,cucumber,fresh,none,train,g0073,s0001,swoyam2609,dataset/Test/freshcucumber/c_f037.png,https://www.kaggle.com/datasets/swoyam2609/fresh-and-stale-classification,1,publisher_fresh_rotten_folder+visual_review,frame_cropped,not_annotated,e3136564c7bf40c3cf1bf38a9f127113dfa8ab98988e6da4d15f70ed71b61005,06f0c3b718d996da945126b477de20d3286274d802478ee2daa088d6c148c689,231,140,9e95e0f2bd4b902c,0871fe763c996326,no
cucumber_fresh_0702,train/P_fresh/cucumber_fresh_0702.png,cucumber_fresh,0,cucumber,fresh,none,train,g0074,s0001,swoyam2609,dataset/Test/freshcucumber/c_f038.png,https://www.kaggle.com/datasets/swoyam2609/fresh-and-stale-classification,1,publisher_fresh_rotten_folder+visual_review,frame_cropped,not_annotated,4a7b3e93d1db282982f390ddf09b1287c947aeb6cadaba7ae29537a2025b051b,9ef6fe85c371e27eb67ea3534f5f0fff9f06eed5e1daecd4d839a4eb60a9621c,262,155,eca1cbdef806841e,8313c69731246d27,no
cucumber_fresh_0703,train/P_fresh/cucumber_fresh_0703.png,cucumber_fresh,0,cucumber,fresh,none,train,g0075,s0001,swoyam2609,dataset/Test/freshcucumber/c_f042.png,https://www.kaggle.com/datasets/swoyam2609/fresh-and-stale-classification,1,publisher_fresh_rotten_folder+visual_review,frame_cropped,not_annotated,68ff931c3b666f35c7deed6c56f65101b1640add9602c0953d43025cd0d2cf2a,602a874a11622270316dcfd81e577146073d28b4c9c386fd9256b1b97fd468dc,230,147,bc2d61d7a0cee168,063b232725682597,no
cucumber_fresh_0704,test/P_fresh/cucumber_fresh_0704.png,cucumber_fresh,0,cucumber,fresh,none,test,g0076,s0056,swoyam2609,dataset/Test/freshcucumber/c_f046.png,https://www.kaggle.com/datasets/swoyam2609/fresh-and-stale-classification,1,publisher_fresh_rotten_folder+visual_review,frame_cropped,not_annotated,06f1774dc73c7b1202881c5ce234f57d2210486e66cb764f8b6d967bde8c1e98,559ced3023596d415f1d6133c1b03cc1477af1409fb00a5944471c4ada254475,230,139,fc788ac68939c69c,8f1d331236440f33,no
cucumber_fresh_0705,test/P_fresh/cucumber_fresh_0705.png,cucumber_fresh,0,cucumber,fresh,none,test,g0077,s0057,swoyam2609,dataset/Test/freshcucumber/c_f047.png,https://www.kaggle.com/datasets/swoyam2609/fresh-and-stale-classification,1,publisher_fresh_rotten_folder+visual_review,frame_cropped,not_annotated,28c57b41719eeae964fac2ca9c39e146a8103aadac3ae8bec2f90e4d08a4f8e7,4c4da17ee14e1d1c80624b1cb720e40f9d97f570e8451e75ff1e040547597baf,218,153,f8789095c427d373,b1311913115d570f,no
cucumber_fresh_0706,train/P_fresh/cucumber_fresh_0706.png,cucumber_fresh,0,cucumber,fresh,none,train,g0001,s0001,swoyam2609,dataset/Test/freshcucumber/c_f057.png,https://www.kaggle.com/datasets/swoyam2609/fresh-and-stale-classification,1,publisher_fresh_rotten_folder+visual_review,frame_cropped,not_annotated,5ede2d17cc1a126b353cf3aa73163104059e8e9cb68556a89de47676a20c01bf,34780d80ccc976e064366bf1c8f40e3efee20b02997a1c4668a178a0b29b10c7,254,140,de94a86ad53a2ad4,00023df0e0410b80,no
cucumber_fresh_0707,test/P_fresh/cucumber_fresh_0707.png,cucumber_fresh,0,cucumber,fresh,none,test,g0078,s0058,swoyam2609,dataset/Test/freshcucumber/c_f075.png,https://www.kaggle.com/datasets/swoyam2609/fresh-and-stale-classification,1,publisher_fresh_rotten_folder+visual_review,frame_cropped,not_annotated,463ca0005b5632eaf7a05985fe93150d8988db2497b9c3770adde380bb2619db,6dc752f4595932770f98eff21219530e28f4577930c99d45b37e41811ab4c128,251,174,ec95b354b9e0e1c2,2666c30325654549,no
cucumber_fresh_0708,train/P_fresh/cucumber_fresh_0708.png,cucumber_fresh,0,cucumber,fresh,none,train,g0079,s0001,swoyam2609,dataset/Test/freshcucumber/c_f077.png,https://www.kaggle.com/datasets/swoyam2609/fresh-and-stale-classification,1,publisher_fresh_rotten_folder+visual_review,frame_cropped,not_annotated,85d2b14442d516edd8f4a5b26a8b8a7d2786ce47defb92f02518d071c82f508a,7548dd470b47e3d67fbef7cd10923e1e7edec4f7a2fee4bb3024321666b18020,212,140,fa95a14b943bc16c,0000c6392141030f,no
cucumber_fresh_0709,train/P_fresh/cucumber_fresh_0709.png,cucumber_fresh,0,cucumber,fresh,none,train,g0001,s0001,swoyam2609,dataset/Test/freshcucumber/c_f081.png,https://www.kaggle.com/datasets/swoyam2609/fresh-and-stale-classification,1,publisher_fresh_rotten_folder+visual_review,frame_cropped,not_annotated,68a9a4d710e5a663301e176ce117b5e51d3356206fdde62221df91e62ed52aba,247df619c2a5e7d80f205617b22d284ec87c2423a12b546f45f0e5ce60d04590,205,149,ab6bcad20609da5e,c3030b170e1d152d,no
cucumber_fresh_0710,test/P_fresh/cucumber_fresh_0710.png,cucumber_fresh,0,cucumber,fresh,none,test,g0080,s0059,swoyam2609,dataset/Test/freshcucumber/c_f085.png,https://www.kaggle.com/datasets/swoyam2609/fresh-and-stale-classification,1,publisher_fresh_rotten_folder+visual_review,frame_cropped,not_annotated,89682157cfb022ade122a4301ddc92fd510fd5b6d57046d0cf3d24509e7f6341,8e3b3412a1159d87c26556138628d7803ffd850ef378833ed888fbbdfe4e05f0,260,168,a91f95a9929dde04,7a733159af5bd7bf,no
cucumber_fresh_0711,train/P_fresh/cucumber_fresh_0711.png,cucumber_fresh,0,cucumber,fresh,none,train,g0001,s0001,swoyam2609,dataset/Test/freshcucumber/c_f088.png,https://www.kaggle.com/datasets/swoyam2609/fresh-and-stale-classification,1,publisher_fresh_rotten_folder+visual_review,frame_cropped,not_annotated,03d9b65823e0193120284c47011e9c4c4ad974ada6d063fe14a5157a580eb794,dee2371a4d7911e7a2dfd263ab4b1fc9f22e4f6e52f8b3ace7c3df79e41332c3,206,140,bb91982fc566863a,9b9b9dc60b0f0b1b,no
cucumber_fresh_0712,test/P_fresh/cucumber_fresh_0712.png,cucumber_fresh,0,cucumber,fresh,none,test,g0081,s0006,swoyam2609,dataset/Test/freshcucumber/c_f094.png,https://www.kaggle.com/datasets/swoyam2609/fresh-and-stale-classification,1,publisher_fresh_rotten_folder+visual_review,frame_cropped,not_annotated,4051f4f9d179ec24a8ea273f9a24aab62539929afabd5cb59d43824bb03abaad,4c7eb06f114530897ca224615bea37dfd7eac03bfdebaeeea120d3f945583662,228,180,d31f39d2eee21620,1818fcec04cc8913,no
cucumber_fresh_0713,test/P_fresh/cucumber_fresh_0713.png,cucumber_fresh,0,cucumber,fresh,none,test,g0082,s0060,swoyam2609,dataset/Test/freshcucumber/c_f101.png,https://www.kaggle.com/datasets/swoyam2609/fresh-and-stale-classification,1,publisher_fresh_rotten_folder+visual_review,frame_cropped,not_annotated,ac301bd0598e0238a2bcd3463781ef12c6ce75790cc8b5bb404a7eed94e2953f,8871d6433ee66af5fb43b9e2d59cab1bf2e404c600e82c4fd65735666304039a,241,176,ddae3308d4ebd218,14363222a2aa9a5c,no
cucumber_fresh_0714,test/P_fresh/cucumber_fresh_0714.png,cucumber_fresh,0,cucumber,fresh,none,test,g0083,s0061,swoyam2609,dataset/Test/freshcucumber/c_f127.png,https://www.kaggle.com/datasets/swoyam2609/fresh-and-stale-classification,1,publisher_fresh_rotten_folder+visual_review,frame_cropped,not_annotated,917b1b260bd807a0261f0b701819b82eb72ea0152db7e71fa34a9f1f5e49b576,779af8528471835dc714a89b5c0ddf0ab38a58e20fd5e63fbeca906d54fe0c80,206,187,b29c9a673163998e,1d0d1d1f0f0f0f8d,no
cucumber_fresh_0715,valid/P_fresh/cucumber_fresh_0715.png,cucumber_fresh,0,cucumber,fresh,none,val,g0084,s0062,swoyam2609,dataset/Test/freshcucumber/c_f136.png,https://www.kaggle.com/datasets/swoyam2609/fresh-and-stale-classification,1,publisher_fresh_rotten_folder+visual_review,frame_cropped,not_annotated,ee747afa5f58cd900b83eea9fcb8c1ec3856511c3a0bff57ae132b4a2b2d8cba,312fde5293931c3fac9fad4c8ec09f007488ccef08f0c271a4b329085fd77c0d,209,176,ca1b13e677996898,c960b15a05c57019,no
cucumber_fresh_0716,test/P_fresh/cucumber_fresh_0716.png,cucumber_fresh,0,cucumber,fresh,none,test,g0085,s0063,swoyam2609,dataset/Test/freshcucumber/c_f233.png,https://www.kaggle.com/datasets/swoyam2609/fresh-and-stale-classification,1,publisher_fresh_rotten_folder+visual_review,frame_cropped,not_annotated,1b1c0cb44b09c210a8b84f9b4e1d10378619c0d27525d063de4d22c611ce31e2,1e9c51add522cad2e373371e8ca2401ffae4e4708437121fd991354b8ecbeb11,311,159,c6e7fbe9e4d04084,0b4bece466e2e9e9,no
cucumber_fresh_0717,train/P_fresh/cucumber_fresh_0717.png,cucumber_fresh,0,cucumber,fresh,none,train,g0086,s0014,swoyam2609,dataset/Test/freshcucumber/c_f267.png,https://www.kaggle.com/datasets/swoyam2609/fresh-and-stale-classification,1,publisher_fresh_rotten_folder+visual_review,frame_cropped,not_annotated,35997c267a3575b149455c2f23c5be6bea99560a9c993a736c632afb1681c921,45f3d75c6bd2528295cb63b2b18fc2f36b7501d0e6469445792cadea4d5843a3,271,184,d053409d27cc9f6b,d090990d5b3cb4e7,no
cucumber_fresh_0718,train/P_fresh/cucumber_fresh_0718.png,cucumber_fresh,0,cucumber,fresh,none,train,g0087,s0001,swoyam2609,dataset/Train/freshcucumber/c_f109.png,https://www.kaggle.com/datasets/swoyam2609/fresh-and-stale-classification,1,publisher_fresh_rotten_folder+visual_review,frame_cropped,not_annotated,5ffdbaefaf50abd845d4f185fa7bbcff06ad4ae7d3d086c9c4e1ed4bee6513d3,88ba8ad83ac79c67e0cc56d9ce138acb5e4e2da1de030f50064ceb52b2fe3f65,214,140,fad295282adf55c0,035c0021b33f38c2,no
cucumber_fresh_0719,train/P_fresh/cucumber_fresh_0719.png,cucumber_fresh,0,cucumber,fresh,none,train,g0088,s0001,swoyam2609,dataset/Train/freshcucumber/c_f116.png,https://www.kaggle.com/datasets/swoyam2609/fresh-and-stale-classification,1,publisher_fresh_rotten_folder+visual_review,frame_cropped,not_annotated,d1e2a9b1abc60765412580e58fab7758204b886e5f48d4b37a28242090a4db6b,1204de53bd3c2ce1d36bfabe124e365be48d919d24b928f649487324272b7ca0,206,141,f8c1963ec9666991,330d9f931b2b2d51,no
cucumber_fresh_0720,train/P_fresh/cucumber_fresh_0720.png,cucumber_fresh,0,cucumber,fresh,none,train,g0001,s0001,swoyam2609,dataset/Train/freshcucumber/c_f155.png,https://www.kaggle.com/datasets/swoyam2609/fresh-and-stale-classification,1,publisher_fresh_rotten_folder+visual_review,frame_cropped,not_annotated,bd3daebd2644ac5adb8b79a98e707c44b64be68642caf9e70e649dc96c8320a2,e3c686167dae715d8e0022349b473f3154a398d8ae55d40c2a95f26f347793eb,209,142,ff3f9f4aa4504882,e4723d8e47231804,no
cucumber_fresh_0721,train/P_fresh/cucumber_fresh_0721.png,cucumber_fresh,0,cucumber,fresh,none,train,g0001,s0001,swoyam2609,dataset/Train/freshcucumber/c_f157.png,https://www.kaggle.com/datasets/swoyam2609/fresh-and-stale-classification,1,publisher_fresh_rotten_folder+visual_review,frame_cropped,not_annotated,865eacbe6a6894f55270955e7cde4d672efa8c0b88d696c071cf3944dc605a8f,fe4fd52a5dd2d82b5a815d62b764646e4554a2e01ab545261531edf1569eb2a3,206,142,e8b0d86cb64ac74b,353b990d4e272301,no
cucumber_fresh_0722,test/P_fresh/cucumber_fresh_0722.png,cucumber_fresh,0,cucumber,fresh,none,test,g0089,s0064,swoyam2609,dataset/Train/freshcucumber/c_f163.png,https://www.kaggle.com/datasets/swoyam2609/fresh-and-stale-classification,1,publisher_fresh_rotten_folder+visual_review,frame_cropped,not_annotated,221fd88ebb7c84510dd54f7606546449d1a415b2b5ccd4a8477c04b134aac68b,9d7439ba8aec77a6028e20c2fedc33c45a48c7d37a2313827eebeec2b6267be6,226,180,bad4c99ac5fd4460,339dae464d691bdb,no
cucumber_fresh_0723,train/P_fresh/cucumber_fresh_0723.png,cucumber_fresh,0,cucumber,fresh,none,train,g0001,s0001,swoyam2609,dataset/Train/freshcucumber/c_f181.png,https://www.kaggle.com/datasets/swoyam2609/fresh-and-stale-classification,1,publisher_fresh_rotten_folder+visual_review,frame_cropped,not_annotated,129d23baae89ab7babdf5a9fe96f2fe2c7dab342022119218bc33c02b60a1f48,b21b69219af51c02904ae73696c59d3ee8df656de75fc5f3a6820827b17ed186,206,140,abc0953f6a50e09f,013c8101791f7c61,no
cucumber_fresh_0724,train/P_fresh/cucumber_fresh_0724.png,cucumber_fresh,0,cucumber,fresh,none,train,g0001,s0001,swoyam2609,dataset/Train/freshcucumber/c_f182.png,https://www.kaggle.com/datasets/swoyam2609/fresh-and-stale-classification,1,publisher_fresh_rotten_folder+visual_review,frame_cropped,not_annotated,a058d1a36954f357ba9b3d85026f0bddea4d3fdc2daa8fa19a4bee9d164a182b,cd92dc428ac9db1c374a2f22c4c3086cf6c3948b6730b05b495d2083895c1871,206,153,be62c58d99b694b0,22c70d59b3662eb8,no
cucumber_fresh_0725,train/P_fresh/cucumber_fresh_0725.png,cucumber_fresh,0,cucumber,fresh,none,train,g0090,s0001,swoyam2609,dataset/Train/freshcucumber/c_f187.png,https://www.kaggle.com/datasets/swoyam2609/fresh-and-stale-classification,1,publisher_fresh_rotten_folder+visual_review,frame_cropped,not_annotated,d2998e5ab4ae918fba1cf97556f5dedbf3209f8e47304f953c9ec2ae15a3271a,76d1cff991f82f32a7a515a96c6c062304ae5e32ff5a9f63534120d7529b5af6,206,141,b7b2c26d8b241d96,4d0d0e172b170f49,no
cucumber_fresh_0726,train/P_fresh/cucumber_fresh_0726.png,cucumber_fresh,0,cucumber,fresh,none,train,g0001,s0001,swoyam2609,dataset/Train/freshcucumber/c_f191.png,https://www.kaggle.com/datasets/swoyam2609/fresh-and-stale-classification,1,publisher_fresh_rotten_folder+visual_review,frame_cropped,not_annotated,89ff1ea2865746fc4f3413ba9abf822f1d42e6abd3daa0c09bcfe380ce168795,46b8f1d3deb78764484fa27f8ef8a4cb46e9685bf7eab67e4a7641b76e11cf88,276,141,afc09535aaba24cd,1961830b077e7966,no
cucumber_fresh_0727,train/P_fresh/cucumber_fresh_0727.png,cucumber_fresh,0,cucumber,fresh,none,train,g0091,s0001,swoyam2609,dataset/Train/freshcucumber/c_f202.png,https://www.kaggle.com/datasets/swoyam2609/fresh-and-stale-classification,1,publisher_fresh_rotten_folder+visual_review,frame_cropped,not_annotated,9ffec4742e4ecf1fcf08abf0bc7702ccbb63b74e2e88bb5c23587440a119a3d7,f9ea6f42f3ad5824cd2914c1436d593430c1800c94e443935423021f3dd63308,206,140,e8cc913dd266cc39,0d1367851b378e1d,no
cucumber_rotten_0100,train/N_rotten/cucumber_rotten_0100.jpg,cucumber_rotten,1,cucumber,rotten,not_subtyped,train,g0092,s0065,muhriddinmuxiddinov,Fruits_Vegetables_Dataset(12000)/Vegetables/RottenCucumber/rottenCucumber (125).jpg,https://www.kaggle.com/datasets/muhriddinmuxiddinov/fruits-and-vegetables-dataset,2,publisher_fresh_rotten_folder+visual_review,none,not_annotated,f46baf36fc19f9d1281a4cd367700f28dcfd33024e058bb143bac6e0e71cc153,867afa1a64200f628462c8eb04d31a9461c2fcd98d91f79b22466e564165e791,450,320,adcf8135d570c721,0643c7b7522e979b,yes
cucumber_rotten_0101,valid/N_rotten/cucumber_rotten_0101.jpg,cucumber_rotten,1,cucumber,rotten,not_subtyped,val,g0093,s0066,muhriddinmuxiddinov,Fruits_Vegetables_Dataset(12000)/Vegetables/RottenCucumber/rottenCucumber (163).jpg,https://www.kaggle.com/datasets/muhriddinmuxiddinov/fruits-and-vegetables-dataset,2,publisher_fresh_rotten_folder+visual_review,none,not_annotated,266e6c19a630e6f3aed1f0aa666e9d7172c87e86e56e63a0e0079cb4f0537012,945d699a5906068cfe06b69aef8ff288ae374581044649bcb8324cb4b2088bd9,764,477,f37fac80937c2852,030d0511c8972480,yes
cucumber_rotten_0102,valid/N_rotten/cucumber_rotten_0102.jpg,cucumber_rotten,1,cucumber,rotten,not_subtyped,val,g0094,s0067,muhriddinmuxiddinov,Fruits_Vegetables_Dataset(12000)/Vegetables/RottenCucumber/rottenCucumber (165).jpg,https://www.kaggle.com/datasets/muhriddinmuxiddinov/fruits-and-vegetables-dataset,2,publisher_fresh_rotten_folder+visual_review,none,not_annotated,c327379a1eb1321b96965d78bc4694528075fef2f0b2f2abe9ed7b033ed29f69,2ff3ca88bcc7b4f7fb720848ffb975a6b537d6e30530360675faff03076b5061,423,276,f9cd8c8c8caca62b,323a2a2a2a282828,yes
cucumber_rotten_0103,train/N_rotten/cucumber_rotten_0103.jpg,cucumber_rotten,1,cucumber,rotten,not_subtyped,train,g0095,s0001,muhriddinmuxiddinov,Fruits_Vegetables_Dataset(12000)/Vegetables/RottenCucumber/rottenCucumber (167).jpg,https://www.kaggle.com/datasets/muhriddinmuxiddinov/fruits-and-vegetables-dataset,2,publisher_fresh_rotten_folder+visual_review,none,not_annotated,b1aa5502d426c478e8b06001b494d61ec7d79989d3df8005abaf982759332c88,fe3fa32e8ff2a1a8feefd45bc3bef99d438361a7398e63ca1c3bb3827d8ff8dd,1443,1053,abc0943768ca16fd,41acf383077e79c4,yes
cucumber_rotten_0104,train/N_rotten/cucumber_rotten_0104.jpg,cucumber_rotten,1,cucumber,rotten,not_subtyped,train,g0096,s0068,muhriddinmuxiddinov,Fruits_Vegetables_Dataset(12000)/Vegetables/RottenCucumber/rottenCucumber (172).jpg,https://www.kaggle.com/datasets/muhriddinmuxiddinov/fruits-and-vegetables-dataset,2,publisher_fresh_rotten_folder+visual_review,none,not_annotated,7199580f0cf298f2507eff092443fa3a861d769ef55231412196ab2e4c6d77da,9049d8d37615a7927b3c1ed23d8ba538b321e34fe16bd120bcdabce31667d4ce,1200,900,d6c42929d6b4cacb,ec83c40cc881173c,yes
cucumber_rotten_0105,train/N_rotten/cucumber_rotten_0105.jpg,cucumber_rotten,1,cucumber,rotten,not_subtyped,train,g0096,s0068,muhriddinmuxiddinov,Fruits_Vegetables_Dataset(12000)/Vegetables/RottenCucumber/rottenCucumber (175).jpg,https://www.kaggle.com/datasets/muhriddinmuxiddinov/fruits-and-vegetables-dataset,2,publisher_fresh_rotten_folder+visual_review,none,not_annotated,0ae6486ee12bf36731e8a509feb7d47c76cd6397e03c771eded95bbd2010e4d6,85bf7c055a8c2039ff5ac26bd557c1c4dc6d7e113262d45ad29d4091125b563c,855,629,ce2fb595d4c22a4a,003f212120773021,yes
cucumber_rotten_0106,train/N_rotten/cucumber_rotten_0106.jpg,cucumber_rotten,1,cucumber,rotten,not_subtyped,train,g0097,s0001,muhriddinmuxiddinov,Fruits_Vegetables_Dataset(12000)/Vegetables/RottenCucumber/rottenCucumber (263).jpg,https://www.kaggle.com/datasets/muhriddinmuxiddinov/fruits-and-vegetables-dataset,2,publisher_fresh_rotten_folder+visual_review,none,not_annotated,7aff117794b8cdf15bb98c8d593c7f46347a13d1d1cce47d09d5042964b9aa6b,b90583819671dc476bf848621015b63d980c4fb62dbc99a1578de5dc1e1b40f2,393,280,b996c6c9b11a2e17,0832391e87430394,yes
cucumber_rotten_0107,train/N_rotten/cucumber_rotten_0107.jpg,cucumber_rotten,1,cucumber,rotten,not_subtyped,train,g0095,s0001,muhriddinmuxiddinov,Fruits_Vegetables_Dataset(12000)/Vegetables/RottenCucumber/rottenCucumber (267).jpg,https://www.kaggle.com/datasets/muhriddinmuxiddinov/fruits-and-vegetables-dataset,2,publisher_fresh_rotten_folder+visual_review,none,not_annotated,428910ef5a391314b71dce43f2eec36dfca4b93e02a7b13e6bc2f96162b65a59,532ae1442d88b563581cb5b509fd8cb498466d481f35d79e29f731088f3cf2b1,390,280,eac2953f6ad23588,e05ec1010f7f7896,yes
cucumber_rotten_0108,train/N_rotten/cucumber_rotten_0108.jpg,cucumber_rotten,1,cucumber,rotten,not_subtyped,train,g0098,s0069,muhriddinmuxiddinov,Fruits_Vegetables_Dataset(12000)/Vegetables/RottenCucumber/rottenCucumber (270).jpg,https://www.kaggle.com/datasets/muhriddinmuxiddinov/fruits-and-vegetables-dataset,2,publisher_fresh_rotten_folder+visual_review,none,not_annotated,451d80d0834837560935105d91fdd2bfd972a3a667b55dd5a87923c10bff5de5,0400aeadc58ea2d4a6d644c1ade061ac0da5360f1818d44e29ca5f89a12634d2,196,257,bb968f6194c3c46a,263b3b1e1f131b13,yes
cucumber_rotten_0109,train/N_rotten/cucumber_rotten_0109.jpg,cucumber_rotten,1,cucumber,rotten,not_subtyped,train,g0097,s0001,muhriddinmuxiddinov,Fruits_Vegetables_Dataset(12000)/Vegetables/RottenCucumber/rottenCucumber (272).jpg,https://www.kaggle.com/datasets/muhriddinmuxiddinov/fruits-and-vegetables-dataset,2,publisher_fresh_rotten_folder+visual_review,none,not_annotated,008ff7c194c411d0bfa0ce0b1a8010e4ac84d238b6ed4f453b043f815420569c,c059db637be372e775139c6c1eb751876a2108675f945a9c91129f20184dd5a8,300,168,c891d35a4e6d1f43,e898deb7e3310301,yes
cucumber_rotten_0110,train/N_rotten/cucumber_rotten_0110.jpg,cucumber_rotten,1,cucumber,rotten,not_subtyped,train,g0099,s0070,muhriddinmuxiddinov,Fruits_Vegetables_Dataset(12000)/Vegetables/RottenCucumber/rottenCucumber (274).jpg,https://www.kaggle.com/datasets/muhriddinmuxiddinov/fruits-and-vegetables-dataset,2,publisher_fresh_rotten_folder+visual_review,none,not_annotated,ebda04c187cca9b73cd20e71ca0ad9a48e1fb861554d6627c150bef636fe287b,d7c5e6ba2b0a6dce9589cfd3c984d2a40adb94c6e51341248434b8aa950726e3,391,280,e9279614db4ba949,5cae4353939ee096,yes
cucumber_rotten_0111,train/N_rotten/cucumber_rotten_0111.jpg,cucumber_rotten,1,cucumber,rotten,not_subtyped,train,g0100,s0071,muhriddinmuxiddinov,Fruits_Vegetables_Dataset(12000)/Vegetables/RottenCucumber/rottenCucumber (277).jpg,https://www.kaggle.com/datasets/muhriddinmuxiddinov/fruits-and-vegetables-dataset,2,publisher_fresh_rotten_folder+visual_review,none,not_annotated,b4a2ff69594793c2fdda241bc0ddb4c8d98ec08663ac5cd0ac8f75b410e2f1c3,631e4c40d8a3d05b9f3055520ae7ac88c2a49c2d0ef2b7be89d555242f0b7f76,100,100,dac6a5105aca2db7,800e3fc1d93f0093,yes
cucumber_rotten_0112,valid/N_rotten/cucumber_rotten_0112.jpg,cucumber_rotten,1,cucumber,rotten,not_subtyped,val,g0101,s0072,muhriddinmuxiddinov,Fruits_Vegetables_Dataset(12000)/Vegetables/RottenCucumber/rottenCucumber (282).jpg,https://www.kaggle.com/datasets/muhriddinmuxiddinov/fruits-and-vegetables-dataset,2,publisher_fresh_rotten_folder+visual_review,none,not_annotated,659ec11e1a4cd9525a5c8b731c7eb61a0fefb5dd128672c6e2e7f4f37872d659,ea39204d8ff82eb129b7b1f0424cedc96181b0704d1893633637f96269d6099d,274,184,e0a1d6ac78a9d6ac,c4e0ce03278ee0c4,yes
cucumber_rotten_0113,train/N_rotten/cucumber_rotten_0113.jpg,cucumber_rotten,1,cucumber,rotten,not_subtyped,train,g0097,s0001,muhriddinmuxiddinov,Fruits_Vegetables_Dataset(12000)/Vegetables/RottenCucumber/rottenCucumber (284).jpg,https://www.kaggle.com/datasets/muhriddinmuxiddinov/fruits-and-vegetables-dataset,2,publisher_fresh_rotten_folder+visual_review,none,not_annotated,e328190e30804bdce8a91b775292725a733b661e72ce6dac8517c61e73cf9007,1dbf4ec6cf305e3c6eac9ae1dff8780fc92d1853381164885dd608fbbd69280e,275,183,fa1bc560b4381e1f,935339190b018140,yes
cucumber_rotten_0114,train/N_rotten/cucumber_rotten_0114.jpg,cucumber_rotten,1,cucumber,rotten,not_subtyped,train,g0095,s0001,muhriddinmuxiddinov,Fruits_Vegetables_Dataset(12000)/Vegetables/RottenCucumber/rottenCucumber (286).jpg,https://www.kaggle.com/datasets/muhriddinmuxiddinov/fruits-and-vegetables-dataset,2,publisher_fresh_rotten_folder+visual_review,none,not_annotated,7bb9f1fba2b954c5214c08d4ceb0479dbb6d795f426511abe36303e270ffef0d,4f9832c76207627ef2d89cf71a541dab056dd827b0c99dbdb45542999d7a7650,275,183,afc0943760ca1fe5,e0cc7383073e39c6,yes
cucumber_rotten_0115,train/N_rotten/cucumber_rotten_0115.jpg,cucumber_rotten,1,cucumber,rotten,not_subtyped,train,g0098,s0069,muhriddinmuxiddinov,Fruits_Vegetables_Dataset(12000)/Vegetables/RottenCucumber/rottenCucumber (289).jpg,https://www.kaggle.com/datasets/muhriddinmuxiddinov/fruits-and-vegetables-dataset,2,publisher_fresh_rotten_folder+visual_review,none,not_annotated,23fe34f53e3a11b29f85e355440aae87534dd6641b601d3d91bc0c5e7dfa29ba,3af37e0cfc73c0a55eb45c7fad7fff7e1621ac6db52ed44f6eae1e6b5395969b,259,194,ee92d562c32197ca,4d2d1e4b2d0f0743,yes
cucumber_rotten_0116,train/N_rotten/cucumber_rotten_0116.jpg,cucumber_rotten,1,cucumber,rotten,not_subtyped,train,g0098,s0069,muhriddinmuxiddinov,Fruits_Vegetables_Dataset(12000)/Vegetables/RottenCucumber/rottenCucumber (293).jpg,https://www.kaggle.com/datasets/muhriddinmuxiddinov/fruits-and-vegetables-dataset,2,publisher_fresh_rotten_folder+visual_review,none,not_annotated,8d4bc71adcc4ec6e68f0399349639739c2a0ea4ce361b3c25cbe686539c37728,ec4773457cc93869cac1dfb6e5fe88fb556fa443fdd91dc4f19bd69e25fa54b9,200,252,bb968f6094c3c47a,243b391e1f131b1b,yes
cucumber_rotten_0117,train/N_rotten/cucumber_rotten_0117.jpg,cucumber_rotten,1,cucumber,rotten,not_subtyped,train,g0100,s0071,muhriddinmuxiddinov,Fruits_Vegetables_Dataset(12000)/Vegetables/RottenCucumber/rottenCucumber (296).jpg,https://www.kaggle.com/datasets/muhriddinmuxiddinov/fruits-and-vegetables-dataset,2,publisher_fresh_rotten_folder+visual_review,none,not_annotated,470a9f0cef13527b49afdb6f4fb99411939c3e87c4f8af8dd3897470c65ef63e,2ca48cde33a9f99088c775c1ca584101ec8056d4f9384e246701004366f770d7,271,186,abc6941b4bcd34b2,410c3f634b3f0097,yes
cucumber_rotten_0118,train/N_rotten/cucumber_rotten_0118.jpg,cucumber_rotten,1,cucumber,rotten,not_subtyped,train,g0097,s0001,muhriddinmuxiddinov,Fruits_Vegetables_Dataset(12000)/Vegetables/RottenCucumber/rottenCucumber (308).jpg,https://www.kaggle.com/datasets/muhriddinmuxiddinov/fruits-and-vegetables-dataset,2,publisher_fresh_rotten_folder+visual_review,none,not_annotated,bca9e50f46e6bc265649fc348d872ba5b7421a0cb622d0be4aa0aefb2ff35edc,8f67c2217ec7ae5975441c1ccebf246f5d25051a5239083d2ac818cf1e007aa0,275,183,ee48e1390fb39136,13270565331b8c47,yes
cucumber_rotten_0119,train/N_rotten/cucumber_rotten_0119.jpg,cucumber_rotten,1,cucumber,rotten,not_subtyped,train,g0102,s0073,muhriddinmuxiddinov,Fruits_Vegetables_Dataset(12000)/Vegetables/RottenCucumber/rottenCucumber (312).jpg,https://www.kaggle.com/datasets/muhriddinmuxiddinov/fruits-and-vegetables-dataset,2,publisher_fresh_rotten_folder+visual_review,none,not_annotated,9b3f1f962d227da8d981189a58a1edaf9ef58cf85e5ea6b37bfb71e49b0c4c8a,4a09ec5090457948754b8b5b76e7261896d6e17e3ace701409dcd08b5d1c46c4,275,183,ab92f511c03cce2f,160f63b3d3770f07,yes
cucumber_rotten_0120,train/N_rotten/cucumber_rotten_0120.jpg,cucumber_rotten,1,cucumber,rotten,not_subtyped,train,g0097,s0001,muhriddinmuxiddinov,Fruits_Vegetables_Dataset(12000)/Vegetables/RottenCucumber/rottenCucumber (317).jpg,https://www.kaggle.com/datasets/muhriddinmuxiddinov/fruits-and-vegetables-dataset,2,publisher_fresh_rotten_folder+visual_review,none,not_annotated,b520029f2cace760b6f7d0230f81d3f693f8241fa75dddf000f0492f5074dcae,eadb019b2a4f6844caf76a6c7a74f77b1f8bfba33ea5458316455a289026d1da,290,174,c890d35b8e4cb74b,e0d8f6b371150101,yes
cucumber_rotten_0121,train/N_rotten/cucumber_rotten_0121.jpg,cucumber_rotten,1,cucumber,rotten,not_subtyped,train,g0103,s0074,muhriddinmuxiddinov,Fruits_Vegetables_Dataset(12000)/Vegetables/RottenCucumber/rottenCucumber (322).jpg,https://www.kaggle.com/datasets/muhriddinmuxiddinov/fruits-and-vegetables-dataset,2,publisher_fresh_rotten_folder+visual_review,none,not_annotated,e899cbc6438926f2080ad88b662c465a5ae1e5623e7bbb6d42f1eaa065ce4b74,ceca28d6b5a199b2495a968c301fe9439f5ed611a1c6f6ba4d24accc3caea7a1,275,183,ebb69048996d363a,02190e4303034310,yes
cucumber_rotten_0122,train/N_rotten/cucumber_rotten_0122.jpg,cucumber_rotten,1,cucumber,rotten,not_subtyped,train,g0097,s0001,muhriddinmuxiddinov,Fruits_Vegetables_Dataset(12000)/Vegetables/RottenCucumber/rottenCucumber (324).jpg,https://www.kaggle.com/datasets/muhriddinmuxiddinov/fruits-and-vegetables-dataset,2,publisher_fresh_rotten_folder+visual_review,none,not_annotated,72a5692543689b22cdeabc84fc3735d97ed84de26f55a0cb6ceed9557a2b0f29,76420f516c7bdd0ef0dcf5dc65b3f8a784920272ff6bf9d83701e516020ef36b,275,183,aec9e1390e63d836,03250565351b8c45,yes
cucumber_rotten_0123,train/N_rotten/cucumber_rotten_0123.jpg,cucumber_rotten,1,cucumber,rotten,not_subtyped,train,g0104,s0075,muhriddinmuxiddinov,Fruits_Vegetables_Dataset(12000)/Vegetables/RottenCucumber/rottenCucumber (343).jpg,https://www.kaggle.com/datasets/muhriddinmuxiddinov/fruits-and-vegetables-dataset,2,publisher_fresh_rotten_folder+visual_review,none,not_annotated,e75b3868cf8c34db8f929f9bf859601d964326dcb605d0dc4bc7750433dd47a8,0910e7935c95696cffb73d583d6ad9462913344cf0bd1531727d80afcb49d79c,275,183,bac1d52e42972fc2,40007159313f3e00,yes
cucumber_rotten_0124,train/N_rotten/cucumber_rotten_0124.jpg,cucumber_rotten,1,cucumber,rotten,not_subtyped,train,g0105,s0076,muhriddinmuxiddinov,Fruits_Vegetables_Dataset(12000)/Vegetables/RottenCucumber/rottenCucumber (358).JPG,https://www.kaggle.com/datasets/muhriddinmuxiddinov/fruits-and-vegetables-dataset,2,publisher_fresh_rotten_folder+visual_review,none,not_annotated,3d18e8fb9ff9df0ba7b1d9de88248fbc445c7ed16bb85fc443b367e37aee47ce,f93ac75927ce5c70ea8795638c7783ed51eba934bab2ecc3818813067fad75e6,4032,3024,f9e38f9a86949113,e18383860f3830a0,yes
cucumber_rotten_0126,train/N_rotten/cucumber_rotten_0126.jpg,cucumber_rotten,1,cucumber,rotten,not_subtyped,train,g0105,s0076,muhriddinmuxiddinov,Fruits_Vegetables_Dataset(12000)/Vegetables/RottenCucumber/rottenCucumber (362).JPG,https://www.kaggle.com/datasets/muhriddinmuxiddinov/fruits-and-vegetables-dataset,2,publisher_fresh_rotten_folder+visual_review,none,not_annotated,3ba902ce92661d5e56e6c182224b105bde55d7dbf4e27ffe13ce9df79b6334a0,a36b37b0383a42927a3b4e546c3c4e4d3eeb75e7dfce17c586d9ff3fa4255e81,3024,4032,a199d64bcb4d4e4c,db9d16170b0b0647,yes
cucumber_rotten_0127,train/N_rotten/cucumber_rotten_0127.jpg,cucumber_rotten,1,cucumber,rotten,not_subtyped,train,g0105,s0076,muhriddinmuxiddinov,Fruits_Vegetables_Dataset(12000)/Vegetables/RottenCucumber/rottenCucumber (365).JPG,https://www.kaggle.com/datasets/muhriddinmuxiddinov/fruits-and-vegetables-dataset,2,publisher_fresh_rotten_folder+visual_review,none,not_annotated,5c9b2c97c663466daf4c8362b320af205988233e00534751b8f74a8527ac3173,baec6593f92681eb52ec98f5a8169e68f0d67c1e2e120b4797d057593f364c06,3024,4032,e7928c4d986c936d,f0cd8e0f0f0f4767,yes
cucumber_rotten_0128,train/N_rotten/cucumber_rotten_0128.jpg,cucumber_rotten,1,cucumber,rotten,not_subtyped,train,g0105,s0076,muhriddinmuxiddinov,Fruits_Vegetables_Dataset(12000)/Vegetables/RottenCucumber/rottenCucumber (367).JPG,https://www.kaggle.com/datasets/muhriddinmuxiddinov/fruits-and-vegetables-dataset,2,publisher_fresh_rotten_folder+visual_review,none,not_annotated,3586f6e8a1f5da09e752e87603c244b36741c77f73ffcb63cf050cde1a259990,29a9bc4c3d5afddf530eefcaf00d28e9c72bfb806e041fca0ee430f8c74553a9,3024,4032,b198c753cd4c266b,d19c1f371b0f0f07,yes
cucumber_rotten_0129,train/N_rotten/cucumber_rotten_0129.jpg,cucumber_rotten,1,cucumber,rotten,not_subtyped,train,g0105,s0076,muhriddinmuxiddinov,Fruits_Vegetables_Dataset(12000)/Vegetables/RottenCucumber/rottenCucumber (370).JPG,https://www.kaggle.com/datasets/muhriddinmuxiddinov/fruits-and-vegetables-dataset,2,publisher_fresh_rotten_folder+visual_review,none,not_annotated,5457ba8d43fccf6dc84c504962ab04a4c340ab96e10fd684bcab0a5e8399d269,108e6d2a557326fab785bcdb3e28a98594c15a3b9eea0e02d4b9697b371f51b1,3024,4032,a792cc6c9b4999c9,e94d0f0f0e070767,yes
cucumber_rotten_0130,train/N_rotten/cucumber_rotten_0130.jpg,cucumber_rotten,1,cucumber,rotten,not_subtyped,train,g0105,s0076,muhriddinmuxiddinov,Fruits_Vegetables_Dataset(12000)/Vegetables/RottenCucumber/rottenCucumber (372).JPG,https://www.kaggle.com/datasets/muhriddinmuxiddinov/fruits-and-vegetables-dataset,2,publisher_fresh_rotten_folder+visual_review,none,not_annotated,51b5b68d88292ac2001a3d0243ab5e5100ce2ba93fe82b106819feeac218ab35,374c4151245a878038bf5cace96c6be500cab222677345e39af132d1c4be8a4b,3024,4032,e4f6896c9249939b,e6868f4f070783f3,yes
cucumber_rotten_0131,train/N_rotten/cucumber_rotten_0131.jpg,cucumber_rotten,1,cucumber,rotten,not_subtyped,train,g0105,s0076,muhriddinmuxiddinov,Fruits_Vegetables_Dataset(12000)/Vegetables/RottenCucumber/rottenCucumber (374).JPG,https://www.kaggle.com/datasets/muhriddinmuxiddinov/fruits-and-vegetables-dataset,2,publisher_fresh_rotten_folder+visual_review,none,not_annotated,5546fa6e6b3f3d3b94a93923cc18086ceac988a94991b9467baa12082047e2f2,dc8e302fc2a59000655445db8e06b720683fbb48304aa44010990577bbc4bab5,3024,4032,e555d5559160db0b,6626270747c7c7ce,yes
cucumber_rotten_0132,train/N_rotten/cucumber_rotten_0132.jpg,cucumber_rotten,1,cucumber,rotten,not_subtyped,train,g0105,s0076,muhriddinmuxiddinov,Fruits_Vegetables_Dataset(12000)/Vegetables/RottenCucumber/rottenCucumber (377).JPG,https://www.kaggle.com/datasets/muhriddinmuxiddinov/fruits-and-vegetables-dataset,2,publisher_fresh_rotten_folder+visual_review,none,not_annotated,243255f52f8e10c3d3e98560da1a87f36e55e9fda54f111e20e42c480b375e6a,37c3628cb3534613b76ecf7132cb5ce2a3224c0a243446ca35bcff040879727a,3024,4032,b2b1c98ec764c6cc,989d9f0f2f3d3fff,yes
cucumber_rotten_0133,train/N_rotten/cucumber_rotten_0133.jpg,cucumber_rotten,1,cucumber,rotten,not_subtyped,train,g0105,s0076,muhriddinmuxiddinov,Fruits_Vegetables_Dataset(12000)/Vegetables/RottenCucumber/rottenCucumber (379).JPG,https://www.kaggle.com/datasets/muhriddinmuxiddinov/fruits-and-vegetables-dataset,2,publisher_fresh_rotten_folder+visual_review,none,not_annotated,d640393b0e635eb76dd75509b88fff3c02b6bfe914e7855cc72e0551110329e9,7fe1715961913b4c15f9d11b6841338a6c07883ceaf11ead9c388d3a839fdad6,3024,4032,e6cdb5b2d9489099,c6e7a7250d0d87c7,yes
cucumber_rotten_0134,train/N_rotten/cucumber_rotten_0134.jpg,cucumber_rotten,1,cucumber,rotten,not_subtyped,train,g0105,s0076,muhriddinmuxiddinov,Fruits_Vegetables_Dataset(12000)/Vegetables/RottenCucumber/rottenCucumber (381).JPG,https://www.kaggle.com/datasets/muhriddinmuxiddinov/fruits-and-vegetables-dataset,2,publisher_fresh_rotten_folder+visual_review,none,not_annotated,cba7c74b15d39e1c7001cc27a719363f798378b3355567081a8205741ffeb846,269db691865091a9cca2063b94e3824b52dde2f20cad5627fa840ff98e3670c9,3024,4032,f1498ba69e3239b1,00021204840e0e08,yes
cucumber_rotten_0135,train/N_rotten/cucumber_rotten_0135.jpg,cucumber_rotten,1,cucumber,rotten,not_subtyped,train,g0105,s0076,muhriddinmuxiddinov,Fruits_Vegetables_Dataset(12000)/Vegetables/RottenCucumber/rottenCucumber (384).JPG,https://www.kaggle.com/datasets/muhriddinmuxiddinov/fruits-and-vegetables-dataset,2,publisher_fresh_rotten_folder+visual_review,none,not_annotated,85f5d844a55a98e3d267135439390279e8c3d83d45599c6a8ac3fb1d5f58af8c,12e6c0ee1f6e52aeb19a5198829d4355f6da99470299629ed8a12fa80a98b3e4,4032,3024,b885d57a6f90d883,f8fade2f3b331b03,yes
cucumber_rotten_0136,train/N_rotten/cucumber_rotten_0136.jpg,cucumber_rotten,1,cucumber,rotten,not_subtyped,train,g0105,s0076,muhriddinmuxiddinov,Fruits_Vegetables_Dataset(12000)/Vegetables/RottenCucumber/rottenCucumber (386).JPG,https://www.kaggle.com/datasets/muhriddinmuxiddinov/fruits-and-vegetables-dataset,2,publisher_fresh_rotten_folder+visual_review,none,not_annotated,8f2e5db398eb3f883130fa65ee9d872a480e8f35fcc1504c3a1a34d83057a24b,186525a01e79bc49a5b1da84ed72be205ef4fec3e4c1de520e2cef771afb9d80,4032,3024,fdd5d17e29a00a0d,c0f4f40b33271b1b,yes
cucumber_rotten_0137,train/N_rotten/cucumber_rotten_0137.jpg,cucumber_rotten,1,cucumber,rotten,not_subtyped,train,g0102,s0073,muhriddinmuxiddinov,Fruits_Vegetables_Dataset(12000)/Vegetables/RottenCucumber/rottenCucumber (389).jpg,https://www.kaggle.com/datasets/muhriddinmuxiddinov/fruits-and-vegetables-dataset,2,publisher_fresh_rotten_folder+visual_review,none,not_annotated,9641c01bdd59f2fb5ca7120889fa5196764c8b0b8cc7cc8106b1bcc8ddcc6b7a,0dcc55ff838e871df5dd4a2a38f20c809da14a524fee8b31acfbba66c77c3bb6,173,280,850add9cca75de60,f2deefdba77c0e02,yes
cucumber_rotten_0138,train/N_rotten/cucumber_rotten_0138.jpg,cucumber_rotten,1,cucumber,rotten,not_subtyped,train,g0102,s0073,muhriddinmuxiddinov,Fruits_Vegetables_Dataset(12000)/Vegetables/RottenCucumber/rottenCucumber (391).jpg,https://www.kaggle.com/datasets/muhriddinmuxiddinov/fruits-and-vegetables-dataset,2,publisher_fresh_rotten_folder+visual_review,none,not_annotated,af1feef5d439b0b626490be1ea743145143643b9549e579979a642966d8bc2a4,500adb12aa7e2958f30ecf4dbba620c3ab566c14cbc2159616f278bc06c03480,390,280,f9c2a47dd034e12b,9bebdb901912360f,yes
cucumber_rotten_0139,train/N_rotten/cucumber_rotten_0139.jpg,cucumber_rotten,1,cucumber,rotten,not_subtyped,train,g0102,s0073,muhriddinmuxiddinov,Fruits_Vegetables_Dataset(12000)/Vegetables/RottenCucumber/rottenCucumber (393).jpg,https://www.kaggle.com/datasets/muhriddinmuxiddinov/fruits-and-vegetables-dataset,2,publisher_fresh_rotten_folder+visual_review,none,not_annotated,7ab4342b0ec24ac4369c269b78f15d6535225cec81f22606f9607dd7d7be897a,ac0055813bda6c99e2f0b8df3decb67dbbc93a881cbe961be603b9f189b643a0,390,280,a99af535c0709c4f,164f23b3d3370786,yes
cucumber_rotten_0140,valid/N_rotten/cucumber_rotten_0140.jpg,cucumber_rotten,1,cucumber,rotten,not_subtyped,val,g0106,s0077,muhriddinmuxiddinov,Fruits_Vegetables_Dataset(12000)/Vegetables/RottenCucumber/rottenCucumber (396).jpg,https://www.kaggle.com/datasets/muhriddinmuxiddinov/fruits-and-vegetables-dataset,2,publisher_fresh_rotten_folder+visual_review,none,not_annotated,f2643dbdff6592413c69472f32a24d73d9eccc821acb005cc953432a491a70db,5d7f456cb3a169fe45757b4f78cffbd4ded9d118eaf58b41ec91402d93075eb7,390,280,b0cccf93344ccd93,040113169d1a0016,yes
cucumber_rotten_0141,train/N_rotten/cucumber_rotten_0141.jpg,cucumber_rotten,1,cucumber,rotten,not_subtyped,train,g0107,s0078,muhriddinmuxiddinov,Fruits_Vegetables_Dataset(12000)/Vegetables/RottenCucumber/rottenCucumber (398).jpg,https://www.kaggle.com/datasets/muhriddinmuxiddinov/fruits-and-vegetables-dataset,2,publisher_fresh_rotten_folder+visual_review,none,not_annotated,25838f55c960f6b1a47bfef048a9f3f273ea2b3dccf12ced3c53d1ec78f2f8d5,75de5beeb5db747e74da2f9c5e41f790eae383954ca9ea561b0bcbcc08f799d1,391,280,ac52923eee41e547,be39c6272333f896,yes
cucumber_rotten_0142,test/N_rotten/cucumber_rotten_0142.jpg,cucumber_rotten,1,cucumber,rotten,not_subtyped,test,g0108,s0079,muhriddinmuxiddinov,Fruits_Vegetables_Dataset(12000)/Vegetables/RottenCucumber/rottenCucumber (403).jpg,https://www.kaggle.com/datasets/muhriddinmuxiddinov/fruits-and-vegetables-dataset,2,publisher_fresh_rotten_folder+visual_review,none,not_annotated,842e0f41698da7e018b6b3fdd0437aa729444bb8f9a54f50e527b2f0c5e2b2df,13eca35feb61c91bcd66f2455acfb64e87b54c87177d37df04b2fa2b17af7618,347,280,ea4a85b53dd2304f,1003811b071e1196,yes
cucumber_rotten_0143,train/N_rotten/cucumber_rotten_0143.jpg,cucumber_rotten,1,cucumber,rotten,not_subtyped,train,g0109,s0001,muhriddinmuxiddinov,Fruits_Vegetables_Dataset(12000)/Vegetables/RottenCucumber/rottenCucumber (405).jpg,https://www.kaggle.com/datasets/muhriddinmuxiddinov/fruits-and-vegetables-dataset,2,publisher_fresh_rotten_folder+visual_review,none,not_annotated,b374bc63c2f81c2f767122348f5627fb05ab3ef3598848b52ed07a01f8927e55,dd8b8c785edb299adf88c544dbdf2863176550e2e984516d7affc080d85c1eab,390,280,a969c29eb4a437e2,d3e383173f3b3196,yes
cucumber_rotten_0144,train/N_rotten/cucumber_rotten_0144.jpg,cucumber_rotten,1,cucumber,rotten,not_subtyped,train,g0110,s0080,muhriddinmuxiddinov,Fruits_Vegetables_Dataset(12000)/Vegetables/RottenCucumber/rottenCucumber (408).jpg,https://www.kaggle.com/datasets/muhriddinmuxiddinov/fruits-and-vegetables-dataset,2,publisher_fresh_rotten_folder+visual_review,none,not_annotated,b2d52cd89556efad8cc92d71ba0c733eb78e8e8232b3042adc576374d298b73f,00f2f4364ad1ddcceb2e06f9968aa6b998944ff4e35df145796b24359c11874d,182,280,eb47a070db198e65,8bc7637920279419,yes
cucumber_rotten_0145,test/N_rotten/cucumber_rotten_0145.jpg,cucumber_rotten,1,cucumber,rotten,not_subtyped,test,g0111,s0081,muhriddinmuxiddinov,Fruits_Vegetables_Dataset(12000)/Vegetables/RottenCucumber/rottenCucumber (410).jpg,https://www.kaggle.com/datasets/muhriddinmuxiddinov/fruits-and-vegetables-dataset,2,publisher_fresh_rotten_folder+visual_review,none,not_annotated,47443ab5601bcdd1560d6ffea1601eb64f8fedff0cef56e7766947f53d5fbfc4,919d8cfe34bdb9f3404463b33204c17ac2af35d8e1130cdc4777b17e26658454,390,280,ef4fc4d19a34289a,d203032353130694,yes
cucumber_rotten_0146,train/N_rotten/cucumber_rotten_0146.jpg,cucumber_rotten,1,cucumber,rotten,not_subtyped,train,g0092,s0065,muhriddinmuxiddinov,Fruits_Vegetables_Dataset(12000)/Vegetables/RottenCucumber/rottenCucumber (412).jpg,https://www.kaggle.com/datasets/muhriddinmuxiddinov/fruits-and-vegetables-dataset,2,publisher_fresh_rotten_folder+visual_review,none,not_annotated,ecd2f6b0fc6d023151e17aff4a34876172bc1538f0bdc3a7fb56c4dd119c7849,4fb20e10e55e22bb5526e13ae0a9c64decb65cee5679217673f5f0bbc2699d13,531,280,c64cb154b46dad4b,e4e5e1e4e5c0c0cc,yes
cucumber_rotten_0147,train/N_rotten/cucumber_rotten_0147.jpg,cucumber_rotten,1,cucumber,rotten,not_subtyped,train,g0092,s0065,muhriddinmuxiddinov,Fruits_Vegetables_Dataset(12000)/Vegetables/RottenCucumber/rottenCucumber (415).jpg,https://www.kaggle.com/datasets/muhriddinmuxiddinov/fruits-and-vegetables-dataset,2,publisher_fresh_rotten_folder+visual_review,none,not_annotated,3fb6ab883d6a53ea396666a0806727e15a302afcabb2c7bb9b31bd1848c90fe4,34c5f3de908f51960eb49d84d106a1d47d0039707592cb83d5a0f0d39647ed1e,530,280,fb619e4cc14ea436,12190b0b2b2e754d,yes
cucumber_rotten_0148,train/N_rotten/cucumber_rotten_0148.jpg,cucumber_rotten,1,cucumber,rotten,not_subtyped,train,g0092,s0065,muhriddinmuxiddinov,Fruits_Vegetables_Dataset(12000)/Vegetables/RottenCucumber/rottenCucumber (417).jpg,https://www.kaggle.com/datasets/muhriddinmuxiddinov/fruits-and-vegetables-dataset,2,publisher_fresh_rotten_folder+visual_review,none,not_annotated,1710bbc65b6b7c24258c82cf3cc93593d45f390f8f759ee2390c164b0ea1650d,d4dded58f86d14fc9b81ec91bb88579c80caf9035862275672a6826c9c9525e7,571,280,e00b915d8e5abb6c,d98f8d8d878eae94,yes
cucumber_rotten_0149,train/N_rotten/cucumber_rotten_0149.jpg,cucumber_rotten,1,cucumber,rotten,not_subtyped,train,g0092,s0065,muhriddinmuxiddinov,Fruits_Vegetables_Dataset(12000)/Vegetables/RottenCucumber/rottenCucumber (419).jpg,https://www.kaggle.com/datasets/muhriddinmuxiddinov/fruits-and-vegetables-dataset,2,publisher_fresh_rotten_folder+visual_review,none,not_annotated,8c435cd1ed25bdc5992baec6777b1732cb9f23d8d8bf84a2fd2c696e14b08b33,8a6fc3de48a2045fe89e8c312103a56a540146cf299aede50bbde725b8074d5f,390,280,9fa5ea50c079b166,f8666e96ec9a3167,yes
cucumber_rotten_0150,train/N_rotten/cucumber_rotten_0150.jpg,cucumber_rotten,1,cucumber,rotten,not_subtyped,train,g0112,s0082,muhriddinmuxiddinov,Fruits_Vegetables_Dataset(12000)/Vegetables/RottenCucumber/rottenCucumber (424).jpg,https://www.kaggle.com/datasets/muhriddinmuxiddinov/fruits-and-vegetables-dataset,2,publisher_fresh_rotten_folder+visual_review,none,not_annotated,84ee074e0b89fbb03ead9592ae93f8e1217fe326e1c1dadb4253848586cc4b08,696af8a7e246975fea1ae6ae9d8c5c9e8a05a65e4479c00f1311b1cb8c6649a0,390,280,834ef13a9a1eec61,79cae0f87b65c8ca,yes
cucumber_rotten_0151,train/N_rotten/cucumber_rotten_0151.jpg,cucumber_rotten,1,cucumber,rotten,not_subtyped,train,g0097,s0001,muhriddinmuxiddinov,Fruits_Vegetables_Dataset(12000)/Vegetables/RottenCucumber/rottenCucumber (429).jpg,https://www.kaggle.com/datasets/muhriddinmuxiddinov/fruits-and-vegetables-dataset,2,publisher_fresh_rotten_folder+visual_review,none,not_annotated,ee3ee60e2b804920626cac8b45fd563a526fc533c073848d7238b27054a5e225,1164002ecce8d3cb3d3fda785017a835200074989403cdd4a69e4568925a2dfc,265,190,b994c6c971981e97,08323d1e8743030e,yes
cucumber_rotten_0152,train/N_rotten/cucumber_rotten_0152.jpg,cucumber_rotten,1,cucumber,rotten,not_subtyped,train,g0107,s0078,muhriddinmuxiddinov,Fruits_Vegetables_Dataset(12000)/Vegetables/RottenCucumber/rottenCucumber (431).jpg,https://www.kaggle.com/datasets/muhriddinmuxiddinov/fruits-and-vegetables-dataset,2,publisher_fresh_rotten_folder+visual_review,none,not_annotated,2712e22482eaa8b8dad9be3455ce049a742e367476a8ec419fefef5989b27308,5b0967b310de5c92b36f6d6c5c005f73e419c7454b0296bf68d69e0e82eb19cf,263,191,ac9292bf6e8165c3,3e3dc6272333f82e,yes
cucumber_rotten_0153,valid/N_rotten/cucumber_rotten_0153.jpg,cucumber_rotten,1,cucumber,rotten,not_subtyped,val,g0113,s0083,muhriddinmuxiddinov,Fruits_Vegetables_Dataset(12000)/Vegetables/RottenCucumber/rottenCucumber (434).jpg,https://www.kaggle.com/datasets/muhriddinmuxiddinov/fruits-and-vegetables-dataset,2,publisher_fresh_rotten_folder+visual_review,none,not_annotated,f2f59579f66fff9375f57e6a1e63268ceff9d9d2bc5dca87682d2ff1952341fe,de5f392125461b566382577c69494c2c43a582a30b2b2510776458e13dbc128c,265,190,f865c692389e3cc9,2406161f9b9e0116,yes
cucumber_rotten_0154,train/N_rotten/cucumber_rotten_0154.jpg,cucumber_rotten,1,cucumber,rotten,not_subtyped,train,g0099,s0070,muhriddinmuxiddinov,Fruits_Vegetables_Dataset(12000)/Vegetables/RottenCucumber/rottenCucumber (438).jpg,https://www.kaggle.com/datasets/muhriddinmuxiddinov/fruits-and-vegetables-dataset,2,publisher_fresh_rotten_folder+visual_review,none,not_annotated,bbbea8b6aece5a771c9648f2c4299ee13f54d2cd6345e1c60ee88adad3c59d19,db3f5d14489f7b38f17bcdb356d3fccb7cd7306249d655faa1cc64158fd82e72,294,171,e9a59414dadb31c9,fca64353d3961ec0,yes
cucumber_rotten_0155,valid/N_rotten/cucumber_rotten_0155.jpg,cucumber_rotten,1,cucumber,rotten,not_subtyped,val,g0114,s0084,muhriddinmuxiddinov,Fruits_Vegetables_Dataset(12000)/Vegetables/RottenCucumber/rottenCucumber (441).jpg,https://www.kaggle.com/datasets/muhriddinmuxiddinov/fruits-and-vegetables-dataset,2,publisher_fresh_rotten_folder+visual_review,none,not_annotated,75f8ffd12872b2448df3414f8cd65fd8e89505e1df7dcff9103475d09a5290c1,9b8b73ff58c1541fae42819b94b18f9cee526b65e9e540d55bd6e1b22998ef53,268,188,ec5a9185ae1e2c6d,ff89112727a65e96,yes
cucumber_rotten_0156,train/N_rotten/cucumber_rotten_0156.jpg,cucumber_rotten,1,cucumber,rotten,not_subtyped,train,g0115,s0085,muhriddinmuxiddinov,Fruits_Vegetables_Dataset(12000)/Vegetables/RottenCucumber/rottenCucumber (443).jpg,https://www.kaggle.com/datasets/muhriddinmuxiddinov/fruits-and-vegetables-dataset,2,publisher_fresh_rotten_folder+visual_review,none,not_annotated,498104802b0d327c369f3288a69b351142a8ab9d54bd5d7e9002214c0dcb8745,4e7c3f984940634edaff521d003b7b65a1f6f7c31179aa2bb7e6feeaa197c72a,263,192,efc4199b139466c6,0303072f571f330b,yes
cucumber_rotten_0157,train/N_rotten/cucumber_rotten_0157.jpg,cucumber_rotten,1,cucumber,rotten,not_subtyped,train,g0097,s0001,muhriddinmuxiddinov,Fruits_Vegetables_Dataset(12000)/Vegetables/RottenCucumber/rottenCucumber (446).jpg,https://www.kaggle.com/datasets/muhriddinmuxiddinov/fruits-and-vegetables-dataset,2,publisher_fresh_rotten_folder+visual_review,none,not_annotated,182601e1b0e33255e1a6fc0d80f4b1abbb59a7aa941f539e96d8ff8868d7da0c,630d0bf69fb5c126d35e9d73347c0efc11ee8fccadfce877faf55823c8a1725d,266,189,b996c6c9b11a2e17,0832391e87430394,yes
cucumber_rotten_0158,test/N_rotten/cucumber_rotten_0158.jpg,cucumber_rotten,1,cucumber,rotten,not_subtyped,test,g0116,s0086,muhriddinmuxiddinov,Fruits_Vegetables_Dataset(12000)/Vegetables/RottenCucumber/rottenCucumber (448).jpg,https://www.kaggle.com/datasets/muhriddinmuxiddinov/fruits-and-vegetables-dataset,2,publisher_fresh_rotten_folder+visual_review,none,not_annotated,d309406ae6f1c64577ecf7954b049ddb4e03cfa3fbb4f59ccd700de3c4900b61,7bee5187e30641a172529060c344438065d092cbce7547a9821c4f6be583df98,100,100,d1dd24ea33b3854c,08b2f25c09e99e8e,yes
cucumber_rotten_0159,train/N_rotten/cucumber_rotten_0159.jpg,cucumber_rotten,1,cucumber,rotten,not_subtyped,train,g0115,s0085,muhriddinmuxiddinov,Fruits_Vegetables_Dataset(12000)/Vegetables/RottenCucumber/rottenCucumber (450).jpg,https://www.kaggle.com/datasets/muhriddinmuxiddinov/fruits-and-vegetables-dataset,2,publisher_fresh_rotten_folder+visual_review,none,not_annotated,a861402a81fcc4e6950e0b229ac5cd804b27f8b0d114ca27ccade40eef30b773,fcbd974ddca04077e5f85f8afdb9ec496c4d073f51c10918615e46889ceed1c3,100,100,efcc819b53946686,1343872f571f3349,yes
cucumber_rotten_0160,train/N_rotten/cucumber_rotten_0160.jpg,cucumber_rotten,1,cucumber,rotten,not_subtyped,train,g0100,s0071,muhriddinmuxiddinov,Fruits_Vegetables_Dataset(12000)/Vegetables/RottenCucumber/rottenCucumber (453).jpg,https://www.kaggle.com/datasets/muhriddinmuxiddinov/fruits-and-vegetables-dataset,2,publisher_fresh_rotten_folder+visual_review,none,not_annotated,0739014ba4b43f2269903bfc0f4119aae91c94e729f8d612769cbc2c4bd71726,2bcadee2e299b3bf008f9a12f3bfb4d57c7329d84bfeabce9720ffde1126de84,100,100,abd8941b4bcd34b2,410c3f634b3f0007,yes
cucumber_rotten_0162,train/N_rotten/cucumber_rotten_0162.jpg,cucumber_rotten,1,cucumber,rotten,not_subtyped,train,g0097,s0001,muhriddinmuxiddinov,Fruits_Vegetables_Dataset(12000)/Vegetables/RottenCucumber/rottenCucumber (457).jpg,https://www.kaggle.com/datasets/muhriddinmuxiddinov/fruits-and-vegetables-dataset,2,publisher_fresh_rotten_folder+visual_review,none,not_annotated,61b28db5dd191d0b41ef08da03faa72593144ef4b81ddc8fc07872aceefe63ed,f6ed3164693a0ffcd2d6dc014b030e338606263c176f167499daecc7a648b338,100,100,fa1bc560b4381e1f,935339190b018140,yes
cucumber_rotten_0163,test/N_rotten/cucumber_rotten_0163.jpg,cucumber_rotten,1,cucumber,rotten,not_subtyped,test,g0117,s0087,muhriddinmuxiddinov,Fruits_Vegetables_Dataset(12000)/Vegetables/RottenCucumber/rottenCucumber (46).jpg,https://www.kaggle.com/datasets/muhriddinmuxiddinov/fruits-and-vegetables-dataset,2,publisher_fresh_rotten_folder+visual_review,none,not_annotated,c5e4da685e3e43e6c453f4ea0714a9eaa913cf28b1f1572e862f6204c845374f,5df3c634f29fa52e4c1f3518b9faf7062fcc2b949bf73c42bf2593ee66a54b47,359,232,fb9cd4d8c0c8ccc6,515b4b4b4b4b4b4b,yes
cucumber_rotten_0164,valid/N_rotten/cucumber_rotten_0164.jpg,cucumber_rotten,1,cucumber,rotten,not_subtyped,val,g0118,s0088,muhriddinmuxiddinov,Fruits_Vegetables_Dataset(12000)/Vegetables/RottenCucumber/rottenCucumber (460).jpg,https://www.kaggle.com/datasets/muhriddinmuxiddinov/fruits-and-vegetables-dataset,2,publisher_fresh_rotten_folder+visual_review,none,not_annotated,bc743f7de55beef2bc4d00548620a51bed84ae2f0985d4d86100669e5e442e37,14ff12ee027638b48772fa1c707a2fff1cc04559268c681146e7eedbd70c9319,100,100,d7d03268eeef6090,09985c60a0d76749,yes
cucumber_rotten_0165,train/N_rotten/cucumber_rotten_0165.jpg,cucumber_rotten,1,cucumber,rotten,not_subtyped,train,g0098,s0069,muhriddinmuxiddinov,Fruits_Vegetables_Dataset(12000)/Vegetables/RottenCucumber/rottenCucumber (465).jpg,https://www.kaggle.com/datasets/muhriddinmuxiddinov/fruits-and-vegetables-dataset,2,publisher_fresh_rotten_folder+visual_review,none,not_annotated,02e672e26b387cda7069c872f115818cf387f62b8b77b4433bbff124ec7fbdc4,b336365f2be71022d6f4c76adb3cf768c1df9ce8c3e96566183edac3945ea2fc,100,100,eab395c842c13d97,8d2c1f4b2537832f,yes
cucumber_rotten_0166,train/N_rotten/cucumber_rotten_0166.jpg,cucumber_rotten,1,cucumber,rotten,not_subtyped,train,g0107,s0078,muhriddinmuxiddinov,Fruits_Vegetables_Dataset(12000)/Vegetables/RottenCucumber/rottenCucumber (467).jpg,https://www.kaggle.com/datasets/muhriddinmuxiddinov/fruits-and-vegetables-dataset,2,publisher_fresh_rotten_folder+visual_review,none,not_annotated,9cda4bd1da7b96ba1b3ca6768073db25e5952aab170f6525b1a4741e581fb1e7,f142c271c38b91e5390c106f7324bfa510fc4e5209bef47ac7bd5a488fcc250f,100,100,ac90933e6f8165c7,be39c6272333f81a,yes
cucumber_rotten_0167,train/N_rotten/cucumber_rotten_0167.jpg,cucumber_rotten,1,cucumber,rotten,not_subtyped,train,g0096,s0068,muhriddinmuxiddinov,Fruits_Vegetables_Dataset(12000)/Vegetables/RottenCucumber/rottenCucumber (469).jpg,https://www.kaggle.com/datasets/muhriddinmuxiddinov/fruits-and-vegetables-dataset,2,publisher_fresh_rotten_folder+visual_review,none,not_annotated,2c822ab0b81a706b11f777ea31d3abe88ed2652fd74cd063831695ec82016c68,0b948d5cc4c91f2fa8503de146ed81c692dcd010c597e9eabf2ba3d45ccdf66c,100,100,eae8159552ca4bad,801f13111f53144b,yes
cucumber_rotten_0168,train/N_rotten/cucumber_rotten_0168.jpg,cucumber_rotten,1,cucumber,rotten,not_subtyped,train,g0102,s0073,muhriddinmuxiddinov,Fruits_Vegetables_Dataset(12000)/Vegetables/RottenCucumber/rottenCucumber (472).jpg,https://www.kaggle.com/datasets/muhriddinmuxiddinov/fruits-and-vegetables-dataset,2,publisher_fresh_rotten_folder+visual_review,none,not_annotated,0bfa82fa5d5045c26dd5366b7f247fdc39f66958ff4ccb302666d6e4ea925011,60c16dfff9c114796923743f343482e25af88f9dcc2652bd1fa74477be7c83c7,100,100,848add9cc87d5ee0,f2deefbbe77c0e82,yes
cucumber_rotten_0169,train/N_rotten/cucumber_rotten_0169.jpg,cucumber_rotten,1,cucumber,rotten,not_subtyped,train,g0119,s0089,muhriddinmuxiddinov,Fruits_Vegetables_Dataset(12000)/Vegetables/RottenCucumber/rottenCucumber (474).jpg,https://www.kaggle.com/datasets/muhriddinmuxiddinov/fruits-and-vegetables-dataset,2,publisher_fresh_rotten_folder+visual_review,none,not_annotated,7a452b0879c6a8b4e1be6727edba52f2fb04a22e0700be8b1b8a36eb9cdd4e22,74ecfeb89b2bff93da101e433f39791cab0f8d6915e481c3f8c547b73298ff36,100,100,ca85947f51c43eb1,e0d0e1c0112161c0,yes
cucumber_rotten_0170,train/N_rotten/cucumber_rotten_0170.jpg,cucumber_rotten,1,cucumber,rotten,not_subtyped,train,g0109,s0001,muhriddinmuxiddinov,Fruits_Vegetables_Dataset(12000)/Vegetables/RottenCucumber/rottenCucumber (477).jpg,https://www.kaggle.com/datasets/muhriddinmuxiddinov/fruits-and-vegetables-dataset,2,publisher_fresh_rotten_folder+visual_review,none,not_annotated,5a30709b13e511eea799bd8bb7315a069b6f78e90437072fb14a5f2ddc950cc2,5d1a36bb8e6b135280357f926d95989c18be1f8eb855fd8c2287620719853f61,100,100,a969c29eb4a437e2,d3e383173f3b3196,yes
cucumber_rotten_0171,valid/N_rotten/cucumber_rotten_0171.jpg,cucumber_rotten,1,cucumber,rotten,not_subtyped,val,g0120,s0090,muhriddinmuxiddinov,Fruits_Vegetables_Dataset(12000)/Vegetables/RottenCucumber/rottenCucumber (479).jpg,https://www.kaggle.com/datasets/muhriddinmuxiddinov/fruits-and-vegetables-dataset,2,publisher_fresh_rotten_folder+visual_review,none,not_annotated,672f155e36cef1e0cd97057e60266a8fbf386a39fb79d9448f426194b2209e67,002497dcfcf436b78a900d2b529ba0f691ae07318c33b8c7049570ec4592a276,100,100,fa62859d7a5a306a,20838319313f7086,yes
cucumber_rotten_0172,train/N_rotten/cucumber_rotten_0172.jpg,cucumber_rotten,1,cucumber,rotten,not_subtyped,train,g0115,s0085,muhriddinmuxiddinov,Fruits_Vegetables_Dataset(12000)/Vegetables/RottenCucumber/rottenCucumber (481).jpg,https://www.kaggle.com/datasets/muhriddinmuxiddinov/fruits-and-vegetables-dataset,2,publisher_fresh_rotten_folder+visual_review,none,not_annotated,2cd597ce3fe6656d7dcb2deebe2f42f153fd83afe1f15425bac1ad1c8f56d6dc,194fb236295b5326529c3da8a1b2cf0b2bf1075e706eb4e223f48176042965f5,100,100,efcc819b53946686,9343872f571f3349,yes
cucumber_rotten_0173,test/N_rotten/cucumber_rotten_0173.jpg,cucumber_rotten,1,cucumber,rotten,not_subtyped,test,g0121,s0091,muhriddinmuxiddinov,Fruits_Vegetables_Dataset(12000)/Vegetables/RottenCucumber/rottenCucumber (484).jpg,https://www.kaggle.com/datasets/muhriddinmuxiddinov/fruits-and-vegetables-dataset,2,publisher_fresh_rotten_folder+visual_review,none,not_annotated,451ed8e72b48d0cfa10e180e13fb8149d325b5e7ddb29485b5e6ba1a72cd8968,2a23229872b0aff1026f8ff6e3b116fa0a199b752e1c8a3ba395d1d13866f3f2,259,194,934420b1dc4fb7cb,c4cce061385e493c,yes
cucumber_rotten_0174,train/N_rotten/cucumber_rotten_0174.jpg,cucumber_rotten,1,cucumber,rotten,not_subtyped,train,g0119,s0089,muhriddinmuxiddinov,Fruits_Vegetables_Dataset(12000)/Vegetables/RottenCucumber/rottenCucumber (486).jpg,https://www.kaggle.com/datasets/muhriddinmuxiddinov/fruits-and-vegetables-dataset,2,publisher_fresh_rotten_folder+visual_review,none,not_annotated,402382ce5663d2f0443f7b7cb4bc7081805e80d90e921a7c3451353c5aaa8f21,d8182931e6b4d863a6b8ce29c6e4829b543289018328d24007ae253c266f88a9,259,194,ca85947f51c43eb1,e0d0e1c0112161c8,yes
cucumber_rotten_0175,train/N_rotten/cucumber_rotten_0175.jpg,cucumber_rotten,1,cucumber,rotten,not_subtyped,train,g0098,s0069,muhriddinmuxiddinov,Fruits_Vegetables_Dataset(12000)/Vegetables/RottenCucumber/rottenCucumber (488).jpg,https://www.kaggle.com/datasets/muhriddinmuxiddinov/fruits-and-vegetables-dataset,2,publisher_fresh_rotten_folder+visual_review,none,not_annotated,0f8ec795a576544a85ed9ce55ed27b4f230491b4a65a9fe1b70359a5abf72cc7,95d009f03128820c6256e619100e7a14b09024da963f00201a0a6efd4601e0f9,200,253,b9968f6194c3c47a,263b391e1f131b1b,yes
cucumber_rotten_0176,train/N_rotten/cucumber_rotten_0176.jpg,cucumber_rotten,1,cucumber,rotten,not_subtyped,train,g0095,s0001,muhriddinmuxiddinov,Fruits_Vegetables_Dataset(12000)/Vegetables/RottenCucumber/rottenCucumber (49).jpg,https://www.kaggle.com/datasets/muhriddinmuxiddinov/fruits-and-vegetables-dataset,2,publisher_fresh_rotten_folder+visual_review,none,not_annotated,3f703c470f53607ebbf88bf0adad1caf6af89d252d5ae0075383f682c892fd90,599303554ddb857f11458ec7a51c11d035cb1567a1ca6525d7f85c6e585beebf,244,175,bf97caef860281e0,68747a7d361b0f09,yes
cucumber_rotten_0177,train/N_rotten/cucumber_rotten_0177.jpg,cucumber_rotten,1,cucumber,rotten,not_subtyped,train,g0095,s0001,muhriddinmuxiddinov,Fruits_Vegetables_Dataset(12000)/Vegetables/RottenCucumber/rottenCucumber (493).jpg,https://www.kaggle.com/datasets/muhriddinmuxiddinov/fruits-and-vegetables-dataset,2,publisher_fresh_rotten_folder+visual_review,none,not_annotated,c756a2599ebaa238515a4641c3fe02593b2338b803e96b6e27ededfe0da03ea3,c40a66aa6d7becbb168262b7aa03c7f19089cf34c73fead81f98744c5235070a,262,192,f0b81c9e4a8b6d99,393e9fcf0e05f8b0,yes
cucumber_rotten_0178,train/N_rotten/cucumber_rotten_0178.jpg,cucumber_rotten,1,cucumber,rotten,not_subtyped,train,g0122,s0092,muhriddinmuxiddinov,Fruits_Vegetables_Dataset(12000)/Vegetables/RottenCucumber/rottenCucumber (510).jpg,https://www.kaggle.com/datasets/muhriddinmuxiddinov/fruits-and-vegetables-dataset,2,publisher_fresh_rotten_folder+visual_review,none,not_annotated,6bbdd8e1c39a99be4e114ef8858a6925254da59974a5f0d7cd2017fb51c7bbcb,2e89b326bd2601ebde2c2ec4279584bea8b3c125ff50c3d49bcc11fb3be8f0b9,259,194,9cce93a1598bb05b,f034313330b6ba3c,yes
cucumber_rotten_0179,train/N_rotten/cucumber_rotten_0179.jpg,cucumber_rotten,1,cucumber,rotten,not_subtyped,train,g0122,s0092,muhriddinmuxiddinov,Fruits_Vegetables_Dataset(12000)/Vegetables/RottenCucumber/rottenCucumber (517).jpg,https://www.kaggle.com/datasets/muhriddinmuxiddinov/fruits-and-vegetables-dataset,2,publisher_fresh_rotten_folder+visual_review,none,not_annotated,aad44fa9f5a00f41400da4812a3983eb47a6f7c3034257dbde6fc0418f97973b,236cb9122fedd8d7a27abd766937a0d28ea08dcb973750b09cf12ecd99dbe220,259,194,f8f663c9c098d4e1,102e34b592129b9a,yes
cucumber_rotten_0180,test/N_rotten/cucumber_rotten_0180.jpg,cucumber_rotten,1,cucumber,rotten,not_subtyped,test,g0123,s0093,muhriddinmuxiddinov,Fruits_Vegetables_Dataset(12000)/Vegetables/RottenCucumber/rottenCucumber (170).jpg,https://www.kaggle.com/datasets/muhriddinmuxiddinov/fruits-and-vegetables-dataset,2,publisher_fresh_rotten_folder+visual_review,none,not_annotated,4750f23364d1ba180ec98a19f4529a80c53944f12a20cbc36349be96d2fb0b23,12f1bb6597c08c6aa8cce8805d4d83268b5631a798b39ad38cb44eb7b654f6d8,341,148,bfd6e0ca8224d3b4,072b7c7d7c71379f,yes
cucumber_rotten_0181,train/N_rotten/cucumber_rotten_0181.jpg,cucumber_rotten,1,cucumber,rotten,not_subtyped,train,g0104,s0075,muhriddinmuxiddinov,Fruits_Vegetables_Dataset(12000)/Vegetables/RottenCucumber/rottenCucumber (265).jpg,https://www.kaggle.com/datasets/muhriddinmuxiddinov/fruits-and-vegetables-dataset,2,publisher_fresh_rotten_folder+visual_review,none,not_annotated,fa2db0927f67138f9d4367ad163e0da724e7399369f69a6f349c511437e90313,18ecc085c2afdb401f06fee421a403a65559f2c36c1f1e631e1af44c548032ce,287,176,abcac0352bcab4e5,0100337b1f3e81e5,yes
cucumber_rotten_0182,train/N_rotten/cucumber_rotten_0182.jpg,cucumber_rotten,1,cucumber,rotten,not_subtyped,train,g0124,s0001,muhriddinmuxiddinov,Fruits_Vegetables_Dataset(12000)/Vegetables/RottenCucumber/rottenCucumber (291).jpg,https://www.kaggle.com/datasets/muhriddinmuxiddinov/fruits-and-vegetables-dataset,2,publisher_fresh_rotten_folder+visual_review,none,not_annotated,0f5d21bedb0548f2d10ca6a9aa3f3e7a9522e6de2113295603218cc58971dd81,219935f69ba546e71f160f4a36b0806c8414a4593c8eecea0bb9c68f7f282a27,265,190,ad69c29e36e44d19,0413030639660016,yes
cucumber_rotten_0183,valid/N_rotten/cucumber_rotten_0183.jpg,cucumber_rotten,1,cucumber,rotten,not_subtyped,val,g0125,s0094,muhriddinmuxiddinov,Fruits_Vegetables_Dataset(12000)/Vegetables/RottenCucumber/rottenCucumber (301).jpg,https://www.kaggle.com/datasets/muhriddinmuxiddinov/fruits-and-vegetables-dataset,2,publisher_fresh_rotten_folder+visual_review,none,not_annotated,b628dbeadd88b7afb6347219b54e7d5412b68559570fbb0f97c36df2571af13e,a4fa5226b7f133f2a2d96b1d79e32f8eb36b427760b450806689168b89c71c62,275,183,be9bc1606e97b0c8,24003c37371f0007,yes
cucumber_rotten_0184,valid/N_rotten/cucumber_rotten_0184.jpg,cucumber_rotten,1,cucumber,rotten,not_subtyped,val,g0126,s0095,muhriddinmuxiddinov,Fruits_Vegetables_Dataset(12000)/Vegetables/RottenCucumber/rottenCucumber (303).jpg,https://www.kaggle.com/datasets/muhriddinmuxiddinov/fruits-and-vegetables-dataset,2,publisher_fresh_rotten_folder+visual_review,none,not_annotated,eb8919eb7117cda6643370ed063775005395083e03be179f293b7e6ea766b60b,02d82369abe7c2c2d18d824bbbd61fedb950ef872290b9e685c87f27ec6e0cc7,259,194,f3801d28fbf0c5d4,07f0c48d0907350a,yes
cucumber_rotten_0185,train/N_rotten/cucumber_rotten_0185.jpg,cucumber_rotten,1,cucumber,rotten,not_subtyped,train,g0127,s0096,muhriddinmuxiddinov,Fruits_Vegetables_Dataset(12000)/Vegetables/RottenCucumber/rottenCucumber (315).jpg,https://www.kaggle.com/datasets/muhriddinmuxiddinov/fruits-and-vegetables-dataset,2,publisher_fresh_rotten_folder+visual_review,none,not_annotated,9f3dd31b8a2fd5e9402dcabd587bfaafc3545fa804eef6e7b853fcd5b71f2277,df6982eeffde9db172a3c301fad3076d9ca92e980ba52dbc1d466c4959d9c931,246,205,af3f9461c09f95c0,00072b6303073b00,yes
cucumber_rotten_0187,train/N_rotten/cucumber_rotten_0187.jpg,cucumber_rotten,1,cucumber,rotten,not_subtyped,train,g0128,s0097,muhriddinmuxiddinov,Fruits_Vegetables_Dataset(12000)/Vegetables/RottenCucumber/rottenCucumber (327).jpg,https://www.kaggle.com/datasets/muhriddinmuxiddinov/fruits-and-vegetables-dataset,2,publisher_fresh_rotten_folder+visual_review,none,not_annotated,55ff78ebfded6b3b1c67b731aa21b7f968a26af5fee67df0b31be2126276c953,a5a82a89976e490eaa15438ad35ebb9c689ab5e4e0cf116f008d2db16892ec13,191,264,f544cc19cccc3373,724e8c9e9e9e9a62,yes
cucumber_rotten_0188,train/N_rotten/cucumber_rotten_0188.jpg,cucumber_rotten,1,cucumber,rotten,not_subtyped,train,g0129,s0098,muhriddinmuxiddinov,Fruits_Vegetables_Dataset(12000)/Vegetables/RottenCucumber/rottenCucumber (329).jpg,https://www.kaggle.com/datasets/muhriddinmuxiddinov/fruits-and-vegetables-dataset,2,publisher_fresh_rotten_folder+visual_review,none,not_annotated,0b761ec0095860977bceb4d7f53da5a31ced7dd6318f7562de837330b31064cf,d4ce68eaefc7ec5327e154bd00a736b72ee50319c31656de90053910b880127c,269,188,e619915e9a32af23,f0c28b8727678f8f,yes
cucumber_rotten_0190,train/N_rotten/cucumber_rotten_0190.jpg,cucumber_rotten,1,cucumber,rotten,not_subtyped,train,g0130,s0099,muhriddinmuxiddinov,Fruits_Vegetables_Dataset(12000)/Vegetables/RottenCucumber/rottenCucumber (339).jpg,https://www.kaggle.com/datasets/muhriddinmuxiddinov/fruits-and-vegetables-dataset,2,publisher_fresh_rotten_folder+visual_review,none,not_annotated,b25206b8a45df69830dd881175cf27fc00a441b5ef87fa8b94c08b261acd971d,98d5cf0d6c7f7837f8e511f87d48b008f57731df526562f287e8414e945380dc,263,191,baeac4267339cb06,0d4d19192979ab4a,yes
cucumber_rotten_0191,train/N_rotten/cucumber_rotten_0191.jpg,cucumber_rotten,1,cucumber,rotten,not_subtyped,train,g0001,s0001,muhriddinmuxiddinov,Fruits_Vegetables_Dataset(12000)/Vegetables/RottenCucumber/rottenCucumber (346).jpg,https://www.kaggle.com/datasets/muhriddinmuxiddinov/fruits-and-vegetables-dataset,2,publisher_fresh_rotten_folder+visual_review,none,not_annotated,de4dcf867029c8e719b92c2dee13497e616703cc42d784cd230f7279dc1e22e5,0ed42686afacdcf55ec3b56e2070364f4823cb1956bf3c08fa6dd4b9c3a7dced,262,192,ea95816a1fb570d2,80c33c37210383e0,yes
cucumber_rotten_0192,train/N_rotten/cucumber_rotten_0192.jpg,cucumber_rotten,1,cucumber,rotten,not_subtyped,train,g0131,s0100,muhriddinmuxiddinov,Fruits_Vegetables_Dataset(12000)/Vegetables/RottenCucumber/rottenCucumber (400).jpg,https://www.kaggle.com/datasets/muhriddinmuxiddinov/fruits-and-vegetables-dataset,2,publisher_fresh_rotten_folder+visual_review,none,not_annotated,44a0cd98ce029eeb8f6a22a000f0d2ff9a5f4d1d42d60c4b0fcd4feb541b5b96,10756893f75fc2cb7ae4eb03668bdfa8f4a630dc037fb166e2044cfa227481fb,390,280,e9ca969669cb9426,020012132b360196,yes
cucumber_rotten_0193,train/N_rotten/cucumber_rotten_0193.jpg,cucumber_rotten,1,cucumber,rotten,not_subtyped,train,g0132,s0101,muhriddinmuxiddinov,Fruits_Vegetables_Dataset(12000)/Vegetables/RottenCucumber/rottenCucumber (422).jpg,https://www.kaggle.com/datasets/muhriddinmuxiddinov/fruits-and-vegetables-dataset,2,publisher_fresh_rotten_folder+visual_review,none,not_annotated,3824b3ee9c45cc74579d4a0f0a04924973c94af8bdb6e34b1780664fc7b1b64e,bc0fd3076e01a8860bcca87109f517d21f35ab7d80d52d47a3ca6bce32bf057c,390,280,e1ce9e9161ce9c91,021007879f1a0196,yes
cucumber_rotten_0194,test/N_rotten/cucumber_rotten_0194.jpg,cucumber_rotten,1,cucumber,rotten,not_subtyped,test,g0133,s0102,muhriddinmuxiddinov,Fruits_Vegetables_Dataset(12000)/Vegetables/RottenCucumber/rottenCucumber (427).jpg,https://www.kaggle.com/datasets/muhriddinmuxiddinov/fruits-and-vegetables-dataset,2,publisher_fresh_rotten_folder+visual_review,none,not_annotated,26ab813cb8b35fb837f95ee40eb94f06783c4159c40cb67f5de00cab54e45bb6,62d3c579f2bd7c59fdf61470be4e83e95437f054beecd007264d5d9c7aa96e06,259,194,858e243a7bf16b34,f3e2e6f079e9de3a,yes
cucumber_rotten_0195,test/N_rotten/cucumber_rotten_0195.jpg,cucumber_rotten,1,cucumber,rotten,not_subtyped,test,g0134,s0103,muhriddinmuxiddinov,Fruits_Vegetables_Dataset(12000)/Vegetables/RottenCucumber/rottenCucumber (436).jpg,https://www.kaggle.com/datasets/muhriddinmuxiddinov/fruits-and-vegetables-dataset,2,publisher_fresh_rotten_folder+visual_review,none,not_annotated,0eba438f8c51b924d4d5dfd6e217792b21999c84c64e700038619d458eada3fa,cdd25028b53801e40b175c48bd7632c86d27c83ce3b2cf2010d71c39b4b79f0f,259,194,a56c1b9162a4bf6a,965a26c6c77efe7f,yes
cucumber_rotten_0196,train/N_rotten/cucumber_rotten_0196.jpg,cucumber_rotten,1,cucumber,rotten,not_subtyped,train,g0135,s0104,muhriddinmuxiddinov,Fruits_Vegetables_Dataset(12000)/Vegetables/RottenCucumber/rottenCucumber (462).jpg,https://www.kaggle.com/datasets/muhriddinmuxiddinov/fruits-and-vegetables-dataset,2,publisher_fresh_rotten_folder+visual_review,none,not_annotated,456c10d68d062adaa6cc2fa6c855cce8261f92419db060fc3798ea0dce1330d0,627f317b6a3dda01a375ef280babe5798347337bb51e784824b861be28b3fa13,100,100,cb912cb8fca2c1c7,595949494949696b,yes
cucumber_rotten_0197,valid/N_rotten/cucumber_rotten_0197.jpg,cucumber_rotten,1,cucumber,rotten,not_subtyped,val,g0136,s0105,muhriddinmuxiddinov,Fruits_Vegetables_Dataset(12000)/Vegetables/RottenCucumber/rottenCucumber (491).jpg,https://www.kaggle.com/datasets/muhriddinmuxiddinov/fruits-and-vegetables-dataset,2,publisher_fresh_rotten_folder+visual_review,none,not_annotated,37b8abf13e08fa6f3a493e0cf2bfca03c170b1f3e2561ddd9eb3b75ccb65f79c,f5ed9de555f85f3ef1dfeb27b045343dae6c43743dbd54394aac82fde81a7180,184,274,af7d1c9489621b9c,333255cffa4c2573,yes
cucumber_rotten_0199,train/N_rotten/cucumber_rotten_0199.jpg,cucumber_rotten,1,cucumber,rotten,not_subtyped,train,g0127,s0096,muhriddinmuxiddinov,Fruits_Vegetables_Dataset(12000)/Vegetables/RottenCucumber/rottenCucumber (515).jpg,https://www.kaggle.com/datasets/muhriddinmuxiddinov/fruits-and-vegetables-dataset,2,publisher_fresh_rotten_folder+visual_review,none,not_annotated,cec2d6f6e5918946c36ff3ddd39e0b05167aa410ac832bb831aa0c7c06e47bfc,966f453fa1beb04c70c0542044f1599f0a69a84fd3a9f95ab6bab89115688a3a,100,100,bb85d0d8d4d8c4dc,4b4b4b4949496929,yes
cucumber_rotten_0728,train/N_rotten/cucumber_rotten_0728.jpg,cucumber_rotten,1,cucumber,rotten,not_subtyped,train,g0112,s0082,muhriddinmuxiddinov,Fruits_Vegetables_Dataset(12000)/Vegetables/RottenCucumber/rottenCucumber (166).jpg,https://www.kaggle.com/datasets/muhriddinmuxiddinov/fruits-and-vegetables-dataset,2,publisher_fresh_rotten_folder+visual_review,none,not_annotated,b22bd5b5d6b8fd8360883f5060967cd0c41720e5500a95c4313fbbe5da5186ac,4325c13d915fe88a8005f63148dd5809ab698e8b1903f310d32cf765c1bff49d,204,146,82d27a3eb690d5c6,0d81e0fdf9328b6b,no
cucumber_rotten_0729,train/N_rotten/cucumber_rotten_0729.jpg,cucumber_rotten,1,cucumber,rotten,not_subtyped,train,g0095,s0001,muhriddinmuxiddinov,Fruits_Vegetables_Dataset(12000)/Vegetables/RottenCucumber/rottenCucumber (168).jpg,https://www.kaggle.com/datasets/muhriddinmuxiddinov/fruits-and-vegetables-dataset,2,publisher_fresh_rotten_folder+visual_review,none,not_annotated,ea1ddab53f8b4037351dde7499d55018bd10b19deb076e380b4580ef01ea6408,d5b80b0649c6d5a0d2946077ae0958f57fafb5b4eefe61011572aab044ba826b,1410,1029,fbd0952a54d52a9a,f0cef000012f7e60,no
cucumber_rotten_0730,train/N_rotten/cucumber_rotten_0730.jpg,cucumber_rotten,1,cucumber,rotten,not_subtyped,train,g0119,s0089,muhriddinmuxiddinov,Fruits_Vegetables_Dataset(12000)/Vegetables/RottenCucumber/rottenCucumber (171).jpg,https://www.kaggle.com/datasets/muhriddinmuxiddinov/fruits-and-vegetables-dataset,2,publisher_fresh_rotten_folder+visual_review,none,not_annotated,795bb928e73f9c7c503834bd7bbae161862f9119644fe1586c8ee351f745007d,f1acb989ce3ff570b0a124cbfdd1959f74ed903161c16da84b6b9b86ea300cd5,188,142,d7803fd08d33d827,b0c4c8f0c0800c30,no
cucumber_rotten_0731,test/N_rotten/cucumber_rotten_0731.jpg,cucumber_rotten,1,cucumber,rotten,not_subtyped,test,g0137,s0068,muhriddinmuxiddinov,Fruits_Vegetables_Dataset(12000)/Vegetables/RottenCucumber/rottenCucumber (174).jpg,https://www.kaggle.com/datasets/muhriddinmuxiddinov/fruits-and-vegetables-dataset,2,publisher_fresh_rotten_folder+visual_review,none,not_annotated,78d012359feaff0bd53a7f6b48deeea07935465b407b451f74f9fa29bf54898a,4cd85326c1708f0f4c3298172fa7e081d7957ca0ff8abc299453e204606fcb24,750,551,eab5d44a8261bd66,84397e43414101c1,no
cucumber_rotten_0732,train/N_rotten/cucumber_rotten_0732.jpg,cucumber_rotten,1,cucumber,rotten,not_subtyped,train,g0097,s0001,muhriddinmuxiddinov,Fruits_Vegetables_Dataset(12000)/Vegetables/RottenCucumber/rottenCucumber (262).jpg,https://www.kaggle.com/datasets/muhriddinmuxiddinov/fruits-and-vegetables-dataset,2,publisher_fresh_rotten_folder+visual_review,none,not_annotated,8aeed284241c1ab070c48f48d954ec5eed3e5d158a970d33937af0d56da351ae,9a6179510476f6fd1baa0f2429f05363a518967ca01d39048a589619380c27e9,390,280,ba6ac5943a6ac19d,0320031b3fb04196,no
cucumber_rotten_0733,train/N_rotten/cucumber_rotten_0733.jpg,cucumber_rotten,1,cucumber,rotten,not_subtyped,train,g0127,s0096,muhriddinmuxiddinov,Fruits_Vegetables_Dataset(12000)/Vegetables/RottenCucumber/rottenCucumber (264).jpg,https://www.kaggle.com/datasets/muhriddinmuxiddinov/fruits-and-vegetables-dataset,2,publisher_fresh_rotten_folder+visual_review,none,not_annotated,dda17a122a97deb510345a31e918dc05af2a7c514b74bb208ae0c2090d1a880f,286c8c05bdd7ead48d7bcae97777add7d11a0a02b38088075ec4ab4a4e656b50,211,238,aba7d078c47ac0ce,4b4b4b4949692929,no
cucumber_rotten_0734,train/N_rotten/cucumber_rotten_0734.jpg,cucumber_rotten,1,cucumber,rotten,not_subtyped,train,g0138,s0106,muhriddinmuxiddinov,Fruits_Vegetables_Dataset(12000)/Vegetables/RottenCucumber/rottenCucumber (266).jpg,https://www.kaggle.com/datasets/muhriddinmuxiddinov/fruits-and-vegetables-dataset,2,publisher_fresh_rotten_folder+visual_review,none,not_annotated,95d8d3de81010f29b22d2af5bbe1cd95fe71bd7a73d93888763a4c3095dbed7e,66cf597151e58793be74d96594dbd2ab3636095f4a943b2af05971635aa38b88,259,194,d797292c2271adc6,7e684c5cf4309050,no
cucumber_rotten_0735,train/N_rotten/cucumber_rotten_0735.jpg,cucumber_rotten,1,cucumber,rotten,not_subtyped,train,g0139,s0107,muhriddinmuxiddinov,Fruits_Vegetables_Dataset(12000)/Vegetables/RottenCucumber/rottenCucumber (268).jpg,https://www.kaggle.com/datasets/muhriddinmuxiddinov/fruits-and-vegetables-dataset,2,publisher_fresh_rotten_folder+visual_review,none,not_annotated,8ba38bb596c024375a3651b55d5e18d3792b1a976e8eb43c0bbf1dbaa41cbb50,e1a840599d4bfeb6c037828b4d88c0044597477533c8972cde5ff207bc905ba1,275,183,dbc98206dc31c3be,90230a1234c55f3c,no
cucumber_rotten_0736,valid/N_rotten/cucumber_rotten_0736.jpg,cucumber_rotten,1,cucumber,rotten,not_subtyped,val,g0140,s0108,muhriddinmuxiddinov,Fruits_Vegetables_Dataset(12000)/Vegetables/RottenCucumber/rottenCucumber (271).jpg,https://www.kaggle.com/datasets/muhriddinmuxiddinov/fruits-and-vegetables-dataset,2,publisher_fresh_rotten_folder+visual_review,none,not_annotated,dd421158ba69c2ba15052452ff26036a0d6343cdf365c474726a442f88e4b496,f6548f73290096630d0b611fa11f38dbc1579e4a0adc7637cc32ee076f943559,259,194,95ef6a92d99c9602,1943e732f8dcdcfb,no
cucumber_rotten_0737,train/N_rotten/cucumber_rotten_0737.jpg,cucumber_rotten,1,cucumber,rotten,not_subtyped,train,g0128,s0097,muhriddinmuxiddinov,Fruits_Vegetables_Dataset(12000)/Vegetables/RottenCucumber/rottenCucumber (275).jpg,https://www.kaggle.com/datasets/muhriddinmuxiddinov/fruits-and-vegetables-dataset,2,publisher_fresh_rotten_folder+visual_review,none,not_annotated,50d4145ac73f6ccdf7b6ed9fc6c69f5eff322ffcb62329af966886c8e6432447,9efa1f1efd854a81f6d08cb480d70383b927bda97c3b1324ea8c85bfe3854e60,183,275,b3e6cc3399893266,b14d8d9f8d8d8df2,no
cucumber_rotten_0738,valid/N_rotten/cucumber_rotten_0738.jpg,cucumber_rotten,1,cucumber,rotten,not_subtyped,val,g0141,s0109,muhriddinmuxiddinov,Fruits_Vegetables_Dataset(12000)/Vegetables/RottenCucumber/rottenCucumber (276).jpg,https://www.kaggle.com/datasets/muhriddinmuxiddinov/fruits-and-vegetables-dataset,2,publisher_fresh_rotten_folder+visual_review,none,not_annotated,d3bfe0ced0f36b6f11578b0f643899313493ef148b6d691400fefc237ca41a3c,04105a4bea46560985074fd692c27dac1196b1b133f626758ec9847fa6d0ef28,294,171,fe85815a4eb86cd1,0380372729291980,no
cucumber_rotten_0739,test/N_rotten/cucumber_rotten_0739.jpg,cucumber_rotten,1,cucumber,rotten,not_subtyped,test,g0142,s0110,muhriddinmuxiddinov,Fruits_Vegetables_Dataset(12000)/Vegetables/RottenCucumber/rottenCucumber (278).jpg,https://www.kaggle.com/datasets/muhriddinmuxiddinov/fruits-and-vegetables-dataset,2,publisher_fresh_rotten_folder+visual_review,none,not_annotated,28c198e2e3dcc1e24cdafc661f453659c73aa164aad83bf499388a6e3a0b3390,653b8f04eb8458a562ed7d415673e2d6b442236467040246ebe45fd0d86918c0,262,192,bf8190fe4ac26c8d,a07c635971371d23,no
cucumber_rotten_0740,train/N_rotten/cucumber_rotten_0740.jpg,cucumber_rotten,1,cucumber,rotten,not_subtyped,train,g0098,s0069,muhriddinmuxiddinov,Fruits_Vegetables_Dataset(12000)/Vegetables/RottenCucumber/rottenCucumber (281).jpg,https://www.kaggle.com/datasets/muhriddinmuxiddinov/fruits-and-vegetables-dataset,2,publisher_fresh_rotten_folder+visual_review,none,not_annotated,a69086737323c76810635be5a06c5861c035a642dfa50f1f5906645858df4d3c,2846e388e7f1362f8e4ab249c49838efac79bbc3083ad07208e5cfc6403c12bb,259,194,aab2d04ac3c997ce,8d2d3e4b69173383,no
cucumber_rotten_0741,valid/N_rotten/cucumber_rotten_0741.jpg,cucumber_rotten,1,cucumber,rotten,not_subtyped,val,g0143,s0111,muhriddinmuxiddinov,Fruits_Vegetables_Dataset(12000)/Vegetables/RottenCucumber/rottenCucumber (285).jpg,https://www.kaggle.com/datasets/muhriddinmuxiddinov/fruits-and-vegetables-dataset,2,publisher_fresh_rotten_folder+visual_review,none,not_annotated,944f516af30718d0d00075d082f6ea6272cbf7f7cd6b9a506c6ad8598e412f66,40f28940f80f6ec072fac867ee6922e2b1e5a3233f82821cbdd1e5855f611144,294,171,c03e2fc89ec11bb6,216c9c98d8d1d296,no
cucumber_rotten_0742,train/N_rotten/cucumber_rotten_0742.jpg,cucumber_rotten,1,cucumber,rotten,not_subtyped,train,g0095,s0001,muhriddinmuxiddinov,Fruits_Vegetables_Dataset(12000)/Vegetables/RottenCucumber/rottenCucumber (287).jpg,https://www.kaggle.com/datasets/muhriddinmuxiddinov/fruits-and-vegetables-dataset,2,publisher_fresh_rotten_folder+visual_review,none,not_annotated,6e615a1c90c0fd2e3455074ac481aea6e30f38e827f63fef7550f4379c59653f,723cb01e8911e8cdc850a051e7fcecd4e1add58db1d7541d35e9c076955562d1,262,192,aace94a95a9565ca,9ce10109db4ffeb3,no
cucumber_rotten_0743,train/N_rotten/cucumber_rotten_0743.jpg,cucumber_rotten,1,cucumber,rotten,not_subtyped,train,g0144,s0112,muhriddinmuxiddinov,Fruits_Vegetables_Dataset(12000)/Vegetables/RottenCucumber/rottenCucumber (288).jpg,https://www.kaggle.com/datasets/muhriddinmuxiddinov/fruits-and-vegetables-dataset,2,publisher_fresh_rotten_folder+visual_review,none,not_annotated,959a6e097f453f413cee2fdb1e067436e16afb11e933acc2bf0c5562fa716e5f,b6fee2f791e5210b2e99b360ee43bf45769fdca8bf83d08cdb0ea6db03adb849,275,183,eb42d4989f25b827,f181435373134762,no
cucumber_rotten_0744,train/N_rotten/cucumber_rotten_0744.jpg,cucumber_rotten,1,cucumber,rotten,not_subtyped,train,g0145,s0113,muhriddinmuxiddinov,Fruits_Vegetables_Dataset(12000)/Vegetables/RottenCucumber/rottenCucumber (29).jpg,https://www.kaggle.com/datasets/muhriddinmuxiddinov/fruits-and-vegetables-dataset,2,publisher_fresh_rotten_folder+visual_review,none,not_annotated,f041cfff5ea0eae0c0154d5ae0d7adb3aa1a770b2654f5cea814d5035d5bbe34,558b70a52495d128c9de8b26daf7dc479e5cb056a737d9f57c3d5e35c2191817,550,410,9ab7203baac4d754,f93b64655555d5a5,no
cucumber_rotten_0745,valid/N_rotten/cucumber_rotten_0745.jpg,cucumber_rotten,1,cucumber,rotten,not_subtyped,val,g0146,s0114,muhriddinmuxiddinov,Fruits_Vegetables_Dataset(12000)/Vegetables/RottenCucumber/rottenCucumber (292).jpg,https://www.kaggle.com/datasets/muhriddinmuxiddinov/fruits-and-vegetables-dataset,2,publisher_fresh_rotten_folder+visual_review,none,not_annotated,f88ddf1bd82cc6f457981ba559f44510927701d4c4bc5acc2cd2179ad141ccac,708ce90628d7cfdca450a6d568562d697a1e6abdf72220956069ba49c6cc0cc3,262,192,fbc9c0940fc731b8,40b01b413b0c4433,no
cucumber_rotten_0746,train/N_rotten/cucumber_rotten_0746.jpg,cucumber_rotten,1,cucumber,rotten,not_subtyped,train,g0104,s0075,muhriddinmuxiddinov,Fruits_Vegetables_Dataset(12000)/Vegetables/RottenCucumber/rottenCucumber (294).jpg,https://www.kaggle.com/datasets/muhriddinmuxiddinov/fruits-and-vegetables-dataset,2,publisher_fresh_rotten_folder+visual_review,none,not_annotated,1fc9d97277e7225b7246cf8bb177c8b8f3d0c896662d3df37cd2dce513821d9f,92e42458c70accacf0cb94fa859a0fe5d5baa0935914de7e06a25a193ace810f,305,165,bbc0d43d4bd035c3,2280333b5b1f3e00,no
cucumber_rotten_0747,train/N_rotten/cucumber_rotten_0747.jpg,cucumber_rotten,1,cucumber,rotten,not_subtyped,train,g0147,s0115,muhriddinmuxiddinov,Fruits_Vegetables_Dataset(12000)/Vegetables/RottenCucumber/rottenCucumber (295).jpg,https://www.kaggle.com/datasets/muhriddinmuxiddinov/fruits-and-vegetables-dataset,2,publisher_fresh_rotten_folder+visual_review,none,not_annotated,5ea4bbcfbdc23c95fb65ff13472e450ce801fec99057f9dfedcf28eadcd4b0cc,417f58335b9ec7626198eb18b3dc04c58a49e30bf9b3f3608b4d2058f2ae7b25,275,183,f8c39eb0e76c4912,965923479e993428,no
cucumber_rotten_0748,valid/N_rotten/cucumber_rotten_0748.jpg,cucumber_rotten,1,cucumber,rotten,not_subtyped,val,g0148,s0116,muhriddinmuxiddinov,Fruits_Vegetables_Dataset(12000)/Vegetables/RottenCucumber/rottenCucumber (299).jpg,https://www.kaggle.com/datasets/muhriddinmuxiddinov/fruits-and-vegetables-dataset,2,publisher_fresh_rotten_folder+visual_review,none,not_annotated,06a40973f668d6ff5a27dcab1f9e9db236f20e453adddbc2d6ac0355b02644db,6ea5cde7dc989fd14bcd2f4e92682bc79d4068fdedbac054c49e640f25e26392,275,183,faa585aa955652a9,880301010b0103c0,no
cucumber_rotten_0749,train/N_rotten/cucumber_rotten_0749.jpg,cucumber_rotten,1,cucumber,rotten,not_subtyped,train,g0149,s0117,muhriddinmuxiddinov,Fruits_Vegetables_Dataset(12000)/Vegetables/RottenCucumber/rottenCucumber (302).jpg,https://www.kaggle.com/datasets/muhriddinmuxiddinov/fruits-and-vegetables-dataset,2,publisher_fresh_rotten_folder+visual_review,none,not_annotated,be37976fe6052a6367eeca5bec3d2dcd5db857551fdd371e21d2a5142d968493,98d80981cf03c8e44906a574438be7a96374b46ffefe6cfbeb3ca90b0a82d6a5,269,188,c75ee056ef02c42b,ac5461e16aa4cb8b,no
cucumber_rotten_0750,test/N_rotten/cucumber_rotten_0750.jpg,cucumber_rotten,1,cucumber,rotten,not_subtyped,test,g0150,s0118,muhriddinmuxiddinov,Fruits_Vegetables_Dataset(12000)/Vegetables/RottenCucumber/rottenCucumber (313).jpg,https://www.kaggle.com/datasets/muhriddinmuxiddinov/fruits-and-vegetables-dataset,2,publisher_fresh_rotten_folder+visual_review,none,not_annotated,3d2fded965f89c525f49c9fa370dadd3245836933fbd6cfa80062d21bd82f9d1,66a5b767ba4a9b2e9a7b1722480d7e0b5b648b5e78bec560241c4a945dd837e3,275,183,ef94d02b0e3e6b90,28d42b2b2b2b2bd4,no
cucumber_rotten_0751,train/N_rotten/cucumber_rotten_0751.jpg,cucumber_rotten,1,cucumber,rotten,not_subtyped,train,g0151,s0119,muhriddinmuxiddinov,Fruits_Vegetables_Dataset(12000)/Vegetables/RottenCucumber/rottenCucumber (316).jpg,https://www.kaggle.com/datasets/muhriddinmuxiddinov/fruits-and-vegetables-dataset,2,publisher_fresh_rotten_folder+visual_review,none,not_annotated,1d7735328f7b37ebe566beb5095f234137853593a231a3632e5ee4c436bbd62d,54afefb72d35a74a01d8055e564397348099fef06fce08e48f4ce9c804dda0a9,275,183,ea94d03f234a94ed,41b0434103290383,no
cucumber_rotten_0752,train/N_rotten/cucumber_rotten_0752.jpg,cucumber_rotten,1,cucumber,rotten,not_subtyped,train,g0098,s0069,muhriddinmuxiddinov,Fruits_Vegetables_Dataset(12000)/Vegetables/RottenCucumber/rottenCucumber (318).jpg,https://www.kaggle.com/datasets/muhriddinmuxiddinov/fruits-and-vegetables-dataset,2,publisher_fresh_rotten_folder+visual_review,none,not_annotated,20e900b27a918294704c9d9dbe3d7b7ced79a7a65e317e2893d1630e9532b1ba,13b0bd367276ce01428415eb2862a67c2657491135c21497cb4e50ef0c41a32a,195,259,bb9607e994c343e2,263b3b3a1f131b33,no
cucumber_rotten_0753,test/N_rotten/cucumber_rotten_0753.jpg,cucumber_rotten,1,cucumber,rotten,not_subtyped,test,g0152,s0120,muhriddinmuxiddinov,Fruits_Vegetables_Dataset(12000)/Vegetables/RottenCucumber/rottenCucumber (319).jpg,https://www.kaggle.com/datasets/muhriddinmuxiddinov/fruits-and-vegetables-dataset,2,publisher_fresh_rotten_folder+visual_review,none,not_annotated,abf746972675742c8f8aee9b3ee34788864d6d2056561765e24e0de2752f2e14,76d69fcecaaf4d140139613a83c76677796c1628db2cdaa31d6c748fa3ee76ac,228,221,e4c51b9264cd7b94,020006068619000b,no
cucumber_rotten_0754,test/N_rotten/cucumber_rotten_0754.jpg,cucumber_rotten,1,cucumber,rotten,not_subtyped,test,g0153,s0121,muhriddinmuxiddinov,Fruits_Vegetables_Dataset(12000)/Vegetables/RottenCucumber/rottenCucumber (321).jpg,https://www.kaggle.com/datasets/muhriddinmuxiddinov/fruits-and-vegetables-dataset,2,publisher_fresh_rotten_folder+visual_review,none,not_annotated,048650f39cdbd1f123ef1ece2e688b864732e21b886a17d636887b184d823304,200402d64f60ef1b3a72874fc24e53bceb5a4b9c77003aad204b30594ebc643e,300,168,a0972e500ff85797,ffffffffde919f47,no
cucumber_rotten_0755,test/N_rotten/cucumber_rotten_0755.jpg,cucumber_rotten,1,cucumber,rotten,not_subtyped,test,g0154,s0122,muhriddinmuxiddinov,Fruits_Vegetables_Dataset(12000)/Vegetables/RottenCucumber/rottenCucumber (328).jpg,https://www.kaggle.com/datasets/muhriddinmuxiddinov/fruits-and-vegetables-dataset,2,publisher_fresh_rotten_folder+visual_review,none,not_annotated,95f1b5167d781aae3b34eb211e6217f26f838656dcb42915d3e77feac91e5274,fcde8243afd12e11abc2a0fa055e9a71bfb7da40eda0b3407589415688ef4c4a,275,183,b863c79c31634a37,1802831f3e310610,no
cucumber_rotten_0756,test/N_rotten/cucumber_rotten_0756.jpg,cucumber_rotten,1,cucumber,rotten,not_subtyped,test,g0155,s0123,muhriddinmuxiddinov,Fruits_Vegetables_Dataset(12000)/Vegetables/RottenCucumber/rottenCucumber (332).jpg,https://www.kaggle.com/datasets/muhriddinmuxiddinov/fruits-and-vegetables-dataset,2,publisher_fresh_rotten_folder+visual_review,none,not_annotated,befc58b7f5fafcc4971dcfb9a2210a0b1444b7d864e3b0f689fe9342a3db1dbe,9dd642d5222fba558d368d89212a45824064b5360c2ae1ba933fb809a0fbf3a4,262,192,ebe314975ac849ac,090e83190b070437,no
cucumber_rotten_0757,test/N_rotten/cucumber_rotten_0757.jpg,cucumber_rotten,1,cucumber,rotten,not_subtyped,test,g0156,s0124,muhriddinmuxiddinov,Fruits_Vegetables_Dataset(12000)/Vegetables/RottenCucumber/rottenCucumber (335).jpg,https://www.kaggle.com/datasets/muhriddinmuxiddinov/fruits-and-vegetables-dataset,2,publisher_fresh_rotten_folder+visual_review,none,not_annotated,ef390b90edece7f7c8cc2d8304e912a0c064b16561f7f0672181668d791ba0e1,9c7ad2e84ee046667ac269623a6ff0fcf90ab88bb77bf1d8f58aca84f1fb6f80,197,255,aab06d99b42c7b07,37252da7f79967c7,no
cucumber_rotten_0758,train/N_rotten/cucumber_rotten_0758.jpg,cucumber_rotten,1,cucumber,rotten,not_subtyped,train,g0157,s0125,muhriddinmuxiddinov,Fruits_Vegetables_Dataset(12000)/Vegetables/RottenCucumber/rottenCucumber (337).jpg,https://www.kaggle.com/datasets/muhriddinmuxiddinov/fruits-and-vegetables-dataset,2,publisher_fresh_rotten_folder+visual_review,none,not_annotated,f283a5222e84b79c7ad014ecbe1fb32107edb13415b98be33a4ea5bc4a4f9d82,16bbdf36afa3d4b7f8bbc7841edb5ad5f3b0e52d59a8ec9979e0e2f9234588f7,250,202,e999a426b417b65a,0e1370fad34fcb96,no
cucumber_rotten_0759,train/N_rotten/cucumber_rotten_0759.jpg,cucumber_rotten,1,cucumber,rotten,not_subtyped,train,g0102,s0073,muhriddinmuxiddinov,Fruits_Vegetables_Dataset(12000)/Vegetables/RottenCucumber/rottenCucumber (338).jpg,https://www.kaggle.com/datasets/muhriddinmuxiddinov/fruits-and-vegetables-dataset,2,publisher_fresh_rotten_folder+visual_review,none,not_annotated,69d8253b01fd89576ea0cd537fa083b43b0e1a886d9abc078d746d7c59738ab5,dd790af296c47d4ab728dbbd2c557e5d3a764c1913959fae05cbf2112f635f2a,266,189,f9c2247dd8b441b3,9aebdbb039121627,no
cucumber_rotten_0760,valid/N_rotten/cucumber_rotten_0760.jpg,cucumber_rotten,1,cucumber,rotten,not_subtyped,val,g0158,s0126,muhriddinmuxiddinov,Fruits_Vegetables_Dataset(12000)/Vegetables/RottenCucumber/rottenCucumber (351).jpg,https://www.kaggle.com/datasets/muhriddinmuxiddinov/fruits-and-vegetables-dataset,2,publisher_fresh_rotten_folder+visual_review,none,not_annotated,9d21b8af5769e08b76d7907ef888db78494c450133d474523c280a537a5c0818,c3968a92d27081a056ad022dfb55ff3fe69b34830366d318c50a458a161cc37a,259,194,9842353ed1356e2f,9cd9ebd9d93b363a,no
cucumber_rotten_0761,valid/N_rotten/cucumber_rotten_0761.jpg,cucumber_rotten,1,cucumber,rotten,not_subtyped,val,g0159,s0127,muhriddinmuxiddinov,Fruits_Vegetables_Dataset(12000)/Vegetables/RottenCucumber/rottenCucumber (354).jpg,https://www.kaggle.com/datasets/muhriddinmuxiddinov/fruits-and-vegetables-dataset,2,publisher_fresh_rotten_folder+visual_review,none,not_annotated,d3ed1a0a304baafd7a4e23ff8db0efc5e1737764ab3e4e04499c33a94f55d8fb,9abe63cb24acd5e893800e81b4ff3f51676d5d5500776b93845dfcfae9f20158,275,183,ed9a9265699b9434,0001000b07062904,no
cucumber_rotten_0762,train/N_rotten/cucumber_rotten_0762.jpg,cucumber_rotten,1,cucumber,rotten,not_subtyped,train,g0105,s0076,muhriddinmuxiddinov,Fruits_Vegetables_Dataset(12000)/Vegetables/RottenCucumber/rottenCucumber (359).JPG,https://www.kaggle.com/datasets/muhriddinmuxiddinov/fruits-and-vegetables-dataset,2,publisher_fresh_rotten_folder+visual_review,none,not_annotated,dee061739e994b7fafe1cfd41a7daf559337d14801bc9758907fe44ce93de72e,878a5d89b30ccd2c3585b078fdcbb166981c0daa477406a3eba44cbd24ef4a0f,4032,3024,e880853a7ae1b5cf,8088860321370200,no
cucumber_rotten_0763,train/N_rotten/cucumber_rotten_0763.jpg,cucumber_rotten,1,cucumber,rotten,not_subtyped,train,g0105,s0076,muhriddinmuxiddinov,Fruits_Vegetables_Dataset(12000)/Vegetables/RottenCucumber/rottenCucumber (361).JPG,https://www.kaggle.com/datasets/muhriddinmuxiddinov/fruits-and-vegetables-dataset,2,publisher_fresh_rotten_folder+visual_review,none,not_annotated,e2ae58533b21e741e124ea7605c5bc5f0efe4ae5c66f24c9f3101f6faaec079f,49b7b253d81247fdd7df8b52d9aa5b8893adf96d1acaaa084c8250fbe87e3f47,4032,3024,eae09497fc587262,20c78133075e7240,no
cucumber_rotten_0764,train/N_rotten/cucumber_rotten_0764.jpg,cucumber_rotten,1,cucumber,rotten,not_subtyped,train,g0105,s0076,muhriddinmuxiddinov,Fruits_Vegetables_Dataset(12000)/Vegetables/RottenCucumber/rottenCucumber (363).JPG,https://www.kaggle.com/datasets/muhriddinmuxiddinov/fruits-and-vegetables-dataset,2,publisher_fresh_rotten_folder+visual_review,none,not_annotated,3855072c91675b2e6f5f69a28fb24dfa5ca833103f423954cf0e080da04fb890,7918193bc3a6d21fb3530242566c733c1475b2bc13578c7d3f672b4205a6b7b9,3024,4032,a7d0d44edacc9949,e48ececf4f0fc6c6,no
cucumber_rotten_0765,train/N_rotten/cucumber_rotten_0765.jpg,cucumber_rotten,1,cucumber,rotten,not_subtyped,train,g0105,s0076,muhriddinmuxiddinov,Fruits_Vegetables_Dataset(12000)/Vegetables/RottenCucumber/rottenCucumber (364).JPG,https://www.kaggle.com/datasets/muhriddinmuxiddinov/fruits-and-vegetables-dataset,2,publisher_fresh_rotten_folder+visual_review,none,not_annotated,e6d24cdfdbee2e60024edbbfc8f41498c6b50a812161a01fdc7faf21406f1ac9,c752c28591e766c6bffd51465d7957f136f081501c6da5e66775fbe9a7d4d71b,3024,4032,ea9695d292c9926d,6c67632323031317,no
cucumber_rotten_0766,train/N_rotten/cucumber_rotten_0766.jpg,cucumber_rotten,1,cucumber,rotten,not_subtyped,train,g0160,s0076,muhriddinmuxiddinov,Fruits_Vegetables_Dataset(12000)/Vegetables/RottenCucumber/rottenCucumber (366).JPG,https://www.kaggle.com/datasets/muhriddinmuxiddinov/fruits-and-vegetables-dataset,2,publisher_fresh_rotten_folder+visual_review,none,not_annotated,342a7b235e6e0a3c21dfd57c688a8877b3d05e5d6829bf31a3d4817358a7f4c4,24f9e676275dc92542e2c5cf25a71d04ef6fb2d38bbeeea14c78d115a512fa89,3024,4032,f8b1ca638d46964d,9a9f1d17130f07e3,no
cucumber_rotten_0767,train/N_rotten/cucumber_rotten_0767.jpg,cucumber_rotten,1,cucumber,rotten,not_subtyped,train,g0105,s0076,muhriddinmuxiddinov,Fruits_Vegetables_Dataset(12000)/Vegetables/RottenCucumber/rottenCucumber (368).JPG,https://www.kaggle.com/datasets/muhriddinmuxiddinov/fruits-and-vegetables-dataset,2,publisher_fresh_rotten_folder+visual_review,none,not_annotated,d7585e044179620203de179e67fa612f31469b555c1ec69042c6769e35b97007,a3c5f3f139943e72a0fabd43883fb1c863c9fcfea6d9a682c34aa684e0a86901,3024,4032,b3d1ce46d94cd44a,c88c9f9e8b0f0f0f,no
cucumber_rotten_0768,train/N_rotten/cucumber_rotten_0768.jpg,cucumber_rotten,1,cucumber,rotten,not_subtyped,train,g0105,s0076,muhriddinmuxiddinov,Fruits_Vegetables_Dataset(12000)/Vegetables/RottenCucumber/rottenCucumber (371).JPG,https://www.kaggle.com/datasets/muhriddinmuxiddinov/fruits-and-vegetables-dataset,2,publisher_fresh_rotten_folder+visual_review,none,not_annotated,0576dcd0eafc402d36ab043db1868bc3bbf4b5313f22c8195daca74f57e4b167,9d06d80c61c3463aec9fdaca2adf8c945a165efa20ea598d77913200ef25b885,3024,4032,e696cc69934892db,a4060e8e0e0783e3,no
cucumber_rotten_0769,train/N_rotten/cucumber_rotten_0769.jpg,cucumber_rotten,1,cucumber,rotten,not_subtyped,train,g0105,s0076,muhriddinmuxiddinov,Fruits_Vegetables_Dataset(12000)/Vegetables/RottenCucumber/rottenCucumber (373).JPG,https://www.kaggle.com/datasets/muhriddinmuxiddinov/fruits-and-vegetables-dataset,2,publisher_fresh_rotten_folder+visual_review,none,not_annotated,78285c39c45bb03887ed949c6fc8723a840c4456961182135306c4d48e8831f3,37efbddad34658169f2a5b30fc492d202c57eeb0d33ee23f56d835c132197af0,3024,4032,a3c69cdac94c9999,edcf4f4b0b090f17,no
cucumber_rotten_0770,train/N_rotten/cucumber_rotten_0770.jpg,cucumber_rotten,1,cucumber,rotten,not_subtyped,train,g0105,s0076,muhriddinmuxiddinov,Fruits_Vegetables_Dataset(12000)/Vegetables/RottenCucumber/rottenCucumber (375).JPG,https://www.kaggle.com/datasets/muhriddinmuxiddinov/fruits-and-vegetables-dataset,2,publisher_fresh_rotten_folder+visual_review,none,not_annotated,12f7cc39abffbeb2ad11c128cbdadfd4fc426742c5df70c397a640623b84ce7c,f2eec749093ac40a94456ed88331e0dab955ca0c45cae4798dd3ee25b29067b6,3024,4032,adc992b69e66cc21,b8b3232727464f5f,no
cucumber_rotten_0771,train/N_rotten/cucumber_rotten_0771.jpg,cucumber_rotten,1,cucumber,rotten,not_subtyped,train,g0105,s0076,muhriddinmuxiddinov,Fruits_Vegetables_Dataset(12000)/Vegetables/RottenCucumber/rottenCucumber (376).JPG,https://www.kaggle.com/datasets/muhriddinmuxiddinov/fruits-and-vegetables-dataset,2,publisher_fresh_rotten_folder+visual_review,none,not_annotated,9bd4cafeed94a9af1897891b6e82ddfd134b16b62061ecd85efa1e87bcabe0d6,55740b5f7f5125adaa844569ba9ac3c03d807e5335bd2a07aa4704f257a5b79f,3024,4032,a6c69b99cc638933,f4cccf4717169fdf,no
cucumber_rotten_0772,train/N_rotten/cucumber_rotten_0772.jpg,cucumber_rotten,1,cucumber,rotten,not_subtyped,train,g0105,s0076,muhriddinmuxiddinov,Fruits_Vegetables_Dataset(12000)/Vegetables/RottenCucumber/rottenCucumber (380).JPG,https://www.kaggle.com/datasets/muhriddinmuxiddinov/fruits-and-vegetables-dataset,2,publisher_fresh_rotten_folder+visual_review,none,not_annotated,9480f017a1626ca5cb9f6a5c120b1b1f6a46850699e8d0a3942f660eaee2fef5,c52b6bd2b6f5289f36abd03d6414d050b916c8fdc3ad2b6a97088e8e19823a2e,3024,4032,b0f38b8ec3d98c64,cf9f9f9f8dafbfff,no
cucumber_rotten_0773,train/N_rotten/cucumber_rotten_0773.jpg,cucumber_rotten,1,cucumber,rotten,not_subtyped,train,g0161,s0076,muhriddinmuxiddinov,Fruits_Vegetables_Dataset(12000)/Vegetables/RottenCucumber/rottenCucumber (382).JPG,https://www.kaggle.com/datasets/muhriddinmuxiddinov/fruits-and-vegetables-dataset,2,publisher_fresh_rotten_folder+visual_review,none,not_annotated,8eaa873307eadf7217276d8c6bc43fc7d26d3c54e014ec787cf23afcde401af4,6720f5ad1a181ec631ec4e8fbfec0a9e3e4263c1c509e25dba76d9abe827e1d7,4032,3024,aa3085c74fdc3927,df9f1f394f1fe7e7,no
cucumber_rotten_0774,train/N_rotten/cucumber_rotten_0774.jpg,cucumber_rotten,1,cucumber,rotten,not_subtyped,train,g0161,s0076,muhriddinmuxiddinov,Fruits_Vegetables_Dataset(12000)/Vegetables/RottenCucumber/rottenCucumber (383).JPG,https://www.kaggle.com/datasets/muhriddinmuxiddinov/fruits-and-vegetables-dataset,2,publisher_fresh_rotten_folder+visual_review,none,not_annotated,e9d921cdb98cf9e4617c55f17f5f700dafcdff9031a665194397d8f702c8a784,c632de2e58ce3801666eee05d393b3810bbba0515c4a186638ca7eab6c6200c0,4032,3024,ab7ed4a043ce1c39,9b1f3d55dfbfe7c7,no
cucumber_rotten_0775,train/N_rotten/cucumber_rotten_0775.jpg,cucumber_rotten,1,cucumber,rotten,not_subtyped,train,g0105,s0076,muhriddinmuxiddinov,Fruits_Vegetables_Dataset(12000)/Vegetables/RottenCucumber/rottenCucumber (385).JPG,https://www.kaggle.com/datasets/muhriddinmuxiddinov/fruits-and-vegetables-dataset,2,publisher_fresh_rotten_folder+visual_review,none,not_annotated,40beafc1b0385edc5402384658755ff861c015f63099b9123709cdc1acc0d6c7,a8f37ce0f0f7f6809ff7fff1601126ff3ba16be8c00ccecdccb0748a9a27a5f7,4032,3024,abc4d42b639ec0b3,f8fe3b2b4b337b1b,no
cucumber_rotten_0776,train/N_rotten/cucumber_rotten_0776.jpg,cucumber_rotten,1,cucumber,rotten,not_subtyped,train,g0105,s0076,muhriddinmuxiddinov,Fruits_Vegetables_Dataset(12000)/Vegetables/RottenCucumber/rottenCucumber (387).JPG,https://www.kaggle.com/datasets/muhriddinmuxiddinov/fruits-and-vegetables-dataset,2,publisher_fresh_rotten_folder+visual_review,none,not_annotated,4f37036d4f907704e0e8f6b0806db797cf8744f8b0d4e224c2c817cb6760759e,5056a3ea5015158d788c500b685de3589d2fadaf60591948254c119862b50d91,4032,3024,be55d0d05e6ea9a0,74c423673fbf9fd7,no
cucumber_rotten_0777,valid/N_rotten/cucumber_rotten_0777.jpg,cucumber_rotten,1,cucumber,rotten,not_subtyped,val,g0162,s0128,muhriddinmuxiddinov,Fruits_Vegetables_Dataset(12000)/Vegetables/RottenCucumber/rottenCucumber (395).jpg,https://www.kaggle.com/datasets/muhriddinmuxiddinov/fruits-and-vegetables-dataset,2,publisher_fresh_rotten_folder+visual_review,none,not_annotated,dff823b9e99179cd208bede4617ac8a7cffb6b1f5fc8398b961814959f9069a0,d43ab67e9e23bb6d1aabc2769e6f2ee60fdd4fccba70c43181212824de479862,412,280,ed96d2c91e9d6190,3006063f0707421c,no
cucumber_rotten_0778,train/N_rotten/cucumber_rotten_0778.jpg,cucumber_rotten,1,cucumber,rotten,not_subtyped,train,g0139,s0107,muhriddinmuxiddinov,Fruits_Vegetables_Dataset(12000)/Vegetables/RottenCucumber/rottenCucumber (397).jpg,https://www.kaggle.com/datasets/muhriddinmuxiddinov/fruits-and-vegetables-dataset,2,publisher_fresh_rotten_folder+visual_review,none,not_annotated,35d1df8e565089619d93653e5f48815a0b379aea682ed08c0641dfbd7089bafb,7e028a61f03392ce7a34e9016b3d5ee6152e4b3bc69b0f1caf94da1948a9ef4a,390,280,d9d9a206dcb92396,90031a3264cf7f96,no
cucumber_rotten_0779,test/N_rotten/cucumber_rotten_0779.jpg,cucumber_rotten,1,cucumber,rotten,not_subtyped,test,g0163,s0129,muhriddinmuxiddinov,Fruits_Vegetables_Dataset(12000)/Vegetables/RottenCucumber/rottenCucumber (401).jpg,https://www.kaggle.com/datasets/muhriddinmuxiddinov/fruits-and-vegetables-dataset,2,publisher_fresh_rotten_folder+visual_review,none,not_annotated,496d814fc609b2588a698a12d3e6037168ff78deefebd79057f0fef40559b754,1ce565ff056b27ef2dbc954d7571ddbdff3fedc521372954c5d78fd1b0350cf1,390,280,b438dbc3640d8fc6,101c2e0606260616,no
cucumber_rotten_0780,train/N_rotten/cucumber_rotten_0780.jpg,cucumber_rotten,1,cucumber,rotten,not_subtyped,train,g0096,s0068,muhriddinmuxiddinov,Fruits_Vegetables_Dataset(12000)/Vegetables/RottenCucumber/rottenCucumber (402).jpg,https://www.kaggle.com/datasets/muhriddinmuxiddinov/fruits-and-vegetables-dataset,2,publisher_fresh_rotten_folder+visual_review,none,not_annotated,faf27b3636fa0f79fd143efb9988af1152a42863c3a747c61484758d8e306806,e05379253b5f105ce3c5c152e683e914d426f271a20a504ab616e7f51c648a50,390,280,bd3dc0c0071f1ef8,0007377717313396,no
cucumber_rotten_0781,test/N_rotten/cucumber_rotten_0781.jpg,cucumber_rotten,1,cucumber,rotten,not_subtyped,test,g0164,s0130,muhriddinmuxiddinov,Fruits_Vegetables_Dataset(12000)/Vegetables/RottenCucumber/rottenCucumber (404).jpg,https://www.kaggle.com/datasets/muhriddinmuxiddinov/fruits-and-vegetables-dataset,2,publisher_fresh_rotten_folder+visual_review,none,not_annotated,bcd256400f321b9f31c1d11b8524f0e50185bb629f5da355cc29a5b8593164e4,db8774e33e8e65f06f29f7dbf5a0bf4a3cad96be7c3bd91824bb026962b63c4b,346,280,e1329ecf693086c7,0e008e9f96002296,no
cucumber_rotten_0782,test/N_rotten/cucumber_rotten_0782.jpg,cucumber_rotten,1,cucumber,rotten,not_subtyped,test,g0165,s0131,muhriddinmuxiddinov,Fruits_Vegetables_Dataset(12000)/Vegetables/RottenCucumber/rottenCucumber (407).jpg,https://www.kaggle.com/datasets/muhriddinmuxiddinov/fruits-and-vegetables-dataset,2,publisher_fresh_rotten_folder+visual_review,none,not_annotated,a34a58d78ad5e3c7854e565b1876b4ab30edd9b25f27770f90868ced3247ee78,1a9f273dc5d0c4a4238f684ad2aa86c11d939b9468b180714c0b313fa9a6a7a1,390,280,a606d919643b9b73,f36dccccc6583996,no
cucumber_rotten_0783,train/N_rotten/cucumber_rotten_0783.jpg,cucumber_rotten,1,cucumber,rotten,not_subtyped,train,g0130,s0099,muhriddinmuxiddinov,Fruits_Vegetables_Dataset(12000)/Vegetables/RottenCucumber/rottenCucumber (409).jpg,https://www.kaggle.com/datasets/muhriddinmuxiddinov/fruits-and-vegetables-dataset,2,publisher_fresh_rotten_folder+visual_review,none,not_annotated,d550af15ed91a9a83b14e7c4aad40d7e90925c584f4cdc19b4192a088698a3e3,9fb8187099b52cc3ccb848cb2b294821b0c300e2100d414943651954355003dc,387,280,ba6ac436f119dd06,0d4d1919297bab9e,no
cucumber_rotten_0784,valid/N_rotten/cucumber_rotten_0784.jpg,cucumber_rotten,1,cucumber,rotten,not_subtyped,val,g0166,s0132,muhriddinmuxiddinov,Fruits_Vegetables_Dataset(12000)/Vegetables/RottenCucumber/rottenCucumber (411).jpg,https://www.kaggle.com/datasets/muhriddinmuxiddinov/fruits-and-vegetables-dataset,2,publisher_fresh_rotten_folder+visual_review,none,not_annotated,fe9ba0457335848d459ce61de8002be2ee70fea413f68be31beed56d850f0d64,926a628b6b8718a74aff830ed3b604ab305eb2b5022786822058c7f4e8eacef9,390,280,a381960ef94bed32,f0ecced30f654dd4,no
cucumber_rotten_0785,valid/N_rotten/cucumber_rotten_0785.jpg,cucumber_rotten,1,cucumber,rotten,not_subtyped,val,g0167,s0133,muhriddinmuxiddinov,Fruits_Vegetables_Dataset(12000)/Vegetables/RottenCucumber/rottenCucumber (423).jpg,https://www.kaggle.com/datasets/muhriddinmuxiddinov/fruits-and-vegetables-dataset,2,publisher_fresh_rotten_folder+visual_review,none,not_annotated,6655e5418719e600e58fead8a704f037e346526fe368e00643ccd3f8b5317bab,0f2ffd836c920bba0d1274f07c19c36968a6d14c2b9b755e2ea4cd7118c96a9a,390,280,ecc993b66cc99226,0308132327242396,no
cucumber_rotten_0786,test/N_rotten/cucumber_rotten_0786.jpg,cucumber_rotten,1,cucumber,rotten,not_subtyped,test,g0168,s0134,muhriddinmuxiddinov,Fruits_Vegetables_Dataset(12000)/Vegetables/RottenCucumber/rottenCucumber (433).jpg,https://www.kaggle.com/datasets/muhriddinmuxiddinov/fruits-and-vegetables-dataset,2,publisher_fresh_rotten_folder+visual_review,none,not_annotated,e776b2c8542308312793788875d1e778efa2a50599bf248c4d121093f4e66ee6,26ad65da052aabff0cbd32c3b177ae6800c3a94412ffc0c402d5569916d48ec5,252,200,f803a34f8577d170,4b919d8ab0392b1e,no
cucumber_rotten_0787,test/N_rotten/cucumber_rotten_0787.jpg,cucumber_rotten,1,cucumber,rotten,not_subtyped,test,g0169,s0135,muhriddinmuxiddinov,Fruits_Vegetables_Dataset(12000)/Vegetables/RottenCucumber/rottenCucumber (435).jpg,https://www.kaggle.com/datasets/muhriddinmuxiddinov/fruits-and-vegetables-dataset,2,publisher_fresh_rotten_folder+visual_review,none,not_annotated,ba655965a722c8206c874f6d7ecab9a6778590ad6185c183b38132dcaeb4edb7,1559f281f3030f0b8dcf908919e38fcd178443e74043fc51e56654594363eec7,265,190,eb4b9a92b725b504,881323470f9e1096,no
cucumber_rotten_0788,train/N_rotten/cucumber_rotten_0788.jpg,cucumber_rotten,1,cucumber,rotten,not_subtyped,train,g0127,s0096,muhriddinmuxiddinov,Fruits_Vegetables_Dataset(12000)/Vegetables/RottenCucumber/rottenCucumber (437).jpg,https://www.kaggle.com/datasets/muhriddinmuxiddinov/fruits-and-vegetables-dataset,2,publisher_fresh_rotten_folder+visual_review,none,not_annotated,54d2fde496d2d1db541d1066b6051258b38e14ef109762260d1b7df594956144,475059276ff7ad1eef83ba1c19cf6d2b61196461a6c6543c64fa869ef43ac881,238,212,afae94b4c09e1f90,20077b4307373b86,no
cucumber_rotten_0789,valid/N_rotten/cucumber_rotten_0789.jpg,cucumber_rotten,1,cucumber,rotten,not_subtyped,val,g0170,s0136,muhriddinmuxiddinov,Fruits_Vegetables_Dataset(12000)/Vegetables/RottenCucumber/rottenCucumber (439).jpg,https://www.kaggle.com/datasets/muhriddinmuxiddinov/fruits-and-vegetables-dataset,2,publisher_fresh_rotten_folder+visual_review,none,not_annotated,58c42efa29cec4905d3cb48255f5d504e30cf664814cec74434f87f696191bc9,6fb07ad818182a0feb066739a75d3ac91353e4a912939a660f91ddc203865293,273,185,db48649647d95c9c,97a3315969391d8f,no
cucumber_rotten_0790,train/N_rotten/cucumber_rotten_0790.jpg,cucumber_rotten,1,cucumber,rotten,not_subtyped,train,g0171,s0137,muhriddinmuxiddinov,Fruits_Vegetables_Dataset(12000)/Vegetables/RottenCucumber/rottenCucumber (440).jpg,https://www.kaggle.com/datasets/muhriddinmuxiddinov/fruits-and-vegetables-dataset,2,publisher_fresh_rotten_folder+visual_review,none,not_annotated,f1c8ba074798672489129f0aad1d3ced096f35a45b20d5dfa8faa298cb721fb5,a9768f47f62ce618b7f851e230eb3d30f7512043930c3f14ada3c996bf17b125,262,193,e86b9794646b9a94,03100303071087f1,no
cucumber_rotten_0791,test/N_rotten/cucumber_rotten_0791.jpg,cucumber_rotten,1,cucumber,rotten,not_subtyped,test,g0172,s0138,muhriddinmuxiddinov,Fruits_Vegetables_Dataset(12000)/Vegetables/RottenCucumber/rottenCucumber (442).jpg,https://www.kaggle.com/datasets/muhriddinmuxiddinov/fruits-and-vegetables-dataset,2,publisher_fresh_rotten_folder+visual_review,none,not_annotated,a22ada07c0a5696391319ffcef39ea3cdaf4520cb8a09a69f5d5c7b201bdebfa,03bf84666274152f6041cc1eed29884ba76a9bd71bb2f4468bdc14a150d59990,259,194,dfbd280b52e48d1a,1b53374c1973e5b0,no
cucumber_rotten_0792,valid/N_rotten/cucumber_rotten_0792.jpg,cucumber_rotten,1,cucumber,rotten,not_subtyped,val,g0173,s0066,muhriddinmuxiddinov,Fruits_Vegetables_Dataset(12000)/Vegetables/RottenCucumber/rottenCucumber (45).jpg,https://www.kaggle.com/datasets/muhriddinmuxiddinov/fruits-and-vegetables-dataset,2,publisher_fresh_rotten_folder+visual_review,none,not_annotated,5e70dfab20d010acf8d83100051397b35db0de1471818c856a1a921af39a4f04,50ce193619aadfc9fdd03f1df229eaba10e9bafffaf5dc85747d631d41c4539b,859,536,fe84a50bd11c8a77,008204a808312400,no
cucumber_rotten_0793,train/N_rotten/cucumber_rotten_0793.jpg,cucumber_rotten,1,cucumber,rotten,not_subtyped,train,g0174,s0139,muhriddinmuxiddinov,Fruits_Vegetables_Dataset(12000)/Vegetables/RottenCucumber/rottenCucumber (459).jpg,https://www.kaggle.com/datasets/muhriddinmuxiddinov/fruits-and-vegetables-dataset,2,publisher_fresh_rotten_folder+visual_review,none,not_annotated,d1d0310118bb747bea65f3aa0249c0c03ca7f575c311d148b9f3c0e7ba7cb3a8,2c840a54d3b982476972a061b82201f877362a73027eac3b2e595be5e0fd1a2d,100,100,814f5eb178976d88,f2e2e3d99fdeccba,no
cucumber_rotten_0794,test/N_rotten/cucumber_rotten_0794.jpg,cucumber_rotten,1,cucumber,rotten,not_subtyped,test,g0175,s0140,muhriddinmuxiddinov,Fruits_Vegetables_Dataset(12000)/Vegetables/RottenCucumber/rottenCucumber (464).jpg,https://www.kaggle.com/datasets/muhriddinmuxiddinov/fruits-and-vegetables-dataset,2,publisher_fresh_rotten_folder+visual_review,none,not_annotated,83ada4c0d18e9e6fdc67c4ec9cf178c0f620339ea1864989c7db599da3630c76,1ba1e5fb6c31340ea392802075480bcee1b365a0a367f69a977967c87f7ae3bc,100,100,9f8fc078de172154,e0f0ea793193e8c4,no
cucumber_rotten_0795,train/N_rotten/cucumber_rotten_0795.jpg,cucumber_rotten,1,cucumber,rotten,not_subtyped,train,g0095,s0001,muhriddinmuxiddinov,Fruits_Vegetables_Dataset(12000)/Vegetables/RottenCucumber/rottenCucumber (47).jpg,https://www.kaggle.com/datasets/muhriddinmuxiddinov/fruits-and-vegetables-dataset,2,publisher_fresh_rotten_folder+visual_review,none,not_annotated,cde6f5d2a6ed4e1006cdcc37155a0ee4297b9dbc920aafe4a77b355912cbf9b4,a1651f4680c1be2c0e03a1ca61320a40e7a0e7ab39a5e86873b1e8c4ffb45827,1416,1033,bab4ce67e10bb00b,a830389e8f0f7161,no
cucumber_rotten_0796,train/N_rotten/cucumber_rotten_0796.jpg,cucumber_rotten,1,cucumber,rotten,not_subtyped,train,g0095,s0001,muhriddinmuxiddinov,Fruits_Vegetables_Dataset(12000)/Vegetables/RottenCucumber/rottenCucumber (485).jpg,https://www.kaggle.com/datasets/muhriddinmuxiddinov/fruits-and-vegetables-dataset,2,publisher_fresh_rotten_folder+visual_review,none,not_annotated,72408fe65e77d29b2388c0e81382f4dd885523ef5471b32641993505a836ff37,19eefb7194c17b5b0ee0e8429f880100891e0d5a4dc362c597c40b38fe641fbf,265,190,afc8943761ca1b35,e0bce3830f3c7396,no
cucumber_rotten_0797,valid/N_rotten/cucumber_rotten_0797.jpg,cucumber_rotten,1,cucumber,rotten,not_subtyped,val,g0176,s0141,muhriddinmuxiddinov,Fruits_Vegetables_Dataset(12000)/Vegetables/RottenCucumber/rottenCucumber (50).jpg,https://www.kaggle.com/datasets/muhriddinmuxiddinov/fruits-and-vegetables-dataset,2,publisher_fresh_rotten_folder+visual_review,none,not_annotated,dfc0dcddaabf76c2d16b520a0e3599b63ba137b7212ba45e50107e9f25159e40,99446d1bdd287a2d2bb18395c3c5ebbffecfe4c059e3f0c0a7a6ab30091511fc,574,393,86e97e13a497b231,c461ede4e64d6c6c,no
cucumber_rotten_0798,test/N_rotten/cucumber_rotten_0798.jpg,cucumber_rotten,1,cucumber,rotten,not_subtyped,test,g0177,s0142,muhriddinmuxiddinov,Fruits_Vegetables_Dataset(12000)/Vegetables/RottenCucumber/rottenCucumber (501).jpg,https://www.kaggle.com/datasets/muhriddinmuxiddinov/fruits-and-vegetables-dataset,2,publisher_fresh_rotten_folder+visual_review,none,not_annotated,b9cd07e96702e1e0e15e8aaac4f0f360daa5289ae05e0115c68fbe7dbf666f5f,d935d672a9624443f1e5290440359bffe12cf311edea13785cdb434f79c9cdee,259,194,935966a5df311827,189099d86adbcded,no
cucumber_rotten_0799,train/N_rotten/cucumber_rotten_0799.jpg,cucumber_rotten,1,cucumber,rotten,not_subtyped,train,g0178,s0143,muhriddinmuxiddinov,Fruits_Vegetables_Dataset(12000)/Vegetables/RottenCucumber/rottenCucumber (509).jpg,https://www.kaggle.com/datasets/muhriddinmuxiddinov/fruits-and-vegetables-dataset,2,publisher_fresh_rotten_folder+visual_review,none,not_annotated,b2f5d54c770e7a552889af1a5c4f1cc96c6806b3b64d5e63246942f1429086cd,08620510939f5ceda10f3f6dbb1fbada2ef0b1eb5bdfeb4ac34068753d9d9dcb,275,183,eb94946b6e94c14b,0021002f03430003,no
cucumber_rotten_0800,train/N_rotten/cucumber_rotten_0800.jpg,cucumber_rotten,1,cucumber,rotten,not_subtyped,train,g0119,s0089,muhriddinmuxiddinov,Fruits_Vegetables_Dataset(12000)/Vegetables/RottenCucumber/rottenCucumber (511).jpg,https://www.kaggle.com/datasets/muhriddinmuxiddinov/fruits-and-vegetables-dataset,2,publisher_fresh_rotten_folder+visual_review,none,not_annotated,366d9369fc0ebdf44768279ecf46480108546272506c4c891e611ec09ec53890,30a917d741d629d1153aa2b0ea50249d24376520a064989c61eb22a32d829b71,259,194,d781a43f52c03fa3,c8f0c080083060c4,no
cucumber_rotten_0801,valid/N_rotten/cucumber_rotten_0801.jpg,cucumber_rotten,1,cucumber,rotten,not_subtyped,val,g0179,s0144,muhriddinmuxiddinov,Fruits_Vegetables_Dataset(12000)/Vegetables/RottenCucumber/rottenCucumber (520).jpg,https://www.kaggle.com/datasets/muhriddinmuxiddinov/fruits-and-vegetables-dataset,2,publisher_fresh_rotten_folder+visual_review,none,not_annotated,dddc74bb4208296b3bf387f12900043014eed8bab30556843d1c668ee9e2e1dd,89d601ea86cfb245bb394189bb9076188d48c6b409bfa0b324f491a263a64992,233,217,c2c99bc3e0a62fe4,6b3277a595e9ed2c,no
cucumber_rotten_0802,test/N_rotten/cucumber_rotten_0802.jpg,cucumber_rotten,1,cucumber,rotten,not_subtyped,test,g0180,s0145,muhriddinmuxiddinov,Fruits_Vegetables_Dataset(12000)/Vegetables/RottenCucumber/rottenCucumber (523).jpg,https://www.kaggle.com/datasets/muhriddinmuxiddinov/fruits-and-vegetables-dataset,2,publisher_fresh_rotten_folder+visual_review,none,not_annotated,1f9c2dfe840cf2e75ad50667eeb96b9688f41482d917e469fb2e0a29279c75a2,15d0dc70ca16ee779e2fc61dc682440512333afbdf7ba739c2639904febe8f03,274,184,d7d974906c361bc1,84305846d2d80ce6,no
cucumber_rotten_0803,valid/N_rotten/cucumber_rotten_0803.png,cucumber_rotten,1,cucumber,rotten,not_subtyped,val,g0181,s0146,swoyam2609,dataset/Test/rottencucumber/c_r003.png,https://www.kaggle.com/datasets/swoyam2609/fresh-and-stale-classification,1,publisher_fresh_rotten_folder+visual_review,frame_cropped,not_annotated,404a337dfa47c87bdb92206a8c3f526d71512b301901a27b72dee6d30c1a0301,16d6d89853f0016f30b212e7e2055a6e9df92ac727e75b9bfc316e3bf59e9324,206,140,bec2d035afb826c4,3980251b371e3924,no
cucumber_rotten_0804,train/N_rotten/cucumber_rotten_0804.png,cucumber_rotten,1,cucumber,rotten,not_subtyped,train,g0151,s0119,swoyam2609,dataset/Test/rottencucumber/c_r007.png,https://www.kaggle.com/datasets/swoyam2609/fresh-and-stale-classification,1,publisher_fresh_rotten_folder+visual_review,frame_cropped,not_annotated,9d21189612ef53f9e557bf31e23d29ca253efb1517ffa4ae3d054309ae63d5ea,86cb1662a5be197450bc1d9817c3a4041382f2260003b10947f5548db2cf62e9,282,158,dfa0c0bdfa6980d2,4140c44174264080,no
cucumber_rotten_0805,train/N_rotten/cucumber_rotten_0805.png,cucumber_rotten,1,cucumber,rotten,not_subtyped,train,g0095,s0001,swoyam2609,dataset/Test/rottencucumber/c_r013.png,https://www.kaggle.com/datasets/swoyam2609/fresh-and-stale-classification,1,publisher_fresh_rotten_folder+visual_review,frame_cropped,not_annotated,da9ee384ae9e2742acab163e2493b87606598cbed8211f59ea5386c552a5ca81,de4ce096a993c48107db429ef0843447e23b5637f3821454f4bf2a024efb0fa3,254,144,dfd8c250d066da69,80f261649654476f,no
cucumber_rotten_0806,test/N_rotten/cucumber_rotten_0806.png,cucumber_rotten,1,cucumber,rotten,not_subtyped,test,g0182,s0147,swoyam2609,dataset/Test/rottencucumber/c_r014.png,https://www.kaggle.com/datasets/swoyam2609/fresh-and-stale-classification,1,publisher_fresh_rotten_folder+visual_review,frame_cropped,not_annotated,4311e0d0f72386d8aeb1faf29d42b756877be8bdaab47b1b2b0a36e883ff68ad,b34cffe52dbb8fc6b798ae22397359e59822da82a6fa7e952852335ceb8b97cc,262,257,8387bc99dac50f68,f8eecec8d959da39,no
cucumber_rotten_0807,test/N_rotten/cucumber_rotten_0807.png,cucumber_rotten,1,cucumber,rotten,not_subtyped,test,g0183,s0148,swoyam2609,dataset/Test/rottencucumber/c_r021.png,https://www.kaggle.com/datasets/swoyam2609/fresh-and-stale-classification,1,publisher_fresh_rotten_folder+visual_review,frame_cropped,not_annotated,9febc2ac629e9d2459a8bfa7a46a275f8747a4f26c5d6580431b9fbe4cbd66b5,bf85ac495018a5e47f8e61942baeadec7c753a2d9f68983d7a8acce0e7b6b4ff,286,204,ebd3e40d96429a39,7083396d3933432f,no
cucumber_rotten_0808,train/N_rotten/cucumber_rotten_0808.png,cucumber_rotten,1,cucumber,rotten,not_subtyped,train,g0184,s0149,swoyam2609,dataset/Test/rottencucumber/c_r034.png,https://www.kaggle.com/datasets/swoyam2609/fresh-and-stale-classification,1,publisher_fresh_rotten_folder+visual_review,frame_cropped,not_annotated,e79db906a4cf9b4568d8370946ecc6bc047e23ec93edfc97568b3e2f0675d8e0,9b2f3098819b9788bee42c9f7f2c9fb9d153b382be187fe6d6e5ea957f0d8126,274,243,8db2399172527573,ba77e7e5e6667276,no
cucumber_rotten_0809,valid/N_rotten/cucumber_rotten_0809.png,cucumber_rotten,1,cucumber,rotten,not_subtyped,val,g0185,s0150,swoyam2609,dataset/Test/rottencucumber/c_r039.png,https://www.kaggle.com/datasets/swoyam2609/fresh-and-stale-classification,1,publisher_fresh_rotten_folder+visual_review,frame_cropped,not_annotated,4c6d9889b54141a1d7834e1dd3a982c4c90cbd7f613f8b879bc102e4735427ad,2d8e3ff033f28d1adc72b4e41e37e215d2da8416b06d6e820fbada512f779a49,226,164,abccbd83910eb037,8307072fcbcd4f1e,no
cucumber_rotten_0810,train/N_rotten/cucumber_rotten_0810.png,cucumber_rotten,1,cucumber,rotten,not_subtyped,train,g0149,s0117,swoyam2609,dataset/Test/rottencucumber/c_r051.png,https://www.kaggle.com/datasets/swoyam2609/fresh-and-stale-classification,1,publisher_fresh_rotten_folder+visual_review,frame_cropped,not_annotated,6ee74309b8548ff4ab1b809be014a92c3c755872deaeaac1dec09fa82fd42d52,6c1954927cdad72be18cea86ab32f6042a0921af601a24f0b1a046c7f13aff7c,240,184,95abe046b3d50796,aabb725ccc64a496,no
cucumber_rotten_0811,train/N_rotten/cucumber_rotten_0811.png,cucumber_rotten,1,cucumber,rotten,not_subtyped,train,g0097,s0001,swoyam2609,dataset/Test/rottencucumber/c_r061.png,https://www.kaggle.com/datasets/swoyam2609/fresh-and-stale-classification,1,publisher_fresh_rotten_folder+visual_review,frame_cropped,not_annotated,62fb0caaab76c86def5d2e3c1ae65d1fc75cb9facfbb0bb5790ab6851823b436,ddffecb596d9250bbec0c3efb34e4d75382d798ee1f258280572896e95f018bc,257,154,fb3f9448b0cdc4c2,727d3e1b89432108,no
cucumber_rotten_0812,valid/N_rotten/cucumber_rotten_0812.png,cucumber_rotten,1,cucumber,rotten,not_subtyped,val,g0186,s0151,swoyam2609,dataset/Test/rottencucumber/c_r084.png,https://www.kaggle.com/datasets/swoyam2609/fresh-and-stale-classification,1,publisher_fresh_rotten_folder+visual_review,frame_cropped,not_annotated,d5270a024a93abda04322bcb678179647edfd080f6d6448ab82ae91174f92529,235f518471a4c818e960f9dddb2555a14933db55cd8634ec8f7a6cdc7a979c80,306,257,f5e0c0fb3d06c0f8,0000802606800000,no
cucumber_rotten_0813,test/N_rotten/cucumber_rotten_0813.png,cucumber_rotten,1,cucumber,rotten,not_subtyped,test,g0187,s0152,swoyam2609,dataset/Test/rottencucumber/c_r092.png,https://www.kaggle.com/datasets/swoyam2609/fresh-and-stale-classification,1,publisher_fresh_rotten_folder+visual_review,frame_cropped,not_annotated,9ebffcff687cffb4c6046d7578ae087179b101821ddc1fa58e8f06e619d49913,204dc5b1733dd09e1102c91b6d74591989c89e4c799d57f6a3739108dac4aefa,205,140,ab94c271986eb74a,91d86d36994e4321,no
cucumber_rotten_0814,train/N_rotten/cucumber_rotten_0814.png,cucumber_rotten,1,cucumber,rotten,not_subtyped,train,g0001,s0001,swoyam2609,dataset/Test/rottencucumber/c_r119.png,https://www.kaggle.com/datasets/swoyam2609/fresh-and-stale-classification,1,publisher_fresh_rotten_folder+visual_review,frame_cropped,not_annotated,ee6860fed258950084446a361af38efce426372271b1a32f6e1b5310e0415906,5ff4b22f1cda40281e6019f9b566334fb53b089a8fc2927ec22a7f3768c6fec1,232,176,fe80e07e887bd168,00a7187f61010383,no
cucumber_rotten_0815,train/N_rotten/cucumber_rotten_0815.png,cucumber_rotten,1,cucumber,rotten,not_subtyped,train,g0188,s0153,swoyam2609,dataset/Test/rottencucumber/c_r121.png,https://www.kaggle.com/datasets/swoyam2609/fresh-and-stale-classification,1,publisher_fresh_rotten_folder+visual_review,frame_cropped,not_annotated,8668c3c739d8d08be8180498fb973493c08a61a6da01314e5999e58b66c44a77,403100a1be8ea7d70ce4752d1db79d4293ecd242c174010f829e3f0fe6e924d0,260,166,f8d916a6e425316d,19999a8a0b4dd4a4,no
cucumber_rotten_0816,train/N_rotten/cucumber_rotten_0816.png,cucumber_rotten,1,cucumber,rotten,not_subtyped,train,g0157,s0125,swoyam2609,dataset/Test/rottencucumber/c_r167.png,https://www.kaggle.com/datasets/swoyam2609/fresh-and-stale-classification,1,publisher_fresh_rotten_folder+visual_review,frame_cropped,not_annotated,09fd6f6096ebfd5ffdbe2ecb6bb225d9cf99e5e9b692502b6623d75279562db0,76d04a90e4de9a918be144525c78413a0dd3eb1d4355b6cfbc51b30b9e105780,205,162,ea9d343393b7580a,0f33717369174d4d,no
cucumber_rotten_0817,train/N_rotten/cucumber_rotten_0817.png,cucumber_rotten,1,cucumber,rotten,not_subtyped,train,g0149,s0117,swoyam2609,dataset/Test/rottencucumber/c_r221.png,https://www.kaggle.com/datasets/swoyam2609/fresh-and-stale-classification,1,publisher_fresh_rotten_folder+visual_review,frame_cropped,not_annotated,fb749c7f00721509edbb35aa90b54825d8887fcfdec78ad7798eaf38ec5c5e90,4adc0490ecce6138db1295acf0ae271c40c9f88e8f0ccab452e2855058e3dba9,219,148,c6ed319ce284bad2,965260656d28a289,no
cucumber_rotten_0818,train/N_rotten/cucumber_rotten_0818.png,cucumber_rotten,1,cucumber,rotten,not_subtyped,train,g0171,s0137,swoyam2609,dataset/Test/rottencucumber/c_r225.png,https://www.kaggle.com/datasets/swoyam2609/fresh-and-stale-classification,1,publisher_fresh_rotten_folder+visual_review,frame_cropped,not_annotated,342c21de634df5c2c451dcf145965eace10fff127636139cbd7113b3e311f46f,672e38b7c761518ff1ad0f9120ced4bc5c7012c08348ce48663ac40b775c5293,206,142,eb699496616b9e84,0338430b0f6c3308,no
cucumber_rotten_0819,test/N_rotten/cucumber_rotten_0819.png,cucumber_rotten,1,cucumber,rotten,not_subtyped,test,g0189,s0154,swoyam2609,dataset/Test/rottencucumber/c_r230.png,https://www.kaggle.com/datasets/swoyam2609/fresh-and-stale-classification,1,publisher_fresh_rotten_folder+visual_review,frame_cropped,not_annotated,2a301bd6e1cd4b1340b234ee11f8c42798199b9f80327f026598ae1451d85865,9ab147ca8c45d8c2698c6d422b437e6ec9bdd358c20b4e0993db5a557b794a95,206,143,b434c36193659e67,9696161616969616,no
cucumber_rotten_0820,train/N_rotten/cucumber_rotten_0820.png,cucumber_rotten,1,cucumber,rotten,not_subtyped,train,g0095,s0001,swoyam2609,dataset/Test/rottencucumber/c_r232.png,https://www.kaggle.com/datasets/swoyam2609/fresh-and-stale-classification,1,publisher_fresh_rotten_folder+visual_review,frame_cropped,not_annotated,35ac189f3e98966bac261fc972b9061508a37dff9bae02fae8b386b2f57c7fe8,b1a4433934e3be39ed32b8c11be007322c14606571a8f606d39d47dc6d698c88,210,139,fab89c5ee30924d4,323d9e8f0d0d70cc,no
cucumber_rotten_0821,train/N_rotten/cucumber_rotten_0821.png,cucumber_rotten,1,cucumber,rotten,not_subtyped,train,g0096,s0068,swoyam2609,dataset/Test/rottencucumber/c_r239.png,https://www.kaggle.com/datasets/swoyam2609/fresh-and-stale-classification,1,publisher_fresh_rotten_folder+visual_review,frame_cropped,not_annotated,9d2121c6c20eea05bb684d04f7ba107212e30056565fb8f5b20dffa648bdedd5,fef9f67d07609840ad4c2d6207b6e606b7630c56b9788c4e29e34f14357f92bc,238,166,d32c2cd3f6691934,88fc92c00c88cb36,no
cucumber_rotten_0822,train/N_rotten/cucumber_rotten_0822.png,cucumber_rotten,1,cucumber,rotten,not_subtyped,train,g0098,s0069,swoyam2609,dataset/Test/rottencucumber/c_r241.png,https://www.kaggle.com/datasets/swoyam2609/fresh-and-stale-classification,1,publisher_fresh_rotten_folder+visual_review,frame_cropped,not_annotated,bd31a057c3b5110021a0a2f16d95c9bea25787fb3851a0cb922b2ef53408423c,8350559d06a15b582b22ecaea701fc96523adb6868aeecba6c1ebc235a24c693,211,142,feb68155c62b8e44,0e942f0f24221b53,no
cucumber_rotten_0823,train/N_rotten/cucumber_rotten_0823.png,cucumber_rotten,1,cucumber,rotten,not_subtyped,train,g0135,s0104,swoyam2609,dataset/Test/rottencucumber/c_r248.png,https://www.kaggle.com/datasets/swoyam2609/fresh-and-stale-classification,1,publisher_fresh_rotten_folder+visual_review,frame_cropped,not_annotated,0497702b172316d8b485355bae3d23e1e160c3c0aa848dfe0172f131819674ef,8acf17626c490f062d14dad3eaf5244acad1bfa396c808b349f4a4ec1caa5e66,213,177,c79128b9f980f1c7,d868484c6c686c61,no
cucumber_rotten_0824,test/N_rotten/cucumber_rotten_0824.png,cucumber_rotten,1,cucumber,rotten,not_subtyped,test,g0190,s0155,swoyam2609,dataset/Test/rottencucumber/c_r250.png,https://www.kaggle.com/datasets/swoyam2609/fresh-and-stale-classification,1,publisher_fresh_rotten_folder+visual_review,frame_cropped,not_annotated,689d9dd65fb6a0db3a51f3ee22ded2bfcef0f4218acfcbaf70c5cca42652cec7,b003ba54f77b82d0a7762fd2813ae190b1907df854379c3ae1390ddab35145ac,206,167,be1e78a54ecc2961,655d5965455b0501,no
cucumber_rotten_0825,train/N_rotten/cucumber_rotten_0825.png,cucumber_rotten,1,cucumber,rotten,not_subtyped,train,g0132,s0101,swoyam2609,dataset/Train/rottencucumber/c_r232.png,https://www.kaggle.com/datasets/swoyam2609/fresh-and-stale-classification,1,publisher_fresh_rotten_folder+visual_review,frame_cropped,not_annotated,a9dfb1348285067c93d1a6bcac3b59d0ebebef567f26e4757dac564615cee6de,c06af794512e232fb74270451871e535fcf425765135e7e391372ba224e86a70,206,141,bf61c09e3d61c626,0b71070f2f374b25,no
cucumber_rotten_0826,train/N_rotten/cucumber_rotten_0826.png,cucumber_rotten,1,cucumber,rotten,not_subtyped,train,g0130,s0099,swoyam2609,dataset/Train/rottencucumber/c_r234.png,https://www.kaggle.com/datasets/swoyam2609/fresh-and-stale-classification,1,publisher_fresh_rotten_folder+visual_review,frame_cropped,not_annotated,7774b16f069d479fd1bcad03ed0f09571ae26e82d2b1a75b2b4f485ebba8ca42,b58e5de882b3b28e42f5ddcc903cfe4db3e58aa617bf41ad092d272331de19f8,206,148,bac4e4333e98279c,2d5d79391959796d,no
cucumber_rotten_0827,train/N_rotten/cucumber_rotten_0827.png,cucumber_rotten,1,cucumber,rotten,not_subtyped,train,g0115,s0085,swoyam2609,dataset/Train/rottencucumber/c_r247.png,https://www.kaggle.com/datasets/swoyam2609/fresh-and-stale-classification,1,publisher_fresh_rotten_folder+visual_review,frame_cropped,not_annotated,2730649f55c74fade29dc2132a22d27ec4be0e4d74d23115bfcb4c037d1be32c,1d552e49a22bb60f69cbc19a8d3f727f45b7408e34e410caf62a25d3e34333a0,206,141,e9cb9634b161cd38,060b33130727179f,no
cucumber_rotten_0828,train/N_rotten/cucumber_rotten_0828.png,cucumber_rotten,1,cucumber,rotten,not_subtyped,train,g0178,s0143,swoyam2609,dataset/Train/rottencucumber/c_r361.png,https://www.kaggle.com/datasets/swoyam2609/fresh-and-stale-classification,1,publisher_fresh_rotten_folder+visual_review,frame_cropped,not_annotated,6738f59159f0acf528c63a5f3f8f0d51bbcdfba64fb27b853da55682b9617f28,4dbf6644b6ae095e1f0d3410f60ca0ecf300506a46052b0b0445a09c291f2ed8,207,141,eb94906b37ea5115,0009900f47490b74,no
cucumber_rotten_0829,valid/N_rotten/cucumber_rotten_0829.png,cucumber_rotten,1,cucumber,rotten,not_subtyped,val,g0191,s0156,swoyam2609,dataset/Train/rottencucumber/c_r376.png,https://www.kaggle.com/datasets/swoyam2609/fresh-and-stale-classification,1,publisher_fresh_rotten_folder+visual_review,frame_cropped,not_annotated,13b36653ed74eed296d18fd344d3cb07349c8c5464fc21cf0fce5230cbe3d1ff,3bffc7d39e3dedd2916ea7c089fdfc389aab9bd7eef9909b0293103c4b4a5981,239,161,edb9b3e0dc75c100,9b3b733327870f47,no
cucumber_rotten_0830,train/N_rotten/cucumber_rotten_0830.png,cucumber_rotten,1,cucumber,rotten,not_subtyped,train,g0107,s0078,swoyam2609,dataset/Train/rottencucumber/c_r384.png,https://www.kaggle.com/datasets/swoyam2609/fresh-and-stale-classification,1,publisher_fresh_rotten_folder+visual_review,frame_cropped,not_annotated,0135abc4bd9a21d0b0156d4f41b58a3b9bba3ef4b75364b771b024fb68da13bd,04a5438302b252e4c5b45f98720f78c08cf82491ef33f4a77d1166ee1550cf56,234,154,acd0903e3ec16dc7,34b98727232332cc,no
cucumber_rotten_0831,train/N_rotten/cucumber_rotten_0831.png,cucumber_rotten,1,cucumber,rotten,not_subtyped,train,g0102,s0073,swoyam2609,dataset/Train/rottencucumber/c_r385.png,https://www.kaggle.com/datasets/swoyam2609/fresh-and-stale-classification,1,publisher_fresh_rotten_folder+visual_review,frame_cropped,not_annotated,910e524e2bb384034f8b75e9418e9fd4b1137a675ac906b08a3f445ebc2077be,1a7635306fa2a8ffa1bfa29a97f785117467ddc13365720ca2f1f5b6b026fae0,205,188,bfc5d8c568c86319,333f0f2f3f473b3d,no
cucumber_rotten_0832,valid/N_rotten/cucumber_rotten_0832.png,cucumber_rotten,1,cucumber,rotten,not_subtyped,val,g0192,s0157,swoyam2609,dataset/Train/rottencucumber/c_r389.png,https://www.kaggle.com/datasets/swoyam2609/fresh-and-stale-classification,1,publisher_fresh_rotten_folder+visual_review,frame_cropped,not_annotated,9d32a5f51f56100cd344b6c3398d09e1536830ee6f8570e539c7955afa08887f,9dad7b41cbe2d7ed0c45515a65dd4dc10526789864a6c8c44f90253ff0a3d1b1,205,178,ec0f33d29cc4c3b1,2307173737171713,no
potato_fresh_0200,train/P_fresh/potato_fresh_0200.png,potato_fresh,2,potato,fresh,none,train,g0193,s0158,muhriddinmuxiddinov,Fruits_Vegetables_Dataset(12000)/Vegetables/FreshPotato/freshPotato (1).png,https://www.kaggle.com/datasets/muhriddinmuxiddinov/fruits-and-vegetables-dataset,2,publisher_fresh_rotten_folder+visual_review,none,not_annotated,550e0c0dac88c3470b9d1faf861d39ffa403e193ebd2f3741b1e2ba744a7d079,8d32d6bf3878b4849cce14812c13bb3efd50ea29c44522ba8c472a62c10ce395,872,512,abb094413acfb167,9d1e0f334fdc6335,yes
potato_fresh_0201,test/P_fresh/potato_fresh_0201.jpg,potato_fresh,2,potato,fresh,none,test,g0194,s0159,muhriddinmuxiddinov,Fruits_Vegetables_Dataset(12000)/Vegetables/FreshPotato/freshPotato (11).jpg,https://www.kaggle.com/datasets/muhriddinmuxiddinov/fruits-and-vegetables-dataset,2,publisher_fresh_rotten_folder+visual_review,none,not_annotated,f4b277367057eb6063fe2487fb4a7152484f9800d1935ff67e9e5a98a2b1934c,51b8c9ad9c4a9094f780285ddf7f8a1e9eee592c5759f6bf75b64bd131a6e93f,1200,801,a6d9d9469c39c46a,f0cccc176dcc4d3b,yes
potato_fresh_0203,train/P_fresh/potato_fresh_0203.jpg,potato_fresh,2,potato,fresh,none,train,g0195,s0160,muhriddinmuxiddinov,Fruits_Vegetables_Dataset(12000)/Vegetables/FreshPotato/freshPotato (119).jpg,https://www.kaggle.com/datasets/muhriddinmuxiddinov/fruits-and-vegetables-dataset,2,publisher_fresh_rotten_folder+visual_review,none,not_annotated,a7a92bee47dd20ef6026f70e6efc0d840ec946337ba208b6a3737f0da060a3d1,fdc3b680873037d65a7486d45c13a900e149abef52aa6e72a8f278f7627ea55f,224,224,c9dc9292929392fe,e8f01110c0c08080,yes
potato_fresh_0204,train/P_fresh/potato_fresh_0204.jpg,potato_fresh,2,potato,fresh,none,train,g0196,s0161,muhriddinmuxiddinov,Fruits_Vegetables_Dataset(12000)/Vegetables/FreshPotato/freshPotato (122).jpg,https://www.kaggle.com/datasets/muhriddinmuxiddinov/fruits-and-vegetables-dataset,2,publisher_fresh_rotten_folder+visual_review,none,not_annotated,a50b5bb6e5b61c0033310743c785ab37ee76454de646fdc3db9ddc77adb4fdfc,e2efa3759318da942ed26d8397b8b05e2183a6b764317f982da7f74eb7506768,224,224,faa69571224e346b,0082e18909103040,yes
potato_fresh_0206,test/P_fresh/potato_fresh_0206.jpg,potato_fresh,2,potato,fresh,none,test,g0197,s0162,muhriddinmuxiddinov,Fruits_Vegetables_Dataset(12000)/Vegetables/FreshPotato/freshPotato (127).jpg,https://www.kaggle.com/datasets/muhriddinmuxiddinov/fruits-and-vegetables-dataset,2,publisher_fresh_rotten_folder+visual_review,none,not_annotated,ebd1ec25477e736b1dd82fc2b5beea684712c649b1e00b01beec69f9176456e5,7e3ac0cc1c56bd9f25abbefc4adf702fedb1f9af9309c8fdb308b93d9a760bb1,276,183,e885a758d3368e63,f692a79593332787,yes
potato_fresh_0207,train/P_fresh/potato_fresh_0207.jpg,potato_fresh,2,potato,fresh,none,train,g0196,s0161,muhriddinmuxiddinov,Fruits_Vegetables_Dataset(12000)/Vegetables/FreshPotato/freshPotato (129).jpg,https://www.kaggle.com/datasets/muhriddinmuxiddinov/fruits-and-vegetables-dataset,2,publisher_fresh_rotten_folder+visual_review,none,not_annotated,4504c142d3b95ac84c676fe4d40b880ea6da4b2fd16316d38b9620ac287f237e,f6b03278c458b9b969cba3c51306ad695b42e5399e46dd38b06bc11dbed646f7,224,224,f0e5955aca0a2de5,101e8f819119b908,yes
potato_fresh_0208,train/P_fresh/potato_fresh_0208.jpg,potato_fresh,2,potato,fresh,none,train,g0198,s0163,muhriddinmuxiddinov,Fruits_Vegetables_Dataset(12000)/Vegetables/FreshPotato/freshPotato (134).jpg,https://www.kaggle.com/datasets/muhriddinmuxiddinov/fruits-and-vegetables-dataset,2,publisher_fresh_rotten_folder+visual_review,none,not_annotated,86424cff59c9eb0550cd703ca49afc0f5e0c4499c8e0e578beb2049b9c79bef2,e38000af24e0ec57b82619e0be6ccb7422c9f97547f7149185febb938125d3e5,100,100,bc90e01bc379c769,1d3e2f3b3f3b3f8f,yes
potato_fresh_0209,train/P_fresh/potato_fresh_0209.jpg,potato_fresh,2,potato,fresh,none,train,g0198,s0163,muhriddinmuxiddinov,Fruits_Vegetables_Dataset(12000)/Vegetables/FreshPotato/freshPotato (149).jpg,https://www.kaggle.com/datasets/muhriddinmuxiddinov/fruits-and-vegetables-dataset,2,publisher_fresh_rotten_folder+visual_review,none,not_annotated,67b1a47d0761edb8d6d18dab46f0028388c2e1d93b0ba27c855f9acc8c5e3ae8,3350b6e255b2548bdb55a3451ae84310a09226ac9b12a805d937b23021925124,100,100,bc90e01bc379c769,1d3e3f3f3b3b1f8e,yes
potato_fresh_0210,train/P_fresh/potato_fresh_0210.jpg,potato_fresh,2,potato,fresh,none,train,g0198,s0163,muhriddinmuxiddinov,Fruits_Vegetables_Dataset(12000)/Vegetables/FreshPotato/freshPotato (156).jpg,https://www.kaggle.com/datasets/muhriddinmuxiddinov/fruits-and-vegetables-dataset,2,publisher_fresh_rotten_folder+visual_review,none,not_annotated,dfb81d9db1c452ab990292853d086b03ebd05e0f3d152bf793dbdaed26eb4c5c,affd81706ccfb2bfbf71b96e411de90ad0eeaa0a7c2792484d0ada2ed491fa1a,100,100,bc98e01bc339c769,1d3e3f3f3b3b1f8e,yes
potato_fresh_0211,train/P_fresh/potato_fresh_0211.jpg,potato_fresh,2,potato,fresh,none,train,g0199,s0160,muhriddinmuxiddinov,Fruits_Vegetables_Dataset(12000)/Vegetables/FreshPotato/freshPotato (161).jpg,https://www.kaggle.com/datasets/muhriddinmuxiddinov/fruits-and-vegetables-dataset,2,publisher_fresh_rotten_folder+visual_review,none,not_annotated,4a52623da89908c5b7e9a08099e923a199ddca20a66d1488fb9de36368bf45e3,dbfd94b6ca6398cc4fa6d996b28d72b529614a6d05d2f88ad55edd0d0b598b9f,224,224,b232c49393969d9b,8d8d159d198fcfaa,yes
potato_fresh_0212,train/P_fresh/potato_fresh_0212.jpg,potato_fresh,2,potato,fresh,none,train,g0196,s0161,muhriddinmuxiddinov,Fruits_Vegetables_Dataset(12000)/Vegetables/FreshPotato/freshPotato (164).jpg,https://www.kaggle.com/datasets/muhriddinmuxiddinov/fruits-and-vegetables-dataset,2,publisher_fresh_rotten_folder+visual_review,none,not_annotated,0d394abdf39268a282bb08f776fa5d65552b6e66574f957a2319a3fbc5e904c6,71fef03c7ee5e92e89ef91e06312ce2952b21339be93196f9614dbf1a20b19ec,224,224,ea909f2c7c599c4a,270dc991a747cb49,yes
potato_fresh_0213,train/P_fresh/potato_fresh_0213.jpg,potato_fresh,2,potato,fresh,none,train,g0200,s0164,muhriddinmuxiddinov,Fruits_Vegetables_Dataset(12000)/Vegetables/FreshPotato/freshPotato (166).jpg,https://www.kaggle.com/datasets/muhriddinmuxiddinov/fruits-and-vegetables-dataset,2,publisher_fresh_rotten_folder+visual_review,none,not_annotated,cb03ad338457541fe04bb486e0ad788c548af563f04aaf31c0e7829bcecf9734,f901d04728ac60eddb5ed94562dcac601e7fbb93534d074f67da6db1f24071d1,224,224,bac6c42e91797ac1,200e0f1d4d0f0f80,yes
potato_fresh_0214,train/P_fresh/potato_fresh_0214.jpg,potato_fresh,2,potato,fresh,none,train,g0196,s0161,muhriddinmuxiddinov,Fruits_Vegetables_Dataset(12000)/Vegetables/FreshPotato/freshPotato (169).jpg,https://www.kaggle.com/datasets/muhriddinmuxiddinov/fruits-and-vegetables-dataset,2,publisher_fresh_rotten_folder+visual_review,none,not_annotated,1ce9f747d14146345372c4f78480c79608a7411d8b76b3e4527ed2b1c5d9a3c3,f0515eb8d137ed28bb9d101e267ed275e1a7d30e1e6825be01722290b4b5067c,224,224,aee9858c58339eb8,06030b1737266efe,yes
potato_fresh_0215,train/P_fresh/potato_fresh_0215.jpg,potato_fresh,2,potato,fresh,none,train,g0201,s0165,muhriddinmuxiddinov,Fruits_Vegetables_Dataset(12000)/Vegetables/FreshPotato/freshPotato (171).jpg,https://www.kaggle.com/datasets/muhriddinmuxiddinov/fruits-and-vegetables-dataset,2,publisher_fresh_rotten_folder+visual_review,none,not_annotated,8c47605bfdf2b5a042f0dbb3a8c535d04fb021ce0d94a83bf775b0ae276b4b0c,7e8f8a4a0bf63135b17896339bf620cf9e319d3be0183a8be328a9e48a2f0b93,224,224,d07ad6c989671cb1,2815189293e3c7ec,yes
potato_fresh_0216,train/P_fresh/potato_fresh_0216.jpg,potato_fresh,2,potato,fresh,none,train,g0200,s0164,muhriddinmuxiddinov,Fruits_Vegetables_Dataset(12000)/Vegetables/FreshPotato/freshPotato (173).jpg,https://www.kaggle.com/datasets/muhriddinmuxiddinov/fruits-and-vegetables-dataset,2,publisher_fresh_rotten_folder+visual_review,none,not_annotated,620e5f2228461588381561fff19d7d3feb49619c0496aff8785c57b3d13b152c,c45add239f033b3ec5cab1791ffe62714b9244a0d25486b7b88b079ec7a170ef,224,224,bad0f00fc03fca74,109f3f7d7d631f1c,yes
potato_fresh_0217,train/P_fresh/potato_fresh_0217.jpg,potato_fresh,2,potato,fresh,none,train,g0198,s0163,muhriddinmuxiddinov,Fruits_Vegetables_Dataset(12000)/Vegetables/FreshPotato/freshPotato (191).jpg,https://www.kaggle.com/datasets/muhriddinmuxiddinov/fruits-and-vegetables-dataset,2,publisher_fresh_rotten_folder+visual_review,none,not_annotated,5eb1088e027fe1ede5247c15381128c7186f73a2c3a141bf208a920aacc3ed96,c5d1036b6b169c5e187a361d1564ade9e6e4f766dd05e3ad889627f8c2170728,100,100,b892e31bc319c379,9d963f3b3b3b3f8e,yes
potato_fresh_0218,train/P_fresh/potato_fresh_0218.jpg,potato_fresh,2,potato,fresh,none,train,g0198,s0163,muhriddinmuxiddinov,Fruits_Vegetables_Dataset(12000)/Vegetables/FreshPotato/freshPotato (210).jpg,https://www.kaggle.com/datasets/muhriddinmuxiddinov/fruits-and-vegetables-dataset,2,publisher_fresh_rotten_folder+visual_review,none,not_annotated,ff4e569afc3f938dc34becc77eccd79c78eb8695fb1cfe9f8da9a1473e7f2b4b,bc6565326ca097b0084b2834dcdd34e170bb0da651507cc67eb45a3722afd8b4,100,100,b8c3e30fc39cc338,1d9e3f3b3b3b3e8e,yes
potato_fresh_0219,train/P_fresh/potato_fresh_0219.jpg,potato_fresh,2,potato,fresh,none,train,g0198,s0163,muhriddinmuxiddinov,Fruits_Vegetables_Dataset(12000)/Vegetables/FreshPotato/freshPotato (228).jpg,https://www.kaggle.com/datasets/muhriddinmuxiddinov/fruits-and-vegetables-dataset,2,publisher_fresh_rotten_folder+visual_review,none,not_annotated,3d0893e60ee55732089806611aa1513fdba7edde4853a9defced2d4518d7a208,23986094351cb179b91c396a7fd4a02244b48e4d4255ac59cf6b120361dcb78c,100,100,b8c3e71ec29cc718,4f9e1b3b3b3b368e,yes
potato_fresh_0220,train/P_fresh/potato_fresh_0220.jpg,potato_fresh,2,potato,fresh,none,train,g0198,s0163,muhriddinmuxiddinov,Fruits_Vegetables_Dataset(12000)/Vegetables/FreshPotato/freshPotato (230).jpg,https://www.kaggle.com/datasets/muhriddinmuxiddinov/fruits-and-vegetables-dataset,2,publisher_fresh_rotten_folder+visual_review,none,not_annotated,b43a728ab187ab832b86807406c595816ac7a6bd0eb6757f5bc6540f488ff1ee,ad35f5ed0e275a4c1da448e35b612e010de40192626e8781902c6d5cb196284e,100,100,b8c3e71ec29cc718,4e9e1b3b3b3b368e,yes
potato_fresh_0221,train/P_fresh/potato_fresh_0221.jpg,potato_fresh,2,potato,fresh,none,train,g0198,s0163,muhriddinmuxiddinov,Fruits_Vegetables_Dataset(12000)/Vegetables/FreshPotato/freshPotato (235).jpg,https://www.kaggle.com/datasets/muhriddinmuxiddinov/fruits-and-vegetables-dataset,2,publisher_fresh_rotten_folder+visual_review,none,not_annotated,4bdbad3f37c3a5d1aa8bde75a38ae27c031e2ef4878b4dfb3593f594799291fb,af2a40222204a061e1244cf182b3ded26c99ab5df218ef216c43f60d1a2ca0c4,100,100,b8c3e71ec69cc618,4e9e1b3b3b3b378e,yes
potato_fresh_0222,train/P_fresh/potato_fresh_0222.jpg,potato_fresh,2,potato,fresh,none,train,g0202,s0166,muhriddinmuxiddinov,Fruits_Vegetables_Dataset(12000)/Vegetables/FreshPotato/freshPotato (238).jpg,https://www.kaggle.com/datasets/muhriddinmuxiddinov/fruits-and-vegetables-dataset,2,publisher_fresh_rotten_folder+visual_review,none,not_annotated,3d6254c437a48629c616747a6b54398864b3fb985bbb3859ee50466e5953f239,e9dc299a693b8fb6445f575c3ed573d2876a2cffaff17d6cb834a8af01cf481f,224,224,bdc23a88a1ce669e,e398646bd292331a,yes
potato_fresh_0223,train/P_fresh/potato_fresh_0223.jpg,potato_fresh,2,potato,fresh,none,train,g0203,s0167,muhriddinmuxiddinov,Fruits_Vegetables_Dataset(12000)/Vegetables/FreshPotato/freshPotato (247).jpg,https://www.kaggle.com/datasets/muhriddinmuxiddinov/fruits-and-vegetables-dataset,2,publisher_fresh_rotten_folder+visual_review,none,not_annotated,8bacca5cdabe92c3aa36857061b8e8432927e00b05cbc5815cf346bc62866c0a,5e97c363b8c6a78acd527c7f38317dff998d89954b93e8e2035e9d3affdbc788,224,224,e790c31fb6710cd1,fec3930f2c764043,yes
potato_fresh_0224,train/P_fresh/potato_fresh_0224.jpg,potato_fresh,2,potato,fresh,none,train,g0202,s0166,muhriddinmuxiddinov,Fruits_Vegetables_Dataset(12000)/Vegetables/FreshPotato/freshPotato (255).jpg,https://www.kaggle.com/datasets/muhriddinmuxiddinov/fruits-and-vegetables-dataset,2,publisher_fresh_rotten_folder+visual_review,none,not_annotated,eee72ab3087aa6762e589730c4bcc10ed6774b6c3ff86bbee73296e942f84e1f,f7aae85adb2c3c4ff07dec6e48e59fc4cc8158ae6c09a55e90375a63833319c3,224,224,cacf9c70e1b4918e,0961e1c3c3cdada9,yes
potato_fresh_0225,train/P_fresh/potato_fresh_0225.jpg,potato_fresh,2,potato,fresh,none,train,g0198,s0163,muhriddinmuxiddinov,Fruits_Vegetables_Dataset(12000)/Vegetables/FreshPotato/freshPotato (260).jpg,https://www.kaggle.com/datasets/muhriddinmuxiddinov/fruits-and-vegetables-dataset,2,publisher_fresh_rotten_folder+visual_review,none,not_annotated,d847e2967ce46b557f3674d52cdb49bc84442ef73dc7056aff8e60bb9970225a,bcfc7370ec717b40fc0978e325ae80f0ddc599cfe052cbbf8b04ba0c88c07f7c,100,100,bdc3e40fc61cc23c,469f1b33333b371e,yes
potato_fresh_0227,test/P_fresh/potato_fresh_0227.jpg,potato_fresh,2,potato,fresh,none,test,g0204,s0168,muhriddinmuxiddinov,Fruits_Vegetables_Dataset(12000)/Vegetables/FreshPotato/freshPotato (275).jpg,https://www.kaggle.com/datasets/muhriddinmuxiddinov/fruits-and-vegetables-dataset,2,publisher_fresh_rotten_folder+visual_review,none,not_annotated,b334297e86e63bfca278919eb0b590b37f055311620eec3da6545a118da84166,6566840741a91e91fd7f363bc1c97d718587f5ff06b5a4b3bb7ac19b9877859e,275,183,b3942c1d947ad7a1,3dbbc9ccd46a3b07,yes
potato_fresh_0229,train/P_fresh/potato_fresh_0229.jpg,potato_fresh,2,potato,fresh,none,train,g0202,s0166,muhriddinmuxiddinov,Fruits_Vegetables_Dataset(12000)/Vegetables/FreshPotato/freshPotato (287).jpg,https://www.kaggle.com/datasets/muhriddinmuxiddinov/fruits-and-vegetables-dataset,2,publisher_fresh_rotten_folder+visual_review,none,not_annotated,dd7d48e25872bc8ca7b8d1376c3cca42392847bc32cc9b4147480929b1ae0573,cb9c704d4e47eab5c8b01c8faf0a8593db829b968510bee12cc65706390b6f3c,224,224,95a5344ccd207edb,a6d65df35b259c38,yes
potato_fresh_0230,train/P_fresh/potato_fresh_0230.jpg,potato_fresh,2,potato,fresh,none,train,g0198,s0163,muhriddinmuxiddinov,Fruits_Vegetables_Dataset(12000)/Vegetables/FreshPotato/freshPotato (299).jpg,https://www.kaggle.com/datasets/muhriddinmuxiddinov/fruits-and-vegetables-dataset,2,publisher_fresh_rotten_folder+visual_review,none,not_annotated,f429327ac1599637520a0e803bac1ea441a15162a7b7faede63fb6d7b2ca4c72,74213544de245529aef39544b41125a6dcd340ab2a0cf578f61991ed08c275cf,100,100,bec1e14f872c923c,4f9b372b3b3b270e,yes
potato_fresh_0231,test/P_fresh/potato_fresh_0231.jpg,potato_fresh,2,potato,fresh,none,test,g0205,s0169,muhriddinmuxiddinov,Fruits_Vegetables_Dataset(12000)/Vegetables/FreshPotato/freshPotato (30).jpg,https://www.kaggle.com/datasets/muhriddinmuxiddinov/fruits-and-vegetables-dataset,2,publisher_fresh_rotten_folder+visual_review,none,not_annotated,e946bb13afae563c7bc1fb75722026e76c1b02df2b3021110ffa39d4223c87e0,4520ebd471b6a3df280174328f5c7ab6308fe2dc4549b91c8520acc2efecdeb0,217,232,eea6b1e107995a92,8e2f69754533164d,yes
potato_fresh_0232,train/P_fresh/potato_fresh_0232.jpg,potato_fresh,2,potato,fresh,none,train,g0195,s0160,muhriddinmuxiddinov,Fruits_Vegetables_Dataset(12000)/Vegetables/FreshPotato/freshPotato (309).jpg,https://www.kaggle.com/datasets/muhriddinmuxiddinov/fruits-and-vegetables-dataset,2,publisher_fresh_rotten_folder+visual_review,none,not_annotated,a0d3dd5cf8b448bf83e51279b2fd173fc5720a4a4d487a5e37daa025fa37d1e3,6bd65448bee0da6b49a265972c24ebb50cd54f534cc0bad736fa770e748e6c93,224,224,8e5e7d674c809333,2620f8e064c4e4f4,yes
potato_fresh_0233,train/P_fresh/potato_fresh_0233.jpg,potato_fresh,2,potato,fresh,none,train,g0198,s0163,muhriddinmuxiddinov,Fruits_Vegetables_Dataset(12000)/Vegetables/FreshPotato/freshPotato (319).jpg,https://www.kaggle.com/datasets/muhriddinmuxiddinov/fruits-and-vegetables-dataset,2,publisher_fresh_rotten_folder+visual_review,none,not_annotated,a9a6d243a68af7ad2ae55851bd86a2c9fddec4bebf0651b7af66241431cfeeef,90f09e98cd9395fcd8db8cd9ca3125f3946bd9d63bad7ea68ec6916309c8a064,100,100,b9c3e14f962c923c,478b1b3f3b3b178e,yes
potato_fresh_0234,train/P_fresh/potato_fresh_0234.jpg,potato_fresh,2,potato,fresh,none,train,g0196,s0161,muhriddinmuxiddinov,Fruits_Vegetables_Dataset(12000)/Vegetables/FreshPotato/freshPotato (324).jpg,https://www.kaggle.com/datasets/muhriddinmuxiddinov/fruits-and-vegetables-dataset,2,publisher_fresh_rotten_folder+visual_review,none,not_annotated,0ea7b5ab404dca48cb4e5aa611e1684a1740d9da7a84f71d3beae3ae7c0b3f35,7860f3ef2ed96ddfdfb7fc08cb3bfa564c7e9907ec2eaf70ab5a543d778d84f1,224,224,ade0943ace99699a,2706030343137ee6,yes
potato_fresh_0235,train/P_fresh/potato_fresh_0235.jpg,potato_fresh,2,potato,fresh,none,train,g0195,s0160,muhriddinmuxiddinov,Fruits_Vegetables_Dataset(12000)/Vegetables/FreshPotato/freshPotato (326).jpg,https://www.kaggle.com/datasets/muhriddinmuxiddinov/fruits-and-vegetables-dataset,2,publisher_fresh_rotten_folder+visual_review,none,not_annotated,8d00f5252814d28c2357c9920ca2de7582ff5b2916d1fa2a3fc813c76fc4690d,e726f3553fa07f43f10edb62e7e4f58069065925fe9fe05aee209bc82ea5e59f,224,224,f1098c2e257b93b3,b6929a9b0f0e0084,yes
potato_fresh_0236,train/P_fresh/potato_fresh_0236.jpg,potato_fresh,2,potato,fresh,none,train,g0202,s0166,muhriddinmuxiddinov,Fruits_Vegetables_Dataset(12000)/Vegetables/FreshPotato/freshPotato (329).jpg,https://www.kaggle.com/datasets/muhriddinmuxiddinov/fruits-and-vegetables-dataset,2,publisher_fresh_rotten_folder+visual_review,none,not_annotated,c20d73013e1331e782b3a88626fc122563cc9303d8f2865f278bde6010c9ef85,709df8a36bd89c2578fbe78d665be32bbb266c0ea6e3e8accef54b4dccc0ad65,224,224,a1d4ec56761a4c9e,b4967ac94ccb5b53,yes
potato_fresh_0237,train/P_fresh/potato_fresh_0237.jpg,potato_fresh,2,potato,fresh,none,train,g0200,s0164,muhriddinmuxiddinov,Fruits_Vegetables_Dataset(12000)/Vegetables/FreshPotato/freshPotato (336).jpg,https://www.kaggle.com/datasets/muhriddinmuxiddinov/fruits-and-vegetables-dataset,2,publisher_fresh_rotten_folder+visual_review,none,not_annotated,f16ab416940098ece1c25ec3977302e54c23c533f982aa774fab5f77cc376ecd,27e931b9accd63851e8c6cd13e6268925e20b0fc04151664292f1ec6f7d42478,224,224,bf84c07ac0a86fb5,811e3f7f5f1f1f80,yes
potato_fresh_0238,train/P_fresh/potato_fresh_0238.jpg,potato_fresh,2,potato,fresh,none,train,g0198,s0163,muhriddinmuxiddinov,Fruits_Vegetables_Dataset(12000)/Vegetables/FreshPotato/freshPotato (344).jpg,https://www.kaggle.com/datasets/muhriddinmuxiddinov/fruits-and-vegetables-dataset,2,publisher_fresh_rotten_folder+visual_review,none,not_annotated,0ca2b774738c76cca1a15cf9edd454f917fb01cbf8b1f37c8b5951522a9d6ede,1bdcd6cf101b41894d68b8cdc3151b20139cc53b3b0b7639b412a5bd510d6744,100,100,b9c7c74e966c9224,4e0f9b3b3f3f179e,yes
potato_fresh_0239,train/P_fresh/potato_fresh_0239.jpg,potato_fresh,2,potato,fresh,none,train,g0203,s0167,muhriddinmuxiddinov,Fruits_Vegetables_Dataset(12000)/Vegetables/FreshPotato/freshPotato (351).jpg,https://www.kaggle.com/datasets/muhriddinmuxiddinov/fruits-and-vegetables-dataset,2,publisher_fresh_rotten_folder+visual_review,none,not_annotated,eb139b5222316a619090eca5532bbb12cd8667c2d4f45398f681259ace563ec0,6e69d64cc88c444b24db208d26e55ad633a17559b08ca5ca8a1bee116ce57d82,224,224,b60ac139171776f4,fc9b2d2c2c1c1e24,yes
potato_fresh_0240,train/P_fresh/potato_fresh_0240.jpg,potato_fresh,2,potato,fresh,none,train,g0199,s0160,muhriddinmuxiddinov,Fruits_Vegetables_Dataset(12000)/Vegetables/FreshPotato/freshPotato (356).jpg,https://www.kaggle.com/datasets/muhriddinmuxiddinov/fruits-and-vegetables-dataset,2,publisher_fresh_rotten_folder+visual_review,none,not_annotated,d5d1e904d8be6d5c9892f78a66edf19a8b48170f355a5699d777c0a66b98ae5b,2613e4076a66ccfb8cf5e484c698ecb450dd24070fbc3066c6aeef6ac97ee1c9,224,224,b112d66393de12b6,8d94141a8a0f87ba,yes
potato_fresh_0241,train/P_fresh/potato_fresh_0241.jpg,potato_fresh,2,potato,fresh,none,train,g0198,s0163,muhriddinmuxiddinov,Fruits_Vegetables_Dataset(12000)/Vegetables/FreshPotato/freshPotato (371).jpg,https://www.kaggle.com/datasets/muhriddinmuxiddinov/fruits-and-vegetables-dataset,2,publisher_fresh_rotten_folder+visual_review,none,not_annotated,66e7481e994754c18ddd22317950774a84470e47ae6f093b3e251575b066b31a,68492fc50fca09432fabcef4860b7e00536d032f937508f88bfa866224dcef4f,224,224,bfc2f12bc0358f30,87073d6d0d631e1c,yes
potato_fresh_0242,train/P_fresh/potato_fresh_0242.jpg,potato_fresh,2,potato,fresh,none,train,g0196,s0161,muhriddinmuxiddinov,Fruits_Vegetables_Dataset(12000)/Vegetables/FreshPotato/freshPotato (376).jpg,https://www.kaggle.com/datasets/muhriddinmuxiddinov/fruits-and-vegetables-dataset,2,publisher_fresh_rotten_folder+visual_review,none,not_annotated,2a90acb3cc2ec6fbf96d71fd4317ee036963d25e71a0055d158498833d447171,1ce013a959b1159482ac227b49f938920d34db33d19f1e86c9a89f9efe549212,224,224,c0f79d02667916c7,00e0128bcd819382,yes
potato_fresh_0243,train/P_fresh/potato_fresh_0243.jpg,potato_fresh,2,potato,fresh,none,train,g0198,s0163,muhriddinmuxiddinov,Fruits_Vegetables_Dataset(12000)/Vegetables/FreshPotato/freshPotato (386).jpg,https://www.kaggle.com/datasets/muhriddinmuxiddinov/fruits-and-vegetables-dataset,2,publisher_fresh_rotten_folder+visual_review,none,not_annotated,b7f1ae19209223ba11173b72da1334f6bcaa51739587637b6ccf790ef0c05751,6db4947fc27ed61ca5f3743674c5f8ea9e0055d5e4b2811b5f0d48bab3466ca3,100,100,b896e34ac36996c9,1d9e3e3b3b3f1f8e,yes
potato_fresh_0244,train/P_fresh/potato_fresh_0244.jpg,potato_fresh,2,potato,fresh,none,train,g0198,s0163,muhriddinmuxiddinov,Fruits_Vegetables_Dataset(12000)/Vegetables/FreshPotato/freshPotato (398).jpg,https://www.kaggle.com/datasets/muhriddinmuxiddinov/fruits-and-vegetables-dataset,2,publisher_fresh_rotten_folder+visual_review,none,not_annotated,eb18564fbc4258a8b27d49d6ff67b049ca00d86b7209ab3d52031e94e75fcaed,e5a0687084b0df429fdde70edb34fcc78bfb81b41042301463a5de743249b536,100,100,b894e31ac76996c9,9d9e3733333b1f8e,yes
potato_fresh_0245,train/P_fresh/potato_fresh_0245.jpg,potato_fresh,2,potato,fresh,none,train,g0196,s0161,muhriddinmuxiddinov,Fruits_Vegetables_Dataset(12000)/Vegetables/FreshPotato/freshPotato (403).jpg,https://www.kaggle.com/datasets/muhriddinmuxiddinov/fruits-and-vegetables-dataset,2,publisher_fresh_rotten_folder+visual_review,none,not_annotated,d777af151d0960462901c94265670963214ddc2b2179c9a464e120f82c33d536,45bb582a7246f89874c09a50a6c229294ed2bf89ba05fb389aebaac154138226,224,224,ea48d2328f9cd68d,2d91b763cbcd3502,yes
potato_fresh_0246,train/P_fresh/potato_fresh_0246.jpg,potato_fresh,2,potato,fresh,none,train,g0195,s0160,muhriddinmuxiddinov,Fruits_Vegetables_Dataset(12000)/Vegetables/FreshPotato/freshPotato (410).jpg,https://www.kaggle.com/datasets/muhriddinmuxiddinov/fruits-and-vegetables-dataset,2,publisher_fresh_rotten_folder+visual_review,none,not_annotated,38af37c0c5e5216b9f464c0b367fe37badaabab148562717e6aca26506620fb6,925fcf847bf82726088491ac085ee3d092193ec689b787916c769917fe560a4f,224,224,c3792ca6926b63b2,8292dbc949ede3b0,yes
potato_fresh_0247,train/P_fresh/potato_fresh_0247.jpg,potato_fresh,2,potato,fresh,none,train,g0195,s0160,muhriddinmuxiddinov,Fruits_Vegetables_Dataset(12000)/Vegetables/FreshPotato/freshPotato (418).jpg,https://www.kaggle.com/datasets/muhriddinmuxiddinov/fruits-and-vegetables-dataset,2,publisher_fresh_rotten_folder+visual_review,none,not_annotated,f2ad451ff133a8d476c1950bd9a3c3d26fa9d5740c2b647240aa9e2107834cb0,824b7c020cbf8d4191791f015adaff311790ea12c0cf8e91c28e761062df7570,224,224,9959716e0eccd03b,929a987464743cbc,yes
potato_fresh_0248,train/P_fresh/potato_fresh_0248.jpg,potato_fresh,2,potato,fresh,none,train,g0196,s0161,muhriddinmuxiddinov,Fruits_Vegetables_Dataset(12000)/Vegetables/FreshPotato/freshPotato (423).jpg,https://www.kaggle.com/datasets/muhriddinmuxiddinov/fruits-and-vegetables-dataset,2,publisher_fresh_rotten_folder+visual_review,none,not_annotated,2271b12c7370afc4c6aaccc1b8e07c1bd9afd2af387feddc75049c38e78e39a3,55838d1368d2b92ddb49a5d3f2fbc1997bcd221837c0b0253ce45b09218d4fb8,224,224,e266cd991033ee6c,c0070d8d99b18080,yes
potato_fresh_0249,train/P_fresh/potato_fresh_0249.jpg,potato_fresh,2,potato,fresh,none,train,g0202,s0166,muhriddinmuxiddinov,Fruits_Vegetables_Dataset(12000)/Vegetables/FreshPotato/freshPotato (427).jpg,https://www.kaggle.com/datasets/muhriddinmuxiddinov/fruits-and-vegetables-dataset,2,publisher_fresh_rotten_folder+visual_review,none,not_annotated,981e6d455977e227eb950edbf4ba55d0bbdf0687c6e2811b06524abeed344a5b,ce5d9e379861c796c0622d6b64e97e242de12590880a421572d6fd8393b1e65e,224,224,d1bf40be49acf00b,2c685e525124f6d2,yes
potato_fresh_0250,train/P_fresh/potato_fresh_0250.jpg,potato_fresh,2,potato,fresh,none,train,g0199,s0160,muhriddinmuxiddinov,Fruits_Vegetables_Dataset(12000)/Vegetables/FreshPotato/freshPotato (435).jpg,https://www.kaggle.com/datasets/muhriddinmuxiddinov/fruits-and-vegetables-dataset,2,publisher_fresh_rotten_folder+visual_review,none,not_annotated,6d14f034692e03f15267c2fdc3eddd1683d5216cbf4922e866fcbdaa7782514b,5d2b5eacfd294d3e1db823ed0401c756734796f4a1bef093ffbf4c8fd16d54d0,224,224,ac2cd6939375c4c6,a62726179b3626b2,yes
potato_fresh_0251,train/P_fresh/potato_fresh_0251.jpg,potato_fresh,2,potato,fresh,none,train,g0202,s0166,muhriddinmuxiddinov,Fruits_Vegetables_Dataset(12000)/Vegetables/FreshPotato/freshPotato (437).jpg,https://www.kaggle.com/datasets/muhriddinmuxiddinov/fruits-and-vegetables-dataset,2,publisher_fresh_rotten_folder+visual_review,none,not_annotated,77d3e20b3481fd8a7d9fe7512c71ebcdff5ee6951b354b3c5d5328aa4803ed37,3ebee6eebaaddf86b08ef764371abcfeb53078d84e45c3d96a7c821c4c6b8e11,224,224,cadfb4e1a1b58e02,083161c3c1c18ca5,yes
potato_fresh_0253,train/P_fresh/potato_fresh_0253.jpg,potato_fresh,2,potato,fresh,none,train,g0198,s0163,muhriddinmuxiddinov,Fruits_Vegetables_Dataset(12000)/Vegetables/FreshPotato/freshPotato (447).jpg,https://www.kaggle.com/datasets/muhriddinmuxiddinov/fruits-and-vegetables-dataset,2,publisher_fresh_rotten_folder+visual_review,none,not_annotated,ee089754a7035d12714ba916cfd8795e964b1eb4a76c51e87c4fc4e67bd93de7,10cbc085dc5ad3c98c6654eadc4b0b675fd72ffde7054396b282a2a2e0624080,224,224,b9c3e14f962c923c,4f9b1b3f3b3b1f8e,yes
potato_fresh_0254,train/P_fresh/potato_fresh_0254.jpg,potato_fresh,2,potato,fresh,none,train,g0202,s0166,muhriddinmuxiddinov,Fruits_Vegetables_Dataset(12000)/Vegetables/FreshPotato/freshPotato (460).jpg,https://www.kaggle.com/datasets/muhriddinmuxiddinov/fruits-and-vegetables-dataset,2,publisher_fresh_rotten_folder+visual_review,none,not_annotated,5f07a70f918cdbdc55cb5b45a6b6514170d5cc51c5e4c8d949f77a3c6af39178,c01ac2d2fca7ca51b9b9268b219c122fdc375c73ae917b7a6a3e9d0189dbb9f0,224,224,d4a554c7dc2e19b8,648eb8e5b2cb2cbc,yes
potato_fresh_0255,train/P_fresh/potato_fresh_0255.jpg,potato_fresh,2,potato,fresh,none,train,g0202,s0166,muhriddinmuxiddinov,Fruits_Vegetables_Dataset(12000)/Vegetables/FreshPotato/freshPotato (467).jpg,https://www.kaggle.com/datasets/muhriddinmuxiddinov/fruits-and-vegetables-dataset,2,publisher_fresh_rotten_folder+visual_review,none,not_annotated,15818f04102d0f26161868c4d047e65a734ffd3fa2225adda5db7edcd5c2cb8f,9242881d3f8dd869807aee88a62aa7e5362ffe99799df9dc74a5fafc1ab0d63e,224,224,fdc460b38beb3038,d7a4a66378188a92,yes
potato_fresh_0256,train/P_fresh/potato_fresh_0256.jpg,potato_fresh,2,potato,fresh,none,train,g0196,s0161,muhriddinmuxiddinov,Fruits_Vegetables_Dataset(12000)/Vegetables/FreshPotato/freshPotato (477).jpg,https://www.kaggle.com/datasets/muhriddinmuxiddinov/fruits-and-vegetables-dataset,2,publisher_fresh_rotten_folder+visual_review,none,not_annotated,254b3b97940123ed86c872a7e8b95253a42826321413bf66aec0a299d9418980,85b11c647c1edbcadde53637f46bf1797257e4327bad6fa649faaab9a4e83060,224,224,faee9511de320970,e4c2012509999c38,yes
potato_fresh_0257,train/P_fresh/potato_fresh_0257.jpg,potato_fresh,2,potato,fresh,none,train,g0206,s0170,muhriddinmuxiddinov,Fruits_Vegetables_Dataset(12000)/Vegetables/FreshPotato/freshPotato (479).jpg,https://www.kaggle.com/datasets/muhriddinmuxiddinov/fruits-and-vegetables-dataset,2,publisher_fresh_rotten_folder+visual_review,none,not_annotated,c46189abac793c0a9a3f01dd7db0480486358b21b6dd79d8e5029c351f16f6c6,58d34ca02cea0f94a83b728586282e51c6f80fd793c533c4d938fd13b2472dd8,224,224,a3331774e06e40df,cdddfdc6df9e7ef8,yes
potato_fresh_0258,train/P_fresh/potato_fresh_0258.jpg,potato_fresh,2,potato,fresh,none,train,g0195,s0160,muhriddinmuxiddinov,Fruits_Vegetables_Dataset(12000)/Vegetables/FreshPotato/freshPotato (494).jpg,https://www.kaggle.com/datasets/muhriddinmuxiddinov/fruits-and-vegetables-dataset,2,publisher_fresh_rotten_folder+visual_review,none,not_annotated,80534c16b7f776aec68e9a562e66586b3cd9f769ee8488e458407e2918e2e3a7,d1001d2847ba027fdd8f2ccdb1a0e04628b2ccc2e8507603950c34617c6166b8,224,224,8303f96c4efe3831,40d8d8e8ec6cac9c,yes
potato_fresh_0259,valid/P_fresh/potato_fresh_0259.jpg,potato_fresh,2,potato,fresh,none,val,g0207,s0171,muhriddinmuxiddinov,Fruits_Vegetables_Dataset(12000)/Vegetables/FreshPotato/freshPotato (50).jpg,https://www.kaggle.com/datasets/muhriddinmuxiddinov/fruits-and-vegetables-dataset,2,publisher_fresh_rotten_folder+visual_review,none,not_annotated,bde14402d98640a3be2e4edf0d0f84c3f7f45d94ed2ae22398c653c227c46c56,0a456727327fa22d8c585bf5d95a8b11352567a4b56ffbfbe01e5d3367fd2486,275,183,a7c69c1d4b328d99,04060f0f4f071e1c,yes
potato_fresh_0260,train/P_fresh/potato_fresh_0260.jpg,potato_fresh,2,potato,fresh,none,train,g0196,s0161,muhriddinmuxiddinov,Fruits_Vegetables_Dataset(12000)/Vegetables/FreshPotato/freshPotato (504).jpg,https://www.kaggle.com/datasets/muhriddinmuxiddinov/fruits-and-vegetables-dataset,2,publisher_fresh_rotten_folder+visual_review,none,not_annotated,28d4512932459eae13b8660fc5aa2bb464ac79420ff874b93a385ff6c983e572,ea86f2d5db9d65ca70b027111232b00123f1e5eb36a4a6247ae52cdb13ad1ab9,224,224,f2a08c1761bf1bac,88840d0d0c183481,yes
potato_fresh_0261,train/P_fresh/potato_fresh_0261.jpg,potato_fresh,2,potato,fresh,none,train,g0196,s0161,muhriddinmuxiddinov,Fruits_Vegetables_Dataset(12000)/Vegetables/FreshPotato/freshPotato (514).jpg,https://www.kaggle.com/datasets/muhriddinmuxiddinov/fruits-and-vegetables-dataset,2,publisher_fresh_rotten_folder+visual_review,none,not_annotated,e982237af19a8f2b687a034bb798a59a155f5270f96e1c8a48040552dc73f932,068d438481b67078cb262fa30d56396a77ef5d760bf1b363c44be6cfeb962435,224,224,dbc6d430421ee7d1,1c906231191b3c00,yes
potato_fresh_0262,train/P_fresh/potato_fresh_0262.jpg,potato_fresh,2,potato,fresh,none,train,g0198,s0163,muhriddinmuxiddinov,Fruits_Vegetables_Dataset(12000)/Vegetables/FreshPotato/freshPotato (519).jpg,https://www.kaggle.com/datasets/muhriddinmuxiddinov/fruits-and-vegetables-dataset,2,publisher_fresh_rotten_folder+visual_review,none,not_annotated,00a41df69f223a79fffeb01493c529d4fd6cb4021f183a9d4c6f3aa19b14824e,0e0835021a62b340585655bf248b82d73e77e34d00ad88d2d68758e7d63b7056,224,224,bbc0f52a803d973c,870f3d5d0f4b1f0e,yes
potato_fresh_0263,train/P_fresh/potato_fresh_0263.jpg,potato_fresh,2,potato,fresh,none,train,g0200,s0164,muhriddinmuxiddinov,Fruits_Vegetables_Dataset(12000)/Vegetables/FreshPotato/freshPotato (524).jpg,https://www.kaggle.com/datasets/muhriddinmuxiddinov/fruits-and-vegetables-dataset,2,publisher_fresh_rotten_folder+visual_review,none,not_annotated,d864d48ca7d7369f1c5e8207adabf4af124c7e5a13ca62fe11df11227b43e7fb,ba460d176c33c900ff585169d26417f3e8da98fdb4618bf6c08d6e95de0c24f8,224,224,ae85c07a17817a9f,80066775750f0f40,yes
potato_fresh_0264,train/P_fresh/potato_fresh_0264.jpg,potato_fresh,2,potato,fresh,none,train,g0195,s0160,muhriddinmuxiddinov,Fruits_Vegetables_Dataset(12000)/Vegetables/FreshPotato/freshPotato (529).jpg,https://www.kaggle.com/datasets/muhriddinmuxiddinov/fruits-and-vegetables-dataset,2,publisher_fresh_rotten_folder+visual_review,none,not_annotated,56fde98abcde985360b209034ed723484944d0ac8fe9092ee5849d25fb3d7489,1482dfdb6e82248adafb8168dcbc9b44a024ed326985e80f5b8e3ea7e27c6821,224,224,a535959b49695b16,9a8e8e8383c3c3c0,yes
potato_fresh_0265,train/P_fresh/potato_fresh_0265.jpg,potato_fresh,2,potato,fresh,none,train,g0198,s0163,muhriddinmuxiddinov,Fruits_Vegetables_Dataset(12000)/Vegetables/FreshPotato/freshPotato (53).jpg,https://www.kaggle.com/datasets/muhriddinmuxiddinov/fruits-and-vegetables-dataset,2,publisher_fresh_rotten_folder+visual_review,none,not_annotated,0194e644fedb84db4478e88ca6bac2cae7540546d79ad883bbc1e96de1cd26ef,1ba4bbfe1a895725f6c170a845845aba50a6b0a1d562d2d2f757d8a238709f5c,204,248,eb9a94a14ec348ed,081e034143030e0b,yes
potato_fresh_0266,train/P_fresh/potato_fresh_0266.jpg,potato_fresh,2,potato,fresh,none,train,g0202,s0166,muhriddinmuxiddinov,Fruits_Vegetables_Dataset(12000)/Vegetables/FreshPotato/freshPotato (536).jpg,https://www.kaggle.com/datasets/muhriddinmuxiddinov/fruits-and-vegetables-dataset,2,publisher_fresh_rotten_folder+visual_review,none,not_annotated,daf2873a44d60bf2f8528b5482e51f332a31f90faf1487121025cc62c2212636,5e83467c37c676f9c7cb56a5c50e7e8ca673e68fcb0221f0f3cfc53c6028aa48,224,224,c691097a1fb9a2f1,78e0a444440d0b67,yes
potato_fresh_0267,train/P_fresh/potato_fresh_0267.jpg,potato_fresh,2,potato,fresh,none,train,g0195,s0160,muhriddinmuxiddinov,Fruits_Vegetables_Dataset(12000)/Vegetables/FreshPotato/freshPotato (543).jpg,https://www.kaggle.com/datasets/muhriddinmuxiddinov/fruits-and-vegetables-dataset,2,publisher_fresh_rotten_folder+visual_review,none,not_annotated,0bdb25a6568b6f14cf3fb8421cab0c339faba5feb0bd04040772236e7022efc9,6adfe13d0019ce01bb090c71a45df4530dc31c8c0223f0be9328bf8d8c202881,224,224,ac74936332cd989e,cc96b296ab97f2fc,yes
potato_fresh_0268,train/P_fresh/potato_fresh_0268.jpg,potato_fresh,2,potato,fresh,none,train,g0200,s0164,muhriddinmuxiddinov,Fruits_Vegetables_Dataset(12000)/Vegetables/FreshPotato/freshPotato (551).jpg,https://www.kaggle.com/datasets/muhriddinmuxiddinov/fruits-and-vegetables-dataset,2,publisher_fresh_rotten_folder+visual_review,none,not_annotated,aab5abc3be503ac2cc74a1d689f243ee4726296b9c6ea1de402d863a79930f14,f212855ff18d122b52e3046c1dc753e6054689f0d2242a37f60faf20060a09a6,224,224,b892c769c769c661,0d9e1e133b1b970e,yes
potato_fresh_0269,valid/P_fresh/potato_fresh_0269.jpg,potato_fresh,2,potato,fresh,none,val,g0208,s0172,muhriddinmuxiddinov,Fruits_Vegetables_Dataset(12000)/Vegetables/FreshPotato/freshPotato (584).jpg,https://www.kaggle.com/datasets/muhriddinmuxiddinov/fruits-and-vegetables-dataset,2,publisher_fresh_rotten_folder+visual_review,none,not_annotated,40ff6b1cdc6a7e0e30934f0dde0945b6b28ac0fae6a23558355e3048883b5ca2,4680176c2a2ea575cb76f1987e34206d8c3835d98bc6f8b4d0e7791012930591,2272,1704,d73d41a7d1443762,d6713c34496de998,yes
potato_fresh_0270,test/P_fresh/potato_fresh_0270.jpg,potato_fresh,2,potato,fresh,none,test,g0209,s0173,muhriddinmuxiddinov,Fruits_Vegetables_Dataset(12000)/Vegetables/FreshPotato/freshPotato (586).jpg,https://www.kaggle.com/datasets/muhriddinmuxiddinov/fruits-and-vegetables-dataset,2,publisher_fresh_rotten_folder+visual_review,none,not_annotated,07d5bc548e4e8fa79089e97e3a32481577f1d6bb5cf13113aadbad7d691a56ab,255aab3d3dff665839774d229be8896cd83440c45e156c43f2ad964dc487671c,500,486,d3052f2c6e76614b,6672c8acd2a82853,yes
potato_fresh_0271,train/P_fresh/potato_fresh_0271.jpg,potato_fresh,2,potato,fresh,none,train,g0210,s0160,muhriddinmuxiddinov,Fruits_Vegetables_Dataset(12000)/Vegetables/FreshPotato/freshPotato (596).jpg,https://www.kaggle.com/datasets/muhriddinmuxiddinov/fruits-and-vegetables-dataset,2,publisher_fresh_rotten_folder+visual_review,none,not_annotated,8d84ebe2da57fab56d7b128fafae5712b7561575bea79a23ae3f1a30c4d4283b,d5ed9c736b2192c08e767f3e248e60d1e54c080eb686982ad19374c6d8445538,550,500,bee4c41bdb7018c3,14070f0d59190f07,yes
potato_fresh_0272,valid/P_fresh/potato_fresh_0272.jpg,potato_fresh,2,potato,fresh,none,val,g0211,s0174,muhriddinmuxiddinov,Fruits_Vegetables_Dataset(12000)/Vegetables/FreshPotato/freshPotato (601).jpg,https://www.kaggle.com/datasets/muhriddinmuxiddinov/fruits-and-vegetables-dataset,2,publisher_fresh_rotten_folder+visual_review,none,not_annotated,4a028e61c33a4d09d64c44ed5e72485f57e4e18ead2eb819605626d55960ea12,e3a49c8a52d969f872f4f690a9da4c1b793afa36c44ec0e3fae5ca3c28ce8ce3,1920,1920,aa95d0dac7608d67,313e476b65398747,yes
potato_fresh_0273,test/P_fresh/potato_fresh_0273.jpg,potato_fresh,2,potato,fresh,none,test,g0212,s0175,muhriddinmuxiddinov,Fruits_Vegetables_Dataset(12000)/Vegetables/FreshPotato/freshPotato (606).jpg,https://www.kaggle.com/datasets/muhriddinmuxiddinov/fruits-and-vegetables-dataset,2,publisher_fresh_rotten_folder+visual_review,none,not_annotated,5c34d66757baa98e5099a89ee692a90171ff7d76a9f31fcc89567c57322ac411,ba822dd877f5046a2ed0c4b33b6625a46f94795cd4c2e3059472ce8cc87be4da,1707,1280,efd0d02d936e849a,061b254d53070f30,yes
potato_fresh_0274,train/P_fresh/potato_fresh_0274.jpg,potato_fresh,2,potato,fresh,none,train,g0198,s0163,muhriddinmuxiddinov,Fruits_Vegetables_Dataset(12000)/Vegetables/FreshPotato/freshPotato (80).jpg,https://www.kaggle.com/datasets/muhriddinmuxiddinov/fruits-and-vegetables-dataset,2,publisher_fresh_rotten_folder+visual_review,none,not_annotated,61fc2f89e69fec7f54874a94e1695ac09ab5a23e947b63afec05ab4d66743335,4c93e50fc9f691b99e59d0509a35f639c49467282a82ff8a2581c9931e949ebc,100,100,fe95c07895007a9f,800f27de3f070f00,yes
potato_fresh_0275,train/P_fresh/potato_fresh_0275.jpg,potato_fresh,2,potato,fresh,none,train,g0198,s0163,muhriddinmuxiddinov,Fruits_Vegetables_Dataset(12000)/Vegetables/FreshPotato/freshPotato (85).jpg,https://www.kaggle.com/datasets/muhriddinmuxiddinov/fruits-and-vegetables-dataset,2,publisher_fresh_rotten_folder+visual_review,none,not_annotated,ce505493acf648f9ff1ce47f8266c426441effb8bb50c58d261d1af00c2685a2,2c57d458950375ebffec5a95015f597e7114c33e8fb9a90b9f4c04bd37833a4c,100,100,bf91c07c95603a8f,800f1bdc7e2f0700,yes
potato_fresh_0276,train/P_fresh/potato_fresh_0276.jpg,potato_fresh,2,potato,fresh,none,train,g0198,s0163,muhriddinmuxiddinov,Fruits_Vegetables_Dataset(12000)/Vegetables/FreshPotato/freshPotato (92).jpg,https://www.kaggle.com/datasets/muhriddinmuxiddinov/fruits-and-vegetables-dataset,2,publisher_fresh_rotten_folder+visual_review,none,not_annotated,952a4e1923b0c177e47e79dd3faa0d1d261a9f3bde8f6ea0b92c2a6857ccb638,7419bae92b0ae4554d6b4dec828729088dbfb07c83c279a3ed2a8b4d52e80e8f,100,100,ba98c57f82601e67,801f37397d3f0f88,yes
potato_fresh_0277,train/P_fresh/potato_fresh_0277.jpg,potato_fresh,2,potato,fresh,none,train,g0198,s0163,muhriddinmuxiddinov,Fruits_Vegetables_Dataset(12000)/Vegetables/FreshPotato/freshPotato (95).jpg,https://www.kaggle.com/datasets/muhriddinmuxiddinov/fruits-and-vegetables-dataset,2,publisher_fresh_rotten_folder+visual_review,none,not_annotated,00c76073ed1f4ee51089f2d5aa7e4c7ad2207ee990e6f63160bbc3b2e5ebc607,bc17a904f4db5b7400e61f56e55f2fdd27be9531068c88cc784a70f511ac02ba,100,100,bfd8f02ad03d8a34,800f77787d731f0c,yes
potato_fresh_0278,train/P_fresh/potato_fresh_0278.jpg,potato_fresh,2,potato,fresh,none,train,g0198,s0163,muhriddinmuxiddinov,Fruits_Vegetables_Dataset(12000)/Vegetables/FreshPotato/freshPotato (97).jpg,https://www.kaggle.com/datasets/muhriddinmuxiddinov/fruits-and-vegetables-dataset,2,publisher_fresh_rotten_folder+visual_review,none,not_annotated,bb1ab518ff9f90596d008b09601e7e797b5f3340c39355ccbfdd5de79bcf5030,d8ff9353b09832d8c029d0363236b639fd26f19d70e7f5d122808a23e47f97d9,100,100,bfdaf029c03d0a72,801f7f757d7f0f08,yes
potato_fresh_0279,train/P_fresh/potato_fresh_0279.jpg,potato_fresh,2,potato,fresh,none,train,g0198,s0163,muhriddinmuxiddinov,Fruits_Vegetables_Dataset(12000)/Vegetables/FreshPotato/freshPotato (99).jpg,https://www.kaggle.com/datasets/muhriddinmuxiddinov/fruits-and-vegetables-dataset,2,publisher_fresh_rotten_folder+visual_review,none,not_annotated,198ba316a059d428ce244d62db14e9e6df1979af3c79a2a917a3e2e1c99a47f5,31f18b31cc5d57a949014b9760b72ad0b4f112db9a1037cf9f3f937677b3829c,100,100,bfdaf029c0350b72,801f6f7d7d7f0e01,yes
potato_fresh_0280,test/P_fresh/potato_fresh_0280.jpg,potato_fresh,2,potato,fresh,none,test,g0213,s0176,muhriddinmuxiddinov,Fruits_Vegetables_Dataset(12000)/Vegetables/FreshPotato/freshPotato (139).jpg,https://www.kaggle.com/datasets/muhriddinmuxiddinov/fruits-and-vegetables-dataset,2,publisher_fresh_rotten_folder+visual_review,none,not_annotated,c7799a30aca235d2ac425d112730c6732fcb91efecbae67517db7818c7bd9291,19535f7b3d65bd28d70598d06ed65105b6cd2d9621a0f9f4adbd739114323546,279,181,ebe5c04e9e31ce90,0e0e0e1f71610f8c,yes
potato_fresh_0281,valid/P_fresh/potato_fresh_0281.jpg,potato_fresh,2,potato,fresh,none,val,g0214,s0177,muhriddinmuxiddinov,Fruits_Vegetables_Dataset(12000)/Vegetables/FreshPotato/freshPotato (16).jpg,https://www.kaggle.com/datasets/muhriddinmuxiddinov/fruits-and-vegetables-dataset,2,publisher_fresh_rotten_folder+visual_review,none,not_annotated,d50934f5c40779ba3db8409ee77c29ded701052e4276c3558752534928b0d394,3387c23dc908b86523e9a004640c34923c8f48d3756369222ed83d602331f15b,254,199,ee7291394fc4384b,120d0747630f840b,yes
potato_fresh_0282,test/P_fresh/potato_fresh_0282.jpg,potato_fresh,2,potato,fresh,none,test,g0215,s0178,muhriddinmuxiddinov,Fruits_Vegetables_Dataset(12000)/Vegetables/FreshPotato/freshPotato (208).jpg,https://www.kaggle.com/datasets/muhriddinmuxiddinov/fruits-and-vegetables-dataset,2,publisher_fresh_rotten_folder+visual_review,none,not_annotated,4ed7133bec1bd363c20f859c20a118d2ca08bfaf9bdd51600298f672c8fca0c2,036c44b6842d9bed204040125a8da33a6ee9062a89e064644a80186113f9c951,225,225,d996ee73d08c8741,996072b098532381,yes
potato_fresh_0283,train/P_fresh/potato_fresh_0283.jpg,potato_fresh,2,potato,fresh,none,train,g0216,s0160,muhriddinmuxiddinov,Fruits_Vegetables_Dataset(12000)/Vegetables/FreshPotato/freshPotato (3).jpg,https://www.kaggle.com/datasets/muhriddinmuxiddinov/fruits-and-vegetables-dataset,2,publisher_fresh_rotten_folder+visual_review,none,not_annotated,4a217d51d84cc0cecc104f2e05ab54af334af19c3688550c22f2b6ca2413b215,35252de398af3d4c7a6002d5a92e344d2c00c3f2e8084a92a80bec5b97fc09fb,1000,635,bfb09249c56b351a,1c1c1f4773737b3d,yes
potato_fresh_0284,test/P_fresh/potato_fresh_0284.jpg,potato_fresh,2,potato,fresh,none,test,g0217,s0179,muhriddinmuxiddinov,Fruits_Vegetables_Dataset(12000)/Vegetables/FreshPotato/freshPotato (38).jpg,https://www.kaggle.com/datasets/muhriddinmuxiddinov/fruits-and-vegetables-dataset,2,publisher_fresh_rotten_folder+visual_review,none,not_annotated,a73464c6156c3319ef05e17aac44dcd6dc8fba6673aaf5be66fb9a3c5729b603,e9d8d87db7c828d80fe6076118cfee169134ae76761277d643d27a6a6907560d,276,183,94919e6c90d6cbb5,a456d1981627643d,yes
potato_fresh_0285,test/P_fresh/potato_fresh_0285.png,potato_fresh,2,potato,fresh,none,test,g0218,s0180,muhriddinmuxiddinov,Fruits_Vegetables_Dataset(12000)/Vegetables/FreshPotato/freshPotato (4).png,https://www.kaggle.com/datasets/muhriddinmuxiddinov/fruits-and-vegetables-dataset,2,publisher_fresh_rotten_folder+visual_review,none,not_annotated,616578cb4e568bcd4806f9916187c3fed05e8ff1561eac78d5d0d14e68d7b70b,71a46457b4b057c036be36ea5f1cb91405f36a4b29f08e3a46045d23e3dfffcd,900,637,bad0950fc03f856e,000d335d01717903,yes
potato_fresh_0286,train/P_fresh/potato_fresh_0286.jpg,potato_fresh,2,potato,fresh,none,train,g0210,s0160,muhriddinmuxiddinov,Fruits_Vegetables_Dataset(12000)/Vegetables/FreshPotato/freshPotato (43).jpg,https://www.kaggle.com/datasets/muhriddinmuxiddinov/fruits-and-vegetables-dataset,2,publisher_fresh_rotten_folder+visual_review,none,not_annotated,0ab7330febabd143d2e2a10d783f6fa5e413d921b7745024ebcdd5d7c1b66a69,2b018fd0f2e487325359812ca699c38ca9715f9ab3a2fa09bcf51e6e3a0e3343,275,183,ec93b6dc68a19964,cce8d2d33332258f,yes
potato_fresh_0287,valid/P_fresh/potato_fresh_0287.jpg,potato_fresh,2,potato,fresh,none,val,g0219,s0181,muhriddinmuxiddinov,Fruits_Vegetables_Dataset(12000)/Vegetables/FreshPotato/freshPotato (55).jpg,https://www.kaggle.com/datasets/muhriddinmuxiddinov/fruits-and-vegetables-dataset,2,publisher_fresh_rotten_folder+visual_review,none,not_annotated,586b9e9a01938d80dcf5cbf0bd07510673a170d3c385e2ca3ed2f7aec19ca897,f6c11d6c2060bac419acb6fed3a8583cfa2bb8355ce556089661580c8d62d576,268,188,e892f20c3d6ce627,b5898733b6972307,yes
potato_fresh_0288,test/P_fresh/potato_fresh_0288.jpg,potato_fresh,2,potato,fresh,none,test,g0220,s0182,muhriddinmuxiddinov,Fruits_Vegetables_Dataset(12000)/Vegetables/FreshPotato/freshPotato (563).jpg,https://www.kaggle.com/datasets/muhriddinmuxiddinov/fruits-and-vegetables-dataset,2,publisher_fresh_rotten_folder+visual_review,none,not_annotated,3774dc6a99d1b1e4018dba377d63b527c540e4f432774894237feabd054de368,2dc5ba4e50edb668fdc572dcc9b12537ba366ae1023b53ac93225ef3b09b8da9,259,194,edc4921b3b668d61,080607271b330f00,yes
potato_fresh_0289,valid/P_fresh/potato_fresh_0289.jpg,potato_fresh,2,potato,fresh,none,val,g0221,s0183,muhriddinmuxiddinov,Fruits_Vegetables_Dataset(12000)/Vegetables/FreshPotato/freshPotato (570).jpg,https://www.kaggle.com/datasets/muhriddinmuxiddinov/fruits-and-vegetables-dataset,2,publisher_fresh_rotten_folder+visual_review,none,not_annotated,a30041310351d13e977df5a7cac2175d09726ba5ed5b926e785eeadfc42e3809,67d1157890e406ac0c94a40b5fd2e088bbcb090f4c2e9f9f5e820794c9d893f9,876,493,8d9146f9640dcf8d,e2dd72ab977173e5,yes
potato_fresh_0290,test/P_fresh/potato_fresh_0290.jpg,potato_fresh,2,potato,fresh,none,test,g0222,s0184,muhriddinmuxiddinov,Fruits_Vegetables_Dataset(12000)/Vegetables/FreshPotato/freshPotato (58).jpg,https://www.kaggle.com/datasets/muhriddinmuxiddinov/fruits-and-vegetables-dataset,2,publisher_fresh_rotten_folder+visual_review,none,not_annotated,26069a164fc7daafa85c224ef4dba63f1758515d7dea2e753471f6d288e132f8,0b02b119b449e0f11930f4a63709273727e2d47022c8f00d584804cac2ff7275,262,193,f4a63fc5408b15ba,44242e948aca1807,yes
potato_fresh_0291,valid/P_fresh/potato_fresh_0291.jpg,potato_fresh,2,potato,fresh,none,val,g0223,s0185,muhriddinmuxiddinov,Fruits_Vegetables_Dataset(12000)/Vegetables/FreshPotato/freshPotato (589).jpg,https://www.kaggle.com/datasets/muhriddinmuxiddinov/fruits-and-vegetables-dataset,2,publisher_fresh_rotten_folder+visual_review,none,not_annotated,2a9d18e65d6a1f28fb23f827904c3aade6f4741fcd5486494389e69504999efe,58e90e616ca90e8d16909ba814f6a65768d45cace322a6a204e2d7721b98733f,350,233,86f83484b6eac9dc,a54c9bede4ca642c,yes
potato_fresh_0292,valid/P_fresh/potato_fresh_0292.jpg,potato_fresh,2,potato,fresh,none,val,g0224,s0186,muhriddinmuxiddinov,Fruits_Vegetables_Dataset(12000)/Vegetables/FreshPotato/freshPotato (591).jpg,https://www.kaggle.com/datasets/muhriddinmuxiddinov/fruits-and-vegetables-dataset,2,publisher_fresh_rotten_folder+visual_review,none,not_annotated,619c31938a0274226d0f98ff489e09cfa42c25f09851f4ccd96c3950233397ee,750eba6b54d04efdfa5b501a5dbbe9cb3c31ac98150199a362a1df21d08254c3,1396,785,ead9852e92629a67,003333393133270c,yes
potato_fresh_0293,train/P_fresh/potato_fresh_0293.jpg,potato_fresh,2,potato,fresh,none,train,g0225,s0187,muhriddinmuxiddinov,Fruits_Vegetables_Dataset(12000)/Vegetables/FreshPotato/freshPotato (594).jpg,https://www.kaggle.com/datasets/muhriddinmuxiddinov/fruits-and-vegetables-dataset,2,publisher_fresh_rotten_folder+visual_review,none,not_annotated,e69d0d0683a20e17a3e7e3aa7862d144bc4fa8be13f07dbc4ac2d5ce43d7fbd0,3e08b22f7b2d2d590726ff4143539e5a1d900186534560fef2636f65c4c3cf8f,1359,1096,abd0e50ac03f972d,8f3979f9f1793b0e,yes
potato_fresh_0294,test/P_fresh/potato_fresh_0294.jpg,potato_fresh,2,potato,fresh,none,test,g0226,s0188,muhriddinmuxiddinov,Fruits_Vegetables_Dataset(12000)/Vegetables/FreshPotato/freshPotato (599).jpg,https://www.kaggle.com/datasets/muhriddinmuxiddinov/fruits-and-vegetables-dataset,2,publisher_fresh_rotten_folder+visual_review,none,not_annotated,192f452716f20c9bea51774696263f196fec322b43ffe32dfdd9512094339b78,1e6cb7865265f68bb9b3b2ee94e5d2382b96a18f01df3e2e5511f60fee4d1781,1098,960,8ec7f13d83b08f30,3bc7ece57533bf8e,yes
potato_fresh_0295,valid/P_fresh/potato_fresh_0295.jpg,potato_fresh,2,potato,fresh,none,val,g0227,s0189,muhriddinmuxiddinov,Fruits_Vegetables_Dataset(12000)/Vegetables/FreshPotato/freshPotato (60).jpg,https://www.kaggle.com/datasets/muhriddinmuxiddinov/fruits-and-vegetables-dataset,2,publisher_fresh_rotten_folder+visual_review,none,not_annotated,80ada86361ec9d731cf823856720ed84060f64d10de591f9ad38b2b199d616e0,cad79fa395e0072ee92629af0ebf05c682ef6737b8c3fc7869abe547a8b4012b,262,192,edc112b64fd838c3,20478333273e1823,yes
potato_fresh_0296,train/P_fresh/potato_fresh_0296.jpg,potato_fresh,2,potato,fresh,none,train,g0198,s0163,muhriddinmuxiddinov,Fruits_Vegetables_Dataset(12000)/Vegetables/FreshPotato/freshPotato (63).jpg,https://www.kaggle.com/datasets/muhriddinmuxiddinov/fruits-and-vegetables-dataset,2,publisher_fresh_rotten_folder+visual_review,none,not_annotated,a2c3685ce80c736fb82e1c6358d227d692b989e7bcbef1b697f3c7fe23ad50e2,3274b08f401625d0f751cb46ea7b4105a09dece643f6c9ef788ecd827166cf63,251,201,bfcc50b14ba40fb2,1f1f3f071f0f0e0f,yes
potato_fresh_0297,train/P_fresh/potato_fresh_0297.jpg,potato_fresh,2,potato,fresh,none,train,g0228,s0190,muhriddinmuxiddinov,Fruits_Vegetables_Dataset(12000)/Vegetables/FreshPotato/freshPotato (67).jpg,https://www.kaggle.com/datasets/muhriddinmuxiddinov/fruits-and-vegetables-dataset,2,publisher_fresh_rotten_folder+visual_review,none,not_annotated,37865fd141736c485c36acd9a24dfc276cba220a5276d0df35b8691a140e80bd,21054ae149bba14f34123a1c696cb4994e3aa7c9e2558ce43da2bf0b9d7b46dd,275,183,eac4955fc2384c37,0d46979b4d011f08,yes
potato_fresh_0298,train/P_fresh/potato_fresh_0298.jpg,potato_fresh,2,potato,fresh,none,train,g0229,s0191,muhriddinmuxiddinov,Fruits_Vegetables_Dataset(12000)/Vegetables/FreshPotato/freshPotato (70).jpg,https://www.kaggle.com/datasets/muhriddinmuxiddinov/fruits-and-vegetables-dataset,2,publisher_fresh_rotten_folder+visual_review,none,not_annotated,75f41dbd9e2b897981cfe2668a98619b2b85d4144f148735d9897ac16668f799,4a1e09399cf00428edde01774a216bf55777e5a6e9bd40c4a5e6829ee0be470e,275,183,cefb665ef0c13021,2167d391a1206466,yes
potato_fresh_0299,train/P_fresh/potato_fresh_0299.jpg,potato_fresh,2,potato,fresh,none,train,g0230,s0163,muhriddinmuxiddinov,Fruits_Vegetables_Dataset(12000)/Vegetables/FreshPotato/freshPotato (72).jpg,https://www.kaggle.com/datasets/muhriddinmuxiddinov/fruits-and-vegetables-dataset,2,publisher_fresh_rotten_folder+visual_review,none,not_annotated,fdc5bf0a45ac5baf4724fa4766cd895b0afbfa7629e225b11957c9631635bb53,333da2750a7e4d6ffc528571a0fbab17fe12df45f3e33e8ad868da2b8c363f7c,183,276,fae1851ed36a5861,010e333171312b0c,yes
potato_fresh_0833,test/P_fresh/potato_fresh_0833.jpg,potato_fresh,2,potato,fresh,none,test,g0231,s0175,muhriddinmuxiddinov,Fruits_Vegetables_Dataset(12000)/Vegetables/FreshPotato/freshPotato (10).jpg,https://www.kaggle.com/datasets/muhriddinmuxiddinov/fruits-and-vegetables-dataset,2,publisher_fresh_rotten_folder+visual_review,none,not_annotated,53bb43a6c0bb047ed484b21b7d2a84a6bbc94087b4d33e3c0093b8dc7f3d3eca,665e1320ab11b490a0cfac2ce91d80d82da5870992c78bc416154c2aaeba3518,500,500,e5cd961c92719a33,068686070307864e,no
potato_fresh_0834,train/P_fresh/potato_fresh_0834.jpg,potato_fresh,2,potato,fresh,none,train,g0196,s0161,muhriddinmuxiddinov,Fruits_Vegetables_Dataset(12000)/Vegetables/FreshPotato/freshPotato (114).jpg,https://www.kaggle.com/datasets/muhriddinmuxiddinov/fruits-and-vegetables-dataset,2,publisher_fresh_rotten_folder+visual_review,none,not_annotated,20c65c8b72590ef093c7eac5bd37e97f5f1024e1e42dc6e0b64bc8c4748c9a2d,caf87ea1f6d84d81ae09a2ac1de7b8b2f891b220546172f1e3c5d45e49621d40,224,224,ea51922fac33899e,1ac8888627436135,no
potato_fresh_0835,train/P_fresh/potato_fresh_0835.jpg,potato_fresh,2,potato,fresh,none,train,g0232,s0192,muhriddinmuxiddinov,Fruits_Vegetables_Dataset(12000)/Vegetables/FreshPotato/freshPotato (121).jpg,https://www.kaggle.com/datasets/muhriddinmuxiddinov/fruits-and-vegetables-dataset,2,publisher_fresh_rotten_folder+visual_review,none,not_annotated,04ee8cfb8192d10ed7704cce21acab050d02faa9328a7d7e5406fd3bbfed1822,a8307b18ff7fdee486e5c05ed75a49a66c9ee9dfaed33118bc54fe0151d9d19b,224,224,afc8373f9626a320,64538664305b56cc,no
potato_fresh_0836,valid/P_fresh/potato_fresh_0836.jpg,potato_fresh,2,potato,fresh,none,val,g0233,s0193,muhriddinmuxiddinov,Fruits_Vegetables_Dataset(12000)/Vegetables/FreshPotato/freshPotato (125).jpg,https://www.kaggle.com/datasets/muhriddinmuxiddinov/fruits-and-vegetables-dataset,2,publisher_fresh_rotten_folder+visual_review,none,not_annotated,f527428819d1aa5bcdc0ecf00186182b278f127b5afc73528a6c55038f750ea5,4999a2415bcb4d341ba0dd3265174ab8bcc4d02a69d04f5194666e84fbd9f572,224,224,d12e86d92d679469,808005939190d1c0,no
potato_fresh_0837,train/P_fresh/potato_fresh_0837.jpg,potato_fresh,2,potato,fresh,none,train,g0196,s0161,muhriddinmuxiddinov,Fruits_Vegetables_Dataset(12000)/Vegetables/FreshPotato/freshPotato (128).jpg,https://www.kaggle.com/datasets/muhriddinmuxiddinov/fruits-and-vegetables-dataset,2,publisher_fresh_rotten_folder+visual_review,none,not_annotated,8ca6af9d40f2549778a91f18dc5977cda19a1f006c2e62457f706dffa5b6b93c,7a0829cebc85159c50253c3eb46f04838e6b2bdc7ed7b537ade3cf54ed732a86,224,224,98ecb4c7479ec432,2633313169f33838,no
potato_fresh_0838,train/P_fresh/potato_fresh_0838.jpg,potato_fresh,2,potato,fresh,none,train,g0232,s0192,muhriddinmuxiddinov,Fruits_Vegetables_Dataset(12000)/Vegetables/FreshPotato/freshPotato (130).jpg,https://www.kaggle.com/datasets/muhriddinmuxiddinov/fruits-and-vegetables-dataset,2,publisher_fresh_rotten_folder+visual_review,none,not_annotated,12c7e088cf25ee33afe8cd27f901159d7f56f9c7f9654702e3f1935ec057b7de,146b80f27a6679dc67b447c69eb55c71b261b2d35383656c74973897cab948ce,224,224,fcc3be329696c031,6573d2548c0b3626,no
potato_fresh_0839,train/P_fresh/potato_fresh_0839.jpg,potato_fresh,2,potato,fresh,none,train,g0199,s0160,muhriddinmuxiddinov,Fruits_Vegetables_Dataset(12000)/Vegetables/FreshPotato/freshPotato (132).jpg,https://www.kaggle.com/datasets/muhriddinmuxiddinov/fruits-and-vegetables-dataset,2,publisher_fresh_rotten_folder+visual_review,none,not_annotated,73a0fd0156624f80b2255ec6a1cbfc94e7cff4fd2f53ca17f7c791443baa2a8e,c14698375db88eaf79504b5539d721be796f5083f52a5547a7a6c9220c3824bf,224,224,be3bc1e11d0cc6e2,18182c3c1c180c8c,no
potato_fresh_0840,train/P_fresh/potato_fresh_0840.jpg,potato_fresh,2,potato,fresh,none,train,g0234,s0160,muhriddinmuxiddinov,Fruits_Vegetables_Dataset(12000)/Vegetables/FreshPotato/freshPotato (135).jpg,https://www.kaggle.com/datasets/muhriddinmuxiddinov/fruits-and-vegetables-dataset,2,publisher_fresh_rotten_folder+visual_review,none,not_annotated,b5181ea5b889858bd240f11854a2f35e8863f253c5c1556674da559ed9ad065c,c4739a45fce549e32296b398ee31ae4ff189bb948421e35c854265589b8dbc9c,224,224,9a18cced71f1c326,b038bc9c3c7e1c38,no
potato_fresh_0841,test/P_fresh/potato_fresh_0841.jpg,potato_fresh,2,potato,fresh,none,test,g0235,s0194,muhriddinmuxiddinov,Fruits_Vegetables_Dataset(12000)/Vegetables/FreshPotato/freshPotato (14).JPG,https://www.kaggle.com/datasets/muhriddinmuxiddinov/fruits-and-vegetables-dataset,2,publisher_fresh_rotten_folder+visual_review,none,not_annotated,4c22c9b98cbaf7048354ce3a5aed63e8b7f30474b6df745b778a4aebeca3f581,922f4822aa6001fef1d97c76003585de74db148b2bed8c63890d6c903562c3ff,1200,809,9ee3f53c490f430a,01c96969696c6c60,no
potato_fresh_0842,test/P_fresh/potato_fresh_0842.jpg,potato_fresh,2,potato,fresh,none,test,g0236,s0165,muhriddinmuxiddinov,Fruits_Vegetables_Dataset(12000)/Vegetables/FreshPotato/freshPotato (148).jpg,https://www.kaggle.com/datasets/muhriddinmuxiddinov/fruits-and-vegetables-dataset,2,publisher_fresh_rotten_folder+visual_review,none,not_annotated,f9433a0602b2509eb39be39c4e1176ce0851d46e170d2bf74bf94442751a10f7,1e704fe1e27df448c0f3c1d235a4b9012a9c1f815d34115da32b3721842ff82b,224,224,d2a77b481e3023f3,9549cee460839819,no
potato_fresh_0843,train/P_fresh/potato_fresh_0843.jpg,potato_fresh,2,potato,fresh,none,train,g0202,s0166,muhriddinmuxiddinov,Fruits_Vegetables_Dataset(12000)/Vegetables/FreshPotato/freshPotato (150).jpg,https://www.kaggle.com/datasets/muhriddinmuxiddinov/fruits-and-vegetables-dataset,2,publisher_fresh_rotten_folder+visual_review,none,not_annotated,de455af056beaef4adef176e506c6d3f9f3e48170f8c8a73f85a3ab3769f755b,9361caf253ec48ee1af09015d9310f2f3c47f6e67856b7d6c7f2e786da196fb7,224,224,cda825fb103213bf,f2676390725966c2,no
potato_fresh_0844,valid/P_fresh/potato_fresh_0844.jpg,potato_fresh,2,potato,fresh,none,val,g0237,s0195,muhriddinmuxiddinov,Fruits_Vegetables_Dataset(12000)/Vegetables/FreshPotato/freshPotato (17).jpg,https://www.kaggle.com/datasets/muhriddinmuxiddinov/fruits-and-vegetables-dataset,2,publisher_fresh_rotten_folder+visual_review,none,not_annotated,bb00d797d73e9a371d8cc2ba19f548355013b10a6d6d34ba418e4064dc4e5f21,f3eecd141a1b418ee38bcb8cc255eefbe646706c042d09f4583fae8a410c05e4,262,193,bdb992c46d1a8665,82183f33074713e1,no
potato_fresh_0845,train/P_fresh/potato_fresh_0845.jpg,potato_fresh,2,potato,fresh,none,train,g0203,s0167,muhriddinmuxiddinov,Fruits_Vegetables_Dataset(12000)/Vegetables/FreshPotato/freshPotato (180).jpg,https://www.kaggle.com/datasets/muhriddinmuxiddinov/fruits-and-vegetables-dataset,2,publisher_fresh_rotten_folder+visual_review,none,not_annotated,83c962d7cef8f8f426bd7e5aefc20b26b4032b661ff06a0ec86a9aa9e32da2d1,027ef6f714ec1b63af7b6dcc6f6c88332442055e8ab8f57de2fc706b5bc1da21,224,224,ef81941d6217d51e,fee3cdcd03766465,no
potato_fresh_0846,train/P_fresh/potato_fresh_0846.jpg,potato_fresh,2,potato,fresh,none,train,g0238,s0160,muhriddinmuxiddinov,Fruits_Vegetables_Dataset(12000)/Vegetables/FreshPotato/freshPotato (187).jpg,https://www.kaggle.com/datasets/muhriddinmuxiddinov/fruits-and-vegetables-dataset,2,publisher_fresh_rotten_folder+visual_review,none,not_annotated,0b06921dd52184bbd48d21a642fd3aaaf74bdcdc4edee6dc896f7c80cc9319fa,bc9dc626aa7f0670952d3a42d2e207560d16582fcd2e3299de8ec58d31e645c2,224,224,bf53c26c0d1f3838,e0c8187a76170f8e,no
potato_fresh_0847,valid/P_fresh/potato_fresh_0847.jpg,potato_fresh,2,potato,fresh,none,val,g0239,s0196,muhriddinmuxiddinov,Fruits_Vegetables_Dataset(12000)/Vegetables/FreshPotato/freshPotato (189).jpg,https://www.kaggle.com/datasets/muhriddinmuxiddinov/fruits-and-vegetables-dataset,2,publisher_fresh_rotten_folder+visual_review,none,not_annotated,6058035c5d83efb532f1811b4dad73907729d652642013331fc05f4ca5539bca,203349085f4ef71e6aec45f76c1d96e47b1aad3e36cc2530b712eaad12f748ae,224,224,f6c80bfea013df80,00004886072d4fdf,no
potato_fresh_0848,train/P_fresh/potato_fresh_0848.jpg,potato_fresh,2,potato,fresh,none,train,g0196,s0161,muhriddinmuxiddinov,Fruits_Vegetables_Dataset(12000)/Vegetables/FreshPotato/freshPotato (192).jpg,https://www.kaggle.com/datasets/muhriddinmuxiddinov/fruits-and-vegetables-dataset,2,publisher_fresh_rotten_folder+visual_review,none,not_annotated,1e985efe2816b1ee8953a0592bd6ded1622f2417284478bfdc14c8e3e9424c81,5dcdde579b3c84d0c426364a35ba49ce6393182a074e6071f220c99710d0831e,224,224,f9a1c41c32cd97f0,80e0c30b193030c0,no
potato_fresh_0849,train/P_fresh/potato_fresh_0849.jpg,potato_fresh,2,potato,fresh,none,train,g0198,s0163,muhriddinmuxiddinov,Fruits_Vegetables_Dataset(12000)/Vegetables/FreshPotato/freshPotato (194).jpg,https://www.kaggle.com/datasets/muhriddinmuxiddinov/fruits-and-vegetables-dataset,2,publisher_fresh_rotten_folder+visual_review,none,not_annotated,1b2092b718f7c8e69ff70784b9bbf694b1d5823746980d50bca004fe158aa59c,bfd4408e6ccc3d8b2429d56b05793cd69f670552dec8abd606cefd1e1aafd0a2,224,224,ab9de47a95609a07,0e0767c37b1d0f46,no
potato_fresh_0850,test/P_fresh/potato_fresh_0850.jpg,potato_fresh,2,potato,fresh,none,test,g0240,s0197,muhriddinmuxiddinov,Fruits_Vegetables_Dataset(12000)/Vegetables/FreshPotato/freshPotato (196).jpg,https://www.kaggle.com/datasets/muhriddinmuxiddinov/fruits-and-vegetables-dataset,2,publisher_fresh_rotten_folder+visual_review,none,not_annotated,e53389cec401ee6857e043368dc3369c18fb4e8f54678ec16f246db0971dbd59,7c3fd8ebb165c0b662ece600e51490b8fc42c9a9cdba5be7b71f4eac78c729ea,224,224,a7d0d00f0df366d1,f0a08c4e67674c00,no
potato_fresh_0851,train/P_fresh/potato_fresh_0851.jpg,potato_fresh,2,potato,fresh,none,train,g0195,s0160,muhriddinmuxiddinov,Fruits_Vegetables_Dataset(12000)/Vegetables/FreshPotato/freshPotato (199).jpg,https://www.kaggle.com/datasets/muhriddinmuxiddinov/fruits-and-vegetables-dataset,2,publisher_fresh_rotten_folder+visual_review,none,not_annotated,a73125447c73be7e625d0eada499f1ee95e8ca77a8b87504c7447400801079eb,7299863f8d3e50325ddba7c6e9f4559eba4da8c20b02cf8ed935362406b125f4,224,224,80407e7171fe1e3e,92c2e4d0d0dcdcdc,no
potato_fresh_0852,valid/P_fresh/potato_fresh_0852.png,potato_fresh,2,potato,fresh,none,val,g0241,s0198,muhriddinmuxiddinov,Fruits_Vegetables_Dataset(12000)/Vegetables/FreshPotato/freshPotato (2).png,https://www.kaggle.com/datasets/muhriddinmuxiddinov/fruits-and-vegetables-dataset,2,publisher_fresh_rotten_folder+visual_review,none,not_annotated,7df04fb59cf8665e575ac3d212d89f44b87515f57420e37a1591f952129caff2,a12841d5c0c72b6ecc9cd26d4f02fe74c45f931d44447fcdf0f3f6026fd1dd0c,339,220,d04059fd2d2d3b4b,d4a4acae2a7a7aba,no
potato_fresh_0853,train/P_fresh/potato_fresh_0853.jpg,potato_fresh,2,potato,fresh,none,train,g0242,s0160,muhriddinmuxiddinov,Fruits_Vegetables_Dataset(12000)/Vegetables/FreshPotato/freshPotato (201).jpg,https://www.kaggle.com/datasets/muhriddinmuxiddinov/fruits-and-vegetables-dataset,2,publisher_fresh_rotten_folder+visual_review,none,not_annotated,23397b1ddb3f4bebe87d1a7851dbaad63c84e691c712031b17e32f0d02a86234,e35a5619df725c3cb04c9397683a6d0056e9bb2a7e2db87bf75f80f0a9e83a20,224,224,c66499cb27b4d8c9,80a7a464eae9e0f0,no
potato_fresh_0854,train/P_fresh/potato_fresh_0854.jpg,potato_fresh,2,potato,fresh,none,train,g0202,s0166,muhriddinmuxiddinov,Fruits_Vegetables_Dataset(12000)/Vegetables/FreshPotato/freshPotato (222).jpg,https://www.kaggle.com/datasets/muhriddinmuxiddinov/fruits-and-vegetables-dataset,2,publisher_fresh_rotten_folder+visual_review,none,not_annotated,ef57b067ddd4e5f9c85896eaf0095b465695c752e23648334a0a851a416bf81d,6ea63bf423f0838aaa92035a9b4f3552a74af4529f03dda067d8719111d4d5c5,224,224,94a5544fc96e1fb0,a6ce9de5d26bacbc,no
potato_fresh_0855,train/P_fresh/potato_fresh_0855.jpg,potato_fresh,2,potato,fresh,none,train,g0210,s0160,muhriddinmuxiddinov,Fruits_Vegetables_Dataset(12000)/Vegetables/FreshPotato/freshPotato (224).jpg,https://www.kaggle.com/datasets/muhriddinmuxiddinov/fruits-and-vegetables-dataset,2,publisher_fresh_rotten_folder+visual_review,none,not_annotated,506dccb2cda80e0178b5a1437c850dc4ad1ab5285d0c482ea4f4ef61911e5b47,e5d58463171e6cf73ea618586b16ec0e9eeb97c38b01bb0f4f4d687aaf51e91e,224,224,b677590944e0f4ce,32282c2c66363696,no
potato_fresh_0856,valid/P_fresh/potato_fresh_0856.jpg,potato_fresh,2,potato,fresh,none,val,g0243,s0199,muhriddinmuxiddinov,Fruits_Vegetables_Dataset(12000)/Vegetables/FreshPotato/freshPotato (23).jpg,https://www.kaggle.com/datasets/muhriddinmuxiddinov/fruits-and-vegetables-dataset,2,publisher_fresh_rotten_folder+visual_review,none,not_annotated,521a01a9f1d9565f2c04164c309e75e589a205239bea94011b9a76890ecafbfb,b6c9e2feec89dfa38901a71a70606ead74ef4da8607bcd97baadce51c57485b9,225,225,e8d39463da3cc38c,0403032303033734,no
potato_fresh_0857,train/P_fresh/potato_fresh_0857.jpg,potato_fresh,2,potato,fresh,none,train,g0199,s0160,muhriddinmuxiddinov,Fruits_Vegetables_Dataset(12000)/Vegetables/FreshPotato/freshPotato (248).jpg,https://www.kaggle.com/datasets/muhriddinmuxiddinov/fruits-and-vegetables-dataset,2,publisher_fresh_rotten_folder+visual_review,none,not_annotated,db89a905f2ee1c03464653915dfa9ed3271e27d33ab06ed7d7026e16268c1c14,920cf85ee4edce61a3c4ca9bf09f42f39e8cb74228551dce3d91cddee6711b93,224,224,a53599dbc36242da,8e161646faeee9b2,no
potato_fresh_0858,valid/P_fresh/potato_fresh_0858.jpg,potato_fresh,2,potato,fresh,none,val,g0244,s0200,muhriddinmuxiddinov,Fruits_Vegetables_Dataset(12000)/Vegetables/FreshPotato/freshPotato (25).jpg,https://www.kaggle.com/datasets/muhriddinmuxiddinov/fruits-and-vegetables-dataset,2,publisher_fresh_rotten_folder+visual_review,none,not_annotated,971ce421e584e7378c8efb920206918513040e07722425439589b46218ad4759,264d15f7648e32f1584ffa2805784dd66549220f695accbd1a245a4a693031de,270,187,efc19035cb706a8b,20030303430f1f00,no
potato_fresh_0859,valid/P_fresh/potato_fresh_0859.jpg,potato_fresh,2,potato,fresh,none,val,g0245,s0192,muhriddinmuxiddinov,Fruits_Vegetables_Dataset(12000)/Vegetables/FreshPotato/freshPotato (252).jpg,https://www.kaggle.com/datasets/muhriddinmuxiddinov/fruits-and-vegetables-dataset,2,publisher_fresh_rotten_folder+visual_review,none,not_annotated,c9a85c9dea660c8cd8cc6b64d39702b2ce3e5c1a6e27bc8969b297b9ca16423d,95368acd8c83f9299c6312a128f9f77a65eab5ac2594d851534c0e5e5afa9a4f,224,224,edcd9d3aa4368684,34d3ca46879d3b23,no
potato_fresh_0860,train/P_fresh/potato_fresh_0860.jpg,potato_fresh,2,potato,fresh,none,train,g0195,s0160,muhriddinmuxiddinov,Fruits_Vegetables_Dataset(12000)/Vegetables/FreshPotato/freshPotato (259).jpg,https://www.kaggle.com/datasets/muhriddinmuxiddinov/fruits-and-vegetables-dataset,2,publisher_fresh_rotten_folder+visual_review,none,not_annotated,3673ce8b31ca55accb088c434eed586a7b24053fc5231b1fe3082638b81b3fbb,30a5813fb4d0009f89e7e28ca4ec7270aeb47e56590e699943bed7aaab7c40a9,224,224,fe7ed1c9085cc4c4,38092c2c34141890,no
potato_fresh_0861,test/P_fresh/potato_fresh_0861.jpg,potato_fresh,2,potato,fresh,none,test,g0246,s0201,muhriddinmuxiddinov,Fruits_Vegetables_Dataset(12000)/Vegetables/FreshPotato/freshPotato (26).jpg,https://www.kaggle.com/datasets/muhriddinmuxiddinov/fruits-and-vegetables-dataset,2,publisher_fresh_rotten_folder+visual_review,none,not_annotated,4c7303345d122d3d4d40296d706a9404d6ff95d399d35ae58eedaf0101241ab3,b083bd3091271baa7470e19d14e5d0aa16d98ef1ed57bf586c85d0facc0c1e37,275,183,e88f8d589133d4a7,13e3cb9985318bc6,no
potato_fresh_0862,train/P_fresh/potato_fresh_0862.jpg,potato_fresh,2,potato,fresh,none,train,g0247,s0202,muhriddinmuxiddinov,Fruits_Vegetables_Dataset(12000)/Vegetables/FreshPotato/freshPotato (261).jpg,https://www.kaggle.com/datasets/muhriddinmuxiddinov/fruits-and-vegetables-dataset,2,publisher_fresh_rotten_folder+visual_review,none,not_annotated,00860ab4a3f75371047ddb8c1c0bb5e0bbcc933b2be4b04914a91db562d60de8,bb3369447db685ee86e09766aa7ecb6584612f53e52721f529d56939a4550794,224,224,a0df1926f9834c73,000032c88cc6cc98,no
potato_fresh_0863,train/P_fresh/potato_fresh_0863.jpg,potato_fresh,2,potato,fresh,none,train,g0195,s0160,muhriddinmuxiddinov,Fruits_Vegetables_Dataset(12000)/Vegetables/FreshPotato/freshPotato (268).jpg,https://www.kaggle.com/datasets/muhriddinmuxiddinov/fruits-and-vegetables-dataset,2,publisher_fresh_rotten_folder+visual_review,none,not_annotated,c4040c753e3629038b52f57be9da3cdd3a3c80d37b020d71f6bfe581be96f2f1,6aa23bafa7b2600fbe48519c15057c5be5ad79f2e2cdefd9a4f727bd81c2f575,224,224,b43ec4c34167dce4,243c3c1e0f9781c0,no
potato_fresh_0864,train/P_fresh/potato_fresh_0864.jpg,potato_fresh,2,potato,fresh,none,train,g0248,s0203,muhriddinmuxiddinov,Fruits_Vegetables_Dataset(12000)/Vegetables/FreshPotato/freshPotato (282).jpg,https://www.kaggle.com/datasets/muhriddinmuxiddinov/fruits-and-vegetables-dataset,2,publisher_fresh_rotten_folder+visual_review,none,not_annotated,8a62645641de982fce51d03e14019b5ab9811906438e5ee08722002eed0d2445,ba801b81885bb3b556c2b77dc38990ffe33ea3656aa25814ca06750ecc532006,224,224,cc86c932c4bb57b4,34f34265a4081ab3,no
potato_fresh_0865,valid/P_fresh/potato_fresh_0865.jpg,potato_fresh,2,potato,fresh,none,val,g0249,s0204,muhriddinmuxiddinov,Fruits_Vegetables_Dataset(12000)/Vegetables/FreshPotato/freshPotato (286).jpg,https://www.kaggle.com/datasets/muhriddinmuxiddinov/fruits-and-vegetables-dataset,2,publisher_fresh_rotten_folder+visual_review,none,not_annotated,49cd4a81e81a62d0d8d3cbeef0ebb4e9d53071753c150c049f59aee642ef9988,279feb85cb7f0c4278eef505e2467cf392382237d247648672e6301f9fea866a,224,224,b4d31b3c52c9916e,8989c88ca4361697,no
potato_fresh_0866,test/P_fresh/potato_fresh_0866.jpg,potato_fresh,2,potato,fresh,none,test,g0250,s0161,muhriddinmuxiddinov,Fruits_Vegetables_Dataset(12000)/Vegetables/FreshPotato/freshPotato (289).jpg,https://www.kaggle.com/datasets/muhriddinmuxiddinov/fruits-and-vegetables-dataset,2,publisher_fresh_rotten_folder+visual_review,none,not_annotated,d10d2d58a0300ca628904c2aed6ce49de4ecba9333dd2126f4d60b12b683d04b,11636395bcb1713a3fbdaba574a395e8559bd74dea49fe6b1ca044ebf35b2ef5,224,224,e98416daad728f38,2306428313111717,no
potato_fresh_0867,train/P_fresh/potato_fresh_0867.jpg,potato_fresh,2,potato,fresh,none,train,g0200,s0164,muhriddinmuxiddinov,Fruits_Vegetables_Dataset(12000)/Vegetables/FreshPotato/freshPotato (291).jpg,https://www.kaggle.com/datasets/muhriddinmuxiddinov/fruits-and-vegetables-dataset,2,publisher_fresh_rotten_folder+visual_review,none,not_annotated,a9ea706cae5e1b8f752f2e5fcacbd9f98d6dd0bbb9c185b9ac8ac406e2e568e6,78a1cb6e28ac2a2ab6dd748247284b270ba80fe4595815043186b4d7bb3b7482,224,224,aad0c42a95ff3ae0,40071f79710f0f80,no
potato_fresh_0868,valid/P_fresh/potato_fresh_0868.jpg,potato_fresh,2,potato,fresh,none,val,g0251,s0205,muhriddinmuxiddinov,Fruits_Vegetables_Dataset(12000)/Vegetables/FreshPotato/freshPotato (294).jpg,https://www.kaggle.com/datasets/muhriddinmuxiddinov/fruits-and-vegetables-dataset,2,publisher_fresh_rotten_folder+visual_review,none,not_annotated,5f1343822d273ee33587793680346dacdb9d031d1801554ccdc2b25f249b1660,7d065990ff9592a5ab9cfa74ce9e5166c8b122df089624b68e8be30b5ef4a4b0,224,224,cccc9292939b93da,a0a1210201808080,no
potato_fresh_0869,train/P_fresh/potato_fresh_0869.jpg,potato_fresh,2,potato,fresh,none,train,g0252,s0164,muhriddinmuxiddinov,Fruits_Vegetables_Dataset(12000)/Vegetables/FreshPotato/freshPotato (301).jpg,https://www.kaggle.com/datasets/muhriddinmuxiddinov/fruits-and-vegetables-dataset,2,publisher_fresh_rotten_folder+visual_review,none,not_annotated,d943de37fdb62e1d78b473ca3609471806b15b8a7bfe61c1e6dd10a01e52ed15,7468ba470934a63eeea7405b1673cc0fe756ea7a5916e191544e50f99037c4a6,224,224,bf90f077c02ace61,1c3f79795b6f0f0e,no
potato_fresh_0870,train/P_fresh/potato_fresh_0870.jpg,potato_fresh,2,potato,fresh,none,train,g0198,s0163,muhriddinmuxiddinov,Fruits_Vegetables_Dataset(12000)/Vegetables/FreshPotato/freshPotato (306).jpg,https://www.kaggle.com/datasets/muhriddinmuxiddinov/fruits-and-vegetables-dataset,2,publisher_fresh_rotten_folder+visual_review,none,not_annotated,c011edc413a893d22fe7526295493776040c4c657609796f02efaf1913cefade,0d130a362d3e6bd56c778d818f855a29115f09beb26548c35da6e7fd080efaaf,224,224,aa93c57b94e11a87,800f4d8c6d1b0740,no
potato_fresh_0871,valid/P_fresh/potato_fresh_0871.jpg,potato_fresh,2,potato,fresh,none,val,g0253,s0206,muhriddinmuxiddinov,Fruits_Vegetables_Dataset(12000)/Vegetables/FreshPotato/freshPotato (31).jpg,https://www.kaggle.com/datasets/muhriddinmuxiddinov/fruits-and-vegetables-dataset,2,publisher_fresh_rotten_folder+visual_review,none,not_annotated,e1ae9e86f55d38b73811d679339beb51de0090bfd3c8cebb2581444ab334176e,15910d35b9895593cc0f738631807a92a57277b1c658684c03a48f2061a1b706,225,225,e49b9b4d9c669826,000d8e8686860f0c,no
potato_fresh_0872,train/P_fresh/potato_fresh_0872.jpg,potato_fresh,2,potato,fresh,none,train,g0254,s0207,muhriddinmuxiddinov,Fruits_Vegetables_Dataset(12000)/Vegetables/FreshPotato/freshPotato (311).jpg,https://www.kaggle.com/datasets/muhriddinmuxiddinov/fruits-and-vegetables-dataset,2,publisher_fresh_rotten_folder+visual_review,none,not_annotated,f5ab881cd9ebd4c083d49dabb8cb7109af9c2dfd2d277849dba3b1d840b5fb6b,f47f27a3c9412b92228ee4d66055f3e2138e0ede8f89614335f4db1ff8816910,224,224,f490936b2c1473db,30f09c26070b6030,no
potato_fresh_0873,train/P_fresh/potato_fresh_0873.jpg,potato_fresh,2,potato,fresh,none,train,g0195,s0160,muhriddinmuxiddinov,Fruits_Vegetables_Dataset(12000)/Vegetables/FreshPotato/freshPotato (313).jpg,https://www.kaggle.com/datasets/muhriddinmuxiddinov/fruits-and-vegetables-dataset,2,publisher_fresh_rotten_folder+visual_review,none,not_annotated,b4921522ca5962e1274512b63f042bdb1e1dfe8e7ed5007e1c865021375027f2,89560196e036a96ea709f3edf32da0e1b569ee56d83e26ef3178e7ed73f29064,224,224,a16f8c9cb505e633,e6cbcbdadee4faf8,no
potato_fresh_0874,train/P_fresh/potato_fresh_0874.jpg,potato_fresh,2,potato,fresh,none,train,g0199,s0160,muhriddinmuxiddinov,Fruits_Vegetables_Dataset(12000)/Vegetables/FreshPotato/freshPotato (316).jpg,https://www.kaggle.com/datasets/muhriddinmuxiddinov/fruits-and-vegetables-dataset,2,publisher_fresh_rotten_folder+visual_review,none,not_annotated,8a71eeaf920a35d2bbda1ea25b9ce67993d9e92e9174773097530e6f540525f4,e74d39e5ce774f7b1c8616ad7a27ef3ddd4968de7d07172507d20adaa428ea1d,224,224,a34cdc3a89a5665e,90f4c6cf8b8d0f86,no
potato_fresh_0875,train/P_fresh/potato_fresh_0875.jpg,potato_fresh,2,potato,fresh,none,train,g0196,s0161,muhriddinmuxiddinov,Fruits_Vegetables_Dataset(12000)/Vegetables/FreshPotato/freshPotato (328).jpg,https://www.kaggle.com/datasets/muhriddinmuxiddinov/fruits-and-vegetables-dataset,2,publisher_fresh_rotten_folder+visual_review,none,not_annotated,04038dc9693682f3da9584d6767092bad8e0365ad518d42347b96f4929b3bde1,3f6421f9b413fa0a31e6a880810cd4601b2ebc5ff5e9ba77cc0f40fd8365d155,224,224,fbe69580d6320c7a,e893010919311838,no
potato_fresh_0876,train/P_fresh/potato_fresh_0876.jpg,potato_fresh,2,potato,fresh,none,train,g0252,s0164,muhriddinmuxiddinov,Fruits_Vegetables_Dataset(12000)/Vegetables/FreshPotato/freshPotato (343).jpg,https://www.kaggle.com/datasets/muhriddinmuxiddinov/fruits-and-vegetables-dataset,2,publisher_fresh_rotten_folder+visual_review,none,not_annotated,03838bdaee295af291d29b0948e61c101ba4bbd94c493e2bf84b80ef33cc1b2b,1fad96b3469664da05d0a34c01611e61b7921f0b90176709b5fa4610a9c46a2f,224,224,bfcaf06dc0459386,0f3f3f3f3f3b1f1e,no
potato_fresh_0877,train/P_fresh/potato_fresh_0877.jpg,potato_fresh,2,potato,fresh,none,train,g0198,s0163,muhriddinmuxiddinov,Fruits_Vegetables_Dataset(12000)/Vegetables/FreshPotato/freshPotato (348).jpg,https://www.kaggle.com/datasets/muhriddinmuxiddinov/fruits-and-vegetables-dataset,2,publisher_fresh_rotten_folder+visual_review,none,not_annotated,030dadce77f3820a02990de07d1f4d3e8f821847ab3f2408c078f3b71aa4dc8d,f291daa2c66046760874bfa136709d5418d89fac158e99c53ca4fdd2683848e6,224,224,bfc4c02fc1b44fd0,801f3f7e4d2f1e80,no
potato_fresh_0878,train/P_fresh/potato_fresh_0878.jpg,potato_fresh,2,potato,fresh,none,train,g0255,s0206,muhriddinmuxiddinov,Fruits_Vegetables_Dataset(12000)/Vegetables/FreshPotato/freshPotato (35).jpg,https://www.kaggle.com/datasets/muhriddinmuxiddinov/fruits-and-vegetables-dataset,2,publisher_fresh_rotten_folder+visual_review,none,not_annotated,f7da382917a55258e1cb9c83b3fa751fb3764b3aebffe83e1f256e7a9f53169b,9d7a0c63903efc63789caa4a244b9dc357b70a0cd9428ebf40abd27a598b01e6,275,183,b1ccce3338ce6398,14080e9e9e0e0c00,no
potato_fresh_0879,test/P_fresh/potato_fresh_0879.jpg,potato_fresh,2,potato,fresh,none,test,g0256,s0208,muhriddinmuxiddinov,Fruits_Vegetables_Dataset(12000)/Vegetables/FreshPotato/freshPotato (358).jpg,https://www.kaggle.com/datasets/muhriddinmuxiddinov/fruits-and-vegetables-dataset,2,publisher_fresh_rotten_folder+visual_review,none,not_annotated,fe14413ebd8c29340a84a83d0910ed6727f6281baf1b86b40c20e9fbacebe116,cac3df93d532faf4e0d67a40237c32d1c9eda10ae6db2c474ca0c77c484f4b1b,224,224,e2e68cac8cae8da5,a7c7434143430383,no
potato_fresh_0880,train/P_fresh/potato_fresh_0880.jpg,potato_fresh,2,potato,fresh,none,train,g0257,s0209,muhriddinmuxiddinov,Fruits_Vegetables_Dataset(12000)/Vegetables/FreshPotato/freshPotato (362).jpg,https://www.kaggle.com/datasets/muhriddinmuxiddinov/fruits-and-vegetables-dataset,2,publisher_fresh_rotten_folder+visual_review,none,not_annotated,e52606c5ef640a93a1ccdd3f500c8ebb60e1c38649b0ca73e848fa8c09a03799,a7980c99658e190c498708c580d3ae80d1602b6e25df4858fe5834effa93750a,224,224,a1191f39694d53d9,b3bace8f9f0fcf01,no
potato_fresh_0881,train/P_fresh/potato_fresh_0881.jpg,potato_fresh,2,potato,fresh,none,train,g0258,s0160,muhriddinmuxiddinov,Fruits_Vegetables_Dataset(12000)/Vegetables/FreshPotato/freshPotato (369).jpg,https://www.kaggle.com/datasets/muhriddinmuxiddinov/fruits-and-vegetables-dataset,2,publisher_fresh_rotten_folder+visual_review,none,not_annotated,f79baf84a3a1bf31d78550105185a4dd2ada4d1b6f16cb6328ee100f5dac479c,522c48d0938283b4e51bb5ee9dffcd364c0fa1d6dac03f5662d7344702d3bf13,224,224,9c7ce604d3334cdc,c834307831b579f2,no
potato_fresh_0882,train/P_fresh/potato_fresh_0882.jpg,potato_fresh,2,potato,fresh,none,train,g0259,s0163,muhriddinmuxiddinov,Fruits_Vegetables_Dataset(12000)/Vegetables/FreshPotato/freshPotato (37).jpg,https://www.kaggle.com/datasets/muhriddinmuxiddinov/fruits-and-vegetables-dataset,2,publisher_fresh_rotten_folder+visual_review,none,not_annotated,e67951ea6e92b115fa397123de81500262474948bdd11ed58fb19ea8a373cb77,0a87798cf6caab95541e0921ac4f3a8660a8cd2a6703dae4ffffb82bc1900b99,248,203,bfcac0a51b926cca,040733793b371e23,no
potato_fresh_0883,test/P_fresh/potato_fresh_0883.jpg,potato_fresh,2,potato,fresh,none,test,g0260,s0161,muhriddinmuxiddinov,Fruits_Vegetables_Dataset(12000)/Vegetables/FreshPotato/freshPotato (387).jpg,https://www.kaggle.com/datasets/muhriddinmuxiddinov/fruits-and-vegetables-dataset,2,publisher_fresh_rotten_folder+visual_review,none,not_annotated,2e25748d455b68768ee145557c56313b4a899d5766889f3d29fe63c844fe693b,3ab3036a15cf03b89fce9ca0c20318bfa1e318a3c8b9662b8c4fab77aa293afb,224,224,f9b0cea6635a7025,28309c1b0e197141,no
potato_fresh_0884,valid/P_fresh/potato_fresh_0884.jpg,potato_fresh,2,potato,fresh,none,val,g0261,s0210,muhriddinmuxiddinov,Fruits_Vegetables_Dataset(12000)/Vegetables/FreshPotato/freshPotato (39).jpg,https://www.kaggle.com/datasets/muhriddinmuxiddinov/fruits-and-vegetables-dataset,2,publisher_fresh_rotten_folder+visual_review,none,not_annotated,f281ad1278978d8b0332339fcaa49063e97df433318fdf856b94df001705959d,c83a5c348be7f35dfa9b78f8d09fc6a2d14d6c7b56705134a72fd6b4fb3ec20b,231,218,ee97c1681e25b15a,42003e7321070707,no
potato_fresh_0885,train/P_fresh/potato_fresh_0885.jpg,potato_fresh,2,potato,fresh,none,train,g0196,s0161,muhriddinmuxiddinov,Fruits_Vegetables_Dataset(12000)/Vegetables/FreshPotato/freshPotato (394).jpg,https://www.kaggle.com/datasets/muhriddinmuxiddinov/fruits-and-vegetables-dataset,2,publisher_fresh_rotten_folder+visual_review,none,not_annotated,6b8c73847a2b35c9b2be1565bb99a4d5ed660fff2673f09f9dafb5869dbce8d0,7038df92af0874b2c4f19b9c226f44fea79d5680b90e8acfcb69d7fdd6f36069,224,224,f12d84d23b1b64ba,04061e1b18906000,no
potato_fresh_0886,train/P_fresh/potato_fresh_0886.jpg,potato_fresh,2,potato,fresh,none,train,g0203,s0167,muhriddinmuxiddinov,Fruits_Vegetables_Dataset(12000)/Vegetables/FreshPotato/freshPotato (399).jpg,https://www.kaggle.com/datasets/muhriddinmuxiddinov/fruits-and-vegetables-dataset,2,publisher_fresh_rotten_folder+visual_review,none,not_annotated,58b8e96738b59a5d063e1f88b51a0deb4e1be70590906337b1770e69803056b7,c0bc8cd715e790efdc9c607b842038bbd751b9eb26ed5a560c3fa9407658df8e,224,224,e598c31f9e718cc8,fa83971e64444347,no
potato_fresh_0887,train/P_fresh/potato_fresh_0887.jpg,potato_fresh,2,potato,fresh,none,train,g0196,s0161,muhriddinmuxiddinov,Fruits_Vegetables_Dataset(12000)/Vegetables/FreshPotato/freshPotato (406).jpg,https://www.kaggle.com/datasets/muhriddinmuxiddinov/fruits-and-vegetables-dataset,2,publisher_fresh_rotten_folder+visual_review,none,not_annotated,6cbe8b8b99ab0f1a20860884a1002acd0c56082aa417ee96c5cde6efabb8f581,927de4ab190f5112b9e3c11d3b24ecb786cb4cb2c7f864e1b3e2c2c06e17699e,224,224,ead8813ba546f195,0911c1632b2965c7,no
potato_fresh_0888,valid/P_fresh/potato_fresh_0888.jpg,potato_fresh,2,potato,fresh,none,val,g0262,s0211,muhriddinmuxiddinov,Fruits_Vegetables_Dataset(12000)/Vegetables/FreshPotato/freshPotato (41).jpg,https://www.kaggle.com/datasets/muhriddinmuxiddinov/fruits-and-vegetables-dataset,2,publisher_fresh_rotten_folder+visual_review,none,not_annotated,01957247c398555b528aff4fc7fb825f96ed44868aba0e93134abd091cc81a81,479cd09f75811d004ca3e005118325e6859b6f89714faf5f3298ff813cb7df6a,265,190,f883c61f9164376a,ccd1819a12382587,no
potato_fresh_0889,train/P_fresh/potato_fresh_0889.jpg,potato_fresh,2,potato,fresh,none,train,g0199,s0160,muhriddinmuxiddinov,Fruits_Vegetables_Dataset(12000)/Vegetables/FreshPotato/freshPotato (419).jpg,https://www.kaggle.com/datasets/muhriddinmuxiddinov/fruits-and-vegetables-dataset,2,publisher_fresh_rotten_folder+visual_review,none,not_annotated,89be2f9ef8e8120c1e0c30859a3a751790e7cea5cb823005c64e2ae408865a1d,b0c0127bb4d300bc40bc5bad27d2a445a921abba55a411079c413a6a4d120efa,224,224,f15985369a6d543a,8490929b9d8d8f86,no
potato_fresh_0890,train/P_fresh/potato_fresh_0890.jpg,potato_fresh,2,potato,fresh,none,train,g0201,s0165,muhriddinmuxiddinov,Fruits_Vegetables_Dataset(12000)/Vegetables/FreshPotato/freshPotato (421).jpg,https://www.kaggle.com/datasets/muhriddinmuxiddinov/fruits-and-vegetables-dataset,2,publisher_fresh_rotten_folder+visual_review,none,not_annotated,54db618fe138c4ae75a5b18b9e5d58bbf7ef6d707c0aa63005366e0d6abcee67,a9cef9bd3d82030f8cdfc6b014ade05670729905daff0cef02beee827601bf22,224,224,c0dfc690b97417e8,2061029293aca5cd,no
potato_fresh_0891,valid/P_fresh/potato_fresh_0891.jpg,potato_fresh,2,potato,fresh,none,val,g0263,s0161,muhriddinmuxiddinov,Fruits_Vegetables_Dataset(12000)/Vegetables/FreshPotato/freshPotato (436).jpg,https://www.kaggle.com/datasets/muhriddinmuxiddinov/fruits-and-vegetables-dataset,2,publisher_fresh_rotten_folder+visual_review,none,not_annotated,5f3f0a67c48c68a1f23d39ea0b945c59670fa76127035d03f2ad997f33323966,d903ec2e5568b855e7f6b272c49572f6f2b6d2750334114feee46466bb5f4b3d,224,224,fa8785f985805277,80098d1119191300,no
potato_fresh_0892,test/P_fresh/potato_fresh_0892.jpg,potato_fresh,2,potato,fresh,none,test,g0264,s0171,muhriddinmuxiddinov,Fruits_Vegetables_Dataset(12000)/Vegetables/FreshPotato/freshPotato (45).jpg,https://www.kaggle.com/datasets/muhriddinmuxiddinov/fruits-and-vegetables-dataset,2,publisher_fresh_rotten_folder+visual_review,none,not_annotated,fe2bd3176d3ca6fadab6a3629cf0e95c3f520e051c98d29f19d5cad9b9e4fba6,7499795f032cc9aa083a771281fde0395ec6d9c2ceca40c143b702d1df8db7e0,236,214,bb38d087674ecca4,5398374b4f67191c,no
potato_fresh_0893,train/P_fresh/potato_fresh_0893.jpg,potato_fresh,2,potato,fresh,none,train,g0248,s0203,muhriddinmuxiddinov,Fruits_Vegetables_Dataset(12000)/Vegetables/FreshPotato/freshPotato (450).jpg,https://www.kaggle.com/datasets/muhriddinmuxiddinov/fruits-and-vegetables-dataset,2,publisher_fresh_rotten_folder+visual_review,none,not_annotated,81f95770de0e22491c5e314cea53683a6e320d22c20091ce6d6473403441c65d,82d041f1230f3b3c3d0719c8e1d7d08d43d89e88fc0975c32cc13cc9f8f213f1,224,224,c88678d2ec935db4,94a16241c4c81a33,no
potato_fresh_0894,train/P_fresh/potato_fresh_0894.jpg,potato_fresh,2,potato,fresh,none,train,g0202,s0166,muhriddinmuxiddinov,Fruits_Vegetables_Dataset(12000)/Vegetables/FreshPotato/freshPotato (451).jpg,https://www.kaggle.com/datasets/muhriddinmuxiddinov/fruits-and-vegetables-dataset,2,publisher_fresh_rotten_folder+visual_review,none,not_annotated,b360fd0145a13c52a197479a299ec2a9047dff756a0045615c33d98dd14396cb,fbc0bb4399da2d8502addf46025c4b01af86268764c3c5ab68768798d3d15e07,224,224,f48b6a93442eb1d3,a5b98a67dc9c2ba6,no
potato_fresh_0895,train/P_fresh/potato_fresh_0895.jpg,potato_fresh,2,potato,fresh,none,train,g0196,s0161,muhriddinmuxiddinov,Fruits_Vegetables_Dataset(12000)/Vegetables/FreshPotato/freshPotato (454).jpg,https://www.kaggle.com/datasets/muhriddinmuxiddinov/fruits-and-vegetables-dataset,2,publisher_fresh_rotten_folder+visual_review,none,not_annotated,d6b45a596272872f2667de0fb57c145aa700be0147279ab3f403a32f5090c252,38f8c1fba5a293599c814a7ffe54adfa32e3a451d162b1dde5252179e9a0eb16,224,224,ed9694c933656c70,40e0060b1b230200,no
potato_fresh_0896,train/P_fresh/potato_fresh_0896.jpg,potato_fresh,2,potato,fresh,none,train,g0265,s0212,muhriddinmuxiddinov,Fruits_Vegetables_Dataset(12000)/Vegetables/FreshPotato/freshPotato (456).jpg,https://www.kaggle.com/datasets/muhriddinmuxiddinov/fruits-and-vegetables-dataset,2,publisher_fresh_rotten_folder+visual_review,none,not_annotated,d2f42ded2e6d775311e1541d15f08b102c2ec7914e584fd6da45247c95f21382,ac703c4f069e231131fd52ad4e9367d12f09e3a8417f02b8a1113e2fac89be59,224,224,fb97806097c71a0f,ec1f79793907070b,no
potato_fresh_0897,train/P_fresh/potato_fresh_0897.jpg,potato_fresh,2,potato,fresh,none,train,g0199,s0160,muhriddinmuxiddinov,Fruits_Vegetables_Dataset(12000)/Vegetables/FreshPotato/freshPotato (459).jpg,https://www.kaggle.com/datasets/muhriddinmuxiddinov/fruits-and-vegetables-dataset,2,publisher_fresh_rotten_folder+visual_review,none,not_annotated,8e0bd221cf0cfcc5b161b1e8f626558158602ae9f5e69157b0e8ea084a9c7589,aef6ec8c1aae5b4ef6a574bfe020c269f565d6f1f68ecafab383d7ee8312688b,224,224,9979e6c671398307,a0203a92f1e971f0,no
potato_fresh_0898,test/P_fresh/potato_fresh_0898.jpg,potato_fresh,2,potato,fresh,none,test,g0266,s0213,muhriddinmuxiddinov,Fruits_Vegetables_Dataset(12000)/Vegetables/FreshPotato/freshPotato (461).jpg,https://www.kaggle.com/datasets/muhriddinmuxiddinov/fruits-and-vegetables-dataset,2,publisher_fresh_rotten_folder+visual_review,none,not_annotated,f71cfff943ae7a0ad578a52a15ff5ef172b78c58b515de9780fc0137985f5f4b,8a0bcc35becdb50eeff03ff4339c4cdda64a736ec6d6a300ddaf812a5ac67b07,224,224,87071f7a62e0e4d9,7c66cece8e0d3851,no
potato_fresh_0899,train/P_fresh/potato_fresh_0899.jpg,potato_fresh,2,potato,fresh,none,train,g0195,s0160,muhriddinmuxiddinov,Fruits_Vegetables_Dataset(12000)/Vegetables/FreshPotato/freshPotato (466).jpg,https://www.kaggle.com/datasets/muhriddinmuxiddinov/fruits-and-vegetables-dataset,2,publisher_fresh_rotten_folder+visual_review,none,not_annotated,fbf3ea9f86ddb20e84a35e5446ccfdcd2f27b2b63f6029bffd4f6162a0b00ffa,80fb3fe23f91066f2bfaf6ee3f3e7e00fda0abf9015427940af6f114d3a53a84,224,224,f17184861293dbdb,98969a88ccc4c484,no
potato_fresh_0900,valid/P_fresh/potato_fresh_0900.jpg,potato_fresh,2,potato,fresh,none,val,g0267,s0214,muhriddinmuxiddinov,Fruits_Vegetables_Dataset(12000)/Vegetables/FreshPotato/freshPotato (468).jpg,https://www.kaggle.com/datasets/muhriddinmuxiddinov/fruits-and-vegetables-dataset,2,publisher_fresh_rotten_folder+visual_review,none,not_annotated,f8fdd982ac3a8766d71b88f8bc13c39a04acdd46207ca9fc24b6f9fe2fef12a8,5829482f97aa7fc8beeb5ce578d401a1728d3c65099b70035de241a881ca905a,224,224,be87f760c04d8b34,8f0e7ff3a3030e0d,no
potato_fresh_0901,train/P_fresh/potato_fresh_0901.jpg,potato_fresh,2,potato,fresh,none,train,g0247,s0202,muhriddinmuxiddinov,Fruits_Vegetables_Dataset(12000)/Vegetables/FreshPotato/freshPotato (469).jpg,https://www.kaggle.com/datasets/muhriddinmuxiddinov/fruits-and-vegetables-dataset,2,publisher_fresh_rotten_folder+visual_review,none,not_annotated,5587353cf481799c4465bd7262de8489e070aef6535b9bbb875c1e4a799a65a2,6c2d7dca607c867f417b41283fc9518416603b7e43f54c1a04cc07130c293d28,224,224,a5fc1225f8b28d71,0000f084c6c6ccd8,no
potato_fresh_0902,train/P_fresh/potato_fresh_0902.jpg,potato_fresh,2,potato,fresh,none,train,g0195,s0160,muhriddinmuxiddinov,Fruits_Vegetables_Dataset(12000)/Vegetables/FreshPotato/freshPotato (475).jpg,https://www.kaggle.com/datasets/muhriddinmuxiddinov/fruits-and-vegetables-dataset,2,publisher_fresh_rotten_folder+visual_review,none,not_annotated,b3496bf549576c305a2738bf37961c092f6320d9530ff44f3179949445ba4eca,5c3b4db41896b9092df7eb45d083d7d02cff82560d418e894e5e3f649f4c649d,224,224,b067c71e1cd391cc,e8ccd68f279cf0f8,no
potato_fresh_0903,train/P_fresh/potato_fresh_0903.jpg,potato_fresh,2,potato,fresh,none,train,g0196,s0161,muhriddinmuxiddinov,Fruits_Vegetables_Dataset(12000)/Vegetables/FreshPotato/freshPotato (481).jpg,https://www.kaggle.com/datasets/muhriddinmuxiddinov/fruits-and-vegetables-dataset,2,publisher_fresh_rotten_folder+visual_review,none,not_annotated,21fb7ca89327056dcc0e8976c5100053d84988aa24c1a931bc7f16eb1ce2eb1d,f94d2a1404bc36eeb59f5cb929e617382f236f5683f4fc8b53cd1a0b67e13679,224,224,b6e6a28899b393c3,05240c1c301c4c1c,no
potato_fresh_0904,valid/P_fresh/potato_fresh_0904.jpg,potato_fresh,2,potato,fresh,none,val,g0268,s0215,muhriddinmuxiddinov,Fruits_Vegetables_Dataset(12000)/Vegetables/FreshPotato/freshPotato (486).jpg,https://www.kaggle.com/datasets/muhriddinmuxiddinov/fruits-and-vegetables-dataset,2,publisher_fresh_rotten_folder+visual_review,none,not_annotated,c154089ed17cbd1239e15be162c9b2b25f9cc041a3136a40c32894f5b05b18b4,25bbb1b5d80423062e3009d84038eca6fc993fbdfaf9fe1a0b5c6711593a4d29,224,224,e493c834cd915eb5,94c96851868414b3,no
potato_fresh_0905,valid/P_fresh/potato_fresh_0905.jpg,potato_fresh,2,potato,fresh,none,val,g0269,s0216,muhriddinmuxiddinov,Fruits_Vegetables_Dataset(12000)/Vegetables/FreshPotato/freshPotato (49).jpg,https://www.kaggle.com/datasets/muhriddinmuxiddinov/fruits-and-vegetables-dataset,2,publisher_fresh_rotten_folder+visual_review,none,not_annotated,d163ca119f167a4b54a83dd14bc60fe0f0c975ea98be2bb5ce65753f376febfd,bfe9376bdb5b0f12854396917535116f8920fdae34e71be8dc619d7099d83747,300,168,c6c439f31899e6a6,b8e0e470e2e8d878,no
potato_fresh_0906,train/P_fresh/potato_fresh_0906.jpg,potato_fresh,2,potato,fresh,none,train,g0195,s0160,muhriddinmuxiddinov,Fruits_Vegetables_Dataset(12000)/Vegetables/FreshPotato/freshPotato (493).jpg,https://www.kaggle.com/datasets/muhriddinmuxiddinov/fruits-and-vegetables-dataset,2,publisher_fresh_rotten_folder+visual_review,none,not_annotated,8b3e5c20f83f391b89123e3193114d7914024731eb66942f6702a89667d03a30,63e07aba0fb0f4f4cde911196606305726d4830934930dc616708ad3ee7f997a,224,224,bf1f416119d38399,183c3c381a1e0e8c,no
potato_fresh_0907,valid/P_fresh/potato_fresh_0907.jpg,potato_fresh,2,potato,fresh,none,val,g0270,s0217,muhriddinmuxiddinov,Fruits_Vegetables_Dataset(12000)/Vegetables/FreshPotato/freshPotato (5).jpg,https://www.kaggle.com/datasets/muhriddinmuxiddinov/fruits-and-vegetables-dataset,2,publisher_fresh_rotten_folder+visual_review,none,not_annotated,ee9790d89f52e61bdfc919bf1a1a1fc635a0bb7092585cfbbfe55b7b4f29a35a,665517bdf33335d21ec11211b055abc62180b5e678d1e144ae577b3737cedc99,1200,798,8494736e336867e3,94f4f4b66626858c,no
potato_fresh_0908,valid/P_fresh/potato_fresh_0908.png,potato_fresh,2,potato,fresh,none,val,g0271,s0218,muhriddinmuxiddinov,Fruits_Vegetables_Dataset(12000)/Vegetables/FreshPotato/freshPotato (5).png,https://www.kaggle.com/datasets/muhriddinmuxiddinov/fruits-and-vegetables-dataset,2,publisher_fresh_rotten_folder+visual_review,none,not_annotated,7364cfe65282e65da3e9cbc4225b5f86a5822c27c9f642a1ff9c42b8108f649f,153683fd6113aaec511f76c9f2fd9e3c0add710eeb08e1dc34788605fc38ef8d,375,300,c40f2ee831f66f18,6261f2dad3a1a4e4,no
potato_fresh_0909,train/P_fresh/potato_fresh_0909.jpg,potato_fresh,2,potato,fresh,none,train,g0265,s0212,muhriddinmuxiddinov,Fruits_Vegetables_Dataset(12000)/Vegetables/FreshPotato/freshPotato (500).jpg,https://www.kaggle.com/datasets/muhriddinmuxiddinov/fruits-and-vegetables-dataset,2,publisher_fresh_rotten_folder+visual_review,none,not_annotated,4024bbd418ebe4df53dc1b9d6c88ba1217ce47a67a444f08b327c93aa2176a3b,62247eaae8893e035751f0822227bdb20070463efe41d9139fd0f93f8704ef2a,224,224,fa95813e0f28bc27,feec1f3939110707,no
potato_fresh_0910,train/P_fresh/potato_fresh_0910.jpg,potato_fresh,2,potato,fresh,none,train,g0196,s0161,muhriddinmuxiddinov,Fruits_Vegetables_Dataset(12000)/Vegetables/FreshPotato/freshPotato (506).jpg,https://www.kaggle.com/datasets/muhriddinmuxiddinov/fruits-and-vegetables-dataset,2,publisher_fresh_rotten_folder+visual_review,none,not_annotated,0d352559a952d1766729b95268a3e65c270a2cef7a4eb54cd237a6ac99b4fe42,95c010bc09296d8aabf1d5be599af1a8651fc06b22c51050db05b824c69d8118,224,224,f9b58658a16739c8,08b01b0b13332101,no
potato_fresh_0911,train/P_fresh/potato_fresh_0911.jpg,potato_fresh,2,potato,fresh,none,train,g0202,s0166,muhriddinmuxiddinov,Fruits_Vegetables_Dataset(12000)/Vegetables/FreshPotato/freshPotato (512).jpg,https://www.kaggle.com/datasets/muhriddinmuxiddinov/fruits-and-vegetables-dataset,2,publisher_fresh_rotten_folder+visual_review,none,not_annotated,e78d6f0281558b6ed6d2366c5f4f914c7cea9d83e5e4e57a614fbbfe87cdc09f,2da4748af9efd8c689508dc01c8bfc65d35ed3f64c0d86326a3ee5730441e9dc,224,224,f0ca85cc4b577c23,a18f99298b36d6dc,no
potato_fresh_0912,train/P_fresh/potato_fresh_0912.jpg,potato_fresh,2,potato,fresh,none,train,g0196,s0161,muhriddinmuxiddinov,Fruits_Vegetables_Dataset(12000)/Vegetables/FreshPotato/freshPotato (513).jpg,https://www.kaggle.com/datasets/muhriddinmuxiddinov/fruits-and-vegetables-dataset,2,publisher_fresh_rotten_folder+visual_review,none,not_annotated,0ba65b8d8fe523c931ae5383a78150437d23962cfa276b8a8c64c5c08f069edf,a947b87c597be0c83fbde1472969880b13d76f0cd79aed29f3128af591f39860,224,224,af9cc20770398cf6,9a60363767634b09,no
potato_fresh_0913,train/P_fresh/potato_fresh_0913.jpg,potato_fresh,2,potato,fresh,none,train,g0272,s0160,muhriddinmuxiddinov,Fruits_Vegetables_Dataset(12000)/Vegetables/FreshPotato/freshPotato (516).jpg,https://www.kaggle.com/datasets/muhriddinmuxiddinov/fruits-and-vegetables-dataset,2,publisher_fresh_rotten_folder+visual_review,none,not_annotated,20d1b99f05f9e6a4a702b8bab64efe947528f39e977afd1e6e54a9fd8baee3cd,976926726dd954ba321d266be2f475846c001e032f6e60abdee0e9912bcd8670,224,224,e878978f4c7a9194,828797b5b4b4e0e0,no
potato_fresh_0914,train/P_fresh/potato_fresh_0914.jpg,potato_fresh,2,potato,fresh,none,train,g0273,s0160,muhriddinmuxiddinov,Fruits_Vegetables_Dataset(12000)/Vegetables/FreshPotato/freshPotato (518).jpg,https://www.kaggle.com/datasets/muhriddinmuxiddinov/fruits-and-vegetables-dataset,2,publisher_fresh_rotten_folder+visual_review,none,not_annotated,2db1080e590a750289b8e6c44fd977a70f1a3a869d860654a67f254a550a63cf,e1f16b2923ff02ffa26b865554f5081d54fd0a920fe755e08ef225c2e3d9029d,224,224,f44cc336ce7c3069,ccc4b336252c0e9e,no
potato_fresh_0915,train/P_fresh/potato_fresh_0915.jpg,potato_fresh,2,potato,fresh,none,train,g0195,s0160,muhriddinmuxiddinov,Fruits_Vegetables_Dataset(12000)/Vegetables/FreshPotato/freshPotato (521).jpg,https://www.kaggle.com/datasets/muhriddinmuxiddinov/fruits-and-vegetables-dataset,2,publisher_fresh_rotten_folder+visual_review,none,not_annotated,29b6cf08c281c70c0af3750e1c09317febdea7964fc23724a735b9199c4cfbd2,b01d9af47de96a2292de0021c5b84b2c35f40c6c685f50bb03facd4adc1b24b3,224,224,f373c68606725a9a,cc8a9b8f8dccc282,no
potato_fresh_0916,train/P_fresh/potato_fresh_0916.jpg,potato_fresh,2,potato,fresh,none,train,g0202,s0166,muhriddinmuxiddinov,Fruits_Vegetables_Dataset(12000)/Vegetables/FreshPotato/freshPotato (539).jpg,https://www.kaggle.com/datasets/muhriddinmuxiddinov/fruits-and-vegetables-dataset,2,publisher_fresh_rotten_folder+visual_review,none,not_annotated,3030416848af0e62a843f555953417fbe216642c4ee4e3f5cec85ab16b32eafa,52ebdfff65b5a53faebaf5cfbe16356ef00153de1697951c849f00a4409af85c,224,224,ae892fe3475c4478,d3dfb159cbe52b44,no
potato_fresh_0917,train/P_fresh/potato_fresh_0917.jpg,potato_fresh,2,potato,fresh,none,train,g0202,s0166,muhriddinmuxiddinov,Fruits_Vegetables_Dataset(12000)/Vegetables/FreshPotato/freshPotato (540).jpg,https://www.kaggle.com/datasets/muhriddinmuxiddinov/fruits-and-vegetables-dataset,2,publisher_fresh_rotten_folder+visual_review,none,not_annotated,7a3e591103b57a9cbbdc2e902ba10ac535356e6a4f00e4847c07cf5df3df4960,6a597aab649bcbf1076d3e18bc2d71f873fd67884c47f397b2bc768596b9088d,224,224,d15f495508fb7314,d2604d4ba494a2b3,no
potato_fresh_0918,train/P_fresh/potato_fresh_0918.jpg,potato_fresh,2,potato,fresh,none,train,g0202,s0166,muhriddinmuxiddinov,Fruits_Vegetables_Dataset(12000)/Vegetables/FreshPotato/freshPotato (542).jpg,https://www.kaggle.com/datasets/muhriddinmuxiddinov/fruits-and-vegetables-dataset,2,publisher_fresh_rotten_folder+visual_review,none,not_annotated,040b305a1237e7d7bf35993e8eb2383f88d03b40be28c63d72ab9278dddb19c8,5a324b53fce170876161c4dc1bdd38df2c651f1190e8374c9cf56732b82b90d1,224,224,b63945bc2b746989,b6adda1da5245441,no
potato_fresh_0919,train/P_fresh/potato_fresh_0919.jpg,potato_fresh,2,potato,fresh,none,train,g0196,s0161,muhriddinmuxiddinov,Fruits_Vegetables_Dataset(12000)/Vegetables/FreshPotato/freshPotato (548).jpg,https://www.kaggle.com/datasets/muhriddinmuxiddinov/fruits-and-vegetables-dataset,2,publisher_fresh_rotten_folder+visual_review,none,not_annotated,c5480dd5ec7e833b97959c1af0df7dc424b44fda6873d9bfc8bec5db9c86a989,418f3b5d1749db85657f87cca457ed6ad0d643c108ba87ab022ff43aa8dca02d,224,224,e92d9472b2c8954f,0222638303088121,no
potato_fresh_0920,train/P_fresh/potato_fresh_0920.jpg,potato_fresh,2,potato,fresh,none,train,g0196,s0161,muhriddinmuxiddinov,Fruits_Vegetables_Dataset(12000)/Vegetables/FreshPotato/freshPotato (554).jpg,https://www.kaggle.com/datasets/muhriddinmuxiddinov/fruits-and-vegetables-dataset,2,publisher_fresh_rotten_folder+visual_review,none,not_annotated,65693125238d943f3ad92a3af37bc83cf8c5c40468eb21954f4a51ee5b84f3e6,230cf68308e8da1491b820072509942bfe7efc3413da78076d93f2e9fa15eb8e,224,224,e1a4ce5b3ac991ca,40e6c61e1e188109,no
potato_fresh_0921,train/P_fresh/potato_fresh_0921.jpg,potato_fresh,2,potato,fresh,none,train,g0196,s0161,muhriddinmuxiddinov,Fruits_Vegetables_Dataset(12000)/Vegetables/FreshPotato/freshPotato (556).jpg,https://www.kaggle.com/datasets/muhriddinmuxiddinov/fruits-and-vegetables-dataset,2,publisher_fresh_rotten_folder+visual_review,none,not_annotated,4f70c75edbdd67118a82e80aae9a4f3cd078a56ef05473f393c940aa9de729ad,3c572851d2fae24a694a99cd5c3079c111e43298bd1025a24787d739f4339cf6,224,224,fb95c4d0e31e601d,8838331919112343,no
potato_fresh_0922,train/P_fresh/potato_fresh_0922.jpg,potato_fresh,2,potato,fresh,none,train,g0274,s0160,muhriddinmuxiddinov,Fruits_Vegetables_Dataset(12000)/Vegetables/FreshPotato/freshPotato (557).jpg,https://www.kaggle.com/datasets/muhriddinmuxiddinov/fruits-and-vegetables-dataset,2,publisher_fresh_rotten_folder+visual_review,none,not_annotated,47b94926bd6fd9b28c56b6002d888fa42d51583aa801f31e24d9a1b426d94108,cceb85c03c2a1ae78299ad8c8c8ac76edd9a61b6bc7ee0bc107b19e6652561eb,224,224,bd3bc264198d66c6,d0b82c122aa6f4f8,no
potato_fresh_0923,train/P_fresh/potato_fresh_0923.jpg,potato_fresh,2,potato,fresh,none,train,g0198,s0163,muhriddinmuxiddinov,Fruits_Vegetables_Dataset(12000)/Vegetables/FreshPotato/freshPotato (562).jpg,https://www.kaggle.com/datasets/muhriddinmuxiddinov/fruits-and-vegetables-dataset,2,publisher_fresh_rotten_folder+visual_review,none,not_annotated,8e3bdfe47ea76c554ca5ae994814c02c71339a67417791d6f1621810a1d0fa47,086d95328805d53247f2d3f796ca4ca098f5989dca47d10d410f6c150c028595,225,225,bf96c0781b673298,44106c7f1b1f0730,no
potato_fresh_0924,valid/P_fresh/potato_fresh_0924.jpg,potato_fresh,2,potato,fresh,none,val,g0275,s0219,muhriddinmuxiddinov,Fruits_Vegetables_Dataset(12000)/Vegetables/FreshPotato/freshPotato (57).jpg,https://www.kaggle.com/datasets/muhriddinmuxiddinov/fruits-and-vegetables-dataset,2,publisher_fresh_rotten_folder+visual_review,none,not_annotated,3e2f938020e8951b7e7f4f342ee7da9267ad20a5098172aa1c0d98abd2beb4d5,f068182153e9803f262d4d27b00526fcddff2baa647e11cbcb0ea788924132da,274,184,fe9c29ce01837c95,2d242d6d6c6d4d0b,no
potato_fresh_0925,valid/P_fresh/potato_fresh_0925.jpg,potato_fresh,2,potato,fresh,none,val,g0276,s0220,muhriddinmuxiddinov,Fruits_Vegetables_Dataset(12000)/Vegetables/FreshPotato/freshPotato (573).jpg,https://www.kaggle.com/datasets/muhriddinmuxiddinov/fruits-and-vegetables-dataset,2,publisher_fresh_rotten_folder+visual_review,none,not_annotated,cf1c741beb8d85e5988b73d1ad694033e3614b9d93db185147eb6633cd068cd4,7131c1c01e91e488a37f9a9cd9d0b0c680bdce5d282042895c2cb9f447384bcb,1200,800,ee64919d96523ae4,1823236567332393,no
potato_fresh_0926,test/P_fresh/potato_fresh_0926.jpg,potato_fresh,2,potato,fresh,none,test,g0277,s0221,muhriddinmuxiddinov,Fruits_Vegetables_Dataset(12000)/Vegetables/FreshPotato/freshPotato (585).jpg,https://www.kaggle.com/datasets/muhriddinmuxiddinov/fruits-and-vegetables-dataset,2,publisher_fresh_rotten_folder+visual_review,none,not_annotated,20d879aa061cc5983f46eaa388b7fabf6f2caa40626ca27fafa871774791afd1,ab9b8b4990e6f36d22dbadc92b673d02c0f285e5dc8c1e2eb31eafdc073b7cbf,1000,1000,a8e8b03b84dde72c,9d9927666759199e,no
potato_fresh_0927,train/P_fresh/potato_fresh_0927.jpg,potato_fresh,2,potato,fresh,none,train,g0278,s0218,muhriddinmuxiddinov,Fruits_Vegetables_Dataset(12000)/Vegetables/FreshPotato/freshPotato (592).jpg,https://www.kaggle.com/datasets/muhriddinmuxiddinov/fruits-and-vegetables-dataset,2,publisher_fresh_rotten_folder+visual_review,none,not_annotated,7c2f21175f7733b7666ff990aec583a19863c6597db52c4abf89f7f36fadf070,2703594ac25789d3f80f313a8d77d55cc207f42d430eb2185fd26ed29b6139fa,1920,1280,bdc3c2179c4cc336,0e0f0f331f571717,no
potato_fresh_0928,train/P_fresh/potato_fresh_0928.jpg,potato_fresh,2,potato,fresh,none,train,g0279,s0222,muhriddinmuxiddinov,Fruits_Vegetables_Dataset(12000)/Vegetables/FreshPotato/freshPotato (593).jpg,https://www.kaggle.com/datasets/muhriddinmuxiddinov/fruits-and-vegetables-dataset,2,publisher_fresh_rotten_folder+visual_review,none,not_annotated,ebb46c738bbbed10a59f0b023182928e9f40f323fde8701f54a377a04b3d36da,597bb90b58301b6d68874231dd41c1b56268a5c5b814fc8fcca3aee730ac76e5,1500,1125,efc0f05b294933b1,81a4c6736b79696f,no
potato_fresh_0929,test/P_fresh/potato_fresh_0929.jpg,potato_fresh,2,potato,fresh,none,test,g0280,s0223,muhriddinmuxiddinov,Fruits_Vegetables_Dataset(12000)/Vegetables/FreshPotato/freshPotato (6).jpg,https://www.kaggle.com/datasets/muhriddinmuxiddinov/fruits-and-vegetables-dataset,2,publisher_fresh_rotten_folder+visual_review,none,not_annotated,998470e3782fbd0f4c576f109271ba5782baf600ab0252f76ca867f7ba3f5998,70a27f77716322a155803e31c02fef53980399e61beb8bcad73496d450402cb4,400,268,d892cfb9a35d8452,b2dda482aab21243,no
potato_fresh_0930,test/P_fresh/potato_fresh_0930.png,potato_fresh,2,potato,fresh,none,test,g0281,s0224,muhriddinmuxiddinov,Fruits_Vegetables_Dataset(12000)/Vegetables/FreshPotato/freshPotato (6).png,https://www.kaggle.com/datasets/muhriddinmuxiddinov/fruits-and-vegetables-dataset,2,publisher_fresh_rotten_folder+visual_review,none,not_annotated,8d94fa85e307bac84f6c045e81ffbdc9cdfc5bd1a9325bf825a21423cd4bf316,5755dbaede3572fe95fa82f10eb4cab88030b468257dee50817862758983224d,2181,1674,84b51e447b6be8c3,70e4aa8ad4f4e471,no
potato_fresh_0931,test/P_fresh/potato_fresh_0931.jpg,potato_fresh,2,potato,fresh,none,test,g0282,s0225,muhriddinmuxiddinov,Fruits_Vegetables_Dataset(12000)/Vegetables/FreshPotato/freshPotato (600).jpg,https://www.kaggle.com/datasets/muhriddinmuxiddinov/fruits-and-vegetables-dataset,2,publisher_fresh_rotten_folder+visual_review,none,not_annotated,d56226d653b05728f7c2b31512f45e7bbb2a67a1227ad9494392841863b5cea2,18df066d29a61e453e7f0346c4cbae53d97dd0927f16292ae590ff88ae5e00b7,4000,3000,ffc2903d93f01562,2283070b0b3f3f0f,no
potato_fresh_0932,valid/P_fresh/potato_fresh_0932.jpg,potato_fresh,2,potato,fresh,none,val,g0283,s0226,muhriddinmuxiddinov,Fruits_Vegetables_Dataset(12000)/Vegetables/FreshPotato/freshPotato (604).jpg,https://www.kaggle.com/datasets/muhriddinmuxiddinov/fruits-and-vegetables-dataset,2,publisher_fresh_rotten_folder+visual_review,none,not_annotated,380e5c0de0d01e66d6a117702d950b55d952843886682f99de45e2d47830423b,37d279dc659c6abd541207df157504954bf46bc2bf2add84437fd7140fdfe50a,1600,900,d898a37bb60865e3,30f0d4b10d97130e,no
potato_fresh_0933,train/P_fresh/potato_fresh_0933.jpg,potato_fresh,2,potato,fresh,none,train,g0284,s0227,muhriddinmuxiddinov,Fruits_Vegetables_Dataset(12000)/Vegetables/FreshPotato/freshPotato (62).jpg,https://www.kaggle.com/datasets/muhriddinmuxiddinov/fruits-and-vegetables-dataset,2,publisher_fresh_rotten_folder+visual_review,none,not_annotated,c2630703b8474bcad99788460beb29e61a3cd52fccd1534ddb9ce7b9ebd91560,14f0a1bc33684190f30dfaec146ed1fdf7bca1e4a4f2c8de872edb85c0b37416,267,188,edcb92364a99658c,000e030327071806,no
potato_fresh_0934,test/P_fresh/potato_fresh_0934.jpg,potato_fresh,2,potato,fresh,none,test,g0285,s0228,muhriddinmuxiddinov,Fruits_Vegetables_Dataset(12000)/Vegetables/FreshPotato/freshPotato (66).jpg,https://www.kaggle.com/datasets/muhriddinmuxiddinov/fruits-and-vegetables-dataset,2,publisher_fresh_rotten_folder+visual_review,none,not_annotated,57032673398dfbe8690099fb7a7adad36d1c906234c2424203f6cd7588efc381,da7fefda4c1a2c40e3729709494da7cb3ef0db270af6ff3f49bef189747cb415,194,259,d41f2b003c6a4ffc,f8d86434bcccccdc,no
potato_fresh_0935,test/P_fresh/potato_fresh_0935.jpg,potato_fresh,2,potato,fresh,none,test,g0286,s0229,muhriddinmuxiddinov,Fruits_Vegetables_Dataset(12000)/Vegetables/FreshPotato/freshPotato (69).jpg,https://www.kaggle.com/datasets/muhriddinmuxiddinov/fruits-and-vegetables-dataset,2,publisher_fresh_rotten_folder+visual_review,none,not_annotated,d64011ad9ef6d864bdc82e7f2cad3174ed0bffcd3e68ce791ad3a30ab0aefda8,952f018078e8d00870f2d9f474482ec4ded6e414a2acbe6504dae738cd4fbfc8,228,221,8e4669602d2fb7d4,e7a1dc73bc3e3333,no
potato_fresh_0936,test/P_fresh/potato_fresh_0936.jpg,potato_fresh,2,potato,fresh,none,test,g0287,s0230,muhriddinmuxiddinov,Fruits_Vegetables_Dataset(12000)/Vegetables/FreshPotato/freshPotato (73).jpg,https://www.kaggle.com/datasets/muhriddinmuxiddinov/fruits-and-vegetables-dataset,2,publisher_fresh_rotten_folder+visual_review,none,not_annotated,91522193c2210871d0da54678b3f841ac7647ca339adcc157f198edbdfec4f6e,5713ab1a44c1d0822fcea38690a3a35f495b9e710676410ce491c3b31d826418,290,174,ef90b04f9336c836,1233256153630f8c,no
potato_fresh_0937,train/P_fresh/potato_fresh_0937.png,potato_fresh,2,potato,fresh,none,train,g0288,s0160,muhriddinmuxiddinov,Fruits_Vegetables_Dataset(12000)/Vegetables/FreshPotato/freshPotato (8).png,https://www.kaggle.com/datasets/muhriddinmuxiddinov/fruits-and-vegetables-dataset,2,publisher_fresh_rotten_folder+visual_review,none,not_annotated,7c6d317e4a82a7f978e2be8069d0d20ea15c49d6dec33284e07c2367b9586df2,ec232ef43b48717b8ac4f67610fe97ff2db0150207cd10288d497007fb81c8c2,948,675,911a5b3969a16797,9978cc8ce6c2c8c0,no
potato_rotten_0300,train/N_rotten/potato_rotten_0300.jpg,potato_rotten,3,potato,rotten,not_subtyped,train,g0289,s0231,muhriddinmuxiddinov,Fruits_Vegetables_Dataset(12000)/Vegetables/RottenPotato/rottenPotato (1).jpg,https://www.kaggle.com/datasets/muhriddinmuxiddinov/fruits-and-vegetables-dataset,2,publisher_fresh_rotten_folder+visual_review,none,not_annotated,dd2ac6791543a1319e535def9292f4649a577a9643f2d9fe3633234d5f857de4,01d017bdd38611638658faea8822363ed60aa7fd28b76966bdd03e4e19d0a239,262,192,ef8978d290ee05c9,39116367544c2517,yes
potato_rotten_0301,train/N_rotten/potato_rotten_0301.jpg,potato_rotten,3,potato,rotten,not_subtyped,train,g0290,s0232,muhriddinmuxiddinov,Fruits_Vegetables_Dataset(12000)/Vegetables/RottenPotato/rottenPotato (105).jpg,https://www.kaggle.com/datasets/muhriddinmuxiddinov/fruits-and-vegetables-dataset,2,publisher_fresh_rotten_folder+visual_review,none,not_annotated,2a2118999daef805e6e21808420cb40572b8580a4a9685c6fb33d03053dc0fc0,de543f61e2c2cf2cf1d416e678d96c460b98f1ec5c68de3e4ced29d9faf76c61,600,400,a68c9b336ca63399,0c000c8e960d0d00,yes
potato_rotten_0302,train/N_rotten/potato_rotten_0302.jpg,potato_rotten,3,potato,rotten,not_subtyped,train,g0291,s0233,muhriddinmuxiddinov,Fruits_Vegetables_Dataset(12000)/Vegetables/RottenPotato/rottenPotato (11).jpg,https://www.kaggle.com/datasets/muhriddinmuxiddinov/fruits-and-vegetables-dataset,2,publisher_fresh_rotten_folder+visual_review,none,not_annotated,d5ca06830ed008775a6833b1726df54b54c7e167f72e311c0a497c8263657e0c,95f317a1f667a6bba2e42d21b2e82465bf5cda22c07b299a004e68dc68687763,267,189,d409ca2da64fa3bc,41b01c4e2412222d,yes
potato_rotten_0303,train/N_rotten/potato_rotten_0303.jpg,potato_rotten,3,potato,rotten,not_subtyped,train,g0292,s0234,muhriddinmuxiddinov,Fruits_Vegetables_Dataset(12000)/Vegetables/RottenPotato/rottenPotato (112).jpg,https://www.kaggle.com/datasets/muhriddinmuxiddinov/fruits-and-vegetables-dataset,2,publisher_fresh_rotten_folder+visual_review,none,not_annotated,01120a07c2b60c0a6222a9b36250ed3c64296036093e60c6263742024aab7884,b4dc98f62e8c6b0aba165c368f047d6df8b02543e76c95dcf161c09788f8644d,255,198,98b36584cd7c3b46,331d193331323633,yes
potato_rotten_0305,train/N_rotten/potato_rotten_0305.jpg,potato_rotten,3,potato,rotten,not_subtyped,train,g0293,s0235,muhriddinmuxiddinov,Fruits_Vegetables_Dataset(12000)/Vegetables/RottenPotato/rottenPotato (119).jpg,https://www.kaggle.com/datasets/muhriddinmuxiddinov/fruits-and-vegetables-dataset,2,publisher_fresh_rotten_folder+visual_review,none,not_annotated,58b267a427626ba32fd61ba996d3b78cc685067bab2766a0d21c011d58c9e616,b3fb0bf90713c748977621ed7508d794883941bf19467b7ade6c62ad55eeddcc,300,320,e48e9b326dc6309b,04000606168e0812,yes
potato_rotten_0306,train/N_rotten/potato_rotten_0306.jpg,potato_rotten,3,potato,rotten,not_subtyped,train,g0294,s0236,muhriddinmuxiddinov,Fruits_Vegetables_Dataset(12000)/Vegetables/RottenPotato/rottenPotato (13).jpg,https://www.kaggle.com/datasets/muhriddinmuxiddinov/fruits-and-vegetables-dataset,2,publisher_fresh_rotten_folder+visual_review,none,not_annotated,c397d67a9f6f2906d9d95578fbb28b6cc2d47ad94578b47a911c2d7696240ae8,8edd8ed036596c07d25207f384e89267c041ed7d163663a35f0dc02049d50ce1,259,194,b1869cc9f61a8567,f09cce8f8ed29b17,yes
potato_rotten_0307,valid/N_rotten/potato_rotten_0307.jpg,potato_rotten,3,potato,rotten,not_subtyped,val,g0295,s0237,muhriddinmuxiddinov,Fruits_Vegetables_Dataset(12000)/Vegetables/RottenPotato/rottenPotato (140).jpg,https://www.kaggle.com/datasets/muhriddinmuxiddinov/fruits-and-vegetables-dataset,2,publisher_fresh_rotten_folder+visual_review,none,not_annotated,2b05063a6ba8299c53dd9122dcdd9d632ea8fd1e098e85ddb1c415646c699f36,b582d0179eb96414bdfbd9e8e9e159099fa08e7c2a37a7029c32f9e65abac2f7,194,260,d7c4d83bb640cd8a,3490800c4d5abaa0,yes
potato_rotten_0308,valid/N_rotten/potato_rotten_0308.jpg,potato_rotten,3,potato,rotten,not_subtyped,val,g0296,s0238,muhriddinmuxiddinov,Fruits_Vegetables_Dataset(12000)/Vegetables/RottenPotato/rottenPotato (144).jpg,https://www.kaggle.com/datasets/muhriddinmuxiddinov/fruits-and-vegetables-dataset,2,publisher_fresh_rotten_folder+visual_review,none,not_annotated,4a885663bff33fbf4a6e13363ee53d808ebb0f85a62c77acc78dca85f63adfe1,8101698005e108c27c4bbe1c6f2ea5d086ab4690316fab592158921912aa4ae9,183,275,cbd6a5a91a22d9e2,63c4c4312b53470a,yes
potato_rotten_0309,train/N_rotten/potato_rotten_0309.jpg,potato_rotten,3,potato,rotten,not_subtyped,train,g0297,s0239,muhriddinmuxiddinov,Fruits_Vegetables_Dataset(12000)/Vegetables/RottenPotato/rottenPotato (15).jpg,https://www.kaggle.com/datasets/muhriddinmuxiddinov/fruits-and-vegetables-dataset,2,publisher_fresh_rotten_folder+visual_review,none,not_annotated,9a1c9b5d89eb7967af05fe025e11288cdc8d08e578219a6b1a3fd5ae7ec60500,10b338e76a9ffb938e27e1d6a1d84f60d323adadec177d69831bbfbc917d1bdb,259,194,b34eb1f10dab468c,9b596d6b6e899bea,yes
potato_rotten_0310,train/N_rotten/potato_rotten_0310.jpg,potato_rotten,3,potato,rotten,not_subtyped,train,g0293,s0235,muhriddinmuxiddinov,Fruits_Vegetables_Dataset(12000)/Vegetables/RottenPotato/rottenPotato (163).jpg,https://www.kaggle.com/datasets/muhriddinmuxiddinov/fruits-and-vegetables-dataset,2,publisher_fresh_rotten_folder+visual_review,none,not_annotated,f4e517aabf7df6a992f5cc42477a677adfb6a5bd27d6b41c6c87508716230026,9e1350c1ecabb10037beba29f2aa4affcbed60d047337440b7c0b8d6180862ea,217,232,e4891bb06dc67699,04000607160e0033,yes
potato_rotten_0311,train/N_rotten/potato_rotten_0311.jpg,potato_rotten,3,potato,rotten,not_subtyped,train,g0298,s0240,muhriddinmuxiddinov,Fruits_Vegetables_Dataset(12000)/Vegetables/RottenPotato/rottenPotato (175).jpg,https://www.kaggle.com/datasets/muhriddinmuxiddinov/fruits-and-vegetables-dataset,2,publisher_fresh_rotten_folder+visual_review,none,not_annotated,ce3b7fd935822ed2cced4f65b5667add63dc44160a02f4c9ef0a84a5bb7a9986,8cdd08661c9129d60d61b1a252c685b0f6e111ce5683d85aaa53dd6e600de87f,300,168,d35a3f29903e6926,3851c0a9d8d36e3c,yes
potato_rotten_0312,train/N_rotten/potato_rotten_0312.jpg,potato_rotten,3,potato,rotten,not_subtyped,train,g0299,s0241,muhriddinmuxiddinov,Fruits_Vegetables_Dataset(12000)/Vegetables/RottenPotato/rottenPotato (182).jpg,https://www.kaggle.com/datasets/muhriddinmuxiddinov/fruits-and-vegetables-dataset,2,publisher_fresh_rotten_folder+visual_review,none,not_annotated,7fdc8560218cc428fc74a04684bfc1ff35476529346f26efe6f076d0dcf35637,278e575c486e5f8d9996ce4bd152eb5af0d42680bcd804e4a0e29ed39388b4d3,267,189,9094eb86c9bc387b,e36c9cb6d1bd665b,yes
potato_rotten_0313,train/N_rotten/potato_rotten_0313.jpg,potato_rotten,3,potato,rotten,not_subtyped,train,g0300,s0242,muhriddinmuxiddinov,Fruits_Vegetables_Dataset(12000)/Vegetables/RottenPotato/rottenPotato (187).jpg,https://www.kaggle.com/datasets/muhriddinmuxiddinov/fruits-and-vegetables-dataset,2,publisher_fresh_rotten_folder+visual_review,none,not_annotated,174baf8955f8b0348e74276dca7065cc2bb52e7dfd43fc71ce256cf6014b0aaf,ad2f2e3563475a232fd9a549d304a2253ac3d40260b1e4debb31de419dfef6ae,284,177,bfd8c807c1c3c31e,b3355d5d5d5d7533,yes
potato_rotten_0314,train/N_rotten/potato_rotten_0314.jpg,potato_rotten,3,potato,rotten,not_subtyped,train,g0301,s0243,muhriddinmuxiddinov,Fruits_Vegetables_Dataset(12000)/Vegetables/RottenPotato/rottenPotato (194).jpg,https://www.kaggle.com/datasets/muhriddinmuxiddinov/fruits-and-vegetables-dataset,2,publisher_fresh_rotten_folder+visual_review,none,not_annotated,59e7d22d485b31ed97fb91af73cb7fc4c82c145fb4627b6b6ba07879c5eb48f9,d860ca5af3b87650a7cda216e3030017dd346db146c52c42137f48a6f1924e99,262,192,d1c074f24ac7a78d,c8b4e65991dd4832,yes
potato_rotten_0315,train/N_rotten/potato_rotten_0315.jpg,potato_rotten,3,potato,rotten,not_subtyped,train,g0297,s0239,muhriddinmuxiddinov,Fruits_Vegetables_Dataset(12000)/Vegetables/RottenPotato/rottenPotato (198).jpg,https://www.kaggle.com/datasets/muhriddinmuxiddinov/fruits-and-vegetables-dataset,2,publisher_fresh_rotten_folder+visual_review,none,not_annotated,cc8ac850eb7e99738c1e01c2417da7c9a415bb5c80d7c61cee95e70d910c1fcc,5e6d347a5595d720b130c0a1ee0fd4aa05cd8ca8c8c71d90861958694747f413,259,194,e61be4a458fe1351,26614929896e26a8,yes
potato_rotten_0316,train/N_rotten/potato_rotten_0316.jpg,potato_rotten,3,potato,rotten,not_subtyped,train,g0302,s0244,muhriddinmuxiddinov,Fruits_Vegetables_Dataset(12000)/Vegetables/RottenPotato/rottenPotato (20).jpg,https://www.kaggle.com/datasets/muhriddinmuxiddinov/fruits-and-vegetables-dataset,2,publisher_fresh_rotten_folder+visual_review,none,not_annotated,867bd9eb863244d41939b7dc45c9fc8a12c7ec98da2431f84e18ce6e9b689eef,ef216c263e9c15902fb42c700158d7ffe14c06c9a770b01548977e8728a2ccf2,216,233,bf52e04bcd5c9c44,c80c3f5f763b0e26,yes
potato_rotten_0317,train/N_rotten/potato_rotten_0317.jpg,potato_rotten,3,potato,rotten,not_subtyped,train,g0303,s0245,muhriddinmuxiddinov,Fruits_Vegetables_Dataset(12000)/Vegetables/RottenPotato/rottenPotato (201).jpg,https://www.kaggle.com/datasets/muhriddinmuxiddinov/fruits-and-vegetables-dataset,2,publisher_fresh_rotten_folder+visual_review,none,not_annotated,bb23553b47293c4ee086e26a34ec2221b5660daf40401ae1ba35dda7d9e25eec,800481353538a207207a877a11f10597dd2550cf7338c4b5811a7ef88552559c,100,100,80d81d1e7d1e5d5a,78dfbfb7bfffffbe,yes
potato_rotten_0318,train/N_rotten/potato_rotten_0318.jpg,potato_rotten,3,potato,rotten,not_subtyped,train,g0304,s0246,muhriddinmuxiddinov,Fruits_Vegetables_Dataset(12000)/Vegetables/RottenPotato/rottenPotato (203).jpg,https://www.kaggle.com/datasets/muhriddinmuxiddinov/fruits-and-vegetables-dataset,2,publisher_fresh_rotten_folder+visual_review,none,not_annotated,4bbc1cfeb15075f46b7ce3d7a600b3a978568504d96bdb74146486ef6ce0d61a,3fa68d12dcb3ddc33dc17afd3ded880e84a5aecca747bda6a49de095bc2e203f,300,168,bcea698ca599aa94,2f171c3e2cb6b6d6,yes
potato_rotten_0319,test/N_rotten/potato_rotten_0319.jpg,potato_rotten,3,potato,rotten,not_subtyped,test,g0305,s0247,muhriddinmuxiddinov,Fruits_Vegetables_Dataset(12000)/Vegetables/RottenPotato/rottenPotato (205).jpg,https://www.kaggle.com/datasets/muhriddinmuxiddinov/fruits-and-vegetables-dataset,2,publisher_fresh_rotten_folder+visual_review,none,not_annotated,7639e4c103a9372c217d408d33a6dda89b03c1655337deb400da1f7a386906fa,59a1509ee258d2215da87f1fabffaecddc239d041f00e23d237d1d1399c99798,300,168,e03987668c9b9b8e,8c060b13078f8fe7,yes
potato_rotten_0320,train/N_rotten/potato_rotten_0320.jpg,potato_rotten,3,potato,rotten,not_subtyped,train,g0294,s0236,muhriddinmuxiddinov,Fruits_Vegetables_Dataset(12000)/Vegetables/RottenPotato/rottenPotato (217).jpg,https://www.kaggle.com/datasets/muhriddinmuxiddinov/fruits-and-vegetables-dataset,2,publisher_fresh_rotten_folder+visual_review,none,not_annotated,d84d5e6ec8e40b3a988e4c4d997ab6cfc95c2cd6f8bad45208af8cb16d082891,064d75ca3e8c8e1c29f09b58deba3abdb9ce94c85f312a72b33b23349bf3dbdd,259,194,b1869cc9f61a8567,f09cce8f8ed29b17,yes
potato_rotten_0321,valid/N_rotten/potato_rotten_0321.jpg,potato_rotten,3,potato,rotten,not_subtyped,val,g0306,s0248,muhriddinmuxiddinov,Fruits_Vegetables_Dataset(12000)/Vegetables/RottenPotato/rottenPotato (224).jpg,https://www.kaggle.com/datasets/muhriddinmuxiddinov/fruits-and-vegetables-dataset,2,publisher_fresh_rotten_folder+visual_review,none,not_annotated,1d0452898c9c720d4ee7025d8910cca03f89452542180e9ef0d3c00ab8cfe165,c6ab8486901f738f31ffd0cea47ee8c1f298c617775c7314b168d0de8edf7e55,259,194,bc3acbc1320d6f32,001c3e3e1e062608,yes
potato_rotten_0322,train/N_rotten/potato_rotten_0322.jpg,potato_rotten,3,potato,rotten,not_subtyped,train,g0307,s0249,muhriddinmuxiddinov,Fruits_Vegetables_Dataset(12000)/Vegetables/RottenPotato/rottenPotato (243).jpg,https://www.kaggle.com/datasets/muhriddinmuxiddinov/fruits-and-vegetables-dataset,2,publisher_fresh_rotten_folder+visual_review,none,not_annotated,c0c3027907032afe241156c96017b9ecba0f686b92c318ae4f74a39bc76cba41,9c2bedc0a458ad6acafaf098f15038091523d398e320a392ad034dc3b76b6a9c,259,194,b00fd76a0534b799,eedbdea7abad9414,yes
potato_rotten_0323,valid/N_rotten/potato_rotten_0323.jpg,potato_rotten,3,potato,rotten,not_subtyped,val,g0308,s0250,muhriddinmuxiddinov,Fruits_Vegetables_Dataset(12000)/Vegetables/RottenPotato/rottenPotato (248).jpg,https://www.kaggle.com/datasets/muhriddinmuxiddinov/fruits-and-vegetables-dataset,2,publisher_fresh_rotten_folder+visual_review,none,not_annotated,e8e0397c294ad5498f543a77331722c44f6f70760ebcf6aa26596452926c9f7b,e954aa1416851e95f36e927091a8df0a619c09beea8d08aee43d9ab6739ccd37,225,225,fb0c64a58e07917e,e73b391919989819,yes
potato_rotten_0324,train/N_rotten/potato_rotten_0324.jpg,potato_rotten,3,potato,rotten,not_subtyped,train,g0309,s0251,muhriddinmuxiddinov,Fruits_Vegetables_Dataset(12000)/Vegetables/RottenPotato/rottenPotato (266).jpg,https://www.kaggle.com/datasets/muhriddinmuxiddinov/fruits-and-vegetables-dataset,2,publisher_fresh_rotten_folder+visual_review,none,not_annotated,ccda5f54dbb9cbd858c8f771d0f068799914474c0a2f9bcfd80dbe682e7e4761,4dac3fbf03745843fcf4c6d31a4f91812b69513f40e28b26095ce2b60ce78f04,275,183,b3b4fe11fa05e0c8,2d2c665a99d8ca39,yes
potato_rotten_0325,train/N_rotten/potato_rotten_0325.jpg,potato_rotten,3,potato,rotten,not_subtyped,train,g0310,s0252,muhriddinmuxiddinov,Fruits_Vegetables_Dataset(12000)/Vegetables/RottenPotato/rottenPotato (27).jpg,https://www.kaggle.com/datasets/muhriddinmuxiddinov/fruits-and-vegetables-dataset,2,publisher_fresh_rotten_folder+visual_review,none,not_annotated,1d70ee3c6218660e46eb6f0e7dbcc1734bcc36762c054cc3333efc41e67e4ac4,5dd4ed6a26280e07aa2c0d4f35064e04b42dcdb3ecfd3a5158859f89eda8ab14,275,183,95145ba27ab56b52,fcfcbebeaef67c78,yes
potato_rotten_0326,test/N_rotten/potato_rotten_0326.jpg,potato_rotten,3,potato,rotten,not_subtyped,test,g0311,s0253,muhriddinmuxiddinov,Fruits_Vegetables_Dataset(12000)/Vegetables/RottenPotato/rottenPotato (283).jpg,https://www.kaggle.com/datasets/muhriddinmuxiddinov/fruits-and-vegetables-dataset,2,publisher_fresh_rotten_folder+visual_review,none,not_annotated,9a466aa0eb282979dc2f40c6f552724f79a0e7062fd0e058548298af7a311299,6c1887b24d6481f1c261aeed1f5c7b4a9f574e204d4f0938bc95d7b044ed084f,274,184,9069497e663d3a6c,f8d89cac8c8cb8c8,yes
potato_rotten_0327,train/N_rotten/potato_rotten_0327.jpg,potato_rotten,3,potato,rotten,not_subtyped,train,g0312,s0254,muhriddinmuxiddinov,Fruits_Vegetables_Dataset(12000)/Vegetables/RottenPotato/rottenPotato (285).jpg,https://www.kaggle.com/datasets/muhriddinmuxiddinov/fruits-and-vegetables-dataset,2,publisher_fresh_rotten_folder+visual_review,none,not_annotated,562d0ada5e27a8a91d72aa2a57193fe59cc165ed577f92a74a583bd7cb41c460,0a19b18462896816ba0a1f2c68e7168cf4b4ada59c7686309f6fb3cd1da576ec,236,213,ee6191278eb49e38,4683132323230f9c,yes
potato_rotten_0328,test/N_rotten/potato_rotten_0328.jpg,potato_rotten,3,potato,rotten,not_subtyped,test,g0313,s0255,muhriddinmuxiddinov,Fruits_Vegetables_Dataset(12000)/Vegetables/RottenPotato/rottenPotato (295).jpg,https://www.kaggle.com/datasets/muhriddinmuxiddinov/fruits-and-vegetables-dataset,2,publisher_fresh_rotten_folder+visual_review,none,not_annotated,42ce00266fa8ce344315da6cc501f17a1fcf3c2dceadd2039a33d1d548e8c87e,25ed3d2e5e2b6a0b858400de3bede9fe07fcda5eae84af3676971dcec70be962,276,183,fe92aa52ba24e865,2d69321818442413,yes
potato_rotten_0329,train/N_rotten/potato_rotten_0329.jpg,potato_rotten,3,potato,rotten,not_subtyped,train,g0314,s0256,muhriddinmuxiddinov,Fruits_Vegetables_Dataset(12000)/Vegetables/RottenPotato/rottenPotato (297).jpg,https://www.kaggle.com/datasets/muhriddinmuxiddinov/fruits-and-vegetables-dataset,2,publisher_fresh_rotten_folder+visual_review,none,not_annotated,cfc80be533acdb50fc202dfb2c184d5a4da6fd9a41374e419b9ec27798a438e5,5205853a06fb1c927d9d7316db45f04874141ad2dd45fe675bbfcbc833bb76fa,259,194,ea978468cf6a9227,f00e4d290b3303ca,yes
potato_rotten_0330,valid/N_rotten/potato_rotten_0330.jpg,potato_rotten,3,potato,rotten,not_subtyped,val,g0315,s0257,muhriddinmuxiddinov,Fruits_Vegetables_Dataset(12000)/Vegetables/RottenPotato/rottenPotato (304).jpg,https://www.kaggle.com/datasets/muhriddinmuxiddinov/fruits-and-vegetables-dataset,2,publisher_fresh_rotten_folder+visual_review,none,not_annotated,1d1d99e3f8bfce546a07c0bd7cfeeb81d5f3483bea54777005648e0c6be9b766,e101c03aee2f8557bb522997c9c33f85074384aa7a9f4e35e97ccad10da2cdfe,195,259,eda2c195325bb05b,f4c7232b0e86621a,yes
potato_rotten_0331,train/N_rotten/potato_rotten_0331.jpg,potato_rotten,3,potato,rotten,not_subtyped,train,g0316,s0258,muhriddinmuxiddinov,Fruits_Vegetables_Dataset(12000)/Vegetables/RottenPotato/rottenPotato (309).jpg,https://www.kaggle.com/datasets/muhriddinmuxiddinov/fruits-and-vegetables-dataset,2,publisher_fresh_rotten_folder+visual_review,none,not_annotated,8f80b0cca4879c4d981beea3c0a441c106bab20a8bf6f821a127287c34562d2f,12f1fc711451a361302e6cf007171e486845764879e0bf7330c7e427ca8a6213,100,100,c78119a7bdea6644,d9d8c0c046445558,yes
potato_rotten_0332,train/N_rotten/potato_rotten_0332.jpg,potato_rotten,3,potato,rotten,not_subtyped,train,g0317,s0259,muhriddinmuxiddinov,Fruits_Vegetables_Dataset(12000)/Vegetables/RottenPotato/rottenPotato (316).jpg,https://www.kaggle.com/datasets/muhriddinmuxiddinov/fruits-and-vegetables-dataset,2,publisher_fresh_rotten_folder+visual_review,none,not_annotated,388d76248137dbae14b6051cdf37897d558f8bab8cd833de623a26faad107f25,243cb11cd0156c4a392a10fd2551bb1e3edff46ec908f24ea87ce0da6dea4166,280,180,9e4469b0e75b8e49,4c3161ecfc79b907,yes
potato_rotten_0333,train/N_rotten/potato_rotten_0333.jpg,potato_rotten,3,potato,rotten,not_subtyped,train,g0318,s0260,muhriddinmuxiddinov,Fruits_Vegetables_Dataset(12000)/Vegetables/RottenPotato/rottenPotato (32).jpg,https://www.kaggle.com/datasets/muhriddinmuxiddinov/fruits-and-vegetables-dataset,2,publisher_fresh_rotten_folder+visual_review,none,not_annotated,5f2a1e2bb64dafdb1832ea1b5209cb34d75b7969f3058d05c34f3ad617637152,7949a1534502a2096d1a11d5d2520675c6ba9c9369e39319ab26c2660d69b6c3,194,259,cb70052a17c9ded9,e0c031715551f3f0,yes
potato_rotten_0334,train/N_rotten/potato_rotten_0334.jpg,potato_rotten,3,potato,rotten,not_subtyped,train,g0319,s0261,muhriddinmuxiddinov,Fruits_Vegetables_Dataset(12000)/Vegetables/RottenPotato/rottenPotato (332).jpg,https://www.kaggle.com/datasets/muhriddinmuxiddinov/fruits-and-vegetables-dataset,2,publisher_fresh_rotten_folder+visual_review,none,not_annotated,7cc7767a5c06a42e9c34b824d3e21daa743a87ad62f6c8857eb8c8abfc0f90f5,0a563c63b7ac13623296e28b35d9c1d1070f3117416dedcb92155419589f834a,263,192,fa9e91e046972996,803855470d9b1b26,yes
potato_rotten_0335,train/N_rotten/potato_rotten_0335.jpg,potato_rotten,3,potato,rotten,not_subtyped,train,g0320,s0262,muhriddinmuxiddinov,Fruits_Vegetables_Dataset(12000)/Vegetables/RottenPotato/rottenPotato (339).jpg,https://www.kaggle.com/datasets/muhriddinmuxiddinov/fruits-and-vegetables-dataset,2,publisher_fresh_rotten_folder+visual_review,none,not_annotated,a11063e27196b3395c957e69345b2423bbf4535ce47834bfd5939773aac39580,508ccd9b7f85ba2357e0fc7d1c0f1cc419b8615a6182ce6f51eeef8117a88920,265,190,bf2891b0e0cff087,bd7f47272e2c6d63,yes
potato_rotten_0336,train/N_rotten/potato_rotten_0336.jpg,potato_rotten,3,potato,rotten,not_subtyped,train,g0321,s0263,muhriddinmuxiddinov,Fruits_Vegetables_Dataset(12000)/Vegetables/RottenPotato/rottenPotato (34).jpg,https://www.kaggle.com/datasets/muhriddinmuxiddinov/fruits-and-vegetables-dataset,2,publisher_fresh_rotten_folder+visual_review,none,not_annotated,4505fcf298ccfddb1f06cc801a93c728dd4d0e018dcd4c35234fef450f26879d,c41c3dd959e64a50fe7412f13b1122cc6296a4eb2e3099456ea3d800b4172e49,238,212,ef92c8af16e143a4,93398e0f0f0f0787,yes
potato_rotten_0337,train/N_rotten/potato_rotten_0337.jpg,potato_rotten,3,potato,rotten,not_subtyped,train,g0322,s0264,muhriddinmuxiddinov,Fruits_Vegetables_Dataset(12000)/Vegetables/RottenPotato/rottenPotato (346).jpg,https://www.kaggle.com/datasets/muhriddinmuxiddinov/fruits-and-vegetables-dataset,2,publisher_fresh_rotten_folder+visual_review,none,not_annotated,b0d52fd4fbb7f9282dcbff3175336559a6abfd5ddc861b62de91ef356a8d7a70,41239716dae1447a4a7be4cfc6597fd08ed03d6c8ab75ac9656fed6707067d36,275,183,e7b99cc592a69258,0403078f0f472707,yes
potato_rotten_0338,train/N_rotten/potato_rotten_0338.jpg,potato_rotten,3,potato,rotten,not_subtyped,train,g0320,s0262,muhriddinmuxiddinov,Fruits_Vegetables_Dataset(12000)/Vegetables/RottenPotato/rottenPotato (351).jpg,https://www.kaggle.com/datasets/muhriddinmuxiddinov/fruits-and-vegetables-dataset,2,publisher_fresh_rotten_folder+visual_review,none,not_annotated,e34731fc510bec36c08398d9501bde667cd3ad97c21072840613bfa62cfc183e,a395e576559d1aebf018fa905fb96403eb3990289a9922ca589cf60141e49515,276,182,bc6393f0cd3a0e2c,585e3f27279e3d31,yes
potato_rotten_0339,test/N_rotten/potato_rotten_0339.jpg,potato_rotten,3,potato,rotten,not_subtyped,test,g0323,s0265,muhriddinmuxiddinov,Fruits_Vegetables_Dataset(12000)/Vegetables/RottenPotato/rottenPotato (353).jpg,https://www.kaggle.com/datasets/muhriddinmuxiddinov/fruits-and-vegetables-dataset,2,publisher_fresh_rotten_folder+visual_review,none,not_annotated,256418cb32dd7a9f0e6e7b2227dee99eb52438f7d1287709ca6b469ef64ad86e,5ee366500b0151d1c72447fba85237a995d68b8951d2e1fffeae6dc6db304ea2,233,217,e9e7849c78c91387,a6e7cb9b0b1cb003,yes
potato_rotten_0340,train/N_rotten/potato_rotten_0340.jpg,potato_rotten,3,potato,rotten,not_subtyped,train,g0198,s0163,muhriddinmuxiddinov,Fruits_Vegetables_Dataset(12000)/Vegetables/RottenPotato/rottenPotato (355).jpg,https://www.kaggle.com/datasets/muhriddinmuxiddinov/fruits-and-vegetables-dataset,2,publisher_fresh_rotten_folder+visual_review,none,not_annotated,caec4990084631e35d653aa10cc34ff6d4599949058a7a5345e915f2f70ab00c,af0bc7e0623a1a5b4b16f450b2c5d6eb4d4de21979570be49f769a74e914e498,269,187,b49ac7699b6c9831,d08c3e3e1b17060f,yes
potato_rotten_0341,train/N_rotten/potato_rotten_0341.jpg,potato_rotten,3,potato,rotten,not_subtyped,train,g0324,s0235,muhriddinmuxiddinov,Fruits_Vegetables_Dataset(12000)/Vegetables/RottenPotato/rottenPotato (367).jpg,https://www.kaggle.com/datasets/muhriddinmuxiddinov/fruits-and-vegetables-dataset,2,publisher_fresh_rotten_folder+visual_review,none,not_annotated,2d39d986c3e219ee741145aeda8c9b68f986acffd5dfddf87add2ded41198f1d,baa0f168242f8883f4bb78021d16fcc21508a0e703eaa7b650032eac7ce398aa,226,223,e58b1aa1798e6791,040006070f0e000b,yes
potato_rotten_0342,valid/N_rotten/potato_rotten_0342.jpg,potato_rotten,3,potato,rotten,not_subtyped,val,g0325,s0266,muhriddinmuxiddinov,Fruits_Vegetables_Dataset(12000)/Vegetables/RottenPotato/rottenPotato (372).jpg,https://www.kaggle.com/datasets/muhriddinmuxiddinov/fruits-and-vegetables-dataset,2,publisher_fresh_rotten_folder+visual_review,none,not_annotated,5a01ae6cd88113be8365b1a5c78b3855d29dced36c0388efc576d9b5632dfe48,8bf3b1798015e184bcc7ccda4e52d879d13a7cec3f7569fd6a6055bcc7e6d54f,300,168,8a6faa345049b5b7,b56b5af0d89ee9a5,yes
potato_rotten_0343,test/N_rotten/potato_rotten_0343.jpg,potato_rotten,3,potato,rotten,not_subtyped,test,g0326,s0267,muhriddinmuxiddinov,Fruits_Vegetables_Dataset(12000)/Vegetables/RottenPotato/rottenPotato (374).jpg,https://www.kaggle.com/datasets/muhriddinmuxiddinov/fruits-and-vegetables-dataset,2,publisher_fresh_rotten_folder+visual_review,none,not_annotated,5097152a8026bdc6db881a9361de209c2f3b74f0a4dc5e9e67d77c796d05e238,8258d5bcd35e7e54b5ea80148d24c495d2da5a446cdcf2a10adc3ef03791f16f,194,259,b50ad349ea9c693a,c3cd3c2e8fd29c1e,yes
potato_rotten_0344,train/N_rotten/potato_rotten_0344.jpg,potato_rotten,3,potato,rotten,not_subtyped,train,g0327,s0268,muhriddinmuxiddinov,Fruits_Vegetables_Dataset(12000)/Vegetables/RottenPotato/rottenPotato (379).jpg,https://www.kaggle.com/datasets/muhriddinmuxiddinov/fruits-and-vegetables-dataset,2,publisher_fresh_rotten_folder+visual_review,none,not_annotated,543f0c896ba368e4d5b958e4bc0cf1bf2a289883dee42fd70dd7c8adf7ed20d7,344eb03de70c0d89d9dc861d65241281cb6bcfcd736f338f824c4af41a53dc8c,275,183,b299cd6638333399,0c008d8d8d0d4d00,yes
potato_rotten_0345,train/N_rotten/potato_rotten_0345.jpg,potato_rotten,3,potato,rotten,not_subtyped,train,g0328,s0269,muhriddinmuxiddinov,Fruits_Vegetables_Dataset(12000)/Vegetables/RottenPotato/rottenPotato (384).jpg,https://www.kaggle.com/datasets/muhriddinmuxiddinov/fruits-and-vegetables-dataset,2,publisher_fresh_rotten_folder+visual_review,none,not_annotated,2fd2c8ddc4a7990ee2538192e8d507f92e3e084611c086729faea694d674c8db,11e53d6edf5ab4fa0b6ae4b06fed3ec7ecd0941399d07bcf670d714d573f71b2,225,225,af97c0681f4fb04a,402a2c5f3f078323,yes
potato_rotten_0346,test/N_rotten/potato_rotten_0346.jpg,potato_rotten,3,potato,rotten,not_subtyped,test,g0329,s0270,muhriddinmuxiddinov,Fruits_Vegetables_Dataset(12000)/Vegetables/RottenPotato/rottenPotato (388).jpg,https://www.kaggle.com/datasets/muhriddinmuxiddinov/fruits-and-vegetables-dataset,2,publisher_fresh_rotten_folder+visual_review,none,not_annotated,d26ca5224bd0f9265bcb507064348dc107520733ce735f7074aae993e1cd037e,85f95de0ac12605889b5d8f86867c21036d6fe6d074961bf7a18c23b25fa9a0b,250,200,c40c8b2ceb6bf833,f5a4a4d0d4b4cddb,yes
potato_rotten_0348,train/N_rotten/potato_rotten_0348.jpg,potato_rotten,3,potato,rotten,not_subtyped,train,g0330,s0271,muhriddinmuxiddinov,Fruits_Vegetables_Dataset(12000)/Vegetables/RottenPotato/rottenPotato (391).jpg,https://www.kaggle.com/datasets/muhriddinmuxiddinov/fruits-and-vegetables-dataset,2,publisher_fresh_rotten_folder+visual_review,none,not_annotated,749fc87623239098661dcfe1fa92be846549453a5678ca48aa451388a572bd6e,079b6fe4e2b7feb504bb36e68ab1a8a0e93b726bfc78b2dbfb8ad3e064278587,259,194,d33a2dd032c653c7,2270d9c898d8e0e2,yes
potato_rotten_0349,train/N_rotten/potato_rotten_0349.jpg,potato_rotten,3,potato,rotten,not_subtyped,train,g0331,s0272,muhriddinmuxiddinov,Fruits_Vegetables_Dataset(12000)/Vegetables/RottenPotato/rottenPotato (409).jpg,https://www.kaggle.com/datasets/muhriddinmuxiddinov/fruits-and-vegetables-dataset,2,publisher_fresh_rotten_folder+visual_review,none,not_annotated,8127f143127591203df16e15b187471fc359711ddcb6a6f308e382fd563c3805,646e8d33a8713b78e5e01b2ec177eb8b0afdfaeeaa82cc74bbfeb4b3f697b5e4,266,189,f20fb6108f76a847,ef494772d9981d0d,yes
potato_rotten_0350,train/N_rotten/potato_rotten_0350.jpg,potato_rotten,3,potato,rotten,not_subtyped,train,g0332,s0273,muhriddinmuxiddinov,Fruits_Vegetables_Dataset(12000)/Vegetables/RottenPotato/rottenPotato (41).jpg,https://www.kaggle.com/datasets/muhriddinmuxiddinov/fruits-and-vegetables-dataset,2,publisher_fresh_rotten_folder+visual_review,none,not_annotated,16bc75deed948abd1693732b3c899cfc8cd09068823d52ef7449df25bc83058e,017c8a70f10c468da25bf49cb36562be636c6ef33be448172fee1e2fb1459253,163,310,d63669c9068639db,02113c6468d160c2,yes
potato_rotten_0351,train/N_rotten/potato_rotten_0351.jpg,potato_rotten,3,potato,rotten,not_subtyped,train,g0333,s0274,muhriddinmuxiddinov,Fruits_Vegetables_Dataset(12000)/Vegetables/RottenPotato/rottenPotato (414).jpg,https://www.kaggle.com/datasets/muhriddinmuxiddinov/fruits-and-vegetables-dataset,2,publisher_fresh_rotten_folder+visual_review,none,not_annotated,b8a52818bf3dc54163b7ddf710c0ba13e14595ac066cb44d6e4e2ae5bd921184,d42fd107eb6d6dab5206bbdebbdcdeb49a8a00cdc8bc0f6880e5b4e70ccdeea5,266,190,a80cf27a9944f65b,a5ab4996db2689d5,yes
potato_rotten_0352,train/N_rotten/potato_rotten_0352.jpg,potato_rotten,3,potato,rotten,not_subtyped,train,g0334,s0275,muhriddinmuxiddinov,Fruits_Vegetables_Dataset(12000)/Vegetables/RottenPotato/rottenPotato (421).jpg,https://www.kaggle.com/datasets/muhriddinmuxiddinov/fruits-and-vegetables-dataset,2,publisher_fresh_rotten_folder+visual_review,none,not_annotated,4f7fa63f91911a7ff63bc4ef51312de4a25f730d0f8ba2982cfb8989eeb42b87,d21669072f5e6b389c2db2330d83291c5084bbe1e852c28e91b63e79d297f176,190,265,c41f7c5db946c861,2634e9694a2664a3,yes
potato_rotten_0353,train/N_rotten/potato_rotten_0353.jpg,potato_rotten,3,potato,rotten,not_subtyped,train,g0335,s0276,muhriddinmuxiddinov,Fruits_Vegetables_Dataset(12000)/Vegetables/RottenPotato/rottenPotato (424).jpg,https://www.kaggle.com/datasets/muhriddinmuxiddinov/fruits-and-vegetables-dataset,2,publisher_fresh_rotten_folder+visual_review,none,not_annotated,79260405ee557ac31c035da9d0ffa73396bc7fca251c999e216cf8f35d413c79,01e187443faf793665bf2bd22bbe38dea68846f270e73dc2eb0645875b4a396f,225,225,bee4c08f9a3a5169,fcc60f2d7b5b3f3b,yes
potato_rotten_0354,valid/N_rotten/potato_rotten_0354.jpg,potato_rotten,3,potato,rotten,not_subtyped,val,g0336,s0277,muhriddinmuxiddinov,Fruits_Vegetables_Dataset(12000)/Vegetables/RottenPotato/rottenPotato (428).jpg,https://www.kaggle.com/datasets/muhriddinmuxiddinov/fruits-and-vegetables-dataset,2,publisher_fresh_rotten_folder+visual_review,none,not_annotated,43706a371af84abeba9d21a1e29b7e914b28c9ee24bd917b2791eafb51c15a42,73121cdec843b0f3dc273a2eac43619414d4a0c98f2b5aa00581c03d7a300dd2,251,201,e2e09d9758d833e1,e4c787858dccf023,yes
potato_rotten_0355,train/N_rotten/potato_rotten_0355.jpg,potato_rotten,3,potato,rotten,not_subtyped,train,g0337,s0278,muhriddinmuxiddinov,Fruits_Vegetables_Dataset(12000)/Vegetables/RottenPotato/rottenPotato (435).jpg,https://www.kaggle.com/datasets/muhriddinmuxiddinov/fruits-and-vegetables-dataset,2,publisher_fresh_rotten_folder+visual_review,none,not_annotated,0ce87a457e637de36bb112493e080165a768356b5c50d2b3988dc85e879c4732,4c8bb7884b7ebb64ba7ef0c68b433835c54c916d3e1374186959f56f90003f7b,262,193,ba2cdb13aa5ae429,59f2273d8fcc58db,yes
potato_rotten_0356,train/N_rotten/potato_rotten_0356.jpg,potato_rotten,3,potato,rotten,not_subtyped,train,g0338,s0279,muhriddinmuxiddinov,Fruits_Vegetables_Dataset(12000)/Vegetables/RottenPotato/rottenPotato (438).jpg,https://www.kaggle.com/datasets/muhriddinmuxiddinov/fruits-and-vegetables-dataset,2,publisher_fresh_rotten_folder+visual_review,none,not_annotated,f262c56277f61962cf1cc2329c2a5f3be80088e55a810cdf209716c742fb265c,93a44eb6fe3ed2e409d6704db8183982f23ee6c22c7ec06b32169abb6694e25b,275,183,8aca386b1f167e15,298968645603b2b4,yes
potato_rotten_0357,train/N_rotten/potato_rotten_0357.jpg,potato_rotten,3,potato,rotten,not_subtyped,train,g0320,s0262,muhriddinmuxiddinov,Fruits_Vegetables_Dataset(12000)/Vegetables/RottenPotato/rottenPotato (46).jpg,https://www.kaggle.com/datasets/muhriddinmuxiddinov/fruits-and-vegetables-dataset,2,publisher_fresh_rotten_folder+visual_review,none,not_annotated,7e9c5edf7404ab54c8d0de451c65c935212e20ca8a19a881d4b8068f9bc42b90,b179b26e9429508ebceb79fa5f363e33ce054015dd056df50addfbaee9da85d4,1300,824,fce0b641965be033,262e171113931726,yes
potato_rotten_0358,train/N_rotten/potato_rotten_0358.jpg,potato_rotten,3,potato,rotten,not_subtyped,train,g0339,s0280,muhriddinmuxiddinov,Fruits_Vegetables_Dataset(12000)/Vegetables/RottenPotato/rottenPotato (473).jpg,https://www.kaggle.com/datasets/muhriddinmuxiddinov/fruits-and-vegetables-dataset,2,publisher_fresh_rotten_folder+visual_review,none,not_annotated,072aa96992d25c5a49c91133f22daf0c4a53c22065e3055b56b16574074b3621,59ef225122a4e52f4f314247551c63e6c0af6d3d74bbbf2d6fd72be2c9fcf6e5,248,203,e9eb1594789231cb,000703030b0e0023,yes
potato_rotten_0359,test/N_rotten/potato_rotten_0359.jpg,potato_rotten,3,potato,rotten,not_subtyped,test,g0340,s0281,muhriddinmuxiddinov,Fruits_Vegetables_Dataset(12000)/Vegetables/RottenPotato/rottenPotato (475).jpg,https://www.kaggle.com/datasets/muhriddinmuxiddinov/fruits-and-vegetables-dataset,2,publisher_fresh_rotten_folder+visual_review,none,not_annotated,4c21caf231944c43ed417b027b52d51ecca0fea8e1a5515e6756a7f25e6bb943,42f25bab516dab739ddf887d2c9179e641312861a0bdcc598ee9f915b099c641,294,171,e98b976d84368732,6303098383030f0f,yes
potato_rotten_0360,train/N_rotten/potato_rotten_0360.jpg,potato_rotten,3,potato,rotten,not_subtyped,train,g0337,s0278,muhriddinmuxiddinov,Fruits_Vegetables_Dataset(12000)/Vegetables/RottenPotato/rottenPotato (477).jpg,https://www.kaggle.com/datasets/muhriddinmuxiddinov/fruits-and-vegetables-dataset,2,publisher_fresh_rotten_folder+visual_review,none,not_annotated,e32311e39adfc01fd6a2fea10783a36dbe0ce6ef7077dab17e1358c8fd2b60b3,83d60827126e494858cc71797746c663609f85002f9a6c0f4ffd8c1075f5433f,275,183,ba8cd3333ad6288b,59d0b3350f8ecc59,yes
potato_rotten_0361,valid/N_rotten/potato_rotten_0361.jpg,potato_rotten,3,potato,rotten,not_subtyped,val,g0341,s0282,muhriddinmuxiddinov,Fruits_Vegetables_Dataset(12000)/Vegetables/RottenPotato/rottenPotato (482).jpg,https://www.kaggle.com/datasets/muhriddinmuxiddinov/fruits-and-vegetables-dataset,2,publisher_fresh_rotten_folder+visual_review,none,not_annotated,30ba31b5416fc9a76b210ce1df1a2bfe9bd98e3deef741377145f043b2b4b92c,cfce79f8d84b48dae1fc29b97de5e561bbef9912bbf97bdd9aaed562d93a1863,275,183,a969c59d9a329372,32030b3b371e1e8c,yes
potato_rotten_0362,train/N_rotten/potato_rotten_0362.jpg,potato_rotten,3,potato,rotten,not_subtyped,train,g0342,s0283,muhriddinmuxiddinov,Fruits_Vegetables_Dataset(12000)/Vegetables/RottenPotato/rottenPotato (487).jpg,https://www.kaggle.com/datasets/muhriddinmuxiddinov/fruits-and-vegetables-dataset,2,publisher_fresh_rotten_folder+visual_review,none,not_annotated,d0455cd25f9a413378917687061210111249122417031b1cd0dbd986ba67a1bc,6be0973c2b9f6c1d1d364f49307b6a05936f1f423c99ccf5f36b8341f7d397af,347,280,b50ee02cdd31ab53,a6a55b7262259e8c,yes
potato_rotten_0363,train/N_rotten/potato_rotten_0363.jpg,potato_rotten,3,potato,rotten,not_subtyped,train,g0343,s0284,muhriddinmuxiddinov,Fruits_Vegetables_Dataset(12000)/Vegetables/RottenPotato/rottenPotato (501).jpg,https://www.kaggle.com/datasets/muhriddinmuxiddinov/fruits-and-vegetables-dataset,2,publisher_fresh_rotten_folder+visual_review,none,not_annotated,6eee61449f9b9122179c040e0082ccc0092574c871146adf2d183635f9c2b875,d555b6787e6e33e3c799cd549e4857d2935575279c43e463596d4742098f173f,262,192,c191bf85d4304fb6,5ed35998c0e39f4d,yes
potato_rotten_0364,train/N_rotten/potato_rotten_0364.jpg,potato_rotten,3,potato,rotten,not_subtyped,train,g0331,s0272,muhriddinmuxiddinov,Fruits_Vegetables_Dataset(12000)/Vegetables/RottenPotato/rottenPotato (508).jpg,https://www.kaggle.com/datasets/muhriddinmuxiddinov/fruits-and-vegetables-dataset,2,publisher_fresh_rotten_folder+visual_review,none,not_annotated,8e588403fe0a2069d13fe647a138ab0ca55d6c71d0f62492738cf8c30e01e1ff,9db041aeb037a524498ec09ddc7e909e26b8673dfd64b180239702ad1a52ed8d,450,320,f20fb6108f76a847,ef494772d9981d0d,yes
potato_rotten_0365,train/N_rotten/potato_rotten_0365.jpg,potato_rotten,3,potato,rotten,not_subtyped,train,g0344,s0285,muhriddinmuxiddinov,Fruits_Vegetables_Dataset(12000)/Vegetables/RottenPotato/rottenPotato (517).jpg,https://www.kaggle.com/datasets/muhriddinmuxiddinov/fruits-and-vegetables-dataset,2,publisher_fresh_rotten_folder+visual_review,none,not_annotated,604a1652fb0ff3f436a2285c253bf2bf585ad67f8ea629634bbf7ac335b1906d,1c96e4e84baca02fe2881ce8cb94a95c4e5009bb48826223db86f16e349b42fa,389,280,b94f949063cb2e2e,1033234b0b3e1016,yes
potato_rotten_0366,train/N_rotten/potato_rotten_0366.jpg,potato_rotten,3,potato,rotten,not_subtyped,train,g0302,s0244,muhriddinmuxiddinov,Fruits_Vegetables_Dataset(12000)/Vegetables/RottenPotato/rottenPotato (522).jpg,https://www.kaggle.com/datasets/muhriddinmuxiddinov/fruits-and-vegetables-dataset,2,publisher_fresh_rotten_folder+visual_review,none,not_annotated,217644d5647d1e8e3fdc372fc90d7e642003e41ec998a9a43f1e182187eb6c85,c75b971ea02bf9682cc37b6309f0f5800427c5678f0608b00fec751d90a88b11,260,280,bf52e04bcd5c9c44,c81c3f5f763b0e26,yes
potato_rotten_0367,train/N_rotten/potato_rotten_0367.jpg,potato_rotten,3,potato,rotten,not_subtyped,train,g0345,s0286,muhriddinmuxiddinov,Fruits_Vegetables_Dataset(12000)/Vegetables/RottenPotato/rottenPotato (529).jpg,https://www.kaggle.com/datasets/muhriddinmuxiddinov/fruits-and-vegetables-dataset,2,publisher_fresh_rotten_folder+visual_review,none,not_annotated,bfac9907475bdb757c1772346d51d39fbc7ddca7a5f2f87f090631f5a4740eae,009a260c0ea1e76436eec69a0c4fb87c5358e972bd480e3d4d367095de5090cb,1300,957,a235f13c9f41a553,361dcdd16d7795d9,yes
potato_rotten_0368,train/N_rotten/potato_rotten_0368.jpg,potato_rotten,3,potato,rotten,not_subtyped,train,g0346,s0287,muhriddinmuxiddinov,Fruits_Vegetables_Dataset(12000)/Vegetables/RottenPotato/rottenPotato (536).jpg,https://www.kaggle.com/datasets/muhriddinmuxiddinov/fruits-and-vegetables-dataset,2,publisher_fresh_rotten_folder+visual_review,none,not_annotated,ed98b674af427fecf90cc8723a9df88b30ece3b32bec1010b0d6561c917a3be4,ff233a40d66f57a6ef531269364096b0e190dfc0ac2579f2ae2d48ee99cdc01a,800,533,e992962ccc799197,050d89a323130307,yes
potato_rotten_0369,train/N_rotten/potato_rotten_0369.jpg,potato_rotten,3,potato,rotten,not_subtyped,train,g0347,s0288,muhriddinmuxiddinov,Fruits_Vegetables_Dataset(12000)/Vegetables/RottenPotato/rottenPotato (548).jpg,https://www.kaggle.com/datasets/muhriddinmuxiddinov/fruits-and-vegetables-dataset,2,publisher_fresh_rotten_folder+visual_review,none,not_annotated,2ec6a085b18871aaa1b0b786854c9a5534eb11e3314fd604632a8769bf45b388,e4bb9fe06f391218853bd7369af1da0ba017fd26358d7d824ef4dd5418a5d770,393,280,895f3467ec48e392,e03858f3ebdbb1b4,yes
potato_rotten_0370,train/N_rotten/potato_rotten_0370.jpg,potato_rotten,3,potato,rotten,not_subtyped,train,g0348,s0289,muhriddinmuxiddinov,Fruits_Vegetables_Dataset(12000)/Vegetables/RottenPotato/rottenPotato (567).jpg,https://www.kaggle.com/datasets/muhriddinmuxiddinov/fruits-and-vegetables-dataset,2,publisher_fresh_rotten_folder+visual_review,none,not_annotated,6fbb247efdfb2cfc316b320d34c5659a849d339363af94cf60ef621a604a5973,ae496f8290ac1a8e582905b69bc5d7ca2febf2c9860d26646152eb77c24f42dd,194,260,eb22a066cbca2377,c79f4643480701f1,yes
potato_rotten_0371,valid/N_rotten/potato_rotten_0371.jpg,potato_rotten,3,potato,rotten,not_subtyped,val,g0349,s0290,muhriddinmuxiddinov,Fruits_Vegetables_Dataset(12000)/Vegetables/RottenPotato/rottenPotato (574).jpg,https://www.kaggle.com/datasets/muhriddinmuxiddinov/fruits-and-vegetables-dataset,2,publisher_fresh_rotten_folder+visual_review,none,not_annotated,cbd7814b9f89348d113bf35734fd80688270bf3e9ab95973cf05fc2f589d42e8,3aaa847c77ebd7505470465df3537bd7e79ca84439a614ba92388ba41c3a4459,275,183,adc0f5339267d28c,defffbff3f5b6f3e,yes
potato_rotten_0372,test/N_rotten/potato_rotten_0372.jpg,potato_rotten,3,potato,rotten,not_subtyped,test,g0350,s0291,muhriddinmuxiddinov,Fruits_Vegetables_Dataset(12000)/Vegetables/RottenPotato/rottenPotato (576).jpg,https://www.kaggle.com/datasets/muhriddinmuxiddinov/fruits-and-vegetables-dataset,2,publisher_fresh_rotten_folder+visual_review,none,not_annotated,4fa5dd204e2bb38ff6ab6ab8ab0d0691134c098a91b9d23d111634f5d997f4ff,d56f69378f01e06501d0d070c73880429655e369f34ecb8d9dfd31b5b292c15b,275,183,b4892b206f724bf3,1b96b4b4b4b4940e,yes
potato_rotten_0373,valid/N_rotten/potato_rotten_0373.jpg,potato_rotten,3,potato,rotten,not_subtyped,val,g0351,s0292,muhriddinmuxiddinov,Fruits_Vegetables_Dataset(12000)/Vegetables/RottenPotato/rottenPotato (578).jpg,https://www.kaggle.com/datasets/muhriddinmuxiddinov/fruits-and-vegetables-dataset,2,publisher_fresh_rotten_folder+visual_review,none,not_annotated,09f7a19e6ef5da186001debcf5c6594f72077820027ea8ca96cf18689b11276f,8aa5471c3ce96ea7f03b0c33c403d3dee64bacc3d6f4a61cab5b5cf0e8f7416f,300,470,d212dc56b01f877a,f8b9699d9dcc341b,yes
potato_rotten_0374,test/N_rotten/potato_rotten_0374.jpg,potato_rotten,3,potato,rotten,not_subtyped,test,g0352,s0293,muhriddinmuxiddinov,Fruits_Vegetables_Dataset(12000)/Vegetables/RottenPotato/rottenPotato (583).jpg,https://www.kaggle.com/datasets/muhriddinmuxiddinov/fruits-and-vegetables-dataset,2,publisher_fresh_rotten_folder+visual_review,none,not_annotated,9d15444940e0cefff6200da9ccd481992751e1a24efe80279f3aeabcb6f39add,c03a1e4192e9dab801e3115f1d7ab496fb44321e56a1f1d6d3b02ef40ed5213c,300,168,c79e396434996365,b06161e0c4c171b2,yes
potato_rotten_0375,train/N_rotten/potato_rotten_0375.jpg,potato_rotten,3,potato,rotten,not_subtyped,train,g0353,s0294,muhriddinmuxiddinov,Fruits_Vegetables_Dataset(12000)/Vegetables/RottenPotato/rottenPotato (76).jpg,https://www.kaggle.com/datasets/muhriddinmuxiddinov/fruits-and-vegetables-dataset,2,publisher_fresh_rotten_folder+visual_review,none,not_annotated,d1f7db472c7bae0577b9bb7c438f276ef407e35e2ee158b51b5b96108c58ba80,f5a24255fa42ddef32b0dd30b221ae0098942a212d0847672c992ad2d4b4ccc0,1300,956,87875ab9699c74a4,5354e4eada56e443,yes
potato_rotten_0376,train/N_rotten/potato_rotten_0376.jpg,potato_rotten,3,potato,rotten,not_subtyped,train,g0354,s0295,muhriddinmuxiddinov,Fruits_Vegetables_Dataset(12000)/Vegetables/RottenPotato/rottenPotato (8).jpg,https://www.kaggle.com/datasets/muhriddinmuxiddinov/fruits-and-vegetables-dataset,2,publisher_fresh_rotten_folder+visual_review,none,not_annotated,0d65e2c1633bf2520745dfd688b062c78acf61e89b64d9f07de1c3f9a814d8db,960f369a8ba58863a08e8dfe623fa6e6f193523f7a889fcf627278b23a6d23a5,250,150,afd88cb3e2581d89,3153722b4f5f3b6f,yes
potato_rotten_0377,test/N_rotten/potato_rotten_0377.jpg,potato_rotten,3,potato,rotten,not_subtyped,test,g0355,s0296,muhriddinmuxiddinov,Fruits_Vegetables_Dataset(12000)/Vegetables/RottenPotato/rottenPotato (83).jpg,https://www.kaggle.com/datasets/muhriddinmuxiddinov/fruits-and-vegetables-dataset,2,publisher_fresh_rotten_folder+visual_review,none,not_annotated,c1d5ca43f460241e79599a4a05c5755526fee929bc774ecb2e290e289330fa90,c15e777cc0178fa0a6762c925cc411fa3a1d350b53e1cb4f5b3e33e798a3dcf5,275,183,d4dbc5149e912d87,f081033c3c1e8eee,yes
potato_rotten_0378,train/N_rotten/potato_rotten_0378.jpg,potato_rotten,3,potato,rotten,not_subtyped,train,g0356,s0297,muhriddinmuxiddinov,Fruits_Vegetables_Dataset(12000)/Vegetables/RottenPotato/rottenPotato (90).jpg,https://www.kaggle.com/datasets/muhriddinmuxiddinov/fruits-and-vegetables-dataset,2,publisher_fresh_rotten_folder+visual_review,none,not_annotated,81b0fca98cca733778e4525d0cfc9abe784da9e90c949113b74fdee05313fccb,1387385743dceed08bf859d63cd192f35c95455d5a209d516f4ad914bbb8a550,168,112,e58e9a61699266ce,16000e86868e0c22,yes
potato_rotten_0379,train/N_rotten/potato_rotten_0379.jpg,potato_rotten,3,potato,rotten,not_subtyped,train,g0357,s0298,muhriddinmuxiddinov,Fruits_Vegetables_Dataset(12000)/Vegetables/RottenPotato/rottenPotato (95).jpg,https://www.kaggle.com/datasets/muhriddinmuxiddinov/fruits-and-vegetables-dataset,2,publisher_fresh_rotten_folder+visual_review,none,not_annotated,34393133f27acca90479e370da7113002a30779187fa3e9a6d9367a4d5c8e281,96aeb61dc0630857c2d47c11756c89d130e3ca13a617e5d851ed34b37aa8b6e0,600,400,f980ff43d9cc3806,73b3357353530b1b,yes
potato_rotten_0380,test/N_rotten/potato_rotten_0380.jpg,potato_rotten,3,potato,rotten,not_subtyped,test,g0358,s0299,muhriddinmuxiddinov,Fruits_Vegetables_Dataset(12000)/Vegetables/RottenPotato/rottenPotato (166).jpg,https://www.kaggle.com/datasets/muhriddinmuxiddinov/fruits-and-vegetables-dataset,2,publisher_fresh_rotten_folder+visual_review,none,not_annotated,8efa7a405b02162f21f93975e1f8a952998f158d484f6148416b11083fa3334b,7b7ec227f5a80f4673e25ba9597c859506496fc60bef383c1bf6de04d6dc21fd,259,194,fed0e06ac3236365,993c34787125370e,yes
potato_rotten_0381,train/N_rotten/potato_rotten_0381.jpg,potato_rotten,3,potato,rotten,not_subtyped,train,g0359,s0300,muhriddinmuxiddinov,Fruits_Vegetables_Dataset(12000)/Vegetables/RottenPotato/rottenPotato (208).jpg,https://www.kaggle.com/datasets/muhriddinmuxiddinov/fruits-and-vegetables-dataset,2,publisher_fresh_rotten_folder+visual_review,none,not_annotated,4cf1da7c40166f79ebac7a5ffdb366a5a8d9adb1027916752be26e1e045fd740,aece7390e3b7ef88af3fd1bcb8250fe7ac2a77bbd61a4b3bcf3b0fbff53d670b,245,205,faad8c78d6069962,1a33934c9919f94d,yes
potato_rotten_0382,test/N_rotten/potato_rotten_0382.jpg,potato_rotten,3,potato,rotten,not_subtyped,test,g0360,s0301,muhriddinmuxiddinov,Fruits_Vegetables_Dataset(12000)/Vegetables/RottenPotato/rottenPotato (241).jpg,https://www.kaggle.com/datasets/muhriddinmuxiddinov/fruits-and-vegetables-dataset,2,publisher_fresh_rotten_folder+visual_review,none,not_annotated,c2dd78241a5a958f0662b1ed14568a93fb77d56e4cd5f7f3db9592afe3923adf,277b7f08f6e625d3b9770ab6fa458ab87575022985511a0832dd06424da92a76,269,187,855b7ba57c464a61,665ad9f4c6c6ce46,yes
potato_rotten_0383,train/N_rotten/potato_rotten_0383.jpg,potato_rotten,3,potato,rotten,not_subtyped,train,g0361,s0302,muhriddinmuxiddinov,Fruits_Vegetables_Dataset(12000)/Vegetables/RottenPotato/rottenPotato (250).jpg,https://www.kaggle.com/datasets/muhriddinmuxiddinov/fruits-and-vegetables-dataset,2,publisher_fresh_rotten_folder+visual_review,none,not_annotated,3a2d1fa589493ab1fded9d47134495fa39555493cadd2bdeab10f270fae54909,caaaef5ef98778b504a7f453f2f73c97b790751dfd2da2a9b1e3f1924b0a6c72,301,167,c12f63143eda9ab4,d6d6d6d196d4d494,yes
potato_rotten_0384,train/N_rotten/potato_rotten_0384.jpg,potato_rotten,3,potato,rotten,not_subtyped,train,g0362,s0303,muhriddinmuxiddinov,Fruits_Vegetables_Dataset(12000)/Vegetables/RottenPotato/rottenPotato (255).jpg,https://www.kaggle.com/datasets/muhriddinmuxiddinov/fruits-and-vegetables-dataset,2,publisher_fresh_rotten_folder+visual_review,none,not_annotated,a0368cba45428a7f605841749bf4d7ea8a028c4d19b75d9b381e4d91eaf8baf2,770a84b10ba9dcf4790f02dc308f4b28a84ac2a909187cf9963941e9c8bb1bfa,264,191,896e16663137e9b8,64e3f3d3d3f37c9c,yes
potato_rotten_0385,valid/N_rotten/potato_rotten_0385.jpg,potato_rotten,3,potato,rotten,not_subtyped,val,g0363,s0304,muhriddinmuxiddinov,Fruits_Vegetables_Dataset(12000)/Vegetables/RottenPotato/rottenPotato (262).jpg,https://www.kaggle.com/datasets/muhriddinmuxiddinov/fruits-and-vegetables-dataset,2,publisher_fresh_rotten_folder+visual_review,none,not_annotated,cdfc2b5d29cb7b3ea25062e954ed023c7a4c1e2a4ba9f664e11dd857ff3f0f18,ef2f1b16ab04dc7bfb42772bef3cd456e75b753da2c064887958f0d236a2f8ff,100,100,aec3d56a4ab02f85,01607699c11f34b3,yes
potato_rotten_0386,train/N_rotten/potato_rotten_0386.jpg,potato_rotten,3,potato,rotten,not_subtyped,train,g0364,s0305,muhriddinmuxiddinov,Fruits_Vegetables_Dataset(12000)/Vegetables/RottenPotato/rottenPotato (276).jpg,https://www.kaggle.com/datasets/muhriddinmuxiddinov/fruits-and-vegetables-dataset,2,publisher_fresh_rotten_folder+visual_review,none,not_annotated,05696bef2d66aad2d40d8c534d0c1656818a9f36783dc7884bfd99ee070dafc4,3d4f2fc11997fbad4d44394a5ee355f5c4c3936e36c7bc71f594e86ce7ce091a,301,167,fc25178b42c763d2,2626969692b2b2b4,yes
potato_rotten_0387,train/N_rotten/potato_rotten_0387.jpg,potato_rotten,3,potato,rotten,not_subtyped,train,g0198,s0163,muhriddinmuxiddinov,Fruits_Vegetables_Dataset(12000)/Vegetables/RottenPotato/rottenPotato (37).jpg,https://www.kaggle.com/datasets/muhriddinmuxiddinov/fruits-and-vegetables-dataset,2,publisher_fresh_rotten_folder+visual_review,none,not_annotated,3d479c732ce8eb370c5fff2a63b17baff54a145ca0507ecd8099ec85b7a1d482,a1c799c53aa100cb916f847dc887662c4a0037999445deec609b1459f67dd8ae,254,198,cac0b52fd63c3079,ec3391d5f575332a,yes
potato_rotten_0389,valid/N_rotten/potato_rotten_0389.jpg,potato_rotten,3,potato,rotten,not_subtyped,val,g0365,s0306,muhriddinmuxiddinov,Fruits_Vegetables_Dataset(12000)/Vegetables/RottenPotato/rottenPotato (393).jpg,https://www.kaggle.com/datasets/muhriddinmuxiddinov/fruits-and-vegetables-dataset,2,publisher_fresh_rotten_folder+visual_review,none,not_annotated,55020c6d01f4f73b1a576844b6d1fcee40598a9e0905df52dd5b000f52f8e3f6,5cedce704dea8f65b128faac303a6981e66366dc7e3999fb17eeeddc6ead8a78,257,196,ac99d226cb6d9c98,4e8d32233b278647,yes
potato_rotten_0390,valid/N_rotten/potato_rotten_0390.jpg,potato_rotten,3,potato,rotten,not_subtyped,val,g0366,s0307,muhriddinmuxiddinov,Fruits_Vegetables_Dataset(12000)/Vegetables/RottenPotato/rottenPotato (402).jpg,https://www.kaggle.com/datasets/muhriddinmuxiddinov/fruits-and-vegetables-dataset,2,publisher_fresh_rotten_folder+visual_review,none,not_annotated,c17eef3bd726408ba8a9a0f81cef0055be477db72568867f1cd9abe23ebf2f2d,dd443bb39f2084861865beb61bd9e795131a7718474c3d89d32b3d7a2fc16559,178,284,e6a463931a9b49cd,cd86072964466429,yes
potato_rotten_0391,test/N_rotten/potato_rotten_0391.jpg,potato_rotten,3,potato,rotten,not_subtyped,test,g0367,s0308,muhriddinmuxiddinov,Fruits_Vegetables_Dataset(12000)/Vegetables/RottenPotato/rottenPotato (412).jpg,https://www.kaggle.com/datasets/muhriddinmuxiddinov/fruits-and-vegetables-dataset,2,publisher_fresh_rotten_folder+visual_review,none,not_annotated,f96ca0ebb8d4e37574d32bc94c7efaaa3efc56208098aff3ec8c987a8ef3efbf,41e1335d8ebdda314dd6acd4a35567671c39316ca5296749cbdf4fab8bd6bfee,257,196,b1b3c6c7588c6e92,13991e1b9fc6041a,yes
potato_rotten_0392,valid/N_rotten/potato_rotten_0392.jpg,potato_rotten,3,potato,rotten,not_subtyped,val,g0368,s0309,muhriddinmuxiddinov,Fruits_Vegetables_Dataset(12000)/Vegetables/RottenPotato/rottenPotato (440).jpg,https://www.kaggle.com/datasets/muhriddinmuxiddinov/fruits-and-vegetables-dataset,2,publisher_fresh_rotten_folder+visual_review,none,not_annotated,8aab1685609bd54b69c48ba89537525b2d7f0f498db00263791ab5f207f1aa85,ea26f4ba935ae2c31d1fba0336cc96ad85ad1ac854651a87dd29913646177685,262,192,e5c40e933bd16ccc,f8e6861e0e8fc236,yes
potato_rotten_0393,train/N_rotten/potato_rotten_0393.jpg,potato_rotten,3,potato,rotten,not_subtyped,train,g0369,s0310,muhriddinmuxiddinov,Fruits_Vegetables_Dataset(12000)/Vegetables/RottenPotato/rottenPotato (454).jpg,https://www.kaggle.com/datasets/muhriddinmuxiddinov/fruits-and-vegetables-dataset,2,publisher_fresh_rotten_folder+visual_review,none,not_annotated,3c653acebeea40ac1f7446450c55e7fc2dd38e43463f341a6839f969a79ee8c2,7050539c5fae5c05bcdac8713cefb881a4163a2c4e92350e8cbbcff8b4fafa93,275,183,e864879b7ae0296d,1906972b33330013,yes
potato_rotten_0394,train/N_rotten/potato_rotten_0394.jpg,potato_rotten,3,potato,rotten,not_subtyped,train,g0370,s0311,muhriddinmuxiddinov,Fruits_Vegetables_Dataset(12000)/Vegetables/RottenPotato/rottenPotato (466).jpg,https://www.kaggle.com/datasets/muhriddinmuxiddinov/fruits-and-vegetables-dataset,2,publisher_fresh_rotten_folder+visual_review,none,not_annotated,8ea63bafabd171ee759507e1c89daf4f02204192e5577be15bcc54028ea3583b,83229da898688eac8af0174f52eb3b313dc912ff6742df63a9365e5f68dfcfaa,262,193,96f462c24ca57f89,4d8d5ed6f44dcd1d,yes
potato_rotten_0395,train/N_rotten/potato_rotten_0395.jpg,potato_rotten,3,potato,rotten,not_subtyped,train,g0371,s0312,muhriddinmuxiddinov,Fruits_Vegetables_Dataset(12000)/Vegetables/RottenPotato/rottenPotato (506).jpg,https://www.kaggle.com/datasets/muhriddinmuxiddinov/fruits-and-vegetables-dataset,2,publisher_fresh_rotten_folder+visual_review,none,not_annotated,26bf180fdb17fd812680219cc92126c3ef3f6a30f57ac7379b45c04adeb7be5d,64bc62697bb9a6a806cde855900624dbe36353d094a593530f99ee9a7a89e1af,390,280,e9c8963339c6659c,2a10071b1b0f0697,yes
potato_rotten_0396,train/N_rotten/potato_rotten_0396.jpg,potato_rotten,3,potato,rotten,not_subtyped,train,g0372,s0286,muhriddinmuxiddinov,Fruits_Vegetables_Dataset(12000)/Vegetables/RottenPotato/rottenPotato (515).jpg,https://www.kaggle.com/datasets/muhriddinmuxiddinov/fruits-and-vegetables-dataset,2,publisher_fresh_rotten_folder+visual_review,none,not_annotated,4cc6ccac1d92ba2b6e21f176a281a8e3b305b85f541725b39893b40f1f0f6605,fb4065371e9efe7ac5f1f8dd04a1b521a26b30f3537f338669b2d115a576615c,800,533,c3173e8a376719a4,6c509e5a55f36b8a,yes
potato_rotten_0397,train/N_rotten/potato_rotten_0397.jpg,potato_rotten,3,potato,rotten,not_subtyped,train,g0373,s0313,muhriddinmuxiddinov,Fruits_Vegetables_Dataset(12000)/Vegetables/RottenPotato/rottenPotato (560).jpg,https://www.kaggle.com/datasets/muhriddinmuxiddinov/fruits-and-vegetables-dataset,2,publisher_fresh_rotten_folder+visual_review,none,not_annotated,d023324dd5562a9fc288cdf351fa0d10cdd26b00d688a6d56e1816c0635db2d4,b1e1ec257733605cc3a660a6cc77b9c661ca6392a0b3f6041d9d22f59c190bc2,300,470,d0170d58dc5ecb69,b0dcd99899d883e3,yes
potato_rotten_0398,test/N_rotten/potato_rotten_0398.jpg,potato_rotten,3,potato,rotten,not_subtyped,test,g0374,s0314,muhriddinmuxiddinov,Fruits_Vegetables_Dataset(12000)/Vegetables/RottenPotato/rottenPotato (69).jpg,https://www.kaggle.com/datasets/muhriddinmuxiddinov/fruits-and-vegetables-dataset,2,publisher_fresh_rotten_folder+visual_review,none,not_annotated,8a303dffc10177ead0058356b2b5901f4e175d699dac9cc18084804f885481ca,851037ae70377eabf0ebda248f02f823fd887a668ca6c6fcc8d2aff48ef58c40,252,189,f24a2db949b41af2,d4cc8c8c888ccccc,yes
potato_rotten_0399,test/N_rotten/potato_rotten_0399.jpg,potato_rotten,3,potato,rotten,not_subtyped,test,g0375,s0315,muhriddinmuxiddinov,Fruits_Vegetables_Dataset(12000)/Vegetables/RottenPotato/rottenPotato (86).jpg,https://www.kaggle.com/datasets/muhriddinmuxiddinov/fruits-and-vegetables-dataset,2,publisher_fresh_rotten_folder+visual_review,none,not_annotated,c22c95203dabd01880b60a803895521048c0c5b373cb374748af7fe468bbc8c6,cb145c26e51ba10022d458f6a1934196c349f8baa0c63805355b8d4fc134893e,390,280,b6ced99c6623990c,cc8c8e0e0e960e8e,yes
potato_rotten_0938,valid/N_rotten/potato_rotten_0938.webp,potato_rotten,3,potato,rotten,not_subtyped,val,g0376,s0316,muhriddinmuxiddinov,Fruits_Vegetables_Dataset(12000)/Vegetables/RottenPotato/rottenPotato (1).webp,https://www.kaggle.com/datasets/muhriddinmuxiddinov/fruits-and-vegetables-dataset,2,publisher_fresh_rotten_folder+visual_review,none,not_annotated,33734630073c8baa5b0dc209504e4a104dcc6da882677a42a304bad30482fed6,bc24f191cde39c9749d196138535b5af80c2ce3fd08f2fb31044142b30e3c157,509,339,b996c62db3c81cc3,6060b01313333303,no
potato_rotten_0939,valid/N_rotten/potato_rotten_0939.jpg,potato_rotten,3,potato,rotten,not_subtyped,val,g0377,s0317,muhriddinmuxiddinov,Fruits_Vegetables_Dataset(12000)/Vegetables/RottenPotato/rottenPotato (100).jpg,https://www.kaggle.com/datasets/muhriddinmuxiddinov/fruits-and-vegetables-dataset,2,publisher_fresh_rotten_folder+visual_review,none,not_annotated,e8716c80bd2737bef0c8564d203299a11313a875c53b551066c279d89af9ac43,c4a1cfcc594941a9036922185a11616f39123ca26863ec0e685e72ae1020f43f,1600,1167,b3e6ce9830cd23b2,210d4e8e9e1d000e,no
potato_rotten_0940,train/N_rotten/potato_rotten_0940.jpg,potato_rotten,3,potato,rotten,not_subtyped,train,g0378,s0232,muhriddinmuxiddinov,Fruits_Vegetables_Dataset(12000)/Vegetables/RottenPotato/rottenPotato (101).jpg,https://www.kaggle.com/datasets/muhriddinmuxiddinov/fruits-and-vegetables-dataset,2,publisher_fresh_rotten_folder+visual_review,none,not_annotated,3ab250e9d414250e665a09ce6a9c588720044ff6442d3a1b2670c898937520f5,4bc346fc77a4c2c75468ec70319f407ca751d5a4796e9447042f6c2def59c710,600,400,b3cdcc3330cd6730,04004d8d8d4d000c,no
potato_rotten_0941,train/N_rotten/potato_rotten_0941.jpg,potato_rotten,3,potato,rotten,not_subtyped,train,g0379,s0318,muhriddinmuxiddinov,Fruits_Vegetables_Dataset(12000)/Vegetables/RottenPotato/rottenPotato (102).jpg,https://www.kaggle.com/datasets/muhriddinmuxiddinov/fruits-and-vegetables-dataset,2,publisher_fresh_rotten_folder+visual_review,none,not_annotated,882ab9b710f1caabf2009f7ea97f2ff4c800223549b4b5367a1d24257b48678d,ff2c637e6107bcebe9c688aacbee56e1e9aa1c26a27f681631a62ecea2e57c8e,380,253,b996c3c3c8660767,101e2f3713030f93,no
potato_rotten_0942,valid/N_rotten/potato_rotten_0942.jpg,potato_rotten,3,potato,rotten,not_subtyped,val,g0380,s0319,muhriddinmuxiddinov,Fruits_Vegetables_Dataset(12000)/Vegetables/RottenPotato/rottenPotato (106).jpg,https://www.kaggle.com/datasets/muhriddinmuxiddinov/fruits-and-vegetables-dataset,2,publisher_fresh_rotten_folder+visual_review,none,not_annotated,3e7639ddc95372d02d8373b604bc8a95c13e36f2b4184f7d79f1c785a2b5869e,a43bdbec640fe7c4d80ec151a30e192c8c08e7ee15f5fe0629ff2c7e64719f7a,600,399,e9cd96329c3169c3,2046933323978f00,no
potato_rotten_0943,train/N_rotten/potato_rotten_0943.jpg,potato_rotten,3,potato,rotten,not_subtyped,train,g0381,s0320,muhriddinmuxiddinov,Fruits_Vegetables_Dataset(12000)/Vegetables/RottenPotato/rottenPotato (107).jpg,https://www.kaggle.com/datasets/muhriddinmuxiddinov/fruits-and-vegetables-dataset,2,publisher_fresh_rotten_folder+visual_review,none,not_annotated,29ff06b8413e96f6f8ad9d5b7181a6f527b61f3171f5b7b6c92a7dafea9561bc,d9c8bc002be96a7499bad577837c7e4c878629672d0c04d2555f3c85c2d8c063,1600,1164,da9221cd1fc716c9,7b992969a9610393,no
potato_rotten_0944,train/N_rotten/potato_rotten_0944.jpg,potato_rotten,3,potato,rotten,not_subtyped,train,g0382,s0321,muhriddinmuxiddinov,Fruits_Vegetables_Dataset(12000)/Vegetables/RottenPotato/rottenPotato (114).jpg,https://www.kaggle.com/datasets/muhriddinmuxiddinov/fruits-and-vegetables-dataset,2,publisher_fresh_rotten_folder+visual_review,none,not_annotated,6f4bc1b3a2bead2a2fa4d49cc185275f4575cdb878faefe3ddcd3796281bc1b2,4563207025ec8fe4f67d97c8613c6fc2954606cc73f288c51326b783cabf5299,194,259,e3962ad9cc518b36,322ce88a8ecada03,no
potato_rotten_0945,train/N_rotten/potato_rotten_0945.jpg,potato_rotten,3,potato,rotten,not_subtyped,train,g0321,s0263,muhriddinmuxiddinov,Fruits_Vegetables_Dataset(12000)/Vegetables/RottenPotato/rottenPotato (120).jpg,https://www.kaggle.com/datasets/muhriddinmuxiddinov/fruits-and-vegetables-dataset,2,publisher_fresh_rotten_folder+visual_review,none,not_annotated,c3c6cbfed8e918a28a8012f12246b230d80b6a222e5d25a21a1f4a2a894096c9,9b76efebbdf4234385e477f403697128f19e4bb31b80abca96c70c7ac10e9c76,239,211,af92c96f9669c304,00708e0f0f0f0796,no
potato_rotten_0946,train/N_rotten/potato_rotten_0946.jpg,potato_rotten,3,potato,rotten,not_subtyped,train,g0343,s0284,muhriddinmuxiddinov,Fruits_Vegetables_Dataset(12000)/Vegetables/RottenPotato/rottenPotato (124).jpg,https://www.kaggle.com/datasets/muhriddinmuxiddinov/fruits-and-vegetables-dataset,2,publisher_fresh_rotten_folder+visual_review,none,not_annotated,7f055e328d08685092eed64d64a70b83668a1e6e74e544900b911ede33db093c,8259c0556c08067474d1f58195a63e9472b7d9f2a06f2f76d33a3e2d067717bf,450,320,c11bb7459039cf74,5ed35b98c4c18e1d,no
potato_rotten_0947,train/N_rotten/potato_rotten_0947.jpg,potato_rotten,3,potato,rotten,not_subtyped,train,g0383,s0322,muhriddinmuxiddinov,Fruits_Vegetables_Dataset(12000)/Vegetables/RottenPotato/rottenPotato (126).jpg,https://www.kaggle.com/datasets/muhriddinmuxiddinov/fruits-and-vegetables-dataset,2,publisher_fresh_rotten_folder+visual_review,none,not_annotated,a76abfece724fd689c45b43b546a06b3a365e7868d556821bd516d19bcddb88e,85d9dbbfb22595cc7f5d517bfbffba36f86aaf053eaa01d4b7683cb1fe7a42ac,254,198,d3948d6d28f3702b,f0e4cc9c978ac913,no
potato_rotten_0948,train/N_rotten/potato_rotten_0948.jpg,potato_rotten,3,potato,rotten,not_subtyped,train,g0357,s0298,muhriddinmuxiddinov,Fruits_Vegetables_Dataset(12000)/Vegetables/RottenPotato/rottenPotato (130).jpg,https://www.kaggle.com/datasets/muhriddinmuxiddinov/fruits-and-vegetables-dataset,2,publisher_fresh_rotten_folder+visual_review,none,not_annotated,2c48487ce8b7ece67b6137151744852c4ca8bae847c9e6b4997a554f2b8a50df,bf8e7e0b8d0b6dcff8fbb9a1b2d66d3c1943d5e3d234aaaaee71a20d7146d398,390,280,e89c85439e5a9a6e,4687133525970707,no
potato_rotten_0949,valid/N_rotten/potato_rotten_0949.jpg,potato_rotten,3,potato,rotten,not_subtyped,val,g0384,s0323,muhriddinmuxiddinov,Fruits_Vegetables_Dataset(12000)/Vegetables/RottenPotato/rottenPotato (133).jpg,https://www.kaggle.com/datasets/muhriddinmuxiddinov/fruits-and-vegetables-dataset,2,publisher_fresh_rotten_folder+visual_review,none,not_annotated,dbc97227afeeab954f3ec8d81f403fdc2e2a9d95167a471f390276d3d7810c9c,a712b02cf9e7b0929d58ddcb61f0f05fd305e88e2399c7bf68b76610524d570d,800,557,facc9517965a191a,c62733312f1b199d,no
potato_rotten_0950,train/N_rotten/potato_rotten_0950.jpg,potato_rotten,3,potato,rotten,not_subtyped,train,g0385,s0324,muhriddinmuxiddinov,Fruits_Vegetables_Dataset(12000)/Vegetables/RottenPotato/rottenPotato (158).jpg,https://www.kaggle.com/datasets/muhriddinmuxiddinov/fruits-and-vegetables-dataset,2,publisher_fresh_rotten_folder+visual_review,none,not_annotated,1f16f66958406198e63e44922fbae854408434cc6541203265e76c787559f582,52db1990f9193a748bdd3b38c45a20267a895520654805697bb6212012f485dc,185,273,d3232dcc14eb5af0,70c8890880600204,no
potato_rotten_0951,train/N_rotten/potato_rotten_0951.jpg,potato_rotten,3,potato,rotten,not_subtyped,train,g0386,s0325,muhriddinmuxiddinov,Fruits_Vegetables_Dataset(12000)/Vegetables/RottenPotato/rottenPotato (167).jpg,https://www.kaggle.com/datasets/muhriddinmuxiddinov/fruits-and-vegetables-dataset,2,publisher_fresh_rotten_folder+visual_review,none,not_annotated,177227e1e39dd8bee6dbd64a09924aacda4c8785afcd733df41978e15e3df72b,c147c5b94f2c903423fc4bdc51e9b894900f10d186bbddbc56860015875172d6,249,202,e9c396b84bc065c7,1b24870313171c02,no
potato_rotten_0952,train/N_rotten/potato_rotten_0952.jpg,potato_rotten,3,potato,rotten,not_subtyped,train,g0387,s0326,muhriddinmuxiddinov,Fruits_Vegetables_Dataset(12000)/Vegetables/RottenPotato/rottenPotato (174).jpg,https://www.kaggle.com/datasets/muhriddinmuxiddinov/fruits-and-vegetables-dataset,2,publisher_fresh_rotten_folder+visual_review,none,not_annotated,96424b9847df293d6afb435d456d9c6247a82bd5a611756e55671aa34f22aeab,8baac7b91137b47330968fe21658e47b3c8beffad335eb5d1285f5bab0eedbfe,262,192,e3911ce67b916592,02080f4b4f4f0633,no
potato_rotten_0953,train/N_rotten/potato_rotten_0953.jpg,potato_rotten,3,potato,rotten,not_subtyped,train,g0388,s0327,muhriddinmuxiddinov,Fruits_Vegetables_Dataset(12000)/Vegetables/RottenPotato/rottenPotato (176).jpg,https://www.kaggle.com/datasets/muhriddinmuxiddinov/fruits-and-vegetables-dataset,2,publisher_fresh_rotten_folder+visual_review,none,not_annotated,14c5aaeaea1ca5c651c8174d9a8777fa81e2418f34014e035550e00151ceae77,c8372df6aa229a4056a56bb948a22665e8f65e494a41f730cd4283880e2ea35b,230,219,fe72a039157d8949,1f85012c33373737,no
potato_rotten_0954,train/N_rotten/potato_rotten_0954.jpg,potato_rotten,3,potato,rotten,not_subtyped,train,g0389,s0328,muhriddinmuxiddinov,Fruits_Vegetables_Dataset(12000)/Vegetables/RottenPotato/rottenPotato (180).jpg,https://www.kaggle.com/datasets/muhriddinmuxiddinov/fruits-and-vegetables-dataset,2,publisher_fresh_rotten_folder+visual_review,none,not_annotated,e3f7bb52eb623b1ae120b8d469a15e5fd3687e26106fb4e64f4e003e96e0d9fe,9d7b5401567ce20f77764a9749f79e12098c1ec8d86869e3d6c53864e2fa49d7,259,194,f7e3c8309b4968c3,834c464e4e262e25,no
potato_rotten_0955,test/N_rotten/potato_rotten_0955.jpg,potato_rotten,3,potato,rotten,not_subtyped,test,g0390,s0329,muhriddinmuxiddinov,Fruits_Vegetables_Dataset(12000)/Vegetables/RottenPotato/rottenPotato (181).jpg,https://www.kaggle.com/datasets/muhriddinmuxiddinov/fruits-and-vegetables-dataset,2,publisher_fresh_rotten_folder+visual_review,none,not_annotated,bcf952fdfd62bac9a7d4412e6bdeb92482e7711d5363be0124abfecde817a05a,1a8c56fab395e5abccfdbc196a791fd3354291d2b90868b5b956a70d19014c7d,275,183,ccd630cbebce09c8,49b4a666c3d2a6b6,no
potato_rotten_0956,train/N_rotten/potato_rotten_0956.jpg,potato_rotten,3,potato,rotten,not_subtyped,train,g0391,s0330,muhriddinmuxiddinov,Fruits_Vegetables_Dataset(12000)/Vegetables/RottenPotato/rottenPotato (185).jpg,https://www.kaggle.com/datasets/muhriddinmuxiddinov/fruits-and-vegetables-dataset,2,publisher_fresh_rotten_folder+visual_review,none,not_annotated,4e404dedf8567281e497520f57aa567716048080846d592394893704177ac9e8,58786345ab641c7c22a7db570a9db39af93409af6bfa67d54c4c0f3d931317aa,275,183,b5344ad1a593cd4b,98bd3e3e3abc98c8,no
potato_rotten_0957,test/N_rotten/potato_rotten_0957.jpg,potato_rotten,3,potato,rotten,not_subtyped,test,g0392,s0331,muhriddinmuxiddinov,Fruits_Vegetables_Dataset(12000)/Vegetables/RottenPotato/rottenPotato (188).jpg,https://www.kaggle.com/datasets/muhriddinmuxiddinov/fruits-and-vegetables-dataset,2,publisher_fresh_rotten_folder+visual_review,none,not_annotated,d44a29aa628380af0d2438903362c15224445552f368210aa2c1b4e9865f5717,6b288f31e3727e366e635903f75b03b55153b22059cf87d736fd752091a4c9e5,183,275,ad96d8e0671aec51,b07b7a7bc70731f3,no
potato_rotten_0958,test/N_rotten/potato_rotten_0958.jpg,potato_rotten,3,potato,rotten,not_subtyped,test,g0393,s0332,muhriddinmuxiddinov,Fruits_Vegetables_Dataset(12000)/Vegetables/RottenPotato/rottenPotato (190).jpg,https://www.kaggle.com/datasets/muhriddinmuxiddinov/fruits-and-vegetables-dataset,2,publisher_fresh_rotten_folder+visual_review,none,not_annotated,7ee6500587cc735d1df21de429ddaa87d61acdf5403136ae2aec44386445afe7,bb00c985a62b8f203c9ba9903802ba8ede8ae139e370f6bf125b22ae725624da,275,183,eec5901eda69cb30,c886236363230f9d,no
potato_rotten_0959,train/N_rotten/potato_rotten_0959.jpg,potato_rotten,3,potato,rotten,not_subtyped,train,g0394,s0333,muhriddinmuxiddinov,Fruits_Vegetables_Dataset(12000)/Vegetables/RottenPotato/rottenPotato (192).jpg,https://www.kaggle.com/datasets/muhriddinmuxiddinov/fruits-and-vegetables-dataset,2,publisher_fresh_rotten_folder+visual_review,none,not_annotated,c5b27a466f3c2be2359d4dafbd51fd9034f400d423ff9afe1b1e82031477874f,daac7c3dc34929a99a0f7fa1bfb20eec6213cecc20090cdb380fd25d78fefe03,276,183,a54c3c5b3bb5c0c3,1636e6aa69c90e1e,no
potato_rotten_0960,train/N_rotten/potato_rotten_0960.jpg,potato_rotten,3,potato,rotten,not_subtyped,train,g0395,s0334,muhriddinmuxiddinov,Fruits_Vegetables_Dataset(12000)/Vegetables/RottenPotato/rottenPotato (193).jpg,https://www.kaggle.com/datasets/muhriddinmuxiddinov/fruits-and-vegetables-dataset,2,publisher_fresh_rotten_folder+visual_review,none,not_annotated,a29871848404be9d067a785787aa5a7234c07490c15f1cf59e7fb19925dc807d,9ee515639a074197cf177f07af8a9f993e64cec2eec90801111cb3df8a5a9592,225,225,dfd12a28292da727,d3b868706561272e,no
potato_rotten_0961,train/N_rotten/potato_rotten_0961.jpg,potato_rotten,3,potato,rotten,not_subtyped,train,g0396,s0335,muhriddinmuxiddinov,Fruits_Vegetables_Dataset(12000)/Vegetables/RottenPotato/rottenPotato (196).jpg,https://www.kaggle.com/datasets/muhriddinmuxiddinov/fruits-and-vegetables-dataset,2,publisher_fresh_rotten_folder+visual_review,none,not_annotated,6444f02e8059548e9675ba633cb414c9b95592553ae145fdf8fcf9e7d7ae0ada,4aa4fd1830905317f2fccc4322d77eb1e422d7547ae02e6cbac133443c75b6a3,259,194,fc9fa270da69888c,3b3e773130120f0d,no
potato_rotten_0962,valid/N_rotten/potato_rotten_0962.jpg,potato_rotten,3,potato,rotten,not_subtyped,val,g0397,s0336,muhriddinmuxiddinov,Fruits_Vegetables_Dataset(12000)/Vegetables/RottenPotato/rottenPotato (197).jpg,https://www.kaggle.com/datasets/muhriddinmuxiddinov/fruits-and-vegetables-dataset,2,publisher_fresh_rotten_folder+visual_review,none,not_annotated,781bed41234c4e1ac08d4ffe617ed4f9984046bbae1e1902c1c8b77ea256a3a1,1722f1b68c40476b9fc99c4d5ffd086ac11c1a236cf221591a2df8c3bdd5c55d,237,212,ea94e4969999ce29,4c8f331319250307,no
potato_rotten_0963,train/N_rotten/potato_rotten_0963.jpg,potato_rotten,3,potato,rotten,not_subtyped,train,g0322,s0264,muhriddinmuxiddinov,Fruits_Vegetables_Dataset(12000)/Vegetables/RottenPotato/rottenPotato (2).jpg,https://www.kaggle.com/datasets/muhriddinmuxiddinov/fruits-and-vegetables-dataset,2,publisher_fresh_rotten_folder+visual_review,none,not_annotated,8772ebe7aa10294deb1dff757c667ad47d11d0b437abfc64e4894ca2edf90476,b57f969eb6bc9f7daab5cc07b5f6c35061af8a83ee39bda0ff931909765e480b,265,190,e72b9ccc9296269a,0603878f47072797,no
potato_rotten_0964,train/N_rotten/potato_rotten_0964.jpg,potato_rotten,3,potato,rotten,not_subtyped,train,g0398,s0247,muhriddinmuxiddinov,Fruits_Vegetables_Dataset(12000)/Vegetables/RottenPotato/rottenPotato (206).jpg,https://www.kaggle.com/datasets/muhriddinmuxiddinov/fruits-and-vegetables-dataset,2,publisher_fresh_rotten_folder+visual_review,none,not_annotated,19407ec571f73119ffe892ab22aa0a7c156db1db6578f9790f93a88062e8ca95,a0f28c0f04e872fc74e46045bc3843e8860c29b2906f8d3c9e3b142b0c5a7437,264,191,eab185c25ec5599a,080e1b070d0b0610,no
potato_rotten_0965,train/N_rotten/potato_rotten_0965.jpg,potato_rotten,3,potato,rotten,not_subtyped,train,g0386,s0325,muhriddinmuxiddinov,Fruits_Vegetables_Dataset(12000)/Vegetables/RottenPotato/rottenPotato (207).jpg,https://www.kaggle.com/datasets/muhriddinmuxiddinov/fruits-and-vegetables-dataset,2,publisher_fresh_rotten_folder+visual_review,none,not_annotated,49038c7ee4dfb858a7cd825de27151b96c6e07a8d11f63d0aa0b115119cee3ac,4a9b0563725d20cc595befe7e52202c0256f9022776de13209c89b1ba2340ce2,259,194,edc7923869c7248e,0620060313171c02,no
potato_rotten_0966,train/N_rotten/potato_rotten_0966.jpg,potato_rotten,3,potato,rotten,not_subtyped,train,g0399,s0263,muhriddinmuxiddinov,Fruits_Vegetables_Dataset(12000)/Vegetables/RottenPotato/rottenPotato (209).jpg,https://www.kaggle.com/datasets/muhriddinmuxiddinov/fruits-and-vegetables-dataset,2,publisher_fresh_rotten_folder+visual_review,none,not_annotated,17671c82093d693de72ddb585b8be07113066e369f1f65bbae42553885ff0743,a3ceda47f37957afc0d1d148c14f03411e320cf4e689fe597810d75b97279dcc,262,192,acc6d19d4b987cc2,d9a627272737368b,no
potato_rotten_0967,train/N_rotten/potato_rotten_0967.jpg,potato_rotten,3,potato,rotten,not_subtyped,train,g0400,s0337,muhriddinmuxiddinov,Fruits_Vegetables_Dataset(12000)/Vegetables/RottenPotato/rottenPotato (215).jpg,https://www.kaggle.com/datasets/muhriddinmuxiddinov/fruits-and-vegetables-dataset,2,publisher_fresh_rotten_folder+visual_review,none,not_annotated,cbcd048bd640f9806e75651c771a06ef3c0a4ef9e2eba0ab60484c1f7b270482,57eaa4e3d92767180d39320d60dfd158fc0189e5012e74b75dfa5b61ec5f3b0b,268,188,abd9e12ade95b500,a3cbd2793997cbc7,no
potato_rotten_0968,valid/N_rotten/potato_rotten_0968.jpg,potato_rotten,3,potato,rotten,not_subtyped,val,g0401,s0338,muhriddinmuxiddinov,Fruits_Vegetables_Dataset(12000)/Vegetables/RottenPotato/rottenPotato (23).jpg,https://www.kaggle.com/datasets/muhriddinmuxiddinov/fruits-and-vegetables-dataset,2,publisher_fresh_rotten_folder+visual_review,none,not_annotated,2dd3f8c35c5011f65255d5e59325d5e539472c703b4919c564735ec11b0178df,0bc40c0be6bcea09d53b2c8ad8224671bdff3fa3940c4bee2e70414baad35234,275,183,9ee171c7468e989c,cc1a31696970763c,no
potato_rotten_0969,train/N_rotten/potato_rotten_0969.jpg,potato_rotten,3,potato,rotten,not_subtyped,train,g0294,s0236,muhriddinmuxiddinov,Fruits_Vegetables_Dataset(12000)/Vegetables/RottenPotato/rottenPotato (233).jpg,https://www.kaggle.com/datasets/muhriddinmuxiddinov/fruits-and-vegetables-dataset,2,publisher_fresh_rotten_folder+visual_review,none,not_annotated,a253667133ed340a01b1713a9f15d29e90ace358f8e9e0495a938ecad50e6bac,abde4a70846671fd66af44c2add0a60631a499ef791f060ef421c2c12f51b1f7,100,100,ba879cd8271ec561,b09c0f0f8f91153b,no
potato_rotten_0970,valid/N_rotten/potato_rotten_0970.jpg,potato_rotten,3,potato,rotten,not_subtyped,val,g0402,s0339,muhriddinmuxiddinov,Fruits_Vegetables_Dataset(12000)/Vegetables/RottenPotato/rottenPotato (238).jpg,https://www.kaggle.com/datasets/muhriddinmuxiddinov/fruits-and-vegetables-dataset,2,publisher_fresh_rotten_folder+visual_review,none,not_annotated,06d444b4ae3fd32e9943204c0f375a034fd9dd17def4c6a24fa980060e788c77,0d0b7110c7255cd8930326419511510037fe751ca154a1ebc6ebdf287cc6844e,275,183,fa1986997879d4a4,1ccc071b9b58cfe4,no
potato_rotten_0971,train/N_rotten/potato_rotten_0971.jpg,potato_rotten,3,potato,rotten,not_subtyped,train,g0309,s0251,muhriddinmuxiddinov,Fruits_Vegetables_Dataset(12000)/Vegetables/RottenPotato/rottenPotato (240).jpg,https://www.kaggle.com/datasets/muhriddinmuxiddinov/fruits-and-vegetables-dataset,2,publisher_fresh_rotten_folder+visual_review,none,not_annotated,326de49c36885b77e4e5ba3764c766bfebd747444cb37405fddfc3ee05ebe0f3,f7ce33a5c512769c8614b87bc2e1498e51e5a487829c1739e4f7d341aceb7ec7,254,198,ee81b894315b67cc,98674bc9e665210b,no
potato_rotten_0972,valid/N_rotten/potato_rotten_0972.jpg,potato_rotten,3,potato,rotten,not_subtyped,val,g0403,s0340,muhriddinmuxiddinov,Fruits_Vegetables_Dataset(12000)/Vegetables/RottenPotato/rottenPotato (25).jpg,https://www.kaggle.com/datasets/muhriddinmuxiddinov/fruits-and-vegetables-dataset,2,publisher_fresh_rotten_folder+visual_review,none,not_annotated,07d46f3b4dbc8f01761998ee9b404a55877c3fb1decaa9fa61d8388b484d2f5b,aded1b63d19ab68a6486289c8488d2e95cb8ed4e46a0ea1142eb0f82ea439357,500,334,ea91b44a492d967e,f0982c434141271e,no
potato_rotten_0973,train/N_rotten/potato_rotten_0973.jpg,potato_rotten,3,potato,rotten,not_subtyped,train,g0404,s0341,muhriddinmuxiddinov,Fruits_Vegetables_Dataset(12000)/Vegetables/RottenPotato/rottenPotato (251).jpg,https://www.kaggle.com/datasets/muhriddinmuxiddinov/fruits-and-vegetables-dataset,2,publisher_fresh_rotten_folder+visual_review,none,not_annotated,610316e2a8c02c8c036e8e1d5777a57960299416cf2cea82d88ce13c40147a55,0c4e2e224f92648d5426844d5c9c7a23240cea3eee2d63c617312c9392e02cc2,295,171,b06d0327de61b4da,269792252c8cc999,no
potato_rotten_0974,train/N_rotten/potato_rotten_0974.jpg,potato_rotten,3,potato,rotten,not_subtyped,train,g0335,s0276,muhriddinmuxiddinov,Fruits_Vegetables_Dataset(12000)/Vegetables/RottenPotato/rottenPotato (253).jpg,https://www.kaggle.com/datasets/muhriddinmuxiddinov/fruits-and-vegetables-dataset,2,publisher_fresh_rotten_folder+visual_review,none,not_annotated,190e2b50828a762724eea7b2cd7f12cfd6501bcb31167915bd8a240f4027b7a5,666f4a0fc5686997494abd75a9fedb1321763b4147443e8dd23f36f23a48100d,244,206,bee4e1839497929c,c7072d2d75494b3f,no
potato_rotten_0975,train/N_rotten/potato_rotten_0975.jpg,potato_rotten,3,potato,rotten,not_subtyped,train,g0405,s0342,muhriddinmuxiddinov,Fruits_Vegetables_Dataset(12000)/Vegetables/RottenPotato/rottenPotato (265).jpg,https://www.kaggle.com/datasets/muhriddinmuxiddinov/fruits-and-vegetables-dataset,2,publisher_fresh_rotten_folder+visual_review,none,not_annotated,d611e68d0e29469e59d746c61ced74655c06b5c0c4e5e06a123a60474a0059ee,15acb2219f2e2797d5905dfc17f46ab095a5b72351a3de4c5df292d664c4d554,275,183,bfc0fa8fc01282de,8e0f2f9f2f572f1f,no
potato_rotten_0976,train/N_rotten/potato_rotten_0976.jpg,potato_rotten,3,potato,rotten,not_subtyped,train,g0406,s0343,muhriddinmuxiddinov,Fruits_Vegetables_Dataset(12000)/Vegetables/RottenPotato/rottenPotato (270).jpg,https://www.kaggle.com/datasets/muhriddinmuxiddinov/fruits-and-vegetables-dataset,2,publisher_fresh_rotten_folder+visual_review,none,not_annotated,ea3cd87ba697c0f2e08b7907addbb21b66b08cc6dfd8d86df60184442452fc2b,91f9ff7cd017c2f93f160eaa421651cda63535436142d6e3ab671c206be02946,305,165,bfecdc91a1d0b0e0,2a33355b5a3a286c,no
potato_rotten_0977,valid/N_rotten/potato_rotten_0977.jpg,potato_rotten,3,potato,rotten,not_subtyped,val,g0407,s0344,muhriddinmuxiddinov,Fruits_Vegetables_Dataset(12000)/Vegetables/RottenPotato/rottenPotato (279).jpg,https://www.kaggle.com/datasets/muhriddinmuxiddinov/fruits-and-vegetables-dataset,2,publisher_fresh_rotten_folder+visual_review,none,not_annotated,f3927c5350430ed3d4cc784b99fc85db7a19f868c9a862441f9367c4b1beae5d,0c352f95ad1fb593ab36dd3bf12e07301892cb1585696c9b29055f68701ed96e,250,201,ef8739e9e6a50214,425164642503130e,no
potato_rotten_0978,train/N_rotten/potato_rotten_0978.jpg,potato_rotten,3,potato,rotten,not_subtyped,train,g0408,s0345,muhriddinmuxiddinov,Fruits_Vegetables_Dataset(12000)/Vegetables/RottenPotato/rottenPotato (280).jpg,https://www.kaggle.com/datasets/muhriddinmuxiddinov/fruits-and-vegetables-dataset,2,publisher_fresh_rotten_folder+visual_review,none,not_annotated,0c5393f319237fe5e27734d0827f7ce9ac6cb9b3f6c83171e334a1f4361d36a0,0653d874fcda373d97d3ac5f82c1072c2b165f1a49f5b1ce44f67ec1423ae2f7,256,196,c1b0be029fa6f42d,319396cccad45163,no
potato_rotten_0979,test/N_rotten/potato_rotten_0979.jpg,potato_rotten,3,potato,rotten,not_subtyped,test,g0409,s0346,muhriddinmuxiddinov,Fruits_Vegetables_Dataset(12000)/Vegetables/RottenPotato/rottenPotato (281).jpg,https://www.kaggle.com/datasets/muhriddinmuxiddinov/fruits-and-vegetables-dataset,2,publisher_fresh_rotten_folder+visual_review,none,not_annotated,383160ea1bf4f912ae163889cfcf4557e10d09b5f65a57056b76abc493e2be1c,e172c95f893b7398c0aa4d71b7eb7afaea301da57f67682c1f52d6987384ee15,254,198,bc98c3e7341ccc72,8819303e0e463387,no
potato_rotten_0980,valid/N_rotten/potato_rotten_0980.jpg,potato_rotten,3,potato,rotten,not_subtyped,val,g0410,s0347,muhriddinmuxiddinov,Fruits_Vegetables_Dataset(12000)/Vegetables/RottenPotato/rottenPotato (282).jpg,https://www.kaggle.com/datasets/muhriddinmuxiddinov/fruits-and-vegetables-dataset,2,publisher_fresh_rotten_folder+visual_review,none,not_annotated,757f7495a3786dca78e050d4dcd109d788d47ccc4ae40b388124bb9d14eb2ea7,43b8d62f0fcce424c8b1bf1be919beaf9fd3daed133c4c9fe4720544647389e8,223,226,f0a9cd3435ca1c6b,8383010d1c3c89a3,no
potato_rotten_0981,train/N_rotten/potato_rotten_0981.jpg,potato_rotten,3,potato,rotten,not_subtyped,train,g0411,s0348,muhriddinmuxiddinov,Fruits_Vegetables_Dataset(12000)/Vegetables/RottenPotato/rottenPotato (292).jpg,https://www.kaggle.com/datasets/muhriddinmuxiddinov/fruits-and-vegetables-dataset,2,publisher_fresh_rotten_folder+visual_review,none,not_annotated,b36b51650f39197ff65241bc691588ecdfde731e113b1758cf34e6e513822f54,866d0e575fb473dc9e88a999ace7ff00316678b64bc571de0c763424c10d47ec,276,182,b61bcce16906966d,db1c6caaaacc4577,no
potato_rotten_0982,train/N_rotten/potato_rotten_0982.jpg,potato_rotten,3,potato,rotten,not_subtyped,train,g0412,s0349,muhriddinmuxiddinov,Fruits_Vegetables_Dataset(12000)/Vegetables/RottenPotato/rottenPotato (294).jpg,https://www.kaggle.com/datasets/muhriddinmuxiddinov/fruits-and-vegetables-dataset,2,publisher_fresh_rotten_folder+visual_review,none,not_annotated,4f3a1719bbfdbb6e187caf7922a09ba82eef77cdc23bc1ec3231696ab8833dfa,b12f1c127f7d897dc5b10547be17f792a72d1430028ab677824be6f086fcccf9,299,169,eeda85a4932d505e,d633333135372767,no
potato_rotten_0983,valid/N_rotten/potato_rotten_0983.jpg,potato_rotten,3,potato,rotten,not_subtyped,val,g0413,s0350,muhriddinmuxiddinov,Fruits_Vegetables_Dataset(12000)/Vegetables/RottenPotato/rottenPotato (296).jpg,https://www.kaggle.com/datasets/muhriddinmuxiddinov/fruits-and-vegetables-dataset,2,publisher_fresh_rotten_folder+visual_review,none,not_annotated,52351dcde57a499c3047bf838fdb6563a6a93b7c7c9ff8c641c3d5d76efcf78e,ff71aab513d2e8c618c42e18fd7f9fc650e091af2baaa4e361a8376262804801,303,166,94385b916dcf60ce,79f8a4a68edcc861,no
potato_rotten_0984,train/N_rotten/potato_rotten_0984.jpg,potato_rotten,3,potato,rotten,not_subtyped,train,g0414,s0351,muhriddinmuxiddinov,Fruits_Vegetables_Dataset(12000)/Vegetables/RottenPotato/rottenPotato (299).jpg,https://www.kaggle.com/datasets/muhriddinmuxiddinov/fruits-and-vegetables-dataset,2,publisher_fresh_rotten_folder+visual_review,none,not_annotated,4dda5a174f75da37a4974fafac7e5c02264a3cd94953aa9210b327887e6e1c7a,7727d2ecf13a5dea69b8df7e93d68ba5aa3e69132c3d42515d3ea736a18b48ab,282,179,eb859579d22e8b60,82176361010b070e,no
potato_rotten_0985,train/N_rotten/potato_rotten_0985.jpg,potato_rotten,3,potato,rotten,not_subtyped,train,g0415,s0352,muhriddinmuxiddinov,Fruits_Vegetables_Dataset(12000)/Vegetables/RottenPotato/rottenPotato (30).jpg,https://www.kaggle.com/datasets/muhriddinmuxiddinov/fruits-and-vegetables-dataset,2,publisher_fresh_rotten_folder+visual_review,none,not_annotated,32f883f3db14be51e008e972f5a8c3bc4b952084fc11a281079a7d1248b267c3,c5f68301c0d7285e6cb755a5a8b9ede8f1f977659cfc5902971442245c2438fc,318,159,839778686c257337,b368dcc4e4c38717,no
potato_rotten_0986,train/N_rotten/potato_rotten_0986.jpg,potato_rotten,3,potato,rotten,not_subtyped,train,g0416,s0353,muhriddinmuxiddinov,Fruits_Vegetables_Dataset(12000)/Vegetables/RottenPotato/rottenPotato (302).jpg,https://www.kaggle.com/datasets/muhriddinmuxiddinov/fruits-and-vegetables-dataset,2,publisher_fresh_rotten_folder+visual_review,none,not_annotated,c723f6c5474450a49600c28e36688c908858138f3d475164fae81839a7022b76,4b0fee6c9d87e4e94ea1d95dd17deaf23e95f2b9d667e3e99b5099bd0abbfff1,285,177,bbd88cc6c383a7a4,33331f0b0f0f6f6f,no
potato_rotten_0987,test/N_rotten/potato_rotten_0987.jpg,potato_rotten,3,potato,rotten,not_subtyped,test,g0417,s0354,muhriddinmuxiddinov,Fruits_Vegetables_Dataset(12000)/Vegetables/RottenPotato/rottenPotato (307).jpg,https://www.kaggle.com/datasets/muhriddinmuxiddinov/fruits-and-vegetables-dataset,2,publisher_fresh_rotten_folder+visual_review,none,not_annotated,aaa5fa95836c93e42fcc0ffba85bc10dcecbc9515381ab633dcaec8881bc0198,6fa8521afcdcacbbb6baae0bb7828a5832f834d90c3647cecbb2125d1a342cf0,265,190,ec1296699b65b866,608c062333938684,no
potato_rotten_0988,train/N_rotten/potato_rotten_0988.jpg,potato_rotten,3,potato,rotten,not_subtyped,train,g0418,s0355,muhriddinmuxiddinov,Fruits_Vegetables_Dataset(12000)/Vegetables/RottenPotato/rottenPotato (310).jpg,https://www.kaggle.com/datasets/muhriddinmuxiddinov/fruits-and-vegetables-dataset,2,publisher_fresh_rotten_folder+visual_review,none,not_annotated,e749e6f72a34494d44e83d2933e370b771dfad13946079193c01dadc5a5d58e7,9559dcb03214e12cc9f89d2a51c9c99ef3ae214ff4096ab8f6c5e75080d53433,300,168,c5ed040e735378e5,e2e68ec8d5f1e4c4,no
potato_rotten_0989,train/N_rotten/potato_rotten_0989.jpg,potato_rotten,3,potato,rotten,not_subtyped,train,g0419,s0356,muhriddinmuxiddinov,Fruits_Vegetables_Dataset(12000)/Vegetables/RottenPotato/rottenPotato (317).jpg,https://www.kaggle.com/datasets/muhriddinmuxiddinov/fruits-and-vegetables-dataset,2,publisher_fresh_rotten_folder+visual_review,none,not_annotated,d247a9706aad14d45d2aebdb0a5edcb28fdd8f6076ca76cbd20c44f30dceee7d,e232527739b3cad0e6dfa3188bb9754600b530324d63da89c416ebeb4188192a,275,183,e5329ecd99466938,000d968e96064600,no
potato_rotten_0990,test/N_rotten/potato_rotten_0990.jpg,potato_rotten,3,potato,rotten,not_subtyped,test,g0420,s0357,muhriddinmuxiddinov,Fruits_Vegetables_Dataset(12000)/Vegetables/RottenPotato/rottenPotato (318).jpg,https://www.kaggle.com/datasets/muhriddinmuxiddinov/fruits-and-vegetables-dataset,2,publisher_fresh_rotten_folder+visual_review,none,not_annotated,d7272e631056c7452cfcd9415e636aec1bd965ed1d278de83989cc7a0ec5179d,2e9c1a929a6c2452fb10551f90460f7f0380724399db09969030a4e086434501,250,202,eca493de1cd13386,8427070726183046,no
potato_rotten_0991,train/N_rotten/potato_rotten_0991.jpg,potato_rotten,3,potato,rotten,not_subtyped,train,g0406,s0343,muhriddinmuxiddinov,Fruits_Vegetables_Dataset(12000)/Vegetables/RottenPotato/rottenPotato (35).jpg,https://www.kaggle.com/datasets/muhriddinmuxiddinov/fruits-and-vegetables-dataset,2,publisher_fresh_rotten_folder+visual_review,none,not_annotated,e7a1c8dd164430174b8c4d9e463688b44275014484cefcbba1186ef69fe9826b,1df7897292de694ff489e72c2e5d2ec216c6ce9774e8bbd9320e3d3ea5869505,259,194,ff29ec96c1b483c0,23331f5a2a7c3503,no
potato_rotten_0992,train/N_rotten/potato_rotten_0992.jpg,potato_rotten,3,potato,rotten,not_subtyped,train,g0421,s0358,muhriddinmuxiddinov,Fruits_Vegetables_Dataset(12000)/Vegetables/RottenPotato/rottenPotato (352).jpg,https://www.kaggle.com/datasets/muhriddinmuxiddinov/fruits-and-vegetables-dataset,2,publisher_fresh_rotten_folder+visual_review,none,not_annotated,fb84b6358e45f33aa55a1bf12fd3c7c592a6240feae35326f99b5d7653d6ac42,c52aaa67d8cd3b164fc0314b787cfacc3f7480723b23b7af2fe4aef2abbe9723,275,183,f8958b68a54c355b,0c029d9697179101,no
potato_rotten_0993,train/N_rotten/potato_rotten_0993.jpg,potato_rotten,3,potato,rotten,not_subtyped,train,g0422,s0359,muhriddinmuxiddinov,Fruits_Vegetables_Dataset(12000)/Vegetables/RottenPotato/rottenPotato (362).jpg,https://www.kaggle.com/datasets/muhriddinmuxiddinov/fruits-and-vegetables-dataset,2,publisher_fresh_rotten_folder+visual_review,none,not_annotated,b5d1472aea19fd59f4e250888a36cf3886bf11301d955759224cb862bd27f69d,7f1e17db05fdfb5788e7a5fc94cec10b32ff267427fc65d09072dee7951cbe6e,275,183,ed0d8efe9c44609c,724bd39232054530,no
potato_rotten_0994,train/N_rotten/potato_rotten_0994.jpg,potato_rotten,3,potato,rotten,not_subtyped,train,g0198,s0163,muhriddinmuxiddinov,Fruits_Vegetables_Dataset(12000)/Vegetables/RottenPotato/rottenPotato (366).jpg,https://www.kaggle.com/datasets/muhriddinmuxiddinov/fruits-and-vegetables-dataset,2,publisher_fresh_rotten_folder+visual_review,none,not_annotated,f0d20f71af59889544a159b2b7dbd7c40faa9d985b26f709d6de36e3f8e1b3b4,8ef2a01cd77db73f13bcce49347745ac2cec82aaf1c619fb27ddc50d7d96bde7,211,239,bf9fc0609ac3890f,9836737b2b1b874c,no
potato_rotten_0995,train/N_rotten/potato_rotten_0995.jpg,potato_rotten,3,potato,rotten,not_subtyped,train,g0423,s0360,muhriddinmuxiddinov,Fruits_Vegetables_Dataset(12000)/Vegetables/RottenPotato/rottenPotato (369).jpg,https://www.kaggle.com/datasets/muhriddinmuxiddinov/fruits-and-vegetables-dataset,2,publisher_fresh_rotten_folder+visual_review,none,not_annotated,377b427b9f066910a52b952df104c30fbc39426e3aaf5a27ab8b742494f241e3,bbd95dc8c40c33c3a6aeeba7cb36070d1afc1c0932f8886d6d2884c8d360c79e,263,192,ec69198664ce6793,57138ba744e5e832,no
potato_rotten_0996,train/N_rotten/potato_rotten_0996.jpg,potato_rotten,3,potato,rotten,not_subtyped,train,g0424,s0357,muhriddinmuxiddinov,Fruits_Vegetables_Dataset(12000)/Vegetables/RottenPotato/rottenPotato (373).jpg,https://www.kaggle.com/datasets/muhriddinmuxiddinov/fruits-and-vegetables-dataset,2,publisher_fresh_rotten_folder+visual_review,none,not_annotated,c600a79214b85076a246f2ff90e62667e207fbe241d06122c1a7c9eda57f65da,48403c232bc72d457cd77153d6746c8ec0cb4e1b4c806528fca1bc0c0d4bc2db,275,183,e1299ccea5d9a456,129397834620000c,no
potato_rotten_0997,test/N_rotten/potato_rotten_0997.jpg,potato_rotten,3,potato,rotten,not_subtyped,test,g0425,s0361,muhriddinmuxiddinov,Fruits_Vegetables_Dataset(12000)/Vegetables/RottenPotato/rottenPotato (376).jpg,https://www.kaggle.com/datasets/muhriddinmuxiddinov/fruits-and-vegetables-dataset,2,publisher_fresh_rotten_folder+visual_review,none,not_annotated,9cc4bc58dc92863c6dc19a47c5d67ec90c837b6c20b7a6bb3aefe2fae499c208,0624627e66d94749571aae4eab10b461d88ae57649768c4ee6e14694a08e9e2a,275,183,eccb943ccb329a62,20070b2b23370e0c,no
potato_rotten_0998,test/N_rotten/potato_rotten_0998.jpg,potato_rotten,3,potato,rotten,not_subtyped,test,g0426,s0362,muhriddinmuxiddinov,Fruits_Vegetables_Dataset(12000)/Vegetables/RottenPotato/rottenPotato (38).jpg,https://www.kaggle.com/datasets/muhriddinmuxiddinov/fruits-and-vegetables-dataset,2,publisher_fresh_rotten_folder+visual_review,none,not_annotated,f609b9b39d266b28158dc8a84388f83eff48c1280748a1fb7751440963483558,b51e363eb32f1e0dab90cdf2ccd1184176100fada080c713028826b209eb1c07,262,192,e3b39c4c92314e6d,149d8f8e0f2383f1,no
potato_rotten_0999,test/N_rotten/potato_rotten_0999.jpg,potato_rotten,3,potato,rotten,not_subtyped,test,g0427,s0363,muhriddinmuxiddinov,Fruits_Vegetables_Dataset(12000)/Vegetables/RottenPotato/rottenPotato (386).jpg,https://www.kaggle.com/datasets/muhriddinmuxiddinov/fruits-and-vegetables-dataset,2,publisher_fresh_rotten_folder+visual_review,none,not_annotated,b15b3d8973a0d9df9852f75e742559bd5ae3ae0ca0b4c1370c7026e0d49b6ed1,f7e5f3f0bb3b3098e4162779c7c75116ebadada8ddcca67b70e27edd6db9270f,262,192,e98b15e916b56a92,8623434923038f29,no
potato_rotten_1000,train/N_rotten/potato_rotten_1000.jpg,potato_rotten,3,potato,rotten,not_subtyped,train,g0428,s0364,muhriddinmuxiddinov,Fruits_Vegetables_Dataset(12000)/Vegetables/RottenPotato/rottenPotato (399).jpg,https://www.kaggle.com/datasets/muhriddinmuxiddinov/fruits-and-vegetables-dataset,2,publisher_fresh_rotten_folder+visual_review,none,not_annotated,b79805c41f7de72def93b197548121d44fb06f5a08d54eefb59581046442d488,d00c7e022ebbe43b7a0551bc8676c9bc1e152712ed791ba416b7e0630df46425,194,259,b90b4ad0b5cb9a6c,53277bde96b8e30f,no
potato_rotten_1001,test/N_rotten/potato_rotten_1001.jpg,potato_rotten,3,potato,rotten,not_subtyped,test,g0429,s0365,muhriddinmuxiddinov,Fruits_Vegetables_Dataset(12000)/Vegetables/RottenPotato/rottenPotato (408).jpg,https://www.kaggle.com/datasets/muhriddinmuxiddinov/fruits-and-vegetables-dataset,2,publisher_fresh_rotten_folder+visual_review,none,not_annotated,4d66be5b9c073dcb6021d1582d319a0a1e25a0a080e597fbd1bbcacabc63f7a9,3e7e16a3db6b6d8037f1351d58849602caab9ce516385b1bf8c13bc17bc71d6d,248,203,abf294884beb709c,000e074b73174326,no
potato_rotten_1002,train/N_rotten/potato_rotten_1002.jpg,potato_rotten,3,potato,rotten,not_subtyped,train,g0372,s0286,muhriddinmuxiddinov,Fruits_Vegetables_Dataset(12000)/Vegetables/RottenPotato/rottenPotato (411).jpg,https://www.kaggle.com/datasets/muhriddinmuxiddinov/fruits-and-vegetables-dataset,2,publisher_fresh_rotten_folder+visual_review,none,not_annotated,2f10359ea0235a85076ec4bc6dee165d872a3b2ed126b98b781a447ef25fb4de,7c5cb49811dad5a37ee378cede4ab74b9844c5a78e02d0d3d8c122ce899c7441,264,191,c155f64e9327d914,5cb08ad4f1e3ee8e,no
potato_rotten_1003,train/N_rotten/potato_rotten_1003.jpg,potato_rotten,3,potato,rotten,not_subtyped,train,g0430,s0366,muhriddinmuxiddinov,Fruits_Vegetables_Dataset(12000)/Vegetables/RottenPotato/rottenPotato (417).jpg,https://www.kaggle.com/datasets/muhriddinmuxiddinov/fruits-and-vegetables-dataset,2,publisher_fresh_rotten_folder+visual_review,none,not_annotated,ac5506d88d340fb8df5ca7ef7686381eebd584e277342460b2cb2f32af022dca,d525b60016f6c9ca30ba448fa4d0b0208e156e0423ca71571f4d7e4b6d9f68cc,275,183,c5bcf20eebc558c0,6416d2525332d6ca,no
potato_rotten_1004,train/N_rotten/potato_rotten_1004.jpg,potato_rotten,3,potato,rotten,not_subtyped,train,g0424,s0357,muhriddinmuxiddinov,Fruits_Vegetables_Dataset(12000)/Vegetables/RottenPotato/rottenPotato (422).jpg,https://www.kaggle.com/datasets/muhriddinmuxiddinov/fruits-and-vegetables-dataset,2,publisher_fresh_rotten_folder+visual_review,none,not_annotated,581e8f65785111812674644dcfd63eacdc85037b435993c25b6bda26aabea3f3,4b42a29fcd0ece2a52caef6a463f1b81d2230c5a338fdbb4583dc20398059334,263,192,e1a998de27d308b6,9293974346a00006,no
potato_rotten_1005,train/N_rotten/potato_rotten_1005.jpg,potato_rotten,3,potato,rotten,not_subtyped,train,g0431,s0367,muhriddinmuxiddinov,Fruits_Vegetables_Dataset(12000)/Vegetables/RottenPotato/rottenPotato (423).jpg,https://www.kaggle.com/datasets/muhriddinmuxiddinov/fruits-and-vegetables-dataset,2,publisher_fresh_rotten_folder+visual_review,none,not_annotated,d95e8253ba5a1c0e0fa0fd46b95ec474d215d4b5e702c1901b7cf69f0bf8cfa2,0a169a075a4caf3a8efd62cf6d7c134851ce0d67c36f555b81b75d0faf11e5a6,300,168,ec98c274921b72dd,ac95b77b260662cf,no
potato_rotten_1006,train/N_rotten/potato_rotten_1006.jpg,potato_rotten,3,potato,rotten,not_subtyped,train,g0432,s0368,muhriddinmuxiddinov,Fruits_Vegetables_Dataset(12000)/Vegetables/RottenPotato/rottenPotato (433).jpg,https://www.kaggle.com/datasets/muhriddinmuxiddinov/fruits-and-vegetables-dataset,2,publisher_fresh_rotten_folder+visual_review,none,not_annotated,8bfc5cf07fca1619ab00ecdf9900dd3f56d43c6971ccd04dae6f8ce6bea8992c,6b759ac6fbf3fbd1d5e8abf3be7a9c34434230514d62b3735de4628effae3981,297,170,e8ce879d923c9a64,46872733373b179f,no
potato_rotten_1007,train/N_rotten/potato_rotten_1007.jpg,potato_rotten,3,potato,rotten,not_subtyped,train,g0433,s0369,muhriddinmuxiddinov,Fruits_Vegetables_Dataset(12000)/Vegetables/RottenPotato/rottenPotato (44).jpg,https://www.kaggle.com/datasets/muhriddinmuxiddinov/fruits-and-vegetables-dataset,2,publisher_fresh_rotten_folder+visual_review,none,not_annotated,1b7f5a75b1d5929d8dcd3bfe01a76c68c489d2030998200206baaf9f42c6bca1,6c1c36b841f44eb95e3d8c28cef8d9ef152e3fcb2d30fe5565e7950efdccb323,285,177,a4780bc338db63d3,3b268e968ecc6d77,no
potato_rotten_1008,test/N_rotten/potato_rotten_1008.jpg,potato_rotten,3,potato,rotten,not_subtyped,test,g0434,s0370,muhriddinmuxiddinov,Fruits_Vegetables_Dataset(12000)/Vegetables/RottenPotato/rottenPotato (444).jpg,https://www.kaggle.com/datasets/muhriddinmuxiddinov/fruits-and-vegetables-dataset,2,publisher_fresh_rotten_folder+visual_review,none,not_annotated,264f3c59dc72c7576a87b72bf24123ec7026ee1185ac0766538727d3881ff8c9,53e0e327b779bdfef018fc6fe1c12bd546fb4d81877b6f2a0ce368cbc8944a03,262,192,ee9d91c715e832e0,7b3327370f250713,no
potato_rotten_1009,train/N_rotten/potato_rotten_1009.jpg,potato_rotten,3,potato,rotten,not_subtyped,train,g0335,s0276,muhriddinmuxiddinov,Fruits_Vegetables_Dataset(12000)/Vegetables/RottenPotato/rottenPotato (446).jpg,https://www.kaggle.com/datasets/muhriddinmuxiddinov/fruits-and-vegetables-dataset,2,publisher_fresh_rotten_folder+visual_review,none,not_annotated,d0ade5d02e9619ef86dd421d76323df14705a282e79f384b4d3b9e0130702264,ecf25e1dff40b1766869166077321056ca3e21b39a4b7ac1b808feb33f1be726,263,192,b4c6c48f9a38d969,75c68f3b2a3a1f9e,no
potato_rotten_1010,train/N_rotten/potato_rotten_1010.jpg,potato_rotten,3,potato,rotten,not_subtyped,train,g0421,s0358,muhriddinmuxiddinov,Fruits_Vegetables_Dataset(12000)/Vegetables/RottenPotato/rottenPotato (45).jpg,https://www.kaggle.com/datasets/muhriddinmuxiddinov/fruits-and-vegetables-dataset,2,publisher_fresh_rotten_folder+visual_review,none,not_annotated,08908dc5819d9b1bc6d66891d507641e3b15e62a85a6c49cc2faa3b86bb17848,14ff0d27795b9b45dd9443e770189d270aec129c77f90ab296754e514d7ec933,259,194,abc09e2bf01b649d,0c00430b535f7b20,no
potato_rotten_1011,train/N_rotten/potato_rotten_1011.jpg,potato_rotten,3,potato,rotten,not_subtyped,train,g0379,s0318,muhriddinmuxiddinov,Fruits_Vegetables_Dataset(12000)/Vegetables/RottenPotato/rottenPotato (455).jpg,https://www.kaggle.com/datasets/muhriddinmuxiddinov/fruits-and-vegetables-dataset,2,publisher_fresh_rotten_folder+visual_review,none,not_annotated,c023c6a842e7bd2344ac1a860cb82510612306540e09fc53bd3fbe0659e9ab3b,51f65ed22950877f135651e3ae3354edff570231e44c94cfde65db39e48408c9,264,191,b99653c349e8668d,101e2f37130f1312,no
potato_rotten_1012,train/N_rotten/potato_rotten_1012.jpg,potato_rotten,3,potato,rotten,not_subtyped,train,g0435,s0371,muhriddinmuxiddinov,Fruits_Vegetables_Dataset(12000)/Vegetables/RottenPotato/rottenPotato (457).jpg,https://www.kaggle.com/datasets/muhriddinmuxiddinov/fruits-and-vegetables-dataset,2,publisher_fresh_rotten_folder+visual_review,none,not_annotated,5532214bb001a352929eab32b586b35caa1a5cd6bbd9b5ad6dae8467bbb3b9ff,551fba3d68e541ecce76c6babcf63068d2a4fcbad3e139167f4ab9e6e8dd9f19,194,259,a1ad4769ce931ec2,c30efe3ea393c9cc,no
potato_rotten_1013,train/N_rotten/potato_rotten_1013.jpg,potato_rotten,3,potato,rotten,not_subtyped,train,g0436,s0372,muhriddinmuxiddinov,Fruits_Vegetables_Dataset(12000)/Vegetables/RottenPotato/rottenPotato (464).jpg,https://www.kaggle.com/datasets/muhriddinmuxiddinov/fruits-and-vegetables-dataset,2,publisher_fresh_rotten_folder+visual_review,none,not_annotated,5ee985da89481e39e49caaf6cba7145e5543a685614262ec62da229eb943a55a,13bb3b8597b6674fe42d630934053c65bb3f26ed580acfc9ffec96d753fc8687,275,183,cf187834b0c3cbcb,0c62616068626041,no
potato_rotten_1014,train/N_rotten/potato_rotten_1014.jpg,potato_rotten,3,potato,rotten,not_subtyped,train,g0437,s0373,muhriddinmuxiddinov,Fruits_Vegetables_Dataset(12000)/Vegetables/RottenPotato/rottenPotato (47).jpg,https://www.kaggle.com/datasets/muhriddinmuxiddinov/fruits-and-vegetables-dataset,2,publisher_fresh_rotten_folder+visual_review,none,not_annotated,71fc16d026b3adaebdbc66b90df2be0442167ccebe298227a343539f7112ec33,f595b080edc5efedfb6f2e7ba8fd73e68010f2d104110fe7d73ca7d3695152a3,1300,791,f9b1839e98c72d88,349596923565c973,no
potato_rotten_1015,test/N_rotten/potato_rotten_1015.jpg,potato_rotten,3,potato,rotten,not_subtyped,test,g0438,s0374,muhriddinmuxiddinov,Fruits_Vegetables_Dataset(12000)/Vegetables/RottenPotato/rottenPotato (474).jpg,https://www.kaggle.com/datasets/muhriddinmuxiddinov/fruits-and-vegetables-dataset,2,publisher_fresh_rotten_folder+visual_review,none,not_annotated,c813d68868b1d2908ecd9992d6d843799e0e75432cc79759dd854850366e30da,00c1618a22292a4a1e9cd9b9d211b8218f69e246c373b7a7a2010d5cada3ade1,186,271,e1c8cef198366bc2,10030b1f1e0e4e00,no
potato_rotten_1016,test/N_rotten/potato_rotten_1016.jpg,potato_rotten,3,potato,rotten,not_subtyped,test,g0439,s0375,muhriddinmuxiddinov,Fruits_Vegetables_Dataset(12000)/Vegetables/RottenPotato/rottenPotato (478).jpg,https://www.kaggle.com/datasets/muhriddinmuxiddinov/fruits-and-vegetables-dataset,2,publisher_fresh_rotten_folder+visual_review,none,not_annotated,5e23ef141204dc93b4afbb1af56f08ac460ae0a74f41c306135409a2d6afb8b4,8526f0b55cc32979c06186b92d6e1e4ccd64812905e3def769ea60da46e82cf3,275,183,96c6eeb09c7c90b1,24ecececdcdc8ce4,no
potato_rotten_1017,train/N_rotten/potato_rotten_1017.jpg,potato_rotten,3,potato,rotten,not_subtyped,train,g0440,s0376,muhriddinmuxiddinov,Fruits_Vegetables_Dataset(12000)/Vegetables/RottenPotato/rottenPotato (480).jpg,https://www.kaggle.com/datasets/muhriddinmuxiddinov/fruits-and-vegetables-dataset,2,publisher_fresh_rotten_folder+visual_review,none,not_annotated,aaf074c20fddf5508081478bbc69eb5a067a23943cfd5f639b9275da59104bc8,33c01f7bb942f39da0620688da6bdd4a4f0c39017c02e1a79815ccae2d3eeb51,283,178,93c80ff32f3948a3,51d4d6734c18da6b,no
potato_rotten_1018,test/N_rotten/potato_rotten_1018.jpg,potato_rotten,3,potato,rotten,not_subtyped,test,g0441,s0179,muhriddinmuxiddinov,Fruits_Vegetables_Dataset(12000)/Vegetables/RottenPotato/rottenPotato (52).jpg,https://www.kaggle.com/datasets/muhriddinmuxiddinov/fruits-and-vegetables-dataset,2,publisher_fresh_rotten_folder+visual_review,none,not_annotated,ed3b5657c1817b2a3a547fd11483d2db2ac4a096e8bcfbc70a73a1d20b4f1e4a,513675c1c94395e5cc8afeb1da6297bbfea69a50a96d2a4144490ab3f258504f,259,194,c97b46e216b5919c,5573db1a3193a6e4,no
potato_rotten_1019,train/N_rotten/potato_rotten_1019.jpg,potato_rotten,3,potato,rotten,not_subtyped,train,g0442,s0377,muhriddinmuxiddinov,Fruits_Vegetables_Dataset(12000)/Vegetables/RottenPotato/rottenPotato (521).jpg,https://www.kaggle.com/datasets/muhriddinmuxiddinov/fruits-and-vegetables-dataset,2,publisher_fresh_rotten_folder+visual_review,none,not_annotated,9754315662df5c258623de941583efa4b5aeeaf077734460340ad232c5a89a24,38283534a7b387d0b47a7c0e407747b40fb5077faff7d0e47021623146bbad61,389,280,ecc3c736905ca669,0703031717271317,no
potato_rotten_1020,valid/N_rotten/potato_rotten_1020.jpg,potato_rotten,3,potato,rotten,not_subtyped,val,g0443,s0378,muhriddinmuxiddinov,Fruits_Vegetables_Dataset(12000)/Vegetables/RottenPotato/rottenPotato (525).jpg,https://www.kaggle.com/datasets/muhriddinmuxiddinov/fruits-and-vegetables-dataset,2,publisher_fresh_rotten_folder+visual_review,none,not_annotated,96c5bb0bb61433711fefbd4cc3cb51c08a33c80c86d4ac48444f75fc56637ce7,fb16d6bd3bf8ed8c19d4a20aa68760e2bd22cfbb42078b4f236098168d8f6352,800,515,facc914f93b04933,9027232b0b131d9e,no
potato_rotten_1021,train/N_rotten/potato_rotten_1021.jpg,potato_rotten,3,potato,rotten,not_subtyped,train,g0444,s0379,muhriddinmuxiddinov,Fruits_Vegetables_Dataset(12000)/Vegetables/RottenPotato/rottenPotato (538).jpg,https://www.kaggle.com/datasets/muhriddinmuxiddinov/fruits-and-vegetables-dataset,2,publisher_fresh_rotten_folder+visual_review,none,not_annotated,35ec8a05f1e4c291abc8c40b252598054c38fa267e2ef2dd4360b3c97c96e006,be56fad53184c1ef5f6f73d4834100081196a0b928d8e54adc32590afa77aecd,173,280,ed88b877c37ac068,0c47b370c64c0f1b,no
potato_rotten_1022,train/N_rotten/potato_rotten_1022.jpg,potato_rotten,3,potato,rotten,not_subtyped,train,g0430,s0366,muhriddinmuxiddinov,Fruits_Vegetables_Dataset(12000)/Vegetables/RottenPotato/rottenPotato (547).jpg,https://www.kaggle.com/datasets/muhriddinmuxiddinov/fruits-and-vegetables-dataset,2,publisher_fresh_rotten_folder+visual_review,none,not_annotated,bb47cf2dc6e91e4197501800d3bddbde2bca69aebf796cf219f75f18ea14f1cc,f991be61ae2dbb7bc079cba9003375117fc8f21fe59fa3d1a51c68d37e78d431,390,280,c53cf24eae43984b,2416525273b2c2da,no
potato_rotten_1023,train/N_rotten/potato_rotten_1023.jpg,potato_rotten,3,potato,rotten,not_subtyped,train,g0347,s0288,muhriddinmuxiddinov,Fruits_Vegetables_Dataset(12000)/Vegetables/RottenPotato/rottenPotato (549).jpg,https://www.kaggle.com/datasets/muhriddinmuxiddinov/fruits-and-vegetables-dataset,2,publisher_fresh_rotten_folder+visual_review,none,not_annotated,aff9351484d3e5912ca349d01dc83de591293e577d4c1efc3c3d144b5a06664d,d86867e02c1967be7c4c23101241a4e34cf97ac424decac6cbce4b517f3e918d,389,280,9b53b42ccb4df092,e038d973c9b17294,no
potato_rotten_1024,train/N_rotten/potato_rotten_1024.jpg,potato_rotten,3,potato,rotten,not_subtyped,train,g0445,s0380,muhriddinmuxiddinov,Fruits_Vegetables_Dataset(12000)/Vegetables/RottenPotato/rottenPotato (552).jpg,https://www.kaggle.com/datasets/muhriddinmuxiddinov/fruits-and-vegetables-dataset,2,publisher_fresh_rotten_folder+visual_review,none,not_annotated,32a65b6c072c267166f89ebde472fa6f0fe6589f70a3a75d21da70a3b57431a6,9959286f28988da0ffc37a356cd2fd3d3b3e73396dd8f63d61b6f2a076cab3b5,381,280,a5e1c21ef809fb07,eececf922674e0c6,no
potato_rotten_1025,train/N_rotten/potato_rotten_1025.jpg,potato_rotten,3,potato,rotten,not_subtyped,train,g0445,s0380,muhriddinmuxiddinov,Fruits_Vegetables_Dataset(12000)/Vegetables/RottenPotato/rottenPotato (553).jpg,https://www.kaggle.com/datasets/muhriddinmuxiddinov/fruits-and-vegetables-dataset,2,publisher_fresh_rotten_folder+visual_review,none,not_annotated,e05984ef1ae3d7e62034f0aa4852b03edb77774e4630809a110c409acb2d7d0c,9f5d4648b0da4ff76e22cf0b188e9d5acd8a00e167bc5d9c45b4fe6b62c804ba,800,537,a5b6d2cb9bd84807,c80ed62f47833638,no
potato_rotten_1026,train/N_rotten/potato_rotten_1026.jpg,potato_rotten,3,potato,rotten,not_subtyped,train,g0446,s0381,muhriddinmuxiddinov,Fruits_Vegetables_Dataset(12000)/Vegetables/RottenPotato/rottenPotato (556).jpg,https://www.kaggle.com/datasets/muhriddinmuxiddinov/fruits-and-vegetables-dataset,2,publisher_fresh_rotten_folder+visual_review,none,not_annotated,2041c9335774800c105d34f121e8c993d993e38128f1dcf6144a6abc2312e5f7,aefd3f2b09ec91b51b0cf16f262ab0c94972dc046c5d12dde9ba5229554184b1,450,320,bc92c36d9e32b149,27529c3e37270787,no
potato_rotten_1027,valid/N_rotten/potato_rotten_1027.jpg,potato_rotten,3,potato,rotten,not_subtyped,val,g0447,s0382,muhriddinmuxiddinov,Fruits_Vegetables_Dataset(12000)/Vegetables/RottenPotato/rottenPotato (557).jpg,https://www.kaggle.com/datasets/muhriddinmuxiddinov/fruits-and-vegetables-dataset,2,publisher_fresh_rotten_folder+visual_review,none,not_annotated,291a56c5ee3566794246fcab60895ab41d6b870e46b4be604ba8824675fd223f,d9bb58b487ba325b81881fe1b5e4b386b9ca79883dc243bdf4f563a5578138ca,300,470,ea8f9134c6426dcb,2f1303052f0e9d83,no
potato_rotten_1028,test/N_rotten/potato_rotten_1028.jpg,potato_rotten,3,potato,rotten,not_subtyped,test,g0448,s0383,muhriddinmuxiddinov,Fruits_Vegetables_Dataset(12000)/Vegetables/RottenPotato/rottenPotato (558).jpg,https://www.kaggle.com/datasets/muhriddinmuxiddinov/fruits-and-vegetables-dataset,2,publisher_fresh_rotten_folder+visual_review,none,not_annotated,89051f18cd202bad7ee73d16f639d92f00c2f72e725f09b886f04a76539c779f,3da38c8058f7594a9bfaeed1b3fe8731c3c17c9c5067e773d8a5c089e8885b54,450,320,bc40c33f2c39c19f,ff2f96363e1e3e1e,no
potato_rotten_1029,train/N_rotten/potato_rotten_1029.jpg,potato_rotten,3,potato,rotten,not_subtyped,train,g0449,s0384,muhriddinmuxiddinov,Fruits_Vegetables_Dataset(12000)/Vegetables/RottenPotato/rottenPotato (56).jpg,https://www.kaggle.com/datasets/muhriddinmuxiddinov/fruits-and-vegetables-dataset,2,publisher_fresh_rotten_folder+visual_review,none,not_annotated,63f9da2d952a5c3d13dcbc8a15696dd0cdcf7a5cb130921aef87ef0974ad65eb,2b44e4f281824123eae910be5e1c31471addfec06ecbb1c799f072fd6aaba620,255,198,d9a026539eaed9c1,609e933313d02d11,no
potato_rotten_1030,train/N_rotten/potato_rotten_1030.jpg,potato_rotten,3,potato,rotten,not_subtyped,train,g0389,s0328,muhriddinmuxiddinov,Fruits_Vegetables_Dataset(12000)/Vegetables/RottenPotato/rottenPotato (565).jpg,https://www.kaggle.com/datasets/muhriddinmuxiddinov/fruits-and-vegetables-dataset,2,publisher_fresh_rotten_folder+visual_review,none,not_annotated,9cfa1f354d88e0f0c6a191cea6af5a9c3726a3d2f935a8e62a12e600c5507be3,7ed8c4eac11dde6ce7c739bb7fc7b81c77a7f734f088a5e387415e23f95f0611,600,400,b7c3c8b09b196969,034c464e4e062e25,no
potato_rotten_1031,train/N_rotten/potato_rotten_1031.jpg,potato_rotten,3,potato,rotten,not_subtyped,train,g0361,s0302,muhriddinmuxiddinov,Fruits_Vegetables_Dataset(12000)/Vegetables/RottenPotato/rottenPotato (57).jpg,https://www.kaggle.com/datasets/muhriddinmuxiddinov/fruits-and-vegetables-dataset,2,publisher_fresh_rotten_folder+visual_review,none,not_annotated,49e1047ee6c60ac1bbf7bb517840d02aca50fa6a472dd06d30bca08afa36cbbe,1cfc0f3f3edfcaf3d6691d5044e72796f1b8ca8cf0d603b761121878f77efbc6,270,187,c12f52969ecac535,f0d2d6d496d494f0,no
potato_rotten_1032,train/N_rotten/potato_rotten_1032.jpg,potato_rotten,3,potato,rotten,not_subtyped,train,g0450,s0385,muhriddinmuxiddinov,Fruits_Vegetables_Dataset(12000)/Vegetables/RottenPotato/rottenPotato (572).jpg,https://www.kaggle.com/datasets/muhriddinmuxiddinov/fruits-and-vegetables-dataset,2,publisher_fresh_rotten_folder+visual_review,none,not_annotated,54bedc670498e1e0e27aef50d4c48b16dcf12ce0f834173bb11b503b599b6c11,b25924f4007d2cde208d85774922e6ce3eea34a1be2e47f728a6f84e9d9c7f71,450,320,e6cc9933cc33cc8c,0c0c2c0d4d4d4a08,no
potato_rotten_1033,train/N_rotten/potato_rotten_1033.jpg,potato_rotten,3,potato,rotten,not_subtyped,train,g0353,s0294,muhriddinmuxiddinov,Fruits_Vegetables_Dataset(12000)/Vegetables/RottenPotato/rottenPotato (579).jpg,https://www.kaggle.com/datasets/muhriddinmuxiddinov/fruits-and-vegetables-dataset,2,publisher_fresh_rotten_folder+visual_review,none,not_annotated,d6903406667eae59ea3c5266e5e19d7441d566e346d664e8f79487ac9e519d84,6377dce1536720e05aef4ce45dfdc045fdb77cc52cd19373026dbe16a643245e,450,320,8703da79e95ce426,5354c4eaca56ecd6,no
potato_rotten_1034,train/N_rotten/potato_rotten_1034.jpg,potato_rotten,3,potato,rotten,not_subtyped,train,g0451,s0386,muhriddinmuxiddinov,Fruits_Vegetables_Dataset(12000)/Vegetables/RottenPotato/rottenPotato (62).jpg,https://www.kaggle.com/datasets/muhriddinmuxiddinov/fruits-and-vegetables-dataset,2,publisher_fresh_rotten_folder+visual_review,none,not_annotated,db9e9edea547f00b2e83735a517265486099cef709082760a65e7c47ef617ac7,30609caf9a6c5ca75eea1b6d3e31dc4c66fac9d458eb6d6aa6822174b00192a2,347,280,bb08b061e772d62e,3b733139630a1f0f,no
potato_rotten_1035,train/N_rotten/potato_rotten_1035.jpg,potato_rotten,3,potato,rotten,not_subtyped,train,g0452,s0387,muhriddinmuxiddinov,Fruits_Vegetables_Dataset(12000)/Vegetables/RottenPotato/rottenPotato (64).jpg,https://www.kaggle.com/datasets/muhriddinmuxiddinov/fruits-and-vegetables-dataset,2,publisher_fresh_rotten_folder+visual_review,none,not_annotated,aa08cdb99f9cc9ba8676e7db8b7a39e12be2e0ca2bef48d3670532021cc843a3,9250dc789235d7d401e111b2b722ff795eded97c39ab66100e2c66585db60bbd,416,280,91537e28ed5ca329,b8c8dad2dadd951c,no
potato_rotten_1036,valid/N_rotten/potato_rotten_1036.jpg,potato_rotten,3,potato,rotten,not_subtyped,val,g0453,s0388,muhriddinmuxiddinov,Fruits_Vegetables_Dataset(12000)/Vegetables/RottenPotato/rottenPotato (66).jpg,https://www.kaggle.com/datasets/muhriddinmuxiddinov/fruits-and-vegetables-dataset,2,publisher_fresh_rotten_folder+visual_review,none,not_annotated,310f96902682fc372dde733e449e8181cba343c937f1004a586fde529a454e00,e268ad8a203c728a8775b13116ffb280fd341608bc69f7d1382b0397790099b7,183,275,f4be6aa909d2703c,250c8cc8d68ecc01,no
potato_rotten_1037,valid/N_rotten/potato_rotten_1037.jpg,potato_rotten,3,potato,rotten,not_subtyped,val,g0454,s0389,muhriddinmuxiddinov,Fruits_Vegetables_Dataset(12000)/Vegetables/RottenPotato/rottenPotato (71).jpg,https://www.kaggle.com/datasets/muhriddinmuxiddinov/fruits-and-vegetables-dataset,2,publisher_fresh_rotten_folder+visual_review,none,not_annotated,242b4ae7aecc666a39367889c2f80f23725c525290ba20e37870b513a4a38d4a,9bc36491437a131bc0f1dfbadf09ee303ce0f5090975e208b9c9728e4d4aa81f,228,221,f89c97e04aa56c96,12181e0f0f0f0e31,no
potato_rotten_1038,train/N_rotten/potato_rotten_1038.jpg,potato_rotten,3,potato,rotten,not_subtyped,train,g0455,s0390,muhriddinmuxiddinov,Fruits_Vegetables_Dataset(12000)/Vegetables/RottenPotato/rottenPotato (74).jpg,https://www.kaggle.com/datasets/muhriddinmuxiddinov/fruits-and-vegetables-dataset,2,publisher_fresh_rotten_folder+visual_review,none,not_annotated,50dea19aa57bbcdc889fa71be92d9c30723247c68f7649911cf1181ecd89bfec,d3c5220c8ad23114e4cbb3fd29b9beae0512b5622c57313e2bdbba46b1375eab,390,280,b2cecd316cc332cc,0c204d8c8d9d1896,no
potato_rotten_1039,train/N_rotten/potato_rotten_1039.jpg,potato_rotten,3,potato,rotten,not_subtyped,train,g0456,s0336,muhriddinmuxiddinov,Fruits_Vegetables_Dataset(12000)/Vegetables/RottenPotato/rottenPotato (80).jpg,https://www.kaggle.com/datasets/muhriddinmuxiddinov/fruits-and-vegetables-dataset,2,publisher_fresh_rotten_folder+visual_review,none,not_annotated,114c3b5020736240fdc272ed09dad011b21d5f607bf89a1201ef1e008996eace,a83acd970aac2d6a25a476b0748f87854d230e20200f9f368e2818e31794acb2,254,198,eacfacb0913196d1,27634151092d1716,no
potato_rotten_1040,valid/N_rotten/potato_rotten_1040.jpg,potato_rotten,3,potato,rotten,not_subtyped,val,g0457,s0391,muhriddinmuxiddinov,Fruits_Vegetables_Dataset(12000)/Vegetables/RottenPotato/rottenPotato (85).jpg,https://www.kaggle.com/datasets/muhriddinmuxiddinov/fruits-and-vegetables-dataset,2,publisher_fresh_rotten_folder+visual_review,none,not_annotated,bb12c2845d6364d631b4f347022a92040d54fac5e1c175585369ed03884f9246,fce0c6a0f9f69ac53df2dcceb899e18c8620c8db75e86cee33b159dc4a069585,390,280,ea87945899e66a93,b58a4b8b1b118596,no
tomato_fresh_0400,train/P_fresh/tomato_fresh_0400.png,tomato_fresh,4,tomato,fresh,none,train,g0458,s0392,muhriddinmuxiddinov,Fruits_Vegetables_Dataset(12000)/Vegetables/FreshTomato/freshTomato (1).png,https://www.kaggle.com/datasets/muhriddinmuxiddinov/fruits-and-vegetables-dataset,2,publisher_fresh_rotten_folder+visual_review,none,not_annotated,c75a0073fb6826d7331849bdeab056cee9564a27fb9dc0e1eb5b576569e76ce6,7c6dfd858970dbacaf6d30517f41ab871d9d99df27d414659c66155e71e1989f,2438,2337,c23c0deb32398ddc,caa5b28bcdc3e2c4,yes
tomato_fresh_0401,test/P_fresh/tomato_fresh_0401.jpg,tomato_fresh,4,tomato,fresh,none,test,g0459,s0393,muhriddinmuxiddinov,Fruits_Vegetables_Dataset(12000)/Vegetables/FreshTomato/freshTomato (104).jpg,https://www.kaggle.com/datasets/muhriddinmuxiddinov/fruits-and-vegetables-dataset,2,publisher_fresh_rotten_folder+visual_review,none,not_annotated,0cd65d3bdd5c66e243732b3c477b316ea146fb1c891be8794a431d6de79dd7be,60116fa850b9aded37f17711c92db96b065c3b31b3317815e911ee12a699e569,1600,2838,ade890b829b67761,b3150777131a2f6e,yes
tomato_fresh_0402,train/P_fresh/tomato_fresh_0402.png,tomato_fresh,4,tomato,fresh,none,train,g0460,s0394,muhriddinmuxiddinov,Fruits_Vegetables_Dataset(12000)/Vegetables/FreshTomato/freshTomato (105).png,https://www.kaggle.com/datasets/muhriddinmuxiddinov/fruits-and-vegetables-dataset,2,publisher_fresh_rotten_folder+visual_review,none,not_annotated,e41d1f331779e1e8dcf58d2e070b3f19a2ab72c4fa94a1b307e87498366e65a1,45b67a736c57fcc7872e1974c1238abb7d437a740a7c3b8c2bf10d944a42969e,480,322,afc78e8730b12879,666444181a6747bb,yes
tomato_fresh_0404,valid/P_fresh/tomato_fresh_0404.jpg,tomato_fresh,4,tomato,fresh,none,val,g0461,s0395,muhriddinmuxiddinov,Fruits_Vegetables_Dataset(12000)/Vegetables/FreshTomato/freshTomato (115).jpg,https://www.kaggle.com/datasets/muhriddinmuxiddinov/fruits-and-vegetables-dataset,2,publisher_fresh_rotten_folder+visual_review,none,not_annotated,4f0e5b6e88a33fcce9032bdb92388f18efd376fa86f590f3ecb8377bae3ed63a,c354145782a3cb4b1ce850b3238da2b83560b028b134d8d6d28b43acdbb351da,1000,1000,fb32863aa53991f0,1d4d991b195953c5,yes
tomato_fresh_0405,train/P_fresh/tomato_fresh_0405.png,tomato_fresh,4,tomato,fresh,none,train,g0460,s0394,muhriddinmuxiddinov,Fruits_Vegetables_Dataset(12000)/Vegetables/FreshTomato/freshTomato (122).png,https://www.kaggle.com/datasets/muhriddinmuxiddinov/fruits-and-vegetables-dataset,2,publisher_fresh_rotten_folder+visual_review,none,not_annotated,7e6a37c53c2ac80203397fbc6918f15573799dc082983328b0ccee364959060b,e6b211be92761fbf5a667b0afde4b903a7d4053e00dcdbcde3dcdde3c3e10a87,480,322,f5fb1c4a43f11125,0b2316c8c2802666,yes
tomato_fresh_0406,train/P_fresh/tomato_fresh_0406.png,tomato_fresh,4,tomato,fresh,none,train,g0460,s0394,muhriddinmuxiddinov,Fruits_Vegetables_Dataset(12000)/Vegetables/FreshTomato/freshTomato (124).png,https://www.kaggle.com/datasets/muhriddinmuxiddinov/fruits-and-vegetables-dataset,2,publisher_fresh_rotten_folder+visual_review,none,not_annotated,5d7b0f13e2cebf73a8b11666563c28fd14ddca48bd9c57ab68f18e65afaef67b,ef2f8de1619d829957dce8a25b7d7d1698f1b5f1a5a60bfbcd1c4dbca1e8f39c,480,322,b04da5b4bae86aca,b676d9191dbdae8f,yes
tomato_fresh_0407,train/P_fresh/tomato_fresh_0407.png,tomato_fresh,4,tomato,fresh,none,train,g0460,s0394,muhriddinmuxiddinov,Fruits_Vegetables_Dataset(12000)/Vegetables/FreshTomato/freshTomato (129).png,https://www.kaggle.com/datasets/muhriddinmuxiddinov/fruits-and-vegetables-dataset,2,publisher_fresh_rotten_folder+visual_review,none,not_annotated,6f0d3f4440afd6d0b99e0643666600b07276247f4596f62070ac130e761e2d5c,360519919a961d0fd43b5c0dd4767780e4249f8c4f8da323c50185d224406978,480,322,a5d657e2b012f139,4c665ad5a7c7c7d6,yes
tomato_fresh_0408,train/P_fresh/tomato_fresh_0408.png,tomato_fresh,4,tomato,fresh,none,train,g0460,s0394,muhriddinmuxiddinov,Fruits_Vegetables_Dataset(12000)/Vegetables/FreshTomato/freshTomato (135).png,https://www.kaggle.com/datasets/muhriddinmuxiddinov/fruits-and-vegetables-dataset,2,publisher_fresh_rotten_folder+visual_review,none,not_annotated,3158d53d6c31221bccefbdd916b4bea46830213024cdd2b0385f021c829e1270,720ba2b411f2efdd403caf1f361ece6eabf59181a3158b196007cc8299f7fe72,480,322,87a5c1cea5a59572,c6795ed66d61a3f3,yes
tomato_fresh_0409,train/P_fresh/tomato_fresh_0409.png,tomato_fresh,4,tomato,fresh,none,train,g0460,s0394,muhriddinmuxiddinov,Fruits_Vegetables_Dataset(12000)/Vegetables/FreshTomato/freshTomato (14).png,https://www.kaggle.com/datasets/muhriddinmuxiddinov/fruits-and-vegetables-dataset,2,publisher_fresh_rotten_folder+visual_review,none,not_annotated,6e810448ea0226893548e422630b0668c5cd71a3d2f27879d5c02530eb3f55c0,d3865b737235ce7f973aeb55db51f22a72304b470015909bfc2c74f531ebbbb9,480,322,f4f7d0d0f730c610,0c0e05479a3496f6,yes
tomato_fresh_0410,train/P_fresh/tomato_fresh_0410.png,tomato_fresh,4,tomato,fresh,none,train,g0460,s0394,muhriddinmuxiddinov,Fruits_Vegetables_Dataset(12000)/Vegetables/FreshTomato/freshTomato (15).png,https://www.kaggle.com/datasets/muhriddinmuxiddinov/fruits-and-vegetables-dataset,2,publisher_fresh_rotten_folder+visual_review,none,not_annotated,e70e19bf165314a737b086bff9bfca917bafa89d1602cdaa3bfbe52ada817d0a,cf8ab9843db35d43a9c00d347566029e2e5bf9cbe541cbbe2852146ac26286ec,320,258,a5ad0816fe0fb625,67c38b43464ce387,yes
tomato_fresh_0411,train/P_fresh/tomato_fresh_0411.png,tomato_fresh,4,tomato,fresh,none,train,g0460,s0394,muhriddinmuxiddinov,Fruits_Vegetables_Dataset(12000)/Vegetables/FreshTomato/freshTomato (151).png,https://www.kaggle.com/datasets/muhriddinmuxiddinov/fruits-and-vegetables-dataset,2,publisher_fresh_rotten_folder+visual_review,none,not_annotated,2245412952e511ffd25f0336266dfc63877c2d1a9238e350b0bddae96b96ea56,ed45893ec5af66df68c79230f252cb2b7bf196d0b02f6ba07186f8857b1410d6,480,322,f9e12764869e51ac,0f1b1271a3163666,yes
tomato_fresh_0412,valid/P_fresh/tomato_fresh_0412.jpg,tomato_fresh,4,tomato,fresh,none,val,g0462,s0396,muhriddinmuxiddinov,Fruits_Vegetables_Dataset(12000)/Vegetables/FreshTomato/freshTomato (155).jpg,https://www.kaggle.com/datasets/muhriddinmuxiddinov/fruits-and-vegetables-dataset,2,publisher_fresh_rotten_folder+visual_review,none,not_annotated,3d7de183b9c509c06dfdb2104f5dea12a2efb6fa0e4f7630550ad7fcb14d4d63,4093613a5fdf1f055c5e15a3fb0a294d4f7d7c521ea766f4be824d879eba151e,100,100,aec5d13bd0b40f52,800f77766d271f80,yes
tomato_fresh_0413,train/P_fresh/tomato_fresh_0413.png,tomato_fresh,4,tomato,fresh,none,train,g0460,s0394,muhriddinmuxiddinov,Fruits_Vegetables_Dataset(12000)/Vegetables/FreshTomato/freshTomato (157).png,https://www.kaggle.com/datasets/muhriddinmuxiddinov/fruits-and-vegetables-dataset,2,publisher_fresh_rotten_folder+visual_review,none,not_annotated,778181d04c24ffa8263cc134c4e61fb3eaf448d4f7331fb2d501a151a041de1b,58709c8934f0df74df18ebe0c5ffbc80010b2b4f12fa55b95f372f29009168f1,320,258,ac5a4b85b43ccfc2,873b2b2eee77b766,yes
tomato_fresh_0414,train/P_fresh/tomato_fresh_0414.png,tomato_fresh,4,tomato,fresh,none,train,g0460,s0394,muhriddinmuxiddinov,Fruits_Vegetables_Dataset(12000)/Vegetables/FreshTomato/freshTomato (164).png,https://www.kaggle.com/datasets/muhriddinmuxiddinov/fruits-and-vegetables-dataset,2,publisher_fresh_rotten_folder+visual_review,none,not_annotated,f1cc177ffccc401db4a4ed8933e65c0ce02d405fa6d911a329e7972764de0e83,7a06327c786aa3afa28e50771e33074159e9cd70acfa4cd506a1358fc5a277f1,480,322,a5b1bce11819de36,93c74cd3cac8e237,yes
tomato_fresh_0415,train/P_fresh/tomato_fresh_0415.png,tomato_fresh,4,tomato,fresh,none,train,g0460,s0394,muhriddinmuxiddinov,Fruits_Vegetables_Dataset(12000)/Vegetables/FreshTomato/freshTomato (168).png,https://www.kaggle.com/datasets/muhriddinmuxiddinov/fruits-and-vegetables-dataset,2,publisher_fresh_rotten_folder+visual_review,none,not_annotated,a2b17b43ee5afd83115d0b368308a5419d46da7189b6f82cc3a048995fe9645f,f6a3958f77fdaf131b809cc880e434153d5dc5fb88c18eb6f25d94f0b77fa211,480,322,90d84d4b8f0de6b5,33998c7a4dccc6ea,yes
tomato_fresh_0416,train/P_fresh/tomato_fresh_0416.png,tomato_fresh,4,tomato,fresh,none,train,g0460,s0394,muhriddinmuxiddinov,Fruits_Vegetables_Dataset(12000)/Vegetables/FreshTomato/freshTomato (170).png,https://www.kaggle.com/datasets/muhriddinmuxiddinov/fruits-and-vegetables-dataset,2,publisher_fresh_rotten_folder+visual_review,none,not_annotated,ed472576934d1a4e4e4baa3da1a156e2e108ae4391b80c380007af6ebb453c44,32417f6be7c673b08bdf3d1e0784e6aa45d1a96a69794792860c11f20f690954,320,258,af28d2b485b311ee,bdb9534b663e4d40,yes
tomato_fresh_0417,train/P_fresh/tomato_fresh_0417.jpg,tomato_fresh,4,tomato,fresh,none,train,g0463,s0397,muhriddinmuxiddinov,Fruits_Vegetables_Dataset(12000)/Vegetables/FreshTomato/freshTomato (173).jpg,https://www.kaggle.com/datasets/muhriddinmuxiddinov/fruits-and-vegetables-dataset,2,publisher_fresh_rotten_folder+visual_review,none,not_annotated,c5529b533b7c7d24fa789a6e15d9d3126365178b52076d3da9becf271ee356d4,8e4c9d42eebb3683577243e3357762b8a9e89bcd6074d5209af11c92d912505f,224,224,ae9e8dcdd2c6c260,787ffdfccf8f87cf,yes
tomato_fresh_0418,train/P_fresh/tomato_fresh_0418.jpg,tomato_fresh,4,tomato,fresh,none,train,g0463,s0397,muhriddinmuxiddinov,Fruits_Vegetables_Dataset(12000)/Vegetables/FreshTomato/freshTomato (178).jpg,https://www.kaggle.com/datasets/muhriddinmuxiddinov/fruits-and-vegetables-dataset,2,publisher_fresh_rotten_folder+visual_review,none,not_annotated,baee1744b057c8f043b7a82ec4954f26221e20e371f5a191d2560a854d3b2295,4cce0a5d1381ce9e7310a0204e6d65e8255598762f5e1909651fc02ef9e6c058,224,224,a499d9e4e1dad2c4,fbfefeeee6e6feff,yes
tomato_fresh_0419,train/P_fresh/tomato_fresh_0419.jpg,tomato_fresh,4,tomato,fresh,none,train,g0464,s0398,muhriddinmuxiddinov,Fruits_Vegetables_Dataset(12000)/Vegetables/FreshTomato/freshTomato (18).jpg,https://www.kaggle.com/datasets/muhriddinmuxiddinov/fruits-and-vegetables-dataset,2,publisher_fresh_rotten_folder+visual_review,none,not_annotated,147ccdd13874cd3505b29fc066268c41cfe2a1e211c2b4125c6af0ab04a09db6,1fbda13c9b4339614b878ce91da5defd7f376fcb20792c5c669f38ed056f5051,224,224,d06b7b9466dc14aa,325b911585b43199,yes
tomato_fresh_0420,train/P_fresh/tomato_fresh_0420.png,tomato_fresh,4,tomato,fresh,none,train,g0460,s0394,muhriddinmuxiddinov,Fruits_Vegetables_Dataset(12000)/Vegetables/FreshTomato/freshTomato (180).png,https://www.kaggle.com/datasets/muhriddinmuxiddinov/fruits-and-vegetables-dataset,2,publisher_fresh_rotten_folder+visual_review,none,not_annotated,b61f8fc0e91e9cb34cfd53882d10419c6b39d061c7cfa5b4f4db77100067b1e2,4144a1210906c8bbc44cf22ae656452ad1a72220af54ed8b1ac0fe67494c5172,480,322,a1e0438f3d1ddd13,d38d9b973763495c,yes
tomato_fresh_0421,train/P_fresh/tomato_fresh_0421.jpg,tomato_fresh,4,tomato,fresh,none,train,g0463,s0397,muhriddinmuxiddinov,Fruits_Vegetables_Dataset(12000)/Vegetables/FreshTomato/freshTomato (183).jpg,https://www.kaggle.com/datasets/muhriddinmuxiddinov/fruits-and-vegetables-dataset,2,publisher_fresh_rotten_folder+visual_review,none,not_annotated,316fa8a10740b5e13dd8301ee82484bc12ac3f1e4332ecd9d8c0155fb67dddea,20ddcb1418d149fc166a700b9ad8440dfb02c147cdb0b9e8fe518f4e67689381,224,224,8ac7c3534c6c2e3e,e0f8fff7bf1f1f3f,yes
tomato_fresh_0422,train/P_fresh/tomato_fresh_0422.jpg,tomato_fresh,4,tomato,fresh,none,train,g0463,s0397,muhriddinmuxiddinov,Fruits_Vegetables_Dataset(12000)/Vegetables/FreshTomato/freshTomato (184).jpg,https://www.kaggle.com/datasets/muhriddinmuxiddinov/fruits-and-vegetables-dataset,2,publisher_fresh_rotten_folder+visual_review,none,not_annotated,5d2498b1a46993a0c1f7166b3022929fb5388a59e74ea5c29bd0efb597b10c85,1df45be6d01f6ae22c621adb89380e9f76ba2e383ebde80aed2d79558f584bc8,224,224,bddfd7d348402033,70787ff79f9fffff,yes
tomato_fresh_0423,train/P_fresh/tomato_fresh_0423.png,tomato_fresh,4,tomato,fresh,none,train,g0460,s0394,muhriddinmuxiddinov,Fruits_Vegetables_Dataset(12000)/Vegetables/FreshTomato/freshTomato (185).png,https://www.kaggle.com/datasets/muhriddinmuxiddinov/fruits-and-vegetables-dataset,2,publisher_fresh_rotten_folder+visual_review,none,not_annotated,72918c1dd2f73721eefa66db123b47c2a036642d88f43ab7df1dff88fcbe7bc4,ee78687f9c7abca76befd7a56b5db268be5dafe27f7a3cc122df1024417c4948,480,322,f192da5a4d69a865,98ac8e56460c1a02,yes
tomato_fresh_0424,train/P_fresh/tomato_fresh_0424.png,tomato_fresh,4,tomato,fresh,none,train,g0460,s0394,muhriddinmuxiddinov,Fruits_Vegetables_Dataset(12000)/Vegetables/FreshTomato/freshTomato (186).png,https://www.kaggle.com/datasets/muhriddinmuxiddinov/fruits-and-vegetables-dataset,2,publisher_fresh_rotten_folder+visual_review,none,not_annotated,a2d2f0de154900c15b8b7a8fdd1aa21c7abff45e456b00e1a88841c954c50bc8,69be0d6a90363a0ff9f393431563a62b0cd89538402a84cb579632b37ac0eaf5,480,322,d890e8cc369edb31,b596d86c1431504b,yes
tomato_fresh_0425,train/P_fresh/tomato_fresh_0425.png,tomato_fresh,4,tomato,fresh,none,train,g0460,s0394,muhriddinmuxiddinov,Fruits_Vegetables_Dataset(12000)/Vegetables/FreshTomato/freshTomato (19).png,https://www.kaggle.com/datasets/muhriddinmuxiddinov/fruits-and-vegetables-dataset,2,publisher_fresh_rotten_folder+visual_review,none,not_annotated,bd0697b68cb1928dbe132d03211495cab881388b52e5b6b5692b2e1793991152,7f4f84f9556df66958b367cf22da5f43a777fc99168b45450f8e31eed781b77f,480,322,ba47a9a3ca624477,dd523a2d5d2d1fb3,yes
tomato_fresh_0426,train/P_fresh/tomato_fresh_0426.jpg,tomato_fresh,4,tomato,fresh,none,train,g0463,s0397,muhriddinmuxiddinov,Fruits_Vegetables_Dataset(12000)/Vegetables/FreshTomato/freshTomato (190).jpg,https://www.kaggle.com/datasets/muhriddinmuxiddinov/fruits-and-vegetables-dataset,2,publisher_fresh_rotten_folder+visual_review,none,not_annotated,bd23f85ebadbece2a61095da4312d82876c14f1b2b978240ab0f4c0521e63073,2536a398d24c16558a41cb5786f753d6eb3e1fccf9bcd9b64f51e8dccdb597b2,224,224,bf9fc8e4d0c9c0c1,757f7a7c767773f3,yes
tomato_fresh_0427,train/P_fresh/tomato_fresh_0427.png,tomato_fresh,4,tomato,fresh,none,train,g0460,s0394,muhriddinmuxiddinov,Fruits_Vegetables_Dataset(12000)/Vegetables/FreshTomato/freshTomato (192).png,https://www.kaggle.com/datasets/muhriddinmuxiddinov/fruits-and-vegetables-dataset,2,publisher_fresh_rotten_folder+visual_review,none,not_annotated,6860e47b60ab73e9f0bc0419b9ff07074bfe9ea3839786fd73a1d2cb4dcbeb96,fd87c241d59e4e7859f5f33639bb4392a5db8878a7c8ab965ac885fab75c6966,480,322,deac054eccd39607,62333931312170f0,yes
tomato_fresh_0429,train/P_fresh/tomato_fresh_0429.jpg,tomato_fresh,4,tomato,fresh,none,train,g0463,s0397,muhriddinmuxiddinov,Fruits_Vegetables_Dataset(12000)/Vegetables/FreshTomato/freshTomato (196).jpg,https://www.kaggle.com/datasets/muhriddinmuxiddinov/fruits-and-vegetables-dataset,2,publisher_fresh_rotten_folder+visual_review,none,not_annotated,a22504df2fce030a080fabed25e23b48332092b7aa48d737a76df2f6ccc11010,6123fbb7203de1990e8f5832740de00bcb0df634188d499b5eeb43d366b51e94,224,224,aa95dcc5c598dcc4,ffffffdfcb6b3b3b,yes
tomato_fresh_0431,train/P_fresh/tomato_fresh_0431.jpg,tomato_fresh,4,tomato,fresh,none,train,g0463,s0397,muhriddinmuxiddinov,Fruits_Vegetables_Dataset(12000)/Vegetables/FreshTomato/freshTomato (206).jpg,https://www.kaggle.com/datasets/muhriddinmuxiddinov/fruits-and-vegetables-dataset,2,publisher_fresh_rotten_folder+visual_review,none,not_annotated,b31a300df61b84303e9a632eae8529b2281594fc0bf0203fe60e388c8e4526e1,e4ff307f2e31d25fd5995ce092c1f12abbed7f04af2297b51b40267cd3bd4bd2,224,224,aa93d61c3cc3c71c,fbfbdbdb3b3bf3f3,yes
tomato_fresh_0432,train/P_fresh/tomato_fresh_0432.png,tomato_fresh,4,tomato,fresh,none,train,g0460,s0394,muhriddinmuxiddinov,Fruits_Vegetables_Dataset(12000)/Vegetables/FreshTomato/freshTomato (208).png,https://www.kaggle.com/datasets/muhriddinmuxiddinov/fruits-and-vegetables-dataset,2,publisher_fresh_rotten_folder+visual_review,none,not_annotated,b70b7ff4c208740416680c2d05266cc91fe9a2d4a3e45760a61bb5672affe19a,355553c9aa6d32f63263d1e48fe6367be7404d51270532b830735679c7c5436c,480,322,f6f4907a6f21031e,8c1466422d092dce,yes
tomato_fresh_0435,train/P_fresh/tomato_fresh_0435.png,tomato_fresh,4,tomato,fresh,none,train,g0460,s0394,muhriddinmuxiddinov,Fruits_Vegetables_Dataset(12000)/Vegetables/FreshTomato/freshTomato (214).png,https://www.kaggle.com/datasets/muhriddinmuxiddinov/fruits-and-vegetables-dataset,2,publisher_fresh_rotten_folder+visual_review,none,not_annotated,7beb8cfb867fb3fafe612776be9615cfa48a87a1cc910c0131f3d209470b51e9,8a87709331707bcd3a4a08464974f2bf3f84bfe16b71c9814855734818213425,480,322,edea85e55044cd39,c68b23951142c656,yes
tomato_fresh_0436,train/P_fresh/tomato_fresh_0436.png,tomato_fresh,4,tomato,fresh,none,train,g0460,s0394,muhriddinmuxiddinov,Fruits_Vegetables_Dataset(12000)/Vegetables/FreshTomato/freshTomato (216).png,https://www.kaggle.com/datasets/muhriddinmuxiddinov/fruits-and-vegetables-dataset,2,publisher_fresh_rotten_folder+visual_review,none,not_annotated,378156cadbabecbfd58d54ab9a9e7a0548aac23f727de6b15030726df734123f,20b43ce74c68031645f6e4d3b46f4df26f44746bec7366638225d93715dddd4d,480,322,fbce587f20c20595,315352a952461998,yes
tomato_fresh_0438,train/P_fresh/tomato_fresh_0438.jpg,tomato_fresh,4,tomato,fresh,none,train,g0463,s0397,muhriddinmuxiddinov,Fruits_Vegetables_Dataset(12000)/Vegetables/FreshTomato/freshTomato (219).jpg,https://www.kaggle.com/datasets/muhriddinmuxiddinov/fruits-and-vegetables-dataset,2,publisher_fresh_rotten_folder+visual_review,none,not_annotated,797ebda0db87a4a39ba2b3121721fe223afe227ee15de06d2aa13643000d0b9f,f896828f83e5b1367c1ccacb31ca8fb4b771bb5bba501c86ca9f66d0ec07c6fb,224,224,b957ce4c39174705,61a3d91b9bdffbfb,yes
tomato_fresh_0440,train/P_fresh/tomato_fresh_0440.png,tomato_fresh,4,tomato,fresh,none,train,g0460,s0394,muhriddinmuxiddinov,Fruits_Vegetables_Dataset(12000)/Vegetables/FreshTomato/freshTomato (221).png,https://www.kaggle.com/datasets/muhriddinmuxiddinov/fruits-and-vegetables-dataset,2,publisher_fresh_rotten_folder+visual_review,none,not_annotated,f0ee468d2ffa8e13e302f0874585ec1a9d5844f4faddb002c831e53b0de6035a,b6896d22d37edb8bfd646b81ddc9065da5c97dda215f6d4807637a0d642f2e2d,480,322,bea980115a3f66ec,b9b76735144c5565,yes
tomato_fresh_0441,train/P_fresh/tomato_fresh_0441.png,tomato_fresh,4,tomato,fresh,none,train,g0460,s0394,muhriddinmuxiddinov,Fruits_Vegetables_Dataset(12000)/Vegetables/FreshTomato/freshTomato (227).png,https://www.kaggle.com/datasets/muhriddinmuxiddinov/fruits-and-vegetables-dataset,2,publisher_fresh_rotten_folder+visual_review,none,not_annotated,2d68712c43b32577d92d8a627abc7b94faf07940a31c6f7b1ba0ec27dda2cd62,f785c85a2d7967eeea2239bd397d1ba998856533a1ce9132ca0eb859ca97d7b6,320,258,e15966c6c603397e,459492d060920606,yes
tomato_fresh_0442,train/P_fresh/tomato_fresh_0442.png,tomato_fresh,4,tomato,fresh,none,train,g0460,s0394,muhriddinmuxiddinov,Fruits_Vegetables_Dataset(12000)/Vegetables/FreshTomato/freshTomato (231).png,https://www.kaggle.com/datasets/muhriddinmuxiddinov/fruits-and-vegetables-dataset,2,publisher_fresh_rotten_folder+visual_review,none,not_annotated,8bfcb5236b623a52d03d358f830249fbc4cef8b870f3520305dc5de152bd84cd,97d53feda8a13cecd85e765ce0fac96939db747da88da68f8a52ee1c100aa250,480,322,e9fdc0fbc4825684,1212634b575bcbd6,yes
tomato_fresh_0443,train/P_fresh/tomato_fresh_0443.png,tomato_fresh,4,tomato,fresh,none,train,g0460,s0394,muhriddinmuxiddinov,Fruits_Vegetables_Dataset(12000)/Vegetables/FreshTomato/freshTomato (232).png,https://www.kaggle.com/datasets/muhriddinmuxiddinov/fruits-and-vegetables-dataset,2,publisher_fresh_rotten_folder+visual_review,none,not_annotated,6cf0141ae1aa8bf619f41de4e49ab8418c670a2ad19f76cae1d753fa8fda1f33,5655555898c454384c7d5ef7d51df34070e6c8e93883d6a5560871b7c8da3bac,320,258,aa57f59a4402d937,cf5ecca5b5bb3b86,yes
tomato_fresh_0444,train/P_fresh/tomato_fresh_0444.png,tomato_fresh,4,tomato,fresh,none,train,g0460,s0394,muhriddinmuxiddinov,Fruits_Vegetables_Dataset(12000)/Vegetables/FreshTomato/freshTomato (238).png,https://www.kaggle.com/datasets/muhriddinmuxiddinov/fruits-and-vegetables-dataset,2,publisher_fresh_rotten_folder+visual_review,none,not_annotated,c019281cffd6956b5e28a4b0ee5017263f1ebbd6dd6ee93d6f6cfbec284e58b1,add7ae72033b1ad3ed6d540399c20e304e6c8e004fdca239e43607c2d907684a,320,258,aab4950d197e7227,fede0d75f3e767cd,yes
tomato_fresh_0446,train/P_fresh/tomato_fresh_0446.png,tomato_fresh,4,tomato,fresh,none,train,g0460,s0394,muhriddinmuxiddinov,Fruits_Vegetables_Dataset(12000)/Vegetables/FreshTomato/freshTomato (244).png,https://www.kaggle.com/datasets/muhriddinmuxiddinov/fruits-and-vegetables-dataset,2,publisher_fresh_rotten_folder+visual_review,none,not_annotated,96530112d299e6dbb5b46a2027cc8a4632b10a5eaad0f79e9759285d882cf4ad,33926d47963264f6c7e5e68603c3c74e4eac3275954896a3e7b9439b445eb8e3,480,322,e2f2c9644c1d3f58,838f1c6e878cd0c3,yes
tomato_fresh_0447,train/P_fresh/tomato_fresh_0447.jpg,tomato_fresh,4,tomato,fresh,none,train,g0463,s0397,muhriddinmuxiddinov,Fruits_Vegetables_Dataset(12000)/Vegetables/FreshTomato/freshTomato (246).jpg,https://www.kaggle.com/datasets/muhriddinmuxiddinov/fruits-and-vegetables-dataset,2,publisher_fresh_rotten_folder+visual_review,none,not_annotated,1b2ae67ed337bcce2a4ebd2fa3eba36c0bde946f83b6563ec60d27a934c15350,514192659b9e58f3e026d73e36e6a96d042113e04805598d046919a7ff907762,224,224,ee91b56a9da99224,7ff9fdd3e5e74727,yes
tomato_fresh_0448,valid/P_fresh/tomato_fresh_0448.jpg,tomato_fresh,4,tomato,fresh,none,val,g0465,s0399,muhriddinmuxiddinov,Fruits_Vegetables_Dataset(12000)/Vegetables/FreshTomato/freshTomato (247).jpg,https://www.kaggle.com/datasets/muhriddinmuxiddinov/fruits-and-vegetables-dataset,2,publisher_fresh_rotten_folder+visual_review,none,not_annotated,3b264a107a15f25b5e323ce4b60f847ab4abb59d08a9187f6ab6deed70b3b790,b9b645db0726bb091129b3a17e735ef5602656d40003052d7c3efea8e0cce483,224,224,f3cc4e0c298d8f96,b18048da9e0ea94d,yes
tomato_fresh_0449,train/P_fresh/tomato_fresh_0449.png,tomato_fresh,4,tomato,fresh,none,train,g0460,s0394,muhriddinmuxiddinov,Fruits_Vegetables_Dataset(12000)/Vegetables/FreshTomato/freshTomato (25).png,https://www.kaggle.com/datasets/muhriddinmuxiddinov/fruits-and-vegetables-dataset,2,publisher_fresh_rotten_folder+visual_review,none,not_annotated,10440a0d172cb43c0e5cd8462a46d92b1b7c24959d911e9c81642c327bf2e757,97749f1ce0639e52862ac75cf2a6a6693eae798498bb8ec5e2f723c0ba52d649,480,322,f1d2086161db1df9,959c18888e0489a3,yes
tomato_fresh_0450,train/P_fresh/tomato_fresh_0450.png,tomato_fresh,4,tomato,fresh,none,train,g0460,s0394,muhriddinmuxiddinov,Fruits_Vegetables_Dataset(12000)/Vegetables/FreshTomato/freshTomato (255).png,https://www.kaggle.com/datasets/muhriddinmuxiddinov/fruits-and-vegetables-dataset,2,publisher_fresh_rotten_folder+visual_review,none,not_annotated,578b1c5a73e271449386fa8720bdf94fa274cf27660ab8ce5683ae307614cdee,a4bc253a8c191db301fd269a9913e4b8fb49d7f6801b57720490a9ca4262fc66,480,322,f866e00c2332afde,858219182222ba9b,yes
tomato_fresh_0451,train/P_fresh/tomato_fresh_0451.png,tomato_fresh,4,tomato,fresh,none,train,g0460,s0394,muhriddinmuxiddinov,Fruits_Vegetables_Dataset(12000)/Vegetables/FreshTomato/freshTomato (266).png,https://www.kaggle.com/datasets/muhriddinmuxiddinov/fruits-and-vegetables-dataset,2,publisher_fresh_rotten_folder+visual_review,none,not_annotated,8405c3dd2801fd9dc86e48c6aee5324d45646df327aa3e46084834c34324d412,bfb8fdcab42be7f4e93f2a4395e0a6368432fff4d7a1d28ae514d87be64d9137,480,322,ad89dec7124696b8,72333f1f9e46273d,yes
tomato_fresh_0452,train/P_fresh/tomato_fresh_0452.jpg,tomato_fresh,4,tomato,fresh,none,train,g0466,s0400,muhriddinmuxiddinov,Fruits_Vegetables_Dataset(12000)/Vegetables/FreshTomato/freshTomato (269).jpg,https://www.kaggle.com/datasets/muhriddinmuxiddinov/fruits-and-vegetables-dataset,2,publisher_fresh_rotten_folder+visual_review,none,not_annotated,1dec57e7d5ad6084ba5154bc290f5b476efbf97b714c71bd56200c8d8eec3940,43ee95c04996c6a725379f4eb2502b08998f6782240b27e58b9fd86b9874ba50,224,224,eb6a84993994a667,fbe3e5999bdae0f0,yes
tomato_fresh_0453,train/P_fresh/tomato_fresh_0453.png,tomato_fresh,4,tomato,fresh,none,train,g0460,s0394,muhriddinmuxiddinov,Fruits_Vegetables_Dataset(12000)/Vegetables/FreshTomato/freshTomato (273).png,https://www.kaggle.com/datasets/muhriddinmuxiddinov/fruits-and-vegetables-dataset,2,publisher_fresh_rotten_folder+visual_review,none,not_annotated,ffbf098a50c6c7b5e77a0a462211ccca404c19c9a3f71cdd2089f22e5654228b,d052167382a9d5771655fbb8f8d91b13b16ccdbf23865765ca974cf84393439d,480,322,bdd4406aeda4b2b4,86281e175f292732,yes
tomato_fresh_0454,train/P_fresh/tomato_fresh_0454.jpg,tomato_fresh,4,tomato,fresh,none,train,g0466,s0400,muhriddinmuxiddinov,Fruits_Vegetables_Dataset(12000)/Vegetables/FreshTomato/freshTomato (275).jpg,https://www.kaggle.com/datasets/muhriddinmuxiddinov/fruits-and-vegetables-dataset,2,publisher_fresh_rotten_folder+visual_review,none,not_annotated,944b383ce465b22ee9c886d2a48f09867be58bfd293f3f3324a4dad1decec44c,575ecef9de43f92bde85625d447ed530d566ecab4b694d3f84f8bb89f45d8604,224,224,e4659b989e333364,f8e6c6c6e6e4f0e0,yes
tomato_fresh_0455,train/P_fresh/tomato_fresh_0455.jpg,tomato_fresh,4,tomato,fresh,none,train,g0463,s0397,muhriddinmuxiddinov,Fruits_Vegetables_Dataset(12000)/Vegetables/FreshTomato/freshTomato (28).jpg,https://www.kaggle.com/datasets/muhriddinmuxiddinov/fruits-and-vegetables-dataset,2,publisher_fresh_rotten_folder+visual_review,none,not_annotated,b5f7b5a484565d907583d345c7d2b72ee1e167394c91cd122b5e97b43a9ff2e6,3584563daf28d105f4d04e082466b569d5b7a77c3974d99f4bbbef0f2629f1c2,224,224,e5949a692d6633cc,00204c8686070123,yes
tomato_fresh_0456,train/P_fresh/tomato_fresh_0456.png,tomato_fresh,4,tomato,fresh,none,train,g0460,s0394,muhriddinmuxiddinov,Fruits_Vegetables_Dataset(12000)/Vegetables/FreshTomato/freshTomato (296).png,https://www.kaggle.com/datasets/muhriddinmuxiddinov/fruits-and-vegetables-dataset,2,publisher_fresh_rotten_folder+visual_review,none,not_annotated,9c9e75e0e89f2cb2e5bf8d16e4608befeaebb9aef03e539e868139be5f07c0db,1c403e690ab25d43cb6e8a9fde6a0609c5b254427c5d482f05e859f942cdbbba,480,322,c45e1bf0f832690f,98f4e6c4a086c4d2,yes
tomato_fresh_0457,train/P_fresh/tomato_fresh_0457.png,tomato_fresh,4,tomato,fresh,none,train,g0460,s0394,muhriddinmuxiddinov,Fruits_Vegetables_Dataset(12000)/Vegetables/FreshTomato/freshTomato (301).png,https://www.kaggle.com/datasets/muhriddinmuxiddinov/fruits-and-vegetables-dataset,2,publisher_fresh_rotten_folder+visual_review,none,not_annotated,07f02d80cc8cf96c307d63e37b040923ac4858a3765bdceb0642171c78d4e799,6860a9c297d1af34b6e01898f9a3461341bb5346d7ca28d26787706c35ce5f09,480,322,db985a70296adc55,b9b07159da942c72,yes
tomato_fresh_0458,train/P_fresh/tomato_fresh_0458.png,tomato_fresh,4,tomato,fresh,none,train,g0460,s0394,muhriddinmuxiddinov,Fruits_Vegetables_Dataset(12000)/Vegetables/FreshTomato/freshTomato (308).png,https://www.kaggle.com/datasets/muhriddinmuxiddinov/fruits-and-vegetables-dataset,2,publisher_fresh_rotten_folder+visual_review,none,not_annotated,d64d86df1597e1d234e8b67925e78aa3da83823d90b722c33b65ac505ce47797,138b57423df050e878321dd47b3e9c231e8c704c21c820c2e614109d40acd4fd,480,322,e4288ef5db671b04,87b697aa96166660,yes
tomato_fresh_0459,train/P_fresh/tomato_fresh_0459.png,tomato_fresh,4,tomato,fresh,none,train,g0460,s0394,muhriddinmuxiddinov,Fruits_Vegetables_Dataset(12000)/Vegetables/FreshTomato/freshTomato (313).png,https://www.kaggle.com/datasets/muhriddinmuxiddinov/fruits-and-vegetables-dataset,2,publisher_fresh_rotten_folder+visual_review,none,not_annotated,090aa0acdb2601c80b55cffa7356377f9ba68c877ae1a01c1b65524c9b65c0fc,0f45d3c9e420115d47b3c805a542c2abd528b439938928f6652d3d3a5ed35285,480,322,e1e82c17428379fd,c58792c9c8cece86,yes
tomato_fresh_0460,test/P_fresh/tomato_fresh_0460.png,tomato_fresh,4,tomato,fresh,none,test,g0467,s0401,muhriddinmuxiddinov,Fruits_Vegetables_Dataset(12000)/Vegetables/FreshTomato/freshTomato (323).png,https://www.kaggle.com/datasets/muhriddinmuxiddinov/fruits-and-vegetables-dataset,2,publisher_fresh_rotten_folder+visual_review,none,not_annotated,ff34dd046bc7231489ae12a31d50e38474cfff508f557f3e2a9126495c13002b,232d6555877a3a7f02c3dbaf1fef836a1fce8ca7c5410ccf50806f0892b01aba,305,381,e4949b7bc5256cc4,71cc868667330fe0,yes
tomato_fresh_0462,train/P_fresh/tomato_fresh_0462.png,tomato_fresh,4,tomato,fresh,none,train,g0460,s0394,muhriddinmuxiddinov,Fruits_Vegetables_Dataset(12000)/Vegetables/FreshTomato/freshTomato (36).png,https://www.kaggle.com/datasets/muhriddinmuxiddinov/fruits-and-vegetables-dataset,2,publisher_fresh_rotten_folder+visual_review,none,not_annotated,614934944c7ceb79331e1a66c62af14b9ce50760c63dcd8c400b0901acd5fc0d,670d28792a80ff8907dcfdf8671d8716ca995028e60ef82ebca5dc55fc1617cf,480,322,ccf68307d303b3a3,c82213a1aaf6d7f3,yes
tomato_fresh_0463,train/P_fresh/tomato_fresh_0463.jpg,tomato_fresh,4,tomato,fresh,none,train,g0463,s0397,muhriddinmuxiddinov,Fruits_Vegetables_Dataset(12000)/Vegetables/FreshTomato/freshTomato (41).jpg,https://www.kaggle.com/datasets/muhriddinmuxiddinov/fruits-and-vegetables-dataset,2,publisher_fresh_rotten_folder+visual_review,none,not_annotated,31d478fbc87b1db2a9823c12d991f6ea3402d231c7163d39536948485cf8756b,a1f3559e5ed733f2f0e7655b1dab706feb3ba245e770f87b482f79b9a234e5e7,224,224,efbf9a6669482608,0040464343072313,yes
tomato_fresh_0465,train/P_fresh/tomato_fresh_0465.jpg,tomato_fresh,4,tomato,fresh,none,train,g0463,s0397,muhriddinmuxiddinov,Fruits_Vegetables_Dataset(12000)/Vegetables/FreshTomato/freshTomato (46).jpg,https://www.kaggle.com/datasets/muhriddinmuxiddinov/fruits-and-vegetables-dataset,2,publisher_fresh_rotten_folder+visual_review,none,not_annotated,cd52b3131e2a428cc3709607444a625e6544b2640c16db89ef561687aa4bc608,24abc777e271265ba2a4184ed180f6d5eb4a76b4a0870976d12f10b2760ff4b0,224,224,e692996d329c6333,00000c840e032200,yes
tomato_fresh_0466,train/P_fresh/tomato_fresh_0466.png,tomato_fresh,4,tomato,fresh,none,train,g0460,s0394,muhriddinmuxiddinov,Fruits_Vegetables_Dataset(12000)/Vegetables/FreshTomato/freshTomato (49).png,https://www.kaggle.com/datasets/muhriddinmuxiddinov/fruits-and-vegetables-dataset,2,publisher_fresh_rotten_folder+visual_review,none,not_annotated,21614ea3db3f65294cfe3cf1404328138e70a491a57209900dcbcc7b06a4f950,516304d68fd397456edb09546e408362224c6b09eb3284080f322c1af77cc4d1,480,322,e5cfde0f8083483e,e22606dec3d28e94,yes
tomato_fresh_0468,train/P_fresh/tomato_fresh_0468.png,tomato_fresh,4,tomato,fresh,none,train,g0460,s0394,muhriddinmuxiddinov,Fruits_Vegetables_Dataset(12000)/Vegetables/FreshTomato/freshTomato (60).png,https://www.kaggle.com/datasets/muhriddinmuxiddinov/fruits-and-vegetables-dataset,2,publisher_fresh_rotten_folder+visual_review,none,not_annotated,6680b87deaf5238ed705013d08f5da764ae2d3d0fa12ee053b1ebdc6dfca8aa3,d6b678c455eba8f0d595b68e4ae59c49268b9baea33a306b57ffc452dc7b47ac,480,322,e2c22963edc6165d,cb8974c4306c8bb3,yes
tomato_fresh_0469,train/P_fresh/tomato_fresh_0469.png,tomato_fresh,4,tomato,fresh,none,train,g0460,s0394,muhriddinmuxiddinov,Fruits_Vegetables_Dataset(12000)/Vegetables/FreshTomato/freshTomato (65).png,https://www.kaggle.com/datasets/muhriddinmuxiddinov/fruits-and-vegetables-dataset,2,publisher_fresh_rotten_folder+visual_review,none,not_annotated,9dc57322d9728c20237bc9160e2faac394166890c8a65946aef15fb006db6a91,9693a82be69899be87834063d0cfd953e8488e3d2be3f51c50e40434775aee97,480,322,b249b9d05475b9a9,9afb3b65d51c6d3d,yes
tomato_fresh_0470,train/P_fresh/tomato_fresh_0470.jpg,tomato_fresh,4,tomato,fresh,none,train,g0468,s0402,muhriddinmuxiddinov,Fruits_Vegetables_Dataset(12000)/Vegetables/FreshTomato/freshTomato (69).jpg,https://www.kaggle.com/datasets/muhriddinmuxiddinov/fruits-and-vegetables-dataset,2,publisher_fresh_rotten_folder+visual_review,none,not_annotated,8ae6b2a4c454704916df98f3064bec95b3592275a8281146a08021061afd3b54,3bb0daf972775804d40f90133c59e26381600f429f32ad93d6df82df07ba696a,2008,2008,eb93946cca6538b4,4b0e0f632303070c,yes
tomato_fresh_0471,train/P_fresh/tomato_fresh_0471.png,tomato_fresh,4,tomato,fresh,none,train,g0460,s0394,muhriddinmuxiddinov,Fruits_Vegetables_Dataset(12000)/Vegetables/FreshTomato/freshTomato (71).png,https://www.kaggle.com/datasets/muhriddinmuxiddinov/fruits-and-vegetables-dataset,2,publisher_fresh_rotten_folder+visual_review,none,not_annotated,654d6b25791f3c124a2d0f43347a75bbafc0339fc984e036bbbede60e26af807,be81c2b9d2596955c62d9e62f2ec21264833c3574ef43052b4ab21f606560a31,480,322,b6489d6e2cb7ac30,3ad99ceda7646c3e,yes
tomato_fresh_0472,valid/P_fresh/tomato_fresh_0472.jpg,tomato_fresh,4,tomato,fresh,none,val,g0469,s0403,muhriddinmuxiddinov,Fruits_Vegetables_Dataset(12000)/Vegetables/FreshTomato/freshTomato (81).jpg,https://www.kaggle.com/datasets/muhriddinmuxiddinov/fruits-and-vegetables-dataset,2,publisher_fresh_rotten_folder+visual_review,none,not_annotated,62c6e3935ad2d30c6cc05fe0955dfb5d23fc0b64480f69f5bf0ceadd176dcb15,4b0c2112a424589ae8a9aadc9a3830576e369250408f5178d172aa243abf827e,407,435,bfec60909d6d4076,6f9d2f767cfc7f3f,yes
tomato_fresh_0473,test/P_fresh/tomato_fresh_0473.jpg,tomato_fresh,4,tomato,fresh,none,test,g0470,s0404,muhriddinmuxiddinov,Fruits_Vegetables_Dataset(12000)/Vegetables/FreshTomato/freshTomato (86).jpg,https://www.kaggle.com/datasets/muhriddinmuxiddinov/fruits-and-vegetables-dataset,2,publisher_fresh_rotten_folder+visual_review,none,not_annotated,3d0cbf9f08bf2d4fac4b9fae8e438f92665ed330e51a0b306feb8db60280070b,2f253552844ffc0bc4a58deda6fd7bea1ebc1882f0b370097f79859ecb980daa,2978,1494,add694515165c747,a62e6e7672767777,yes
tomato_fresh_0474,train/P_fresh/tomato_fresh_0474.jpg,tomato_fresh,4,tomato,fresh,none,train,g0471,s0405,muhriddinmuxiddinov,Fruits_Vegetables_Dataset(12000)/Vegetables/FreshTomato/freshTomato (87).jpg,https://www.kaggle.com/datasets/muhriddinmuxiddinov/fruits-and-vegetables-dataset,2,publisher_fresh_rotten_folder+visual_review,none,not_annotated,5fc2436c9dfaa9e2ba1df4b869dcc46b134d9d88ad6c3a5adf7817c5e33b9989,add804c017f001b280c086eb40e6c99df34838c90d54cf6d93f11aa68a043b20,1024,1120,af27d20487f2d82d,6f4f5f2f27b31719,yes
tomato_fresh_0475,train/P_fresh/tomato_fresh_0475.png,tomato_fresh,4,tomato,fresh,none,train,g0460,s0394,muhriddinmuxiddinov,Fruits_Vegetables_Dataset(12000)/Vegetables/FreshTomato/freshTomato (9).png,https://www.kaggle.com/datasets/muhriddinmuxiddinov/fruits-and-vegetables-dataset,2,publisher_fresh_rotten_folder+visual_review,none,not_annotated,f42b3129fe5dfcd122f396fba7504dd8377a723bd18cbc15aed91e75a3bd6d71,f2349478f35e9880c3a1198a314c728dfb8e209799d215805c49eb2ea962b1c9,480,322,929a5113ab1c5f67,9c9c6a77cdec94cc,yes
tomato_fresh_0476,train/P_fresh/tomato_fresh_0476.jpg,tomato_fresh,4,tomato,fresh,none,train,g0472,s0406,muhriddinmuxiddinov,Fruits_Vegetables_Dataset(12000)/Vegetables/FreshTomato/freshTomato (91).jpg,https://www.kaggle.com/datasets/muhriddinmuxiddinov/fruits-and-vegetables-dataset,2,publisher_fresh_rotten_folder+visual_review,none,not_annotated,5118ab922b5f99db491e6841c95c6cbbbb1e03911cfe4e64932dcfcd2170e062,4a2aa0c784cca4f96f830585157dfa5e494014a4a0ea3331b3fd2aeae2995578,900,950,e99b96788b613c34,104c17130b078767,yes
tomato_fresh_0477,train/P_fresh/tomato_fresh_0477.png,tomato_fresh,4,tomato,fresh,none,train,g0460,s0394,muhriddinmuxiddinov,Fruits_Vegetables_Dataset(12000)/Vegetables/FreshTomato/freshTomato (94).png,https://www.kaggle.com/datasets/muhriddinmuxiddinov/fruits-and-vegetables-dataset,2,publisher_fresh_rotten_folder+visual_review,none,not_annotated,d9c47cc0385484e4cea21898def28514dbdbcda495bbf94d90e33418130a8f51,3191f651aeaee13d47db0157f83ec551e1a5b7e1ae49beb3843cf84234977f08,320,258,b94dca275a126597,c31392931e0e5d39,yes
tomato_fresh_0478,train/P_fresh/tomato_fresh_0478.jpg,tomato_fresh,4,tomato,fresh,none,train,g0473,s0407,muhriddinmuxiddinov,Fruits_Vegetables_Dataset(12000)/Vegetables/FreshTomato/freshTomato (97).jpg,https://www.kaggle.com/datasets/muhriddinmuxiddinov/fruits-and-vegetables-dataset,2,publisher_fresh_rotten_folder+visual_review,none,not_annotated,ba30cd99dca718a312fd4a814f421e3f98889ef924713c22a25a42b08bdf32f2,35260c88278bf66a6fcfa03df2eeaad1fa32ba2de377579c564611f9906d201f,850,1170,c7c25e0d954e1ee4,e8c8accad6744454,yes
tomato_fresh_0479,train/P_fresh/tomato_fresh_0479.jpg,tomato_fresh,4,tomato,fresh,none,train,g0474,s0408,muhriddinmuxiddinov,Fruits_Vegetables_Dataset(12000)/Vegetables/FreshTomato/freshTomato (98).jpg,https://www.kaggle.com/datasets/muhriddinmuxiddinov/fruits-and-vegetables-dataset,2,publisher_fresh_rotten_folder+visual_review,none,not_annotated,391c8d6ca3089e025b8897f86e3e177fef4206b71d6e5bcc88a6fa7ef23f86f8,1f07433ca99b8ba5d915a2070aead3e3ca98b17c5b1874ccec3e4f6cb3dd09a2,1600,1200,adce631426e1399b,cc6753ee2bb6c64b,yes
tomato_fresh_0480,valid/P_fresh/tomato_fresh_0480.jpeg,tomato_fresh,4,tomato,fresh,none,val,g0475,s0409,muhriddinmuxiddinov,Fruits_Vegetables_Dataset(12000)/Vegetables/FreshTomato/freshTomato (1).jpeg,https://www.kaggle.com/datasets/muhriddinmuxiddinov/fruits-and-vegetables-dataset,2,publisher_fresh_rotten_folder+visual_review,none,not_annotated,e2a54b79da6029d726d327a7b5c9e80af00b2f9af3915eb9d725c0dbeb56518b,1fc488a992e57dafc8eec5c1d46b807312689710bc561d79b0f2c71f96caa5df,1880,1000,edf62e16d70a880d,2d2f931162d75733,yes
tomato_fresh_0481,valid/P_fresh/tomato_fresh_0481.jpg,tomato_fresh,4,tomato,fresh,none,val,g0476,s0410,muhriddinmuxiddinov,Fruits_Vegetables_Dataset(12000)/Vegetables/FreshTomato/freshTomato (110).jpg,https://www.kaggle.com/datasets/muhriddinmuxiddinov/fruits-and-vegetables-dataset,2,publisher_fresh_rotten_folder+visual_review,none,not_annotated,b6df30380d8b594e9eba3d35e567f527490b2150c6958f61360097386abc669d,1cb4153777cc91e7098c2b3ddc148c31dbdfc6196250f6e386dc243ceb83ac2c,600,600,aa4a44fdc7cc31e1,e7fdd5e30b9f838f,yes
tomato_fresh_0482,train/P_fresh/tomato_fresh_0482.jpg,tomato_fresh,4,tomato,fresh,none,train,g0477,s0407,muhriddinmuxiddinov,Fruits_Vegetables_Dataset(12000)/Vegetables/FreshTomato/freshTomato (116).jpg,https://www.kaggle.com/datasets/muhriddinmuxiddinov/fruits-and-vegetables-dataset,2,publisher_fresh_rotten_folder+visual_review,none,not_annotated,ed4899f5a2f0bf0f034b20e832f5f26c5725f0a7f0e1e00a64f39d65f5807263,7533621101285c5241e23207245359275955a3067e1eee417dfdb1dd1856a7aa,300,300,aa1f21a0c52fead6,c7153d2aa98f9b9c,yes
tomato_fresh_0483,train/P_fresh/tomato_fresh_0483.jpg,tomato_fresh,4,tomato,fresh,none,train,g0478,s0411,muhriddinmuxiddinov,Fruits_Vegetables_Dataset(12000)/Vegetables/FreshTomato/freshTomato (120).jpg,https://www.kaggle.com/datasets/muhriddinmuxiddinov/fruits-and-vegetables-dataset,2,publisher_fresh_rotten_folder+visual_review,none,not_annotated,3f35ffe6d49026f15dab2426c0fcef2eefff11d870258d2793ed785a6209db92,13be780d42f7aad7aa3efad1d929ef02cbedcacc1576515144efbdd54835d0f1,900,900,8dd2ca34389df8b2,31cde95b8eb6e2c1,yes
tomato_fresh_0484,train/P_fresh/tomato_fresh_0484.jpg,tomato_fresh,4,tomato,fresh,none,train,g0479,s0412,muhriddinmuxiddinov,Fruits_Vegetables_Dataset(12000)/Vegetables/FreshTomato/freshTomato (121).jpg,https://www.kaggle.com/datasets/muhriddinmuxiddinov/fruits-and-vegetables-dataset,2,publisher_fresh_rotten_folder+visual_review,none,not_annotated,2ab07656f2b87511ad3910b00b0f9f987f344e10b8b96e7bb4b1d9172de4814e,9da1fccf98110fd864406074364cde7fb8cc5eea4084eefaf5591a1c6a6c8888,2400,1606,d7d28364bf33b021,cc6898282626ca78,yes
tomato_fresh_0485,test/P_fresh/tomato_fresh_0485.jpg,tomato_fresh,4,tomato,fresh,none,test,g0480,s0413,muhriddinmuxiddinov,Fruits_Vegetables_Dataset(12000)/Vegetables/FreshTomato/freshTomato (131).jpg,https://www.kaggle.com/datasets/muhriddinmuxiddinov/fruits-and-vegetables-dataset,2,publisher_fresh_rotten_folder+visual_review,none,not_annotated,e155ac2a9e5d9178b849e89734fb9a0ec6054cd9a7949383c07cb97d92d23f13,279b7e7d03160396f477c25ce9d5dba66971fb5ba13977f0e7df6dd67360daf6,900,900,a6d357e439699845,98ccf83be7c6c73b,yes
tomato_fresh_0486,valid/P_fresh/tomato_fresh_0486.jpg,tomato_fresh,4,tomato,fresh,none,val,g0481,s0414,muhriddinmuxiddinov,Fruits_Vegetables_Dataset(12000)/Vegetables/FreshTomato/freshTomato (137).jpg,https://www.kaggle.com/datasets/muhriddinmuxiddinov/fruits-and-vegetables-dataset,2,publisher_fresh_rotten_folder+visual_review,none,not_annotated,e0f7d6547a213687a5e314553695adf8fcdffca9bcf03e87fd34aa27f9258513,0b19df06a23bbd578c3b9918220874ba47c17e1d65a0330d3185dc0a36037f47,387,387,b2f4d14bdc03651e,e08cccadad55d9f8,yes
tomato_fresh_0487,train/P_fresh/tomato_fresh_0487.jpg,tomato_fresh,4,tomato,fresh,none,train,g0482,s0407,muhriddinmuxiddinov,Fruits_Vegetables_Dataset(12000)/Vegetables/FreshTomato/freshTomato (149).jpg,https://www.kaggle.com/datasets/muhriddinmuxiddinov/fruits-and-vegetables-dataset,2,publisher_fresh_rotten_folder+visual_review,none,not_annotated,54efeae51dca536bdfdb70e8e10df27cc5f4f8933e8ced386f73789c4c927c6e,6f3065a648db65d8279bc2941a3e8cf57c0322574ea97309c11322c78d8c4bcd,1600,1067,ffde88a165198744,72b1684a4e5a1a22,yes
tomato_fresh_0488,train/P_fresh/tomato_fresh_0488.jpg,tomato_fresh,4,tomato,fresh,none,train,g0483,s0415,muhriddinmuxiddinov,Fruits_Vegetables_Dataset(12000)/Vegetables/FreshTomato/freshTomato (223).jpg,https://www.kaggle.com/datasets/muhriddinmuxiddinov/fruits-and-vegetables-dataset,2,publisher_fresh_rotten_folder+visual_review,none,not_annotated,bf1bc176a7dc6392202ca57a1a51920943e4e5447d84200b96e84870cca7ef74,1e6e91149d9bcf8da5ffc8545862ed2fb4d61fb79cdc29ed81ed490d24c2c2b7,224,224,f898dd38b80b86f1,1c34cdb38d45a2a4,yes
tomato_fresh_0489,train/P_fresh/tomato_fresh_0489.jpg,tomato_fresh,4,tomato,fresh,none,train,g0484,s0416,muhriddinmuxiddinov,Fruits_Vegetables_Dataset(12000)/Vegetables/FreshTomato/freshTomato (225).jpg,https://www.kaggle.com/datasets/muhriddinmuxiddinov/fruits-and-vegetables-dataset,2,publisher_fresh_rotten_folder+visual_review,none,not_annotated,c967efd649740ae2cba96ba0c184d41b62fdf97f795627a5afce41c36be94da4,dadae4877e82e54afc13ba5a5128530083652b1dcd1a3bb45fc3c3ce751bc3d8,224,224,fbe9c4388c766aa0,a3d28b3b99392c64,yes
tomato_fresh_0490,test/P_fresh/tomato_fresh_0490.jpg,tomato_fresh,4,tomato,fresh,none,test,g0485,s0417,muhriddinmuxiddinov,Fruits_Vegetables_Dataset(12000)/Vegetables/FreshTomato/freshTomato (230).jpg,https://www.kaggle.com/datasets/muhriddinmuxiddinov/fruits-and-vegetables-dataset,2,publisher_fresh_rotten_folder+visual_review,none,not_annotated,16a2a75ce46c25af4e91a663661a69c42063652a904cc4155f27f29d49d7e802,eb528a83866adb56e0286c2c124297997626fcac24b82948b084ffd785015ecb,224,224,eafbd2d4489d0931,244d5b33b733acc9,yes
tomato_fresh_0491,valid/P_fresh/tomato_fresh_0491.jpg,tomato_fresh,4,tomato,fresh,none,val,g0486,s0418,muhriddinmuxiddinov,Fruits_Vegetables_Dataset(12000)/Vegetables/FreshTomato/freshTomato (235).jpg,https://www.kaggle.com/datasets/muhriddinmuxiddinov/fruits-and-vegetables-dataset,2,publisher_fresh_rotten_folder+visual_review,none,not_annotated,6fc2fc565810f30a1fd6320bb98a741024b03e855cc7cf5672d35fa8bd10d56e,760a0731952d819bbd7c3969cb983a032c6efc5af52fd65925b0ca065aae0b2d,224,224,b6acfbb260c90de0,1e3c76968c6c190c,yes
tomato_fresh_0492,train/P_fresh/tomato_fresh_0492.jpg,tomato_fresh,4,tomato,fresh,none,train,g0487,s0419,muhriddinmuxiddinov,Fruits_Vegetables_Dataset(12000)/Vegetables/FreshTomato/freshTomato (258).jpg,https://www.kaggle.com/datasets/muhriddinmuxiddinov/fruits-and-vegetables-dataset,2,publisher_fresh_rotten_folder+visual_review,none,not_annotated,5d60e2dd60bb2f1d2fe2666537227e6effdb14f028f6a313e4723e289fa9ad14,7e0c7579cac5f690751d519d66400a18ce999842e94bb895818653d4e98179e6,224,224,a7ba4b8d6dc23886,3b290d0e6666c6d3,yes
tomato_fresh_0493,valid/P_fresh/tomato_fresh_0493.jpg,tomato_fresh,4,tomato,fresh,none,val,g0488,s0420,muhriddinmuxiddinov,Fruits_Vegetables_Dataset(12000)/Vegetables/FreshTomato/freshTomato (278).jpg,https://www.kaggle.com/datasets/muhriddinmuxiddinov/fruits-and-vegetables-dataset,2,publisher_fresh_rotten_folder+visual_review,none,not_annotated,56bcde96fd42c04204f9cbd7ac065263cc714b1a591e58a404c4bb6e93c799c4,7cde9af0a56dca90723db462f7488d9dbef19d93b2423532dc4e5f22a167cc14,2048,1360,96f969861cccdaa1,f1d498346cece469,yes
tomato_fresh_0494,train/P_fresh/tomato_fresh_0494.jpg,tomato_fresh,4,tomato,fresh,none,train,g0489,s0421,muhriddinmuxiddinov,Fruits_Vegetables_Dataset(12000)/Vegetables/FreshTomato/freshTomato (279).JPG,https://www.kaggle.com/datasets/muhriddinmuxiddinov/fruits-and-vegetables-dataset,2,publisher_fresh_rotten_folder+visual_review,none,not_annotated,78d301c6f47a0183e9430eaf8c459f7498d2d5200bd4a8dd67962083fae3ccbd,24077cd02144c4e854e7ca026c7591c01a9b1cee55e485b2cbdd0780295ec258,1141,804,b5d946727a0d9471,ccc6b6921d4cce66,yes
tomato_fresh_0495,valid/P_fresh/tomato_fresh_0495.jpeg,tomato_fresh,4,tomato,fresh,none,val,g0490,s0422,muhriddinmuxiddinov,Fruits_Vegetables_Dataset(12000)/Vegetables/FreshTomato/freshTomato (3).jpeg,https://www.kaggle.com/datasets/muhriddinmuxiddinov/fruits-and-vegetables-dataset,2,publisher_fresh_rotten_folder+visual_review,none,not_annotated,4b4c155387d6c45643875e760e515ae64e17e16a49d4f08988e836f1b5804ea3,889cbab51b502980ae8d89268334553d0b52657a0c7cf6160806caa1c9b76f54,2048,1536,c1105f85dca9a57d,b458cb83a6c25b38,yes
tomato_fresh_0496,train/P_fresh/tomato_fresh_0496.png,tomato_fresh,4,tomato,fresh,none,train,g0468,s0402,muhriddinmuxiddinov,Fruits_Vegetables_Dataset(12000)/Vegetables/FreshTomato/freshTomato (3).png,https://www.kaggle.com/datasets/muhriddinmuxiddinov/fruits-and-vegetables-dataset,2,publisher_fresh_rotten_folder+visual_review,none,not_annotated,4d4833e00891142a909cd940f1b4156d3226c412c93d7d15c664b1f664dfdd85,9fb32aeeef1cf869785b586a48cad5c6e66d1eb269fcce954a86b2d8ff41cd04,512,512,afd0d09b866dcb30,338e0f474f0f078e,yes
tomato_fresh_0497,test/P_fresh/tomato_fresh_0497.jpg,tomato_fresh,4,tomato,fresh,none,test,g0491,s0423,muhriddinmuxiddinov,Fruits_Vegetables_Dataset(12000)/Vegetables/FreshTomato/freshTomato (74).jpg,https://www.kaggle.com/datasets/muhriddinmuxiddinov/fruits-and-vegetables-dataset,2,publisher_fresh_rotten_folder+visual_review,none,not_annotated,485952c83e1b4ffef11b12bc9ec3fbf3859f32f51a462075660cdf50f0248f2f,4c9d78919bf05c6e67c41eb4bebe43c9b88e8d9e045c7ffd2f40b2f9b0f4db4b,1000,1000,e5b05e12caf6d606,cd96068fc75c2c67,yes
tomato_fresh_0498,test/P_fresh/tomato_fresh_0498.jpg,tomato_fresh,4,tomato,fresh,none,test,g0492,s0424,muhriddinmuxiddinov,Fruits_Vegetables_Dataset(12000)/Vegetables/FreshTomato/freshTomato (75).jpg,https://www.kaggle.com/datasets/muhriddinmuxiddinov/fruits-and-vegetables-dataset,2,publisher_fresh_rotten_folder+visual_review,none,not_annotated,f0bf6a30c73136ba7c573bfb2cd5f5b9b2c6a7ba1503c3fc2518ca6eaa36acd8,1b090e571bfcc2c5b67b0d25bffee4ac3e460e6b6c6a4f91f95dcc40fb3ca214,2400,1800,f3c9cd2464f3c3c0,c0d8cc8c8c0d0e8e,yes
tomato_fresh_0499,train/P_fresh/tomato_fresh_0499.jpg,tomato_fresh,4,tomato,fresh,none,train,g0464,s0398,muhriddinmuxiddinov,Fruits_Vegetables_Dataset(12000)/Vegetables/FreshTomato/freshTomato (80).jpg,https://www.kaggle.com/datasets/muhriddinmuxiddinov/fruits-and-vegetables-dataset,2,publisher_fresh_rotten_folder+visual_review,none,not_annotated,e62f7d381b6b96a0fa65a73841963b1c98d1eeebe55902184ed267a2701cb298,011810d5bd2d039f095fcad875ce6f38ef35b6ef17cd997c75d1ef73ba50e99e,1600,1200,ae517c425927e42f,a23676dbe9ed6d37,yes
tomato_fresh_1041,train/P_fresh/tomato_fresh_1041.jpg,tomato_fresh,4,tomato,fresh,none,train,g0464,s0398,muhriddinmuxiddinov,Fruits_Vegetables_Dataset(12000)/Vegetables/FreshTomato/freshTomato (10).jpg,https://www.kaggle.com/datasets/muhriddinmuxiddinov/fruits-and-vegetables-dataset,2,publisher_fresh_rotten_folder+visual_review,none,not_annotated,3f2d6d2fb526e1df4e7a653967f6eb6bf272020fb3b5c4a994a1b10080a80265,fef0e1dc112b1b31f4f96672405a7ecc1522a1a85cba35c88396f42487fbc736,224,224,9cf6f54832077929,0c245c6db9b3d69a,no
tomato_fresh_1042,train/P_fresh/tomato_fresh_1042.jpg,tomato_fresh,4,tomato,fresh,none,train,g0473,s0407,muhriddinmuxiddinov,Fruits_Vegetables_Dataset(12000)/Vegetables/FreshTomato/freshTomato (100).jpg,https://www.kaggle.com/datasets/muhriddinmuxiddinov/fruits-and-vegetables-dataset,2,publisher_fresh_rotten_folder+visual_review,none,not_annotated,722e1734552f2906a7217abb5156e6e138521d528e7f8a7da742652fbb567ed8,199201479fc69f5a1e1d13062ac690f7245ec7de743aa8c402030a5ec8f2be38,2592,3872,c07ae207671c9bb3,8a8911b04af4f4c3,no
tomato_fresh_1043,train/P_fresh/tomato_fresh_1043.jpg,tomato_fresh,4,tomato,fresh,none,train,g0493,s0407,muhriddinmuxiddinov,Fruits_Vegetables_Dataset(12000)/Vegetables/FreshTomato/freshTomato (101).jpg,https://www.kaggle.com/datasets/muhriddinmuxiddinov/fruits-and-vegetables-dataset,2,publisher_fresh_rotten_folder+visual_review,none,not_annotated,385aafe94256a3d46f257e6354aed63ed71dce4ad0cd2164d8086a4688243eed,d011eaf6cb2cbc4c43d275c649a8ced6cf6a31ed3b9ad42fd14b125f9371fc1c,1600,1200,83ad165968b3bd15,4a64c6c795d8dcbc,no
tomato_fresh_1044,train/P_fresh/tomato_fresh_1044.jpg,tomato_fresh,4,tomato,fresh,none,train,g0494,s0407,muhriddinmuxiddinov,Fruits_Vegetables_Dataset(12000)/Vegetables/FreshTomato/freshTomato (102).jpg,https://www.kaggle.com/datasets/muhriddinmuxiddinov/fruits-and-vegetables-dataset,2,publisher_fresh_rotten_folder+visual_review,none,not_annotated,550f495c016abd44bc39f9621efb3bc5eeca05e73dc2900f9c29e48f0b24b347,8738be147d2e4d5a5ff67e58e0b6e60cfe2e7232d2cf6a31d198cae49eb1f4c7,1024,1120,f49b81a56ae318da,8a2025a9ac06c682,no
tomato_fresh_1045,train/P_fresh/tomato_fresh_1045.jpg,tomato_fresh,4,tomato,fresh,none,train,g0458,s0392,muhriddinmuxiddinov,Fruits_Vegetables_Dataset(12000)/Vegetables/FreshTomato/freshTomato (103).jpg,https://www.kaggle.com/datasets/muhriddinmuxiddinov/fruits-and-vegetables-dataset,2,publisher_fresh_rotten_folder+visual_review,none,not_annotated,ea251399ff27e1fb737d6181fd3af34f8c7b2c14b233b1f5a458e2b1ab0c920c,90c2237514c440385d676d9f1a13283e113e73ab7b1c233d3ee542a401e46d1c,600,489,e899936c4f323c99,06991e0f23070c02,no
tomato_fresh_1046,train/P_fresh/tomato_fresh_1046.jpg,tomato_fresh,4,tomato,fresh,none,train,g0473,s0407,muhriddinmuxiddinov,Fruits_Vegetables_Dataset(12000)/Vegetables/FreshTomato/freshTomato (105).jpg,https://www.kaggle.com/datasets/muhriddinmuxiddinov/fruits-and-vegetables-dataset,2,publisher_fresh_rotten_folder+visual_review,none,not_annotated,fc273a6cd92d01ea044953e8ca5321b451d3e64db4f7f4bef19c8b52833c1923,e42bd5d0abdeedeb58122594cd5ffa7c0eaf1bb9db72ecc62d2bb734c9f7b7c5,600,600,a452a257a1fa9597,cda594966426c9d6,no
tomato_fresh_1047,test/P_fresh/tomato_fresh_1047.jpg,tomato_fresh,4,tomato,fresh,none,test,g0495,s0425,muhriddinmuxiddinov,Fruits_Vegetables_Dataset(12000)/Vegetables/FreshTomato/freshTomato (106).jpg,https://www.kaggle.com/datasets/muhriddinmuxiddinov/fruits-and-vegetables-dataset,2,publisher_fresh_rotten_folder+visual_review,none,not_annotated,2d65fc02896b75a871e7f9dc588e2b6643b086a0db9da8d23f2b8d5d22a52d28,949ecf96772e4e7e7b68fff8f65bb36c848c25cfb8bf84a51c4c13b014ac38e1,728,546,bab4804bcf634cb3,959e1f371b230b08,no
tomato_fresh_1048,train/P_fresh/tomato_fresh_1048.jpg,tomato_fresh,4,tomato,fresh,none,train,g0496,s0402,muhriddinmuxiddinov,Fruits_Vegetables_Dataset(12000)/Vegetables/FreshTomato/freshTomato (107).jpg,https://www.kaggle.com/datasets/muhriddinmuxiddinov/fruits-and-vegetables-dataset,2,publisher_fresh_rotten_folder+visual_review,none,not_annotated,3ddc2b3733c873177e14bc4cc0a7c4d2cc53386d85243c4c1529571d90d32622,77195348945c6e91499506367c7794792c2106f5a39640ebcf61fa28c7346f0c,700,800,ee46c0ac8e14df4e,060f6971670f0e0e,no
tomato_fresh_1049,test/P_fresh/tomato_fresh_1049.jpg,tomato_fresh,4,tomato,fresh,none,test,g0497,s0405,muhriddinmuxiddinov,Fruits_Vegetables_Dataset(12000)/Vegetables/FreshTomato/freshTomato (108).jpg,https://www.kaggle.com/datasets/muhriddinmuxiddinov/fruits-and-vegetables-dataset,2,publisher_fresh_rotten_folder+visual_review,none,not_annotated,dab1ff052ac96f82d417d1d204c330c112134e1e4eb1fb613f0bfd4368b8116c,dd277148ac4180ed5bdaf59b74c90563930c6c5c371867aac434cffac648d358,1024,1120,dd29b995d6c23605,3b3367617436c1e4,no
tomato_fresh_1050,train/P_fresh/tomato_fresh_1050.jpg,tomato_fresh,4,tomato,fresh,none,train,g0498,s0425,muhriddinmuxiddinov,Fruits_Vegetables_Dataset(12000)/Vegetables/FreshTomato/freshTomato (109).jpg,https://www.kaggle.com/datasets/muhriddinmuxiddinov/fruits-and-vegetables-dataset,2,publisher_fresh_rotten_folder+visual_review,none,not_annotated,133f04a73874002d8d744691fba8bea9b109467c289fb9a964ee25d6bac8ce22,afcd9a000c04211d1e91562eff6157e65c0347c78e9fbf01e57be12c219ae934,800,800,86ccadc2d2cdcf21,e0a7e6e9cd69ae7e,no
tomato_fresh_1051,test/P_fresh/tomato_fresh_1051.jpg,tomato_fresh,4,tomato,fresh,none,test,g0499,s0407,muhriddinmuxiddinov,Fruits_Vegetables_Dataset(12000)/Vegetables/FreshTomato/freshTomato (111).jpg,https://www.kaggle.com/datasets/muhriddinmuxiddinov/fruits-and-vegetables-dataset,2,publisher_fresh_rotten_folder+visual_review,none,not_annotated,498b5ff3cf367247b6ae146dc7606a07bff499c8102238f3522ffb870b7a84f8,e84173a2a8360bb0b3977e962d8f39689815f5c1d60598f4296436b9bcdb2702,800,600,e8d7143c523709fc,34304bdb87933ea7,no
tomato_fresh_1052,valid/P_fresh/tomato_fresh_1052.jpg,tomato_fresh,4,tomato,fresh,none,val,g0500,s0426,muhriddinmuxiddinov,Fruits_Vegetables_Dataset(12000)/Vegetables/FreshTomato/freshTomato (113).jpg,https://www.kaggle.com/datasets/muhriddinmuxiddinov/fruits-and-vegetables-dataset,2,publisher_fresh_rotten_folder+visual_review,none,not_annotated,9854394f9e2eee24ed6cc3f6f56cf03850e12de0855c0e6c692251f2986f481a,79758dfd9ba51ce63b14f9d8d7303ad7c42c2a1ce9b7fe1a67bd4c3720b62082,2000,2000,ebf2a44c8d6243e3,070f4dc973530767,no
tomato_fresh_1053,train/P_fresh/tomato_fresh_1053.jpg,tomato_fresh,4,tomato,fresh,none,train,g0501,s0407,muhriddinmuxiddinov,Fruits_Vegetables_Dataset(12000)/Vegetables/FreshTomato/freshTomato (114).jpg,https://www.kaggle.com/datasets/muhriddinmuxiddinov/fruits-and-vegetables-dataset,2,publisher_fresh_rotten_folder+visual_review,none,not_annotated,100d21d313b56dbff594856151d05869ae55d27ad071b700b6b974518030568e,b720cc99436cddf6453f9a710031be27d8ac46ff3bbc078f0fd619867abb03de,600,600,a0ddabca17b51730,d1a3be3cb5a58fac,no
tomato_fresh_1054,test/P_fresh/tomato_fresh_1054.jpg,tomato_fresh,4,tomato,fresh,none,test,g0502,s0427,muhriddinmuxiddinov,Fruits_Vegetables_Dataset(12000)/Vegetables/FreshTomato/freshTomato (117).jpg,https://www.kaggle.com/datasets/muhriddinmuxiddinov/fruits-and-vegetables-dataset,2,publisher_fresh_rotten_folder+visual_review,none,not_annotated,d4d539c9634f29696d7a9539b373406e028a934548db9ef7b59feff74e2bf42b,9993e17c06085311cefcd1eaf6bd13758a564ee35390e59b2a9baf8d2addd99a,1024,1240,a2e1586cad53a7b4,b3b1cccbe6cd99b5,no
tomato_fresh_1055,test/P_fresh/tomato_fresh_1055.jpg,tomato_fresh,4,tomato,fresh,none,test,g0503,s0428,muhriddinmuxiddinov,Fruits_Vegetables_Dataset(12000)/Vegetables/FreshTomato/freshTomato (118).jpg,https://www.kaggle.com/datasets/muhriddinmuxiddinov/fruits-and-vegetables-dataset,2,publisher_fresh_rotten_folder+visual_review,none,not_annotated,b9d5cd6758650f4d81211f4cac53417f65b5261cbbe48c35221df4661211937d,a727a74a06476c5dff2445c682a430f202af80b55fab10562c60b31d1693ca09,600,444,faca87b599349413,2b4b0d1b1b2e0f3d,no
tomato_fresh_1056,train/P_fresh/tomato_fresh_1056.jpg,tomato_fresh,4,tomato,fresh,none,train,g0473,s0407,muhriddinmuxiddinov,Fruits_Vegetables_Dataset(12000)/Vegetables/FreshTomato/freshTomato (119).jpg,https://www.kaggle.com/datasets/muhriddinmuxiddinov/fruits-and-vegetables-dataset,2,publisher_fresh_rotten_folder+visual_review,none,not_annotated,e4faec93563b5a12f64520c0609a050d95c3f27d4ccc4f64e19c2ba572613b3c,161d648cc61447c46ea3d13be2f7632fa1ce2ef3e5335f2123078ae2366667ff,1920,1080,9785a4db5218f4e6,6cce765858583c2c,no
tomato_fresh_1057,train/P_fresh/tomato_fresh_1057.jpg,tomato_fresh,4,tomato,fresh,none,train,g0504,s0429,muhriddinmuxiddinov,Fruits_Vegetables_Dataset(12000)/Vegetables/FreshTomato/freshTomato (12).jpg,https://www.kaggle.com/datasets/muhriddinmuxiddinov/fruits-and-vegetables-dataset,2,publisher_fresh_rotten_folder+visual_review,none,not_annotated,5095701a500211d3d8bc407b7477ec4b590c92873abae2728596dae5ac8cce77,f59fa3c1a4a27f0132932fcbcbdc7b0ce8e11c8cc0bd114cd959ba3c2f0f7820,224,224,9ae666969a25e14e,4e6d83d879d26533,no
tomato_fresh_1058,train/P_fresh/tomato_fresh_1058.jpg,tomato_fresh,4,tomato,fresh,none,train,g0505,s0430,muhriddinmuxiddinov,Fruits_Vegetables_Dataset(12000)/Vegetables/FreshTomato/freshTomato (122).jpg,https://www.kaggle.com/datasets/muhriddinmuxiddinov/fruits-and-vegetables-dataset,2,publisher_fresh_rotten_folder+visual_review,none,not_annotated,ccc0c53c7bfee6aa31e0ea5552df02b947a7bd3466b6986cc81e8b6c30bc68d1,647de2ed0d86abece1249a31c417bb8ae42eaf2a80e7715c1b5e7f582dd995a7,832,624,80cdb35ac8b02fed,d170f6d3d319bccf,no
tomato_fresh_1059,train/P_fresh/tomato_fresh_1059.jpg,tomato_fresh,4,tomato,fresh,none,train,g0468,s0402,muhriddinmuxiddinov,Fruits_Vegetables_Dataset(12000)/Vegetables/FreshTomato/freshTomato (123).jpg,https://www.kaggle.com/datasets/muhriddinmuxiddinov/fruits-and-vegetables-dataset,2,publisher_fresh_rotten_folder+visual_review,none,not_annotated,5528cb399a7621ffc3b97420f0be51cf0ec2483adc76e9fd2f28d0d0018d529e,30a9602f5dc84a5703aa72bee703a4d8dde5ddf564f2c0090040ef996edaccbc,500,361,b4d292c99b39db21,0e0e0f3f2f1f160f,no
tomato_fresh_1060,train/P_fresh/tomato_fresh_1060.jpg,tomato_fresh,4,tomato,fresh,none,train,g0506,s0407,muhriddinmuxiddinov,Fruits_Vegetables_Dataset(12000)/Vegetables/FreshTomato/freshTomato (124).jpg,https://www.kaggle.com/datasets/muhriddinmuxiddinov/fruits-and-vegetables-dataset,2,publisher_fresh_rotten_folder+visual_review,none,not_annotated,2c0932d8b80153fdf96f8f1d13e33124b8fde5b46b3a07a23277b4c691edf472,e37290728ef87c952c38307935b42c240a894a05096ae2e8e8d7bdf3bb7f3da3,1000,1000,db872437f8692163,584cd11919589a91,no
tomato_fresh_1061,test/P_fresh/tomato_fresh_1061.jpg,tomato_fresh,4,tomato,fresh,none,test,g0507,s0431,muhriddinmuxiddinov,Fruits_Vegetables_Dataset(12000)/Vegetables/FreshTomato/freshTomato (125).jpg,https://www.kaggle.com/datasets/muhriddinmuxiddinov/fruits-and-vegetables-dataset,2,publisher_fresh_rotten_folder+visual_review,none,not_annotated,bc02517cff1ea48f2289a367c605eaf43c1d871141c24d580856900371c1a08f,403ab32110011cc510d8f3a4452d1e64af6f467a5e916c7df59bae43a6a92581,2144,1424,9cd4b8d3632ab3e0,743474765474971f,no
tomato_fresh_1062,train/P_fresh/tomato_fresh_1062.jpg,tomato_fresh,4,tomato,fresh,none,train,g0508,s0407,muhriddinmuxiddinov,Fruits_Vegetables_Dataset(12000)/Vegetables/FreshTomato/freshTomato (126).jpg,https://www.kaggle.com/datasets/muhriddinmuxiddinov/fruits-and-vegetables-dataset,2,publisher_fresh_rotten_folder+visual_review,none,not_annotated,b9765670e35c9eb6e1740f35720adf75b73bff061b441e62fb1b5fa4c914a92a,214053f14cce9d3282c6ab7785d5d62f804d9cd7388638b6479f6f8b5ae17ad1,600,600,b4da863d891c7e26,34552d92d61fa6f7,no
tomato_fresh_1063,test/P_fresh/tomato_fresh_1063.jpg,tomato_fresh,4,tomato,fresh,none,test,g0509,s0432,muhriddinmuxiddinov,Fruits_Vegetables_Dataset(12000)/Vegetables/FreshTomato/freshTomato (129).jpg,https://www.kaggle.com/datasets/muhriddinmuxiddinov/fruits-and-vegetables-dataset,2,publisher_fresh_rotten_folder+visual_review,none,not_annotated,8a0b2f5ceea36063e74876961d18db5d29b9c3a9e7f28f52e775e697d69ba7ba,6bdd02e4566ee841f043b90452afa20b416ae2df686c1a53dc0da6fc42015b0c,1200,949,875a74a9d6d45235,cc126868f3e3960c,no
tomato_fresh_1064,test/P_fresh/tomato_fresh_1064.jpg,tomato_fresh,4,tomato,fresh,none,test,g0510,s0433,muhriddinmuxiddinov,Fruits_Vegetables_Dataset(12000)/Vegetables/FreshTomato/freshTomato (130).jpg,https://www.kaggle.com/datasets/muhriddinmuxiddinov/fruits-and-vegetables-dataset,2,publisher_fresh_rotten_folder+visual_review,none,not_annotated,b79269eda99889f4abde41cc6d3235b67327f0a7771122dc9b2f4d434bc27afe,b1adf9954e745e2a932b1564aa638c0b597980e72541f8575da1c2fa88fd8429,3464,2309,a3e0de8f845a732c,304d8dddde4d6b7e,no
tomato_fresh_1065,valid/P_fresh/tomato_fresh_1065.jpg,tomato_fresh,4,tomato,fresh,none,val,g0511,s0434,muhriddinmuxiddinov,Fruits_Vegetables_Dataset(12000)/Vegetables/FreshTomato/freshTomato (132).jpg,https://www.kaggle.com/datasets/muhriddinmuxiddinov/fruits-and-vegetables-dataset,2,publisher_fresh_rotten_folder+visual_review,none,not_annotated,75c02f9a7d31da46e0e4fea5efcdaa7ac5cc9f98aff1fe250d4cca868d4b428f,d67c509d5168fec27cef5fc579ed38c8d4deb0b5b3718118f1564a5f5c1afc4c,1500,1125,bd9ec1780f2c9a31,21882f27131b1f0f,no
tomato_fresh_1066,test/P_fresh/tomato_fresh_1066.jpg,tomato_fresh,4,tomato,fresh,none,test,g0512,s0428,muhriddinmuxiddinov,Fruits_Vegetables_Dataset(12000)/Vegetables/FreshTomato/freshTomato (133).jpg,https://www.kaggle.com/datasets/muhriddinmuxiddinov/fruits-and-vegetables-dataset,2,publisher_fresh_rotten_folder+visual_review,none,not_annotated,0195aeccafdb4079498f87a720d6011f797ebf877ccad56b283f63b567a17db3,df326f91fe6d23fbf1650b702a417b9682d761ee608bb3f46a00a99b3e45b120,1280,887,fcbc910bc36b42a3,8036373737330b0c,no
tomato_fresh_1067,test/P_fresh/tomato_fresh_1067.jpg,tomato_fresh,4,tomato,fresh,none,test,g0513,s0435,muhriddinmuxiddinov,Fruits_Vegetables_Dataset(12000)/Vegetables/FreshTomato/freshTomato (134).jpg,https://www.kaggle.com/datasets/muhriddinmuxiddinov/fruits-and-vegetables-dataset,2,publisher_fresh_rotten_folder+visual_review,none,not_annotated,f86fb8620748f35b696c5ed9b05e5d0e385a6d6576af93a381671fe166a6720d,362d48284dd5cb99e6cfeaa6dba4816b208c763e65bf2ece32bf4f7a99e8d4e4,745,533,d2af6fc0b815811f,e26c5c9cac88c441,no
tomato_fresh_1068,test/P_fresh/tomato_fresh_1068.jpg,tomato_fresh,4,tomato,fresh,none,test,g0514,s0407,muhriddinmuxiddinov,Fruits_Vegetables_Dataset(12000)/Vegetables/FreshTomato/freshTomato (135).jpg,https://www.kaggle.com/datasets/muhriddinmuxiddinov/fruits-and-vegetables-dataset,2,publisher_fresh_rotten_folder+visual_review,none,not_annotated,e5171b68ad0c716f8a55782355c6ef8897b93e7b945ff42f6f6f6a39a48e5fae,4381374eb70fe26cb13ffaa07b7376013e66b75169b63d6e118930bae56ceea5,250,250,f28fd070c5f83c16,99c939d2c9ab898a,no
tomato_fresh_1069,valid/P_fresh/tomato_fresh_1069.jpg,tomato_fresh,4,tomato,fresh,none,val,g0515,s0436,muhriddinmuxiddinov,Fruits_Vegetables_Dataset(12000)/Vegetables/FreshTomato/freshTomato (136).jpg,https://www.kaggle.com/datasets/muhriddinmuxiddinov/fruits-and-vegetables-dataset,2,publisher_fresh_rotten_folder+visual_review,none,not_annotated,4187dcc1ddb40e454ea8442e2c6338b463a5da6934ab4ae2f54571890522861b,fe1aad9152aa8d0a19c5ff60313ccf6e8ea4534f558ec03ba57ace5df8aadee6,700,700,b2f0a8b09d6bdd48,9fad594e1c5dcb77,no
tomato_fresh_1070,test/P_fresh/tomato_fresh_1070.jpg,tomato_fresh,4,tomato,fresh,none,test,g0516,s0437,muhriddinmuxiddinov,Fruits_Vegetables_Dataset(12000)/Vegetables/FreshTomato/freshTomato (139).jpg,https://www.kaggle.com/datasets/muhriddinmuxiddinov/fruits-and-vegetables-dataset,2,publisher_fresh_rotten_folder+visual_review,none,not_annotated,7449edea328b56a43c17aafc967469dbc287421177eed1f8660aa6dbaca9e387,8aa228c9031a7e4bb20f0bf7c65b5bccae5f174f9084ba1c69cab655ce1af9b0,2008,3008,ea18d5a7851b16e6,aa35b9dbe74d2bc2,no
tomato_fresh_1071,valid/P_fresh/tomato_fresh_1071.jpg,tomato_fresh,4,tomato,fresh,none,val,g0517,s0438,muhriddinmuxiddinov,Fruits_Vegetables_Dataset(12000)/Vegetables/FreshTomato/freshTomato (14).jpg,https://www.kaggle.com/datasets/muhriddinmuxiddinov/fruits-and-vegetables-dataset,2,publisher_fresh_rotten_folder+visual_review,none,not_annotated,cfc679e49e0f006ebcf59bea7da44e9b8b47404bcacb13ba0044f73e130335ee,168a5d31cb50bad92e7431c87c7fb8bd4a1371d112d539224f0a6879138b9a5d,224,224,aba3199387076e3a,cb1b174f4c2c3332,no
tomato_fresh_1072,valid/P_fresh/tomato_fresh_1072.jpg,tomato_fresh,4,tomato,fresh,none,val,g0518,s0407,muhriddinmuxiddinov,Fruits_Vegetables_Dataset(12000)/Vegetables/FreshTomato/freshTomato (140).jpg,https://www.kaggle.com/datasets/muhriddinmuxiddinov/fruits-and-vegetables-dataset,2,publisher_fresh_rotten_folder+visual_review,none,not_annotated,d5363abe607c04a076f9422c9cf7b162dce7b2819487bdca073d82006d352fac,1485c289d6af144457904abc024525fc48621eae4deb4173b3cbf9b9ba8ccf14,1000,699,bd689c8543f9274a,54a5ab9bed5a3a58,no
tomato_fresh_1073,train/P_fresh/tomato_fresh_1073.jpg,tomato_fresh,4,tomato,fresh,none,train,g0519,s0407,muhriddinmuxiddinov,Fruits_Vegetables_Dataset(12000)/Vegetables/FreshTomato/freshTomato (141).jpg,https://www.kaggle.com/datasets/muhriddinmuxiddinov/fruits-and-vegetables-dataset,2,publisher_fresh_rotten_folder+visual_review,none,not_annotated,b3bdce03e639e70435eecc62004a22c6fb474899cc317907b1d774cfc7564198,be230fe9796221cbd4c31c7585f79369d37dc90077c92a841626a392affb20a1,1000,739,ced311263df90917,d86cf13266e76074,no
tomato_fresh_1074,train/P_fresh/tomato_fresh_1074.jpg,tomato_fresh,4,tomato,fresh,none,train,g0473,s0407,muhriddinmuxiddinov,Fruits_Vegetables_Dataset(12000)/Vegetables/FreshTomato/freshTomato (143).jpg,https://www.kaggle.com/datasets/muhriddinmuxiddinov/fruits-and-vegetables-dataset,2,publisher_fresh_rotten_folder+visual_review,none,not_annotated,a0d409a45c0d3a3733824d63488cc56df8ae6673e2b2250543a25563abd8c19b,22ac2aa9d5c58515f7187a0672e70b9f041745f0485c012c5dce4c03398cc54f,2990,2384,8299e72f5eb86115,eacd98b965c70dc5,no
tomato_fresh_1075,valid/P_fresh/tomato_fresh_1075.jpg,tomato_fresh,4,tomato,fresh,none,val,g0520,s0405,muhriddinmuxiddinov,Fruits_Vegetables_Dataset(12000)/Vegetables/FreshTomato/freshTomato (144).jpg,https://www.kaggle.com/datasets/muhriddinmuxiddinov/fruits-and-vegetables-dataset,2,publisher_fresh_rotten_folder+visual_review,none,not_annotated,19a5fe869879b870b2cef1c13408859afca9b1f5b7c20bc532443933a456d279,c09ba736180f345415e5959966d89848cfc25ae053cb85e7deda1689e4fe6564,800,800,8bc67ba82d877056,e6496ce7e7bb5919,no
tomato_fresh_1076,train/P_fresh/tomato_fresh_1076.jpg,tomato_fresh,4,tomato,fresh,none,train,g0521,s0439,muhriddinmuxiddinov,Fruits_Vegetables_Dataset(12000)/Vegetables/FreshTomato/freshTomato (145).jpg,https://www.kaggle.com/datasets/muhriddinmuxiddinov/fruits-and-vegetables-dataset,2,publisher_fresh_rotten_folder+visual_review,none,not_annotated,9a9930054adbb94dba99004f99602d01fa852c25a6eacab34324dca3ab63eb56,c51f2003f65ec09c0553bdcea1ca94c30d7391f723559d0fd90aa9882ab519db,948,710,d3b864cb184b671e,94bc9cd9f9c9cdcc,no
tomato_fresh_1077,valid/P_fresh/tomato_fresh_1077.jpg,tomato_fresh,4,tomato,fresh,none,val,g0522,s0440,muhriddinmuxiddinov,Fruits_Vegetables_Dataset(12000)/Vegetables/FreshTomato/freshTomato (146).jpg,https://www.kaggle.com/datasets/muhriddinmuxiddinov/fruits-and-vegetables-dataset,2,publisher_fresh_rotten_folder+visual_review,none,not_annotated,863a76e4b17fec725e86b478ac4c83c8537be592ab48003697521749e75ba5f3,7385093801fc507061f687239c18d09983ed3d009097e7c6acfc5d37d4cc435b,960,720,b4e45e598972e436,2426aeba3e3c1c28,no
tomato_fresh_1078,train/P_fresh/tomato_fresh_1078.jpg,tomato_fresh,4,tomato,fresh,none,train,g0519,s0407,muhriddinmuxiddinov,Fruits_Vegetables_Dataset(12000)/Vegetables/FreshTomato/freshTomato (147).jpg,https://www.kaggle.com/datasets/muhriddinmuxiddinov/fruits-and-vegetables-dataset,2,publisher_fresh_rotten_folder+visual_review,none,not_annotated,cce8eb1a4a53abcd6d749a85a6d27c017bfe2d2cc7f8e3a692240b5fde0c8cf8,7797509bffd4334c5fd1f8a44eaad1ae3f123c93584a0f5c940d3f92ce1b6744,1280,1800,9b0ce7d2671a194d,69e37519d0d9795b,no
tomato_fresh_1079,valid/P_fresh/tomato_fresh_1079.jpg,tomato_fresh,4,tomato,fresh,none,val,g0523,s0441,muhriddinmuxiddinov,Fruits_Vegetables_Dataset(12000)/Vegetables/FreshTomato/freshTomato (148).jpg,https://www.kaggle.com/datasets/muhriddinmuxiddinov/fruits-and-vegetables-dataset,2,publisher_fresh_rotten_folder+visual_review,none,not_annotated,97bf8a81fff0cf1b2e1e7459a48240fe868ec143848602b6abd51e2840a366ac,5fc68061d49173de3d923d204303f48b3bde205c884aaddb80c80cd2f9155d59,1200,628,bd2cd0e49333c0e7,1e37171b0e170e0e,no
tomato_fresh_1080,train/P_fresh/tomato_fresh_1080.jpg,tomato_fresh,4,tomato,fresh,none,train,g0463,s0397,muhriddinmuxiddinov,Fruits_Vegetables_Dataset(12000)/Vegetables/FreshTomato/freshTomato (15).jpg,https://www.kaggle.com/datasets/muhriddinmuxiddinov/fruits-and-vegetables-dataset,2,publisher_fresh_rotten_folder+visual_review,none,not_annotated,c38aeac1cab131d06e665d816cd9e7d0ab4ef789f1cd4662b80f7d5679d002d7,d189081d7887e981c9a958b279ddee0ed45d996d6a61dea1088e0341f4e68a4e,224,224,e56d9a969833634c,f0e6c79286c4e860,no
tomato_fresh_1081,train/P_fresh/tomato_fresh_1081.jpg,tomato_fresh,4,tomato,fresh,none,train,g0524,s0442,muhriddinmuxiddinov,Fruits_Vegetables_Dataset(12000)/Vegetables/FreshTomato/freshTomato (151).jpg,https://www.kaggle.com/datasets/muhriddinmuxiddinov/fruits-and-vegetables-dataset,2,publisher_fresh_rotten_folder+visual_review,none,not_annotated,97d97631e70bd8227f949f3b5a093a3cdbe8ad8bc11af2a748a3b387b97aa4d4,ae21b05174afc051155d597431beda91a03c40a8f01a49afce6819bd0ab82987,100,100,bf4ff4ea80a48385,073f7b3b5f3b179e,no
tomato_fresh_1082,train/P_fresh/tomato_fresh_1082.jpg,tomato_fresh,4,tomato,fresh,none,train,g0525,s0397,muhriddinmuxiddinov,Fruits_Vegetables_Dataset(12000)/Vegetables/FreshTomato/freshTomato (152).jpg,https://www.kaggle.com/datasets/muhriddinmuxiddinov/fruits-and-vegetables-dataset,2,publisher_fresh_rotten_folder+visual_review,none,not_annotated,b0c83aee3b1a0284a58a7b226624e7334dfec8cb7582e123aef84c0bade3321a,1d285e7a1a1d0eb6f1965aab56dc87adc93f2ac2e8783b6a77fa3b8eabc137b2,224,224,91c4e2f2c9f2ccc3,2afef6fafabc9fdf,no
tomato_fresh_1083,train/P_fresh/tomato_fresh_1083.jpg,tomato_fresh,4,tomato,fresh,none,train,g0524,s0442,muhriddinmuxiddinov,Fruits_Vegetables_Dataset(12000)/Vegetables/FreshTomato/freshTomato (153).jpg,https://www.kaggle.com/datasets/muhriddinmuxiddinov/fruits-and-vegetables-dataset,2,publisher_fresh_rotten_folder+visual_review,none,not_annotated,38e0d18da912c27ef2f04fe0c19d8f5af39bdd2dd623eb393f4d38b7f0c5a2e9,606851f063dffdbe679429bedc52d9a070762750eecfcac8a85cbca760b552ce,100,100,bb9ae1f8c5e08691,1f3b7d5f5f3f1f8f,no
tomato_fresh_1084,train/P_fresh/tomato_fresh_1084.jpg,tomato_fresh,4,tomato,fresh,none,train,g0463,s0397,muhriddinmuxiddinov,Fruits_Vegetables_Dataset(12000)/Vegetables/FreshTomato/freshTomato (157).jpg,https://www.kaggle.com/datasets/muhriddinmuxiddinov/fruits-and-vegetables-dataset,2,publisher_fresh_rotten_folder+visual_review,none,not_annotated,aef47f71ac0ec9f376c5331d9140e12f51a9da2a27cd20ad323227adbec0b457,224594421add294cabcbf2b1162cc0483585d61587c6791b4aeeb717dcf32747,224,224,88eaa6aa9999b595,fbe5f3bbbbdfff7f,no
tomato_fresh_1085,train/P_fresh/tomato_fresh_1085.jpg,tomato_fresh,4,tomato,fresh,none,train,g0463,s0397,muhriddinmuxiddinov,Fruits_Vegetables_Dataset(12000)/Vegetables/FreshTomato/freshTomato (158).jpg,https://www.kaggle.com/datasets/muhriddinmuxiddinov/fruits-and-vegetables-dataset,2,publisher_fresh_rotten_folder+visual_review,none,not_annotated,63223ac1c9f31ebe505f093b0a2c98f46bd44c47d90d4fcc4da69f4a3653eb42,e265c3821b60b8bba017f3ea6665c64c960a477b7ab6d12668ed321c34fb7d9d,224,224,bc9381c48fc8b769,e0bf3f3d3c34b732,no
tomato_fresh_1086,train/P_fresh/tomato_fresh_1086.jpg,tomato_fresh,4,tomato,fresh,none,train,g0463,s0397,muhriddinmuxiddinov,Fruits_Vegetables_Dataset(12000)/Vegetables/FreshTomato/freshTomato (159).jpg,https://www.kaggle.com/datasets/muhriddinmuxiddinov/fruits-and-vegetables-dataset,2,publisher_fresh_rotten_folder+visual_review,none,not_annotated,3258393f45ce5eb349ee4d7cb28da548df67923c909db737b0fb20599376cd70,a8737848de2e31b6e833cfd4d926ca5cb92def91450afe76f4fad05a2e9d2bb1,224,224,9f8dc0c9a4371d36,f4f87e7e7e7a48cc,no
tomato_fresh_1087,valid/P_fresh/tomato_fresh_1087.jpg,tomato_fresh,4,tomato,fresh,none,val,g0526,s0443,muhriddinmuxiddinov,Fruits_Vegetables_Dataset(12000)/Vegetables/FreshTomato/freshTomato (16).jpg,https://www.kaggle.com/datasets/muhriddinmuxiddinov/fruits-and-vegetables-dataset,2,publisher_fresh_rotten_folder+visual_review,none,not_annotated,bb87d27aabc46c9bc6888020b477221f492752cb4418ac0c5088facc60ae93f6,c05efbb1c1d44ed783c44ef6d8b1fccb9f85924f551ae8e10604273dfa5abe49,224,224,d355cc543333cccc,f0f0f0cccce0f0f0,no
tomato_fresh_1088,train/P_fresh/tomato_fresh_1088.jpg,tomato_fresh,4,tomato,fresh,none,train,g0463,s0397,muhriddinmuxiddinov,Fruits_Vegetables_Dataset(12000)/Vegetables/FreshTomato/freshTomato (162).jpg,https://www.kaggle.com/datasets/muhriddinmuxiddinov/fruits-and-vegetables-dataset,2,publisher_fresh_rotten_folder+visual_review,none,not_annotated,0e7d9ddb89739b43e7d13516fc25649a621319b79e12d56ca5d43da6cd1421ed,6b7c9c7fffdabf2fd806d211f089644372e53e4bdbc43cfa8d4ae0880fcd6ee5,224,224,aa95f1ccc1f1c6d0,fffdfdfde565bd99,no
tomato_fresh_1089,train/P_fresh/tomato_fresh_1089.jpg,tomato_fresh,4,tomato,fresh,none,train,g0463,s0397,muhriddinmuxiddinov,Fruits_Vegetables_Dataset(12000)/Vegetables/FreshTomato/freshTomato (167).jpg,https://www.kaggle.com/datasets/muhriddinmuxiddinov/fruits-and-vegetables-dataset,2,publisher_fresh_rotten_folder+visual_review,none,not_annotated,9211cc265fd7ec954c12c60513d1ce53291efecd963a208c0822e4cb9b58b2f5,40174e75e3975c473c8e9a41357a5a43eff265a0aa83714b258c55fd1d2e94e8,224,224,aa923e1ee1e03c1f,ffffbfdfdb7b7bfb,no
tomato_fresh_1090,train/P_fresh/tomato_fresh_1090.jpg,tomato_fresh,4,tomato,fresh,none,train,g0463,s0397,muhriddinmuxiddinov,Fruits_Vegetables_Dataset(12000)/Vegetables/FreshTomato/freshTomato (177).jpg,https://www.kaggle.com/datasets/muhriddinmuxiddinov/fruits-and-vegetables-dataset,2,publisher_fresh_rotten_folder+visual_review,none,not_annotated,8db1ad6cd0d6e4a246439d79871a8afd41a2b7a1e607cb7b15141a5071c207f1,cf4a693872778c27e7e422529331dc6f61854eb6c18c2be84b5f405326571fa5,224,224,b589c8e6cadaa685,f8fefefaececfeff,no
tomato_fresh_1091,train/P_fresh/tomato_fresh_1091.jpg,tomato_fresh,4,tomato,fresh,none,train,g0463,s0397,muhriddinmuxiddinov,Fruits_Vegetables_Dataset(12000)/Vegetables/FreshTomato/freshTomato (182).jpg,https://www.kaggle.com/datasets/muhriddinmuxiddinov/fruits-and-vegetables-dataset,2,publisher_fresh_rotten_folder+visual_review,none,not_annotated,b628440e7f5fdfebf1b5b3b4b415639ba3e62f5519b888c47c1b8397a80aa495,cb5d07e6e4e14942c66f451176cce6bd95d264745626a2f6110486487eb287fa,224,224,aaa6f5b9c5ccc8c0,fdedededb99dbdfd,no
tomato_fresh_1092,train/P_fresh/tomato_fresh_1092.jpg,tomato_fresh,4,tomato,fresh,none,train,g0463,s0397,muhriddinmuxiddinov,Fruits_Vegetables_Dataset(12000)/Vegetables/FreshTomato/freshTomato (185).jpg,https://www.kaggle.com/datasets/muhriddinmuxiddinov/fruits-and-vegetables-dataset,2,publisher_fresh_rotten_folder+visual_review,none,not_annotated,a0afd8e809fc38a6b210270190c4cb60f2ff8d6e22093f922f609e21db9c519b,a44a44841151e126a85f60e2b6dfcf1a69fff06f69c2610e34202d18e5a9845e,224,224,95954da477d999a0,fefef8d8ccecfff9,no
tomato_fresh_1093,train/P_fresh/tomato_fresh_1093.jpg,tomato_fresh,4,tomato,fresh,none,train,g0463,s0397,muhriddinmuxiddinov,Fruits_Vegetables_Dataset(12000)/Vegetables/FreshTomato/freshTomato (197).jpg,https://www.kaggle.com/datasets/muhriddinmuxiddinov/fruits-and-vegetables-dataset,2,publisher_fresh_rotten_folder+visual_review,none,not_annotated,f8d399ab014e906795e577d11177d6dfab9ac6008e1f32030bf3290946704089,aab7a79550e934d5bfeda3c28b5fed713e22b73e2b751a40afdc1d8d869ad311,224,224,aa95389cc7c5399c,ffffdfcb6b3b3bff,no
tomato_fresh_1094,train/P_fresh/tomato_fresh_1094.jpg,tomato_fresh,4,tomato,fresh,none,train,g0464,s0398,muhriddinmuxiddinov,Fruits_Vegetables_Dataset(12000)/Vegetables/FreshTomato/freshTomato (2).jpg,https://www.kaggle.com/datasets/muhriddinmuxiddinov/fruits-and-vegetables-dataset,2,publisher_fresh_rotten_folder+visual_review,none,not_annotated,98e0f31e97a25c39ce71ff33a54f83e257b97ce6585113846e46f8fca81d73ac,64fd992f060197138d0aba2d31ed2eaf173a745d2586d217a3884c081a194560,224,224,91a7e32f961e1b03,cec2d838d63b3bd0,no
tomato_fresh_1095,train/P_fresh/tomato_fresh_1095.jpg,tomato_fresh,4,tomato,fresh,none,train,g0463,s0397,muhriddinmuxiddinov,Fruits_Vegetables_Dataset(12000)/Vegetables/FreshTomato/freshTomato (201).jpg,https://www.kaggle.com/datasets/muhriddinmuxiddinov/fruits-and-vegetables-dataset,2,publisher_fresh_rotten_folder+visual_review,none,not_annotated,1fb8ea4e3c0da7619b8ca2b8805c412191346188dc74f5f1c394927ac98451ed,d6aea9a7c3e64cada5b43089a5de296ac6db2de47398b6e14203350b5b86b5e0,224,224,c6e61199cdb18bcc,e4ece4e6e3c9b9e8,no
tomato_fresh_1096,train/P_fresh/tomato_fresh_1096.jpg,tomato_fresh,4,tomato,fresh,none,train,g0463,s0397,muhriddinmuxiddinov,Fruits_Vegetables_Dataset(12000)/Vegetables/FreshTomato/freshTomato (202).jpg,https://www.kaggle.com/datasets/muhriddinmuxiddinov/fruits-and-vegetables-dataset,2,publisher_fresh_rotten_folder+visual_review,none,not_annotated,d648104aa8b6aacb8326792966d1740534ee285f18c4d65eccbe513c21bd38c6,fb610c3480d72782f238be8b4cf97d4037f1fdd6dfec5928de78e7c875de2014,224,224,e7e69899cc9489ca,c4cccdcec3db98e8,no
tomato_fresh_1097,train/P_fresh/tomato_fresh_1097.jpg,tomato_fresh,4,tomato,fresh,none,train,g0463,s0397,muhriddinmuxiddinov,Fruits_Vegetables_Dataset(12000)/Vegetables/FreshTomato/freshTomato (205).jpg,https://www.kaggle.com/datasets/muhriddinmuxiddinov/fruits-and-vegetables-dataset,2,publisher_fresh_rotten_folder+visual_review,none,not_annotated,9ba0f00dca5e40352838a98c5ac36e60a5b84d3e62a3fb3f26807d6acb178e0b,3ca661a6e7c469c858658fc8f2f4d36d26fe89d403e19e5eb2da2ba057e04404,224,224,aa93c21c3ce3c79c,f9f9c9d93971f1f1,no
tomato_fresh_1098,train/P_fresh/tomato_fresh_1098.jpg,tomato_fresh,4,tomato,fresh,none,train,g0463,s0397,muhriddinmuxiddinov,Fruits_Vegetables_Dataset(12000)/Vegetables/FreshTomato/freshTomato (207).jpg,https://www.kaggle.com/datasets/muhriddinmuxiddinov/fruits-and-vegetables-dataset,2,publisher_fresh_rotten_folder+visual_review,none,not_annotated,10453d3abeae146f36f4239f812712ba30009115982bbf1ffa583932af758831,bbbfd7671d820d2d34a9dc00a2028b82476a7fdb10f2c5b4c08ca7e0a368aec5,224,224,bf9280ed36137f10,f871787c76727278,no
tomato_fresh_1099,train/P_fresh/tomato_fresh_1099.jpg,tomato_fresh,4,tomato,fresh,none,train,g0463,s0397,muhriddinmuxiddinov,Fruits_Vegetables_Dataset(12000)/Vegetables/FreshTomato/freshTomato (210).jpg,https://www.kaggle.com/datasets/muhriddinmuxiddinov/fruits-and-vegetables-dataset,2,publisher_fresh_rotten_folder+visual_review,none,not_annotated,1a82bdef63b02ede5c3620acc61ba5cdd78b0ac94cafcbe9651c918e56db704f,eb87f0d61d2a956e0f0ce18d009ce2de01699f3945f8f1ca78da9d8e1afe6d69,224,224,9fde80a0ea81953f,f0787c707876f27b,no
tomato_fresh_1100,train/P_fresh/tomato_fresh_1100.jpg,tomato_fresh,4,tomato,fresh,none,train,g0463,s0397,muhriddinmuxiddinov,Fruits_Vegetables_Dataset(12000)/Vegetables/FreshTomato/freshTomato (216).jpg,https://www.kaggle.com/datasets/muhriddinmuxiddinov/fruits-and-vegetables-dataset,2,publisher_fresh_rotten_folder+visual_review,none,not_annotated,3c6f6afc3fcbd3ad9ea1cce9e8d92c16cde3ad0779e55896ed437210e383ae6b,856c993d8282528f7f228bc798f942808282c1d0125539827a71ba33734e7f06,224,224,b3e6cc9a34cd1998,ed4dce8e8d9d1b67,no
tomato_fresh_1101,train/P_fresh/tomato_fresh_1101.jpg,tomato_fresh,4,tomato,fresh,none,train,g0463,s0397,muhriddinmuxiddinov,Fruits_Vegetables_Dataset(12000)/Vegetables/FreshTomato/freshTomato (217).jpg,https://www.kaggle.com/datasets/muhriddinmuxiddinov/fruits-and-vegetables-dataset,2,publisher_fresh_rotten_folder+visual_review,none,not_annotated,2ee61eb618e0b744ae23ebc7d26ba7b6a9c5f4287d97c969c4d0e1639ac81887,514230f370e641fd5a529eceb5970f1cc42ba448e2e64018217280b3fbf73455,224,224,a3cd9eb6c99b9021,e54e4fcf8e8d8f5b,no
tomato_fresh_1102,train/P_fresh/tomato_fresh_1102.jpg,tomato_fresh,4,tomato,fresh,none,train,g0464,s0398,muhriddinmuxiddinov,Fruits_Vegetables_Dataset(12000)/Vegetables/FreshTomato/freshTomato (220).jpg,https://www.kaggle.com/datasets/muhriddinmuxiddinov/fruits-and-vegetables-dataset,2,publisher_fresh_rotten_folder+visual_review,none,not_annotated,d5ac31347dc9f9379c74d34cb79b756a648d9d62421ec358f8bf4712acdc5670,bb2afe4ea341640013ad359d338c21bbb9f792a989a46280cbcc6d80f6945846,224,224,99e09edb0e3c6263,32929693da9232f2,no
tomato_fresh_1103,valid/P_fresh/tomato_fresh_1103.jpg,tomato_fresh,4,tomato,fresh,none,val,g0527,s0444,muhriddinmuxiddinov,Fruits_Vegetables_Dataset(12000)/Vegetables/FreshTomato/freshTomato (222).jpg,https://www.kaggle.com/datasets/muhriddinmuxiddinov/fruits-and-vegetables-dataset,2,publisher_fresh_rotten_folder+visual_review,none,not_annotated,7637a66b02ab51b29955b1f7c25d75a2dda005991d257c68c63608dc7d3beff6,0c456e6d9f897e017e28580803590e6a602ead770738e8b1c5ed2282135d94b1,224,224,8aca24d734a7c74b,7db9f33d7979fba7,no
tomato_fresh_1104,train/P_fresh/tomato_fresh_1104.jpg,tomato_fresh,4,tomato,fresh,none,train,g0463,s0397,muhriddinmuxiddinov,Fruits_Vegetables_Dataset(12000)/Vegetables/FreshTomato/freshTomato (226).jpg,https://www.kaggle.com/datasets/muhriddinmuxiddinov/fruits-and-vegetables-dataset,2,publisher_fresh_rotten_folder+visual_review,none,not_annotated,cab852ae3d3e717a6c48357de671a7725d67a4dd30d10aa76417fa26beda9c4b,f6937e6248eb559062061b18f8255881e689b189a7209b97065760ea135dde2f,224,224,9fe0c21ff11ce107,ff7fbb377f37377f,no
tomato_fresh_1105,train/P_fresh/tomato_fresh_1105.jpg,tomato_fresh,4,tomato,fresh,none,train,g0528,s0445,muhriddinmuxiddinov,Fruits_Vegetables_Dataset(12000)/Vegetables/FreshTomato/freshTomato (229).jpg,https://www.kaggle.com/datasets/muhriddinmuxiddinov/fruits-and-vegetables-dataset,2,publisher_fresh_rotten_folder+visual_review,none,not_annotated,ba1c7b1e5d9b4663fa5d33a06c54d3612ffce575b8274fb69ee8c3dce43f40c1,044fcdca18abfc34197577c2a0e711888c23483f503ae26434b90e443dd70747,224,224,9f2962946564c3de,8d79793678783c49,no
tomato_fresh_1106,train/P_fresh/tomato_fresh_1106.jpg,tomato_fresh,4,tomato,fresh,none,train,g0466,s0400,muhriddinmuxiddinov,Fruits_Vegetables_Dataset(12000)/Vegetables/FreshTomato/freshTomato (232).jpg,https://www.kaggle.com/datasets/muhriddinmuxiddinov/fruits-and-vegetables-dataset,2,publisher_fresh_rotten_folder+visual_review,none,not_annotated,e96a65c714bb853749a2a6cbadf0558606cde000df23baa7e88501e8bc7582eb,198472c612c26401dc7f3f7e1d39802b238a0aeb44ac005e81a60613803c97ac,224,224,e5659a9a8c6d6532,f0c8c6c2e8f0e0f0,no
tomato_fresh_1107,train/P_fresh/tomato_fresh_1107.jpg,tomato_fresh,4,tomato,fresh,none,train,g0463,s0397,muhriddinmuxiddinov,Fruits_Vegetables_Dataset(12000)/Vegetables/FreshTomato/freshTomato (236).jpg,https://www.kaggle.com/datasets/muhriddinmuxiddinov/fruits-and-vegetables-dataset,2,publisher_fresh_rotten_folder+visual_review,none,not_annotated,e4a0884a5cd25990d5ac4fd1c3ad18d1a063d4dc15a8371b1cde5143873536d4,fff56ad5f1bc2925ad295776376ae1bfc6c95e45314d369ff4a68c828b135bf1,224,224,a68c9973669933cc,fdf5f6edcd4d4d75,no
tomato_fresh_1108,test/P_fresh/tomato_fresh_1108.jpg,tomato_fresh,4,tomato,fresh,none,test,g0529,s0446,muhriddinmuxiddinov,Fruits_Vegetables_Dataset(12000)/Vegetables/FreshTomato/freshTomato (237).jpg,https://www.kaggle.com/datasets/muhriddinmuxiddinov/fruits-and-vegetables-dataset,2,publisher_fresh_rotten_folder+visual_review,none,not_annotated,7d130bc46027788e3e708b50f1f6af677fe7f0ac97eb10d1b05fad007a9837c9,311a6ddb5d19896b2670ad80e6fb7707fe1274b07ceea10fa76be060e9025fc7,224,224,c0a2fa0959b9c3f6,9985ccf6e6d4b0b4,no
tomato_fresh_1109,train/P_fresh/tomato_fresh_1109.jpg,tomato_fresh,4,tomato,fresh,none,train,g0530,s0447,muhriddinmuxiddinov,Fruits_Vegetables_Dataset(12000)/Vegetables/FreshTomato/freshTomato (238).jpg,https://www.kaggle.com/datasets/muhriddinmuxiddinov/fruits-and-vegetables-dataset,2,publisher_fresh_rotten_folder+visual_review,none,not_annotated,bdcbcc9832a0435303bca11b655dd082c7a31ca566c47759f061e2b1b0ddfea7,31d49b0ec923dd7902746ec3630cb0e8fda2d22d004b6db4001690b3e44d27b7,224,224,a4a9db4cb1b2c596,7393d69626262988,no
tomato_fresh_1110,train/P_fresh/tomato_fresh_1110.jpg,tomato_fresh,4,tomato,fresh,none,train,g0463,s0397,muhriddinmuxiddinov,Fruits_Vegetables_Dataset(12000)/Vegetables/FreshTomato/freshTomato (239).jpg,https://www.kaggle.com/datasets/muhriddinmuxiddinov/fruits-and-vegetables-dataset,2,publisher_fresh_rotten_folder+visual_review,none,not_annotated,69d7c8bb016bf1d896ae08b384b71ef7e6f1c64fc18257dfe1dbaaf62fef7d2a,47e023f67efa890b17f969e623ca356078f90513ba0677a94a21ef613f93f8b6,224,224,cb94b54b96a54a53,fffdf9edf1f3f373,no
tomato_fresh_1111,test/P_fresh/tomato_fresh_1111.jpg,tomato_fresh,4,tomato,fresh,none,test,g0531,s0448,muhriddinmuxiddinov,Fruits_Vegetables_Dataset(12000)/Vegetables/FreshTomato/freshTomato (242).jpg,https://www.kaggle.com/datasets/muhriddinmuxiddinov/fruits-and-vegetables-dataset,2,publisher_fresh_rotten_folder+visual_review,none,not_annotated,133a43a8baba9e2a010a7ad602763dc0d98c69375378d83922efeab22e3f76fe,be1e001a11f31dfa0b89157761047622007fc2140cf1847027a54b8c19b279f4,224,224,a84b83a84bf1d597,db31529ba5b796f4,no
tomato_fresh_1112,valid/P_fresh/tomato_fresh_1112.jpg,tomato_fresh,4,tomato,fresh,none,val,g0532,s0449,muhriddinmuxiddinov,Fruits_Vegetables_Dataset(12000)/Vegetables/FreshTomato/freshTomato (245).jpg,https://www.kaggle.com/datasets/muhriddinmuxiddinov/fruits-and-vegetables-dataset,2,publisher_fresh_rotten_folder+visual_review,none,not_annotated,5b3b363b209376cc2a23a9bc6ce73d53fc61fe1c9134c201cc30a43cfb02858e,77960263b78a42b19058111ae629ebe93ee47d0dc00c0fd5e475c91dd7256963,224,224,f8d8c89853ce36c5,b193331b1a35b20d,no
tomato_fresh_1113,train/P_fresh/tomato_fresh_1113.jpg,tomato_fresh,4,tomato,fresh,none,train,g0463,s0397,muhriddinmuxiddinov,Fruits_Vegetables_Dataset(12000)/Vegetables/FreshTomato/freshTomato (248).jpg,https://www.kaggle.com/datasets/muhriddinmuxiddinov/fruits-and-vegetables-dataset,2,publisher_fresh_rotten_folder+visual_review,none,not_annotated,f7babb53c8c6a7d3ba2cb5cc0a6f68a91f410643ef2d7054d369952a8fdd65ae,f8d95d02af5baf3ea0584292b19801b605f484d3947ebc8dc5463618934ce42a,224,224,9fe0c71de284233e,fbf959b931737173,no
tomato_fresh_1114,test/P_fresh/tomato_fresh_1114.jpg,tomato_fresh,4,tomato,fresh,none,test,g0533,s0450,muhriddinmuxiddinov,Fruits_Vegetables_Dataset(12000)/Vegetables/FreshTomato/freshTomato (249).jpg,https://www.kaggle.com/datasets/muhriddinmuxiddinov/fruits-and-vegetables-dataset,2,publisher_fresh_rotten_folder+visual_review,none,not_annotated,823ae25f26c9993f3358ab8c718353c54efd0e9ff9f0f79d1f17cd920fe8e1b5,c824de4b78fd02ae0e2a6fe80c5711e2ac3aec7d0f42b256f30a8adcc39f6fec,224,224,a3b6a39e11da4369,ec8fcf381b450bcb,no
tomato_fresh_1115,train/P_fresh/tomato_fresh_1115.jpg,tomato_fresh,4,tomato,fresh,none,train,g0463,s0397,muhriddinmuxiddinov,Fruits_Vegetables_Dataset(12000)/Vegetables/FreshTomato/freshTomato (25).jpg,https://www.kaggle.com/datasets/muhriddinmuxiddinov/fruits-and-vegetables-dataset,2,publisher_fresh_rotten_folder+visual_review,none,not_annotated,64d0ae70d288818ebbd93f374e4e789ba3377dad760f315d5d5acebfb557201d,0110a41cd86f9b2064f775d35cb7fbe0c53019c19351717ef86a218639634685,224,224,e5df9b6125846299,000006c6c6c62000,no
tomato_fresh_1116,train/P_fresh/tomato_fresh_1116.jpg,tomato_fresh,4,tomato,fresh,none,train,g0534,s0451,muhriddinmuxiddinov,Fruits_Vegetables_Dataset(12000)/Vegetables/FreshTomato/freshTomato (253).jpg,https://www.kaggle.com/datasets/muhriddinmuxiddinov/fruits-and-vegetables-dataset,2,publisher_fresh_rotten_folder+visual_review,none,not_annotated,6af6430014cde7610474d9f012fc036a3d462691aa8a56e2140b2bf49bb24061,0560e18623c7bc084528a41f5f84489d8783b2c3c890a17535fd9052316cfc0d,224,224,b68db04d879639b2,5a7655656f652d4d,no
tomato_fresh_1117,train/P_fresh/tomato_fresh_1117.jpg,tomato_fresh,4,tomato,fresh,none,train,g0466,s0400,muhriddinmuxiddinov,Fruits_Vegetables_Dataset(12000)/Vegetables/FreshTomato/freshTomato (261).jpg,https://www.kaggle.com/datasets/muhriddinmuxiddinov/fruits-and-vegetables-dataset,2,publisher_fresh_rotten_folder+visual_review,none,not_annotated,924c78df0ba6386decad2dd97c3a1e7621e0375d76e23957f20ee8a3f9b701e1,91bd33e6744c8f81b9010b7764d31fb586bfa29184109729d7371d0c69c76bb6,224,224,e5649c98996b3393,f4e4cecae2f0f0f0,no
tomato_fresh_1118,train/P_fresh/tomato_fresh_1118.jpg,tomato_fresh,4,tomato,fresh,none,train,g0463,s0397,muhriddinmuxiddinov,Fruits_Vegetables_Dataset(12000)/Vegetables/FreshTomato/freshTomato (263).jpg,https://www.kaggle.com/datasets/muhriddinmuxiddinov/fruits-and-vegetables-dataset,2,publisher_fresh_rotten_folder+visual_review,none,not_annotated,f40dfe57659b6aa3381f7514ad30eff88a649ebc46475dd138681fb1dd754888,0e48d801bdefb1297b66767cb3c3a24c3e9f9b1efa3fca426cf5e622e977820d,224,224,cd1196955b666c99,e0f0e3c3d3c2e640,no
tomato_fresh_1119,test/P_fresh/tomato_fresh_1119.jpg,tomato_fresh,4,tomato,fresh,none,test,g0535,s0452,muhriddinmuxiddinov,Fruits_Vegetables_Dataset(12000)/Vegetables/FreshTomato/freshTomato (266).jpg,https://www.kaggle.com/datasets/muhriddinmuxiddinov/fruits-and-vegetables-dataset,2,publisher_fresh_rotten_folder+visual_review,none,not_annotated,7ce51dd01f56f40fe37f60f4f41c096bff11418c048872ca9c3194c3aecad0b6,9a522df8bbef15b8d396ec4d7c1f79fa64c9e0d8e23e968ff78fb0abd485c267,224,224,bcbe9c0f556c1889,343c3c26daf2e6d2,no
tomato_fresh_1120,train/P_fresh/tomato_fresh_1120.jpg,tomato_fresh,4,tomato,fresh,none,train,g0464,s0398,muhriddinmuxiddinov,Fruits_Vegetables_Dataset(12000)/Vegetables/FreshTomato/freshTomato (271).jpg,https://www.kaggle.com/datasets/muhriddinmuxiddinov/fruits-and-vegetables-dataset,2,publisher_fresh_rotten_folder+visual_review,none,not_annotated,148b80783fd74adb377e36447af4a75eda0a38782c04aa52d2086e7f207d9291,ff2cc7eefca6e29c29b492c0574a74420109d18cc7a6ab6950c6659b0657129e,224,224,adc747654219706f,c3663bbba7b373f6,no
tomato_fresh_1121,train/P_fresh/tomato_fresh_1121.jpg,tomato_fresh,4,tomato,fresh,none,train,g0536,s0453,muhriddinmuxiddinov,Fruits_Vegetables_Dataset(12000)/Vegetables/FreshTomato/freshTomato (280).jpg,https://www.kaggle.com/datasets/muhriddinmuxiddinov/fruits-and-vegetables-dataset,2,publisher_fresh_rotten_folder+visual_review,none,not_annotated,e3e5e39b5694b7f28dcced7321d548cd7567504da195060c49bfeeab8278c96e,2d8147f8126b2c9d63c833bbc520e2fcfc90e1f91a18a6060dd046ac30ad7878,1024,1022,c42a7a8d27d2067f,0c1acceee6e49004,no
tomato_fresh_1122,train/P_fresh/tomato_fresh_1122.jpg,tomato_fresh,4,tomato,fresh,none,train,g0463,s0397,muhriddinmuxiddinov,Fruits_Vegetables_Dataset(12000)/Vegetables/FreshTomato/freshTomato (37).jpg,https://www.kaggle.com/datasets/muhriddinmuxiddinov/fruits-and-vegetables-dataset,2,publisher_fresh_rotten_folder+visual_review,none,not_annotated,2f8b928af39704ebeec8ed2920e7c41594150b52c3192676256f4981a4bdb094,d2a9f9562257cb4455749d5994b190dc940973e94d74736ed57256d080f16f31,224,224,ed65919a72994936,0006434345239300,no
tomato_fresh_1123,train/P_fresh/tomato_fresh_1123.jpg,tomato_fresh,4,tomato,fresh,none,train,g0463,s0397,muhriddinmuxiddinov,Fruits_Vegetables_Dataset(12000)/Vegetables/FreshTomato/freshTomato (38).jpg,https://www.kaggle.com/datasets/muhriddinmuxiddinov/fruits-and-vegetables-dataset,2,publisher_fresh_rotten_folder+visual_review,none,not_annotated,9cc59457a22dcbb46cbca65c573c490bf22fc1d379c10130e61456a7c6ab3923,2cf056e8d34222fd4c2708181c958dda00aef6ec9d9ed68bcf0a7f6a9680aded,224,224,ea9394379b466a62,0023014141032601,no
tomato_fresh_1124,train/P_fresh/tomato_fresh_1124.jpg,tomato_fresh,4,tomato,fresh,none,train,g0537,s0454,muhriddinmuxiddinov,Fruits_Vegetables_Dataset(12000)/Vegetables/FreshTomato/freshTomato (4).jpg,https://www.kaggle.com/datasets/muhriddinmuxiddinov/fruits-and-vegetables-dataset,2,publisher_fresh_rotten_folder+visual_review,none,not_annotated,9854dd83e7fa3671a7988bed5039339dfeec0b7ca763eb46fdd2822abc0383c9,d8446ff1a88939738984c7f93047c8feee1c170f7c165f92b9004c3dbdac15f0,224,224,8badbc639918c371,3367c7e3cbc175b2,no
tomato_fresh_1125,train/P_fresh/tomato_fresh_1125.jpg,tomato_fresh,4,tomato,fresh,none,train,g0463,s0397,muhriddinmuxiddinov,Fruits_Vegetables_Dataset(12000)/Vegetables/FreshTomato/freshTomato (44).jpg,https://www.kaggle.com/datasets/muhriddinmuxiddinov/fruits-and-vegetables-dataset,2,publisher_fresh_rotten_folder+visual_review,none,not_annotated,e3675947fcb46a2aae8ca3b94de1896f104b5efd7be59a44460db7416299a7a7,c7fce401651a2f5da4964eed3bf967fac8c6a8342313890b36ceebe102a6e204,224,224,ef9f5e6158663018,0040444743430725,no
tomato_fresh_1126,train/P_fresh/tomato_fresh_1126.jpg,tomato_fresh,4,tomato,fresh,none,train,g0463,s0397,muhriddinmuxiddinov,Fruits_Vegetables_Dataset(12000)/Vegetables/FreshTomato/freshTomato (47).jpg,https://www.kaggle.com/datasets/muhriddinmuxiddinov/fruits-and-vegetables-dataset,2,publisher_fresh_rotten_folder+visual_review,none,not_annotated,a33c1fbb233a4dc245a2a1f1330340f31774f3e209c3a24245ee49a21a7d98bd,135f97e4ca383a8e9855fd121e703a4af63fc8bde2aac31eb37c5b5687ef36e5,224,224,e6f698c963b0cc4a,000c044647220000,no
tomato_fresh_1127,train/P_fresh/tomato_fresh_1127.jpg,tomato_fresh,4,tomato,fresh,none,train,g0463,s0397,muhriddinmuxiddinov,Fruits_Vegetables_Dataset(12000)/Vegetables/FreshTomato/freshTomato (49).jpg,https://www.kaggle.com/datasets/muhriddinmuxiddinov/fruits-and-vegetables-dataset,2,publisher_fresh_rotten_folder+visual_review,none,not_annotated,d0c204221f966708f4b451a1444eb00b8aa32a5f8ee2b6e2ef266b84fa859aa0,23e3713c86b20bc8f763cbaef102e1c1ba164a3e343ab0a95208c9aec7fc5f51,224,224,efff904a67914824,0040634367514140,no
tomato_fresh_1128,train/P_fresh/tomato_fresh_1128.png,tomato_fresh,4,tomato,fresh,none,train,g0538,s0455,muhriddinmuxiddinov,Fruits_Vegetables_Dataset(12000)/Vegetables/FreshTomato/freshTomato (5).png,https://www.kaggle.com/datasets/muhriddinmuxiddinov/fruits-and-vegetables-dataset,2,publisher_fresh_rotten_folder+visual_review,none,not_annotated,f7ae8293ff45fe35a058bc250684ae9358fdfbd84b1af0f9433b3189f94a2351,e185bdb6b9b5ff1d4f9fbbfd8ed80f4fcbad12414c8c0aa615b5347333f47412,2790,1735,fc82d225cb7dc234,2535313373333333,no
tomato_fresh_1129,test/P_fresh/tomato_fresh_1129.jpg,tomato_fresh,4,tomato,fresh,none,test,g0539,s0456,muhriddinmuxiddinov,Fruits_Vegetables_Dataset(12000)/Vegetables/FreshTomato/freshTomato (6).jpg,https://www.kaggle.com/datasets/muhriddinmuxiddinov/fruits-and-vegetables-dataset,2,publisher_fresh_rotten_folder+visual_review,none,not_annotated,4ab2ae78d8cc7b0b4d837894837d782473ef7d63670e9efd8ae9743f18331467,cd88394c5dabb165bef2948be021d37704766a781ae57e0cdfdca47a2424325c,224,224,aed2c49b19e526b1,58644d3b39446767,no
tomato_fresh_1130,train/P_fresh/tomato_fresh_1130.jpg,tomato_fresh,4,tomato,fresh,none,train,g0463,s0397,muhriddinmuxiddinov,Fruits_Vegetables_Dataset(12000)/Vegetables/FreshTomato/freshTomato (60).jpg,https://www.kaggle.com/datasets/muhriddinmuxiddinov/fruits-and-vegetables-dataset,2,publisher_fresh_rotten_folder+visual_review,none,not_annotated,56acae248829f8cc51e07310216f71e6786fca831b7f4762b021f768ee856ed0,9e1e746d534ae9d60cf84cbdf96c34c9a32a984183ef562139ae2303e77d9192,224,224,fefe9101a65b6d00,2021232161736061,no
tomato_fresh_1131,valid/P_fresh/tomato_fresh_1131.jpg,tomato_fresh,4,tomato,fresh,none,val,g0540,s0457,muhriddinmuxiddinov,Fruits_Vegetables_Dataset(12000)/Vegetables/FreshTomato/freshTomato (71).jpg,https://www.kaggle.com/datasets/muhriddinmuxiddinov/fruits-and-vegetables-dataset,2,publisher_fresh_rotten_folder+visual_review,none,not_annotated,659a8deb9296d0efd58ce4576dc8ee99bcecac006d1e16f965dbae60de13bc9d,da8932572da45e2871497295124f0e692662b7ef0bda460dc2d09a827d0ab493,1600,1064,a8d86d30dbc7c2c6,93b2e3ebbc9d6676,no
tomato_fresh_1132,test/P_fresh/tomato_fresh_1132.jpg,tomato_fresh,4,tomato,fresh,none,test,g0541,s0458,muhriddinmuxiddinov,Fruits_Vegetables_Dataset(12000)/Vegetables/FreshTomato/freshTomato (72).jpg,https://www.kaggle.com/datasets/muhriddinmuxiddinov/fruits-and-vegetables-dataset,2,publisher_fresh_rotten_folder+visual_review,none,not_annotated,dc7f8a763765251f3018b0a99a82f0f4badf4cff2a53d1a1ec5d39f391d60bc2,dfe5365ab5adaf93a4037d5195d99101545f7c05599be04ac4c26874b9b6b588,3353,2384,e8c1912dde5ecc2c,589a072b27232f3c,no
tomato_fresh_1133,test/P_fresh/tomato_fresh_1133.jpg,tomato_fresh,4,tomato,fresh,none,test,g0542,s0459,muhriddinmuxiddinov,Fruits_Vegetables_Dataset(12000)/Vegetables/FreshTomato/freshTomato (73).jpg,https://www.kaggle.com/datasets/muhriddinmuxiddinov/fruits-and-vegetables-dataset,2,publisher_fresh_rotten_folder+visual_review,none,not_annotated,651f1443339abd65b3c2f1e26a4adf89155d488f88baba2f1fb9405c0aa242db,d8fc8e1878d983a703d0d653653d1c4054464c2abfb4fcc7b5c75057a21f92c3,802,1200,f3ad31f1128fc909,0f1ec3659d8a0a9c,no
tomato_fresh_1134,train/P_fresh/tomato_fresh_1134.jpg,tomato_fresh,4,tomato,fresh,none,train,g0498,s0425,muhriddinmuxiddinov,Fruits_Vegetables_Dataset(12000)/Vegetables/FreshTomato/freshTomato (76).jpg,https://www.kaggle.com/datasets/muhriddinmuxiddinov/fruits-and-vegetables-dataset,2,publisher_fresh_rotten_folder+visual_review,none,not_annotated,9244696bef546171c08bc42ad3c36554410d6ff3b2683b7347eec8ea8f0dd0b1,4e3d204dc2d9bd9fa1ad77bbba36ccd8191bdaa8732ba2cadd6fd3b1f25e65fd,1800,1200,ea8bfdc4b03c3072,a1db49898d8d071f,no
tomato_fresh_1135,valid/P_fresh/tomato_fresh_1135.jpg,tomato_fresh,4,tomato,fresh,none,val,g0543,s0405,muhriddinmuxiddinov,Fruits_Vegetables_Dataset(12000)/Vegetables/FreshTomato/freshTomato (77).jpg,https://www.kaggle.com/datasets/muhriddinmuxiddinov/fruits-and-vegetables-dataset,2,publisher_fresh_rotten_folder+visual_review,none,not_annotated,aac483d4e32a4af80a280baeddd2e2ee12e77af108114559f8b3529eee3dc4de,17741e67318fa1b7efeaf3ddd65ba83d1034bcf4fa11860efb3110f1ca0ab4bb,1024,1120,a4ec7abca5d18a1a,3737d9c6cea8946d,no
tomato_fresh_1136,train/P_fresh/tomato_fresh_1136.jpg,tomato_fresh,4,tomato,fresh,none,train,g0544,s0407,muhriddinmuxiddinov,Fruits_Vegetables_Dataset(12000)/Vegetables/FreshTomato/freshTomato (78).jpg,https://www.kaggle.com/datasets/muhriddinmuxiddinov/fruits-and-vegetables-dataset,2,publisher_fresh_rotten_folder+visual_review,none,not_annotated,311e9628207cc74c9fd15993b99d4b6e42f1f9f066cce3b36d0c39c57057349f,5612f8acbf99e6c2360a49e874958f3e28b956d284970cc1d6a182c3471f37f1,800,600,95c67c8cdbce4a21,60e6e678daf27a18,no
tomato_fresh_1137,valid/P_fresh/tomato_fresh_1137.jpg,tomato_fresh,4,tomato,fresh,none,val,g0545,s0460,muhriddinmuxiddinov,Fruits_Vegetables_Dataset(12000)/Vegetables/FreshTomato/freshTomato (79).jpg,https://www.kaggle.com/datasets/muhriddinmuxiddinov/fruits-and-vegetables-dataset,2,publisher_fresh_rotten_folder+visual_review,none,not_annotated,c4c1155d5c3ac5a40e5f1841d1d1c9482b3a98e8b7bbb89a266c42e4d2058cc7,a78062e4e30e1cb4480ac17ecdddc9d2d56d6ba4529389143a56dd748b9c2c5f,1000,1000,d895a70e98721b4f,f1e25c98b03881c3,no
tomato_fresh_1138,valid/P_fresh/tomato_fresh_1138.jpg,tomato_fresh,4,tomato,fresh,none,val,g0546,s0461,muhriddinmuxiddinov,Fruits_Vegetables_Dataset(12000)/Vegetables/FreshTomato/freshTomato (8).jpg,https://www.kaggle.com/datasets/muhriddinmuxiddinov/fruits-and-vegetables-dataset,2,publisher_fresh_rotten_folder+visual_review,none,not_annotated,4c22fc5bb3c609ae5afe0be7e2aa6c12b74fa20f629c930021dcb5e70670f014,8f58a7559fafa231b830f0b8a02a7087bad0fa25dcda216c76ec0b73c86e9642,224,224,861839cf96af18b3,e9d54d6dedcd4b4d,no
tomato_fresh_1139,valid/P_fresh/tomato_fresh_1139.jpg,tomato_fresh,4,tomato,fresh,none,val,g0547,s0462,muhriddinmuxiddinov,Fruits_Vegetables_Dataset(12000)/Vegetables/FreshTomato/freshTomato (82).jpg,https://www.kaggle.com/datasets/muhriddinmuxiddinov/fruits-and-vegetables-dataset,2,publisher_fresh_rotten_folder+visual_review,none,not_annotated,d474f825ea7fd7a1234fb3d6a572e56bee4fdb1edb427e2d7dc214f8ff5e3209,bb6038bfddba97ff7ca0c090fc77e168cd4d8bf4356dbe553d5f59e62c17643e,960,1280,df08c6b58e936b44,741399787c1a4860,no
tomato_fresh_1140,train/P_fresh/tomato_fresh_1140.jpg,tomato_fresh,4,tomato,fresh,none,train,g0482,s0407,muhriddinmuxiddinov,Fruits_Vegetables_Dataset(12000)/Vegetables/FreshTomato/freshTomato (83).jpg,https://www.kaggle.com/datasets/muhriddinmuxiddinov/fruits-and-vegetables-dataset,2,publisher_fresh_rotten_folder+visual_review,none,not_annotated,cc125dfc13c86b2c038a36fa9cbe12bc43d02f69280a3139e5ea28bbf88132f8,9ad1052749813b84cf10960fa18c7d5eec32389ca4613d92c23bc22adb68e9b7,402,600,a58dc1d54b6a7a94,d2962f07260e9485,no
tomato_fresh_1141,valid/P_fresh/tomato_fresh_1141.jpg,tomato_fresh,4,tomato,fresh,none,val,g0548,s0463,muhriddinmuxiddinov,Fruits_Vegetables_Dataset(12000)/Vegetables/FreshTomato/freshTomato (84).jpg,https://www.kaggle.com/datasets/muhriddinmuxiddinov/fruits-and-vegetables-dataset,2,publisher_fresh_rotten_folder+visual_review,none,not_annotated,9bdf418013fac39504d1bb0a896f812f6d79531da745d27f266d7eb1efcc0afa,5cc01732414a51933eb3cf01c395a923fafedb6b88416f6c66a25a4b5b78b832,2329,3500,e2216b6b370c1d9e,cb8d34ae9d8b610c,no
tomato_fresh_1142,train/P_fresh/tomato_fresh_1142.jpg,tomato_fresh,4,tomato,fresh,none,train,g0482,s0407,muhriddinmuxiddinov,Fruits_Vegetables_Dataset(12000)/Vegetables/FreshTomato/freshTomato (85).jpg,https://www.kaggle.com/datasets/muhriddinmuxiddinov/fruits-and-vegetables-dataset,2,publisher_fresh_rotten_folder+visual_review,none,not_annotated,11a1f45316904b45208ae9c74dd426392ab139460bb863b093d7cef9244ccba7,a06dbcebccd1466cb685ded217eacae3f3fa1c1934c2a91822df2f0907f726d1,1000,1000,b5901dde391bc568,323e8e89ae664393,no
tomato_fresh_1143,test/P_fresh/tomato_fresh_1143.jpg,tomato_fresh,4,tomato,fresh,none,test,g0549,s0459,muhriddinmuxiddinov,Fruits_Vegetables_Dataset(12000)/Vegetables/FreshTomato/freshTomato (88).jpg,https://www.kaggle.com/datasets/muhriddinmuxiddinov/fruits-and-vegetables-dataset,2,publisher_fresh_rotten_folder+visual_review,none,not_annotated,8a007502c7460f1c94745f143a5e685a45a70ec9644548b2c76b635fb84c8844,450193330ed8c7d66fa9916b2b3b55f5b1ad3899172752471970ed6322770128,683,1024,fa0367baa22ee09c,4d1896153c102326,no
tomato_fresh_1144,valid/P_fresh/tomato_fresh_1144.jpg,tomato_fresh,4,tomato,fresh,none,val,g0550,s0464,muhriddinmuxiddinov,Fruits_Vegetables_Dataset(12000)/Vegetables/FreshTomato/freshTomato (89).jpg,https://www.kaggle.com/datasets/muhriddinmuxiddinov/fruits-and-vegetables-dataset,2,publisher_fresh_rotten_folder+visual_review,none,not_annotated,713b418de2297e2c21add042e664ec0a9d82eea1fbffc7261c170f285b138176,183acabbd1a977241673239bbc6df1e3d69b8ad3b7c0fc889f064afe2f6d7d86,3872,2592,d203379d82f37e88,ccd6a1e9b13014ad,no
tomato_fresh_1145,test/P_fresh/tomato_fresh_1145.jpg,tomato_fresh,4,tomato,fresh,none,test,g0551,s0465,muhriddinmuxiddinov,Fruits_Vegetables_Dataset(12000)/Vegetables/FreshTomato/freshTomato (90).jpg,https://www.kaggle.com/datasets/muhriddinmuxiddinov/fruits-and-vegetables-dataset,2,publisher_fresh_rotten_folder+visual_review,none,not_annotated,e6e139d04277512c3e080c50f7624003ad73b30caf1bd9c53d60b903524b4d45,fada46f2dd14e167a8b976382064a5698df87c9db6ce27d56f09c0204623193f,1000,1000,e081fe3e44559d3a,428bca8686b10303,no
tomato_fresh_1146,train/P_fresh/tomato_fresh_1146.jpg,tomato_fresh,4,tomato,fresh,none,train,g0501,s0407,muhriddinmuxiddinov,Fruits_Vegetables_Dataset(12000)/Vegetables/FreshTomato/freshTomato (92).jpg,https://www.kaggle.com/datasets/muhriddinmuxiddinov/fruits-and-vegetables-dataset,2,publisher_fresh_rotten_folder+visual_review,none,not_annotated,2ed5d19a4f73db152a321ecd86e86846a01566748f4d52cd7196c9abb2b0ee68,c62ba3a89c68cc6df9c81b6120a32fdaeee08908285cefa5e48b9e8b56bcf91d,1000,1000,d0c02e4bbdfd9780,b1918c1a981983ae,no
tomato_fresh_1147,valid/P_fresh/tomato_fresh_1147.jpg,tomato_fresh,4,tomato,fresh,none,val,g0552,s0407,muhriddinmuxiddinov,Fruits_Vegetables_Dataset(12000)/Vegetables/FreshTomato/freshTomato (93).jpg,https://www.kaggle.com/datasets/muhriddinmuxiddinov/fruits-and-vegetables-dataset,2,publisher_fresh_rotten_folder+visual_review,none,not_annotated,155d1196168416b68ea09d118591030145726f8b0d0cf557120a5ec91ce2419b,2ad4bae4bdbf2b689bc1a54b2559efc51dc6dc6588ad7a54063813e065e1a17f,3000,1995,d26239f3d24ca6b1,4c90a365dc5c737c,no
tomato_fresh_1148,train/P_fresh/tomato_fresh_1148.jpg,tomato_fresh,4,tomato,fresh,none,train,g0553,s0466,muhriddinmuxiddinov,Fruits_Vegetables_Dataset(12000)/Vegetables/FreshTomato/freshTomato (94).jpg,https://www.kaggle.com/datasets/muhriddinmuxiddinov/fruits-and-vegetables-dataset,2,publisher_fresh_rotten_folder+visual_review,none,not_annotated,853e33656af587d26e7594b41ed0a387eae1a1801dce22155cbc41358903f66a,48c4c5a45b0c7fcc23f0c3f43837c042f87e984b2e6d4da42174dca46622cb99,960,640,e656e3291521b979,ccedece022038f0f,no
tomato_fresh_1149,valid/P_fresh/tomato_fresh_1149.jpg,tomato_fresh,4,tomato,fresh,none,val,g0554,s0467,muhriddinmuxiddinov,Fruits_Vegetables_Dataset(12000)/Vegetables/FreshTomato/freshTomato (95).jpg,https://www.kaggle.com/datasets/muhriddinmuxiddinov/fruits-and-vegetables-dataset,2,publisher_fresh_rotten_folder+visual_review,none,not_annotated,ed2c1328ed54885c850151d450d4e67cd2826a10de00ea1b4b2217c6e132ea1f,d44a8beddc7d1deb62c085b4e1153ffd4574bf423faaa725b70e68c6eb57577e,800,710,bdd265d89f846485,1c1a266c792d1646,no
tomato_fresh_1150,test/P_fresh/tomato_fresh_1150.jpg,tomato_fresh,4,tomato,fresh,none,test,g0555,s0468,muhriddinmuxiddinov,Fruits_Vegetables_Dataset(12000)/Vegetables/FreshTomato/freshTomato (96).jpg,https://www.kaggle.com/datasets/muhriddinmuxiddinov/fruits-and-vegetables-dataset,2,publisher_fresh_rotten_folder+visual_review,none,not_annotated,3b0e91b41e58e88dc0247fa0e5882552188cce85c45def531fc4cf5fca6f832f,6f62e945a241f7c0e11a5ef61c7981a23b10d662c0c8ddd7f0a38438930cdf63,1072,1706,dbe5fd9425c12107,d221c9c869e9e979,no
tomato_fresh_1151,test/P_fresh/tomato_fresh_1151.jpg,tomato_fresh,4,tomato,fresh,none,test,g0556,s0469,muhriddinmuxiddinov,Fruits_Vegetables_Dataset(12000)/Vegetables/FreshTomato/freshTomato (99).jpg,https://www.kaggle.com/datasets/muhriddinmuxiddinov/fruits-and-vegetables-dataset,2,publisher_fresh_rotten_folder+visual_review,none,not_annotated,1844c19c7f50d0989d209c3cb991f55d790d0de445559449817ec0ccb6cb82e8,7c9c526f6e3dc09277af9a2a82e8acc98a34a4ec96a581f31f29dd510145ed3e,1160,774,94d01a6562b57577,e5f59c8ecec66e79,no
tomato_rotten_0500,train/N_rotten/tomato_rotten_0500.jpeg,tomato_rotten,5,tomato,rotten,not_subtyped,train,g0557,s0398,muhriddinmuxiddinov,Fruits_Vegetables_Dataset(12000)/Vegetables/RottenTomato/rottenTomato (1).jpeg,https://www.kaggle.com/datasets/muhriddinmuxiddinov/fruits-and-vegetables-dataset,2,publisher_fresh_rotten_folder+visual_review,none,not_annotated,8788e1c3a9d5f54380c41a34dfa3b89ec42fa10cab15b8bc44eb839d20b58264,e0b30ea069ba609e1d051b35dc897fe0108df38154e29a5cbe603d4aba29da0f,966,966,bd5ad661d81c4e23,381c2fb7d7531e3c,yes
tomato_rotten_0501,train/N_rotten/tomato_rotten_0501.jpg,tomato_rotten,5,tomato,rotten,not_subtyped,train,g0558,s0470,muhriddinmuxiddinov,Fruits_Vegetables_Dataset(12000)/Vegetables/RottenTomato/rottenTomato (104).jpg,https://www.kaggle.com/datasets/muhriddinmuxiddinov/fruits-and-vegetables-dataset,2,publisher_fresh_rotten_folder+visual_review,none,not_annotated,4635fd7da60a90cb58f017a65108dd23bba200027cc3c1c0322be4c82fee812e,22939b34fedd3024514e3193d6846f04337815b96f15ed268bec766e62dc9c93,135,139,afd2f038840f8f6c,dc8f6b73271b1707,yes
tomato_rotten_0502,train/N_rotten/tomato_rotten_0502.jpg,tomato_rotten,5,tomato,rotten,not_subtyped,train,g0559,s0471,muhriddinmuxiddinov,Fruits_Vegetables_Dataset(12000)/Vegetables/RottenTomato/rottenTomato (135).jpg,https://www.kaggle.com/datasets/muhriddinmuxiddinov/fruits-and-vegetables-dataset,2,publisher_fresh_rotten_folder+visual_review,none,not_annotated,8944c3143b066cbd875301469824d959dda3281909fdc76bdedc6981e1cddc3d,4e0cbd397786c9203d4b943a80402649c23049f8077885700ca25f70e9955131,199,245,ffa1805e9fe818a1,2ccf1b2c78348766,yes
tomato_rotten_0504,train/N_rotten/tomato_rotten_0504.jpg,tomato_rotten,5,tomato,rotten,not_subtyped,train,g0560,s0472,muhriddinmuxiddinov,Fruits_Vegetables_Dataset(12000)/Vegetables/RottenTomato/rottenTomato (178).jpg,https://www.kaggle.com/datasets/muhriddinmuxiddinov/fruits-and-vegetables-dataset,2,publisher_fresh_rotten_folder+visual_review,none,not_annotated,dabe3a034b7458a9fb6e1e1105b44edfd45bae9de61465e3198aceed700a6ebb,247dac1edaac249c8d251ef6f7954b235a666e12de3224bd38d772cffc63f33f,236,282,aad4f1c2d19ba49c,cd07677333275b1f,yes
tomato_rotten_0506,train/N_rotten/tomato_rotten_0506.jpg,tomato_rotten,5,tomato,rotten,not_subtyped,train,g0561,s0397,muhriddinmuxiddinov,Fruits_Vegetables_Dataset(12000)/Vegetables/RottenTomato/rottenTomato (185).jpg,https://www.kaggle.com/datasets/muhriddinmuxiddinov/fruits-and-vegetables-dataset,2,publisher_fresh_rotten_folder+visual_review,none,not_annotated,da26d2ff46b96bff998a688194b86777988f44cbcceb99009af1ba73a0cf4662,08338b327026ee0e65546932ea31720c903d25b61ec38cef1525774b3c286a1c,224,224,c4b93bccc8c73839,ffffefe7a5e7e72b,yes
tomato_rotten_0507,train/N_rotten/tomato_rotten_0507.jpg,tomato_rotten,5,tomato,rotten,not_subtyped,train,g0561,s0397,muhriddinmuxiddinov,Fruits_Vegetables_Dataset(12000)/Vegetables/RottenTomato/rottenTomato (200).jpg,https://www.kaggle.com/datasets/muhriddinmuxiddinov/fruits-and-vegetables-dataset,2,publisher_fresh_rotten_folder+visual_review,none,not_annotated,4032dc3de0d2822c8a2a44fc88b1ca2abf1e46054019c94482de9e104b13b9fd,ee2eb76e84f57a114706600d755983d07326c3beb1782969fd90ae614ca25737,224,224,9bd0649bd3c4c8f2,183bb3fb797b3fcf,yes
tomato_rotten_0508,train/N_rotten/tomato_rotten_0508.jpg,tomato_rotten,5,tomato,rotten,not_subtyped,train,g0561,s0397,muhriddinmuxiddinov,Fruits_Vegetables_Dataset(12000)/Vegetables/RottenTomato/rottenTomato (202).jpg,https://www.kaggle.com/datasets/muhriddinmuxiddinov/fruits-and-vegetables-dataset,2,publisher_fresh_rotten_folder+visual_review,none,not_annotated,64c498c73e2f91efb092892e921ba854ea3327b237a22fbc739c16334304ced0,594562396949f177563efe346228db95c463b5bd43551ec26205e265493d6c20,224,224,c6853b3cc8e4c7c3,b7cfe7e7e5e71f0b,yes
tomato_rotten_0509,train/N_rotten/tomato_rotten_0509.jpg,tomato_rotten,5,tomato,rotten,not_subtyped,train,g0562,s0473,muhriddinmuxiddinov,Fruits_Vegetables_Dataset(12000)/Vegetables/RottenTomato/rottenTomato (207).jpg,https://www.kaggle.com/datasets/muhriddinmuxiddinov/fruits-and-vegetables-dataset,2,publisher_fresh_rotten_folder+visual_review,none,not_annotated,4d09e1a9220a23aa068c5a3ff7015c78dd04a86e544756dbfaa5d45cfce49d9d,f09cf1d2983bcd1323fe95736ce311e6b007fa8ca6836137a650367ee9dd190d,108,95,beb0d00acbe98f25,9d0e0f133f7f078e,yes
tomato_rotten_0510,valid/N_rotten/tomato_rotten_0510.jpg,tomato_rotten,5,tomato,rotten,not_subtyped,val,g0563,s0474,muhriddinmuxiddinov,Fruits_Vegetables_Dataset(12000)/Vegetables/RottenTomato/rottenTomato (212).jpg,https://www.kaggle.com/datasets/muhriddinmuxiddinov/fruits-and-vegetables-dataset,2,publisher_fresh_rotten_folder+visual_review,none,not_annotated,f29b7e84dee2e9aa4e685e8259fa9c1abf75b68ba538c90120bbe101b8faa805,2587c81b813a2ae8ca8e664b6ff71ba6cd1d92f924cbb4827c5f2f24b2d4b694,336,313,ba81f5f290c6938b,0e3371693d1b071f,yes
tomato_rotten_0511,train/N_rotten/tomato_rotten_0511.jpg,tomato_rotten,5,tomato,rotten,not_subtyped,train,g0561,s0397,muhriddinmuxiddinov,Fruits_Vegetables_Dataset(12000)/Vegetables/RottenTomato/rottenTomato (214).jpg,https://www.kaggle.com/datasets/muhriddinmuxiddinov/fruits-and-vegetables-dataset,2,publisher_fresh_rotten_folder+visual_review,none,not_annotated,abad76296373454083878bce244c47ffcf3f836a6ed0a6347953d7f48492880f,98e4fd1a6b7651aeb64d06c48f5a3c3f371a68306c2357b5009bb27739ed063e,224,224,8e863138cdc1eece,ffef65e565691b27,yes
tomato_rotten_0514,test/N_rotten/tomato_rotten_0514.jpg,tomato_rotten,5,tomato,rotten,not_subtyped,test,g0564,s0475,muhriddinmuxiddinov,Fruits_Vegetables_Dataset(12000)/Vegetables/RottenTomato/rottenTomato (226).jpg,https://www.kaggle.com/datasets/muhriddinmuxiddinov/fruits-and-vegetables-dataset,2,publisher_fresh_rotten_folder+visual_review,none,not_annotated,fc13b0f664db0665d779af89891ebeb71f8930f96b71a511670303e17a3a8af0,6d289206efad22ced11109b0203ff5dbb00c18f4b2c6017922f1676fe9bf7730,213,147,bfd3c00dc12ccf32,428d0f170f2f371f,yes
tomato_rotten_0517,test/N_rotten/tomato_rotten_0517.jpg,tomato_rotten,5,tomato,rotten,not_subtyped,test,g0565,s0476,muhriddinmuxiddinov,Fruits_Vegetables_Dataset(12000)/Vegetables/RottenTomato/rottenTomato (247).jpg,https://www.kaggle.com/datasets/muhriddinmuxiddinov/fruits-and-vegetables-dataset,2,publisher_fresh_rotten_folder+visual_review,none,not_annotated,d9e3986ec29ccdf0cbb502e7a46a450734542b6bea21f0053e437c5084526abd,22d6fbddcb35bff3c26ccfc61bb7d14ad95257d23cdecb056dd7fcee9ee94996,185,158,bec4c43b93d88e8c,c6063719393b1f0f,yes
tomato_rotten_0519,train/N_rotten/tomato_rotten_0519.jpg,tomato_rotten,5,tomato,rotten,not_subtyped,train,g0463,s0397,muhriddinmuxiddinov,Fruits_Vegetables_Dataset(12000)/Vegetables/RottenTomato/rottenTomato (252).jpg,https://www.kaggle.com/datasets/muhriddinmuxiddinov/fruits-and-vegetables-dataset,2,publisher_fresh_rotten_folder+visual_review,none,not_annotated,6dcffb43af312f69e793711301ef0ac46f9010a3fb13963965bd754831b0ccfc,66cea6f00f68fc7e9395a1a167fa4b8680f6f22c037b1fbb39a1cd46ba6b17b9,224,224,b6c9d2f2caa2aa2a,3970fbf7ff3f0f1e,yes
tomato_rotten_0520,train/N_rotten/tomato_rotten_0520.jpg,tomato_rotten,5,tomato,rotten,not_subtyped,train,g0566,s0477,muhriddinmuxiddinov,Fruits_Vegetables_Dataset(12000)/Vegetables/RottenTomato/rottenTomato (255).jpg,https://www.kaggle.com/datasets/muhriddinmuxiddinov/fruits-and-vegetables-dataset,2,publisher_fresh_rotten_folder+visual_review,none,not_annotated,4618383596be648de6e64c4eb34dd8cf5e7895c82a7a77ab22d2ef021ad07d25,eb5ca6fee816178a293b7f65c5554f93e07f7832773e833e99f7acf0eb400969,164,201,ab81f5cbc2168f2c,890b2fd99b1b0f0f,yes
tomato_rotten_0521,train/N_rotten/tomato_rotten_0521.jpg,tomato_rotten,5,tomato,rotten,not_subtyped,train,g0463,s0397,muhriddinmuxiddinov,Fruits_Vegetables_Dataset(12000)/Vegetables/RottenTomato/rottenTomato (267).jpg,https://www.kaggle.com/datasets/muhriddinmuxiddinov/fruits-and-vegetables-dataset,2,publisher_fresh_rotten_folder+visual_review,none,not_annotated,39a8c6b34a50486fc57a43b8f9ded2c1d90cfbde63eee307ce11e8c60158e066,aa189e760c939f37a083b3006721f7043bf46270b574487b00366243daaeb2ef,224,224,86c239f8ccc6c3f1,21dfc9e5e7e7ef3f,yes
tomato_rotten_0522,train/N_rotten/tomato_rotten_0522.jpg,tomato_rotten,5,tomato,rotten,not_subtyped,train,g0463,s0397,muhriddinmuxiddinov,Fruits_Vegetables_Dataset(12000)/Vegetables/RottenTomato/rottenTomato (271).jpg,https://www.kaggle.com/datasets/muhriddinmuxiddinov/fruits-and-vegetables-dataset,2,publisher_fresh_rotten_folder+visual_review,none,not_annotated,d78a1ca405ce65fd1d40282da3de404e6983643f4c5b08fd3b0a51b931f0b4d0,7d085b882fc20a5ef5df01b8b4b13d75e1c5ca5509321c5c157dada2bbb320eb,224,224,9ada6565656c6626,3b3939391b7f7f7f,yes
tomato_rotten_0523,valid/N_rotten/tomato_rotten_0523.jpg,tomato_rotten,5,tomato,rotten,not_subtyped,val,g0567,s0478,muhriddinmuxiddinov,Fruits_Vegetables_Dataset(12000)/Vegetables/RottenTomato/rottenTomato (28).jpg,https://www.kaggle.com/datasets/muhriddinmuxiddinov/fruits-and-vegetables-dataset,2,publisher_fresh_rotten_folder+visual_review,none,not_annotated,8efb222954663f6b2ef85522d5069f3dbe14270ce53ac021e03db2a4adfe712c,dd9f86abc2a2c6ce24fb6578d9e0bf385cac96f21beb131d87251c9eac4ef495,262,193,920e79ac4db16e87,ffe9cccccc8d9d48,yes
tomato_rotten_0524,train/N_rotten/tomato_rotten_0524.jpg,tomato_rotten,5,tomato,rotten,not_subtyped,train,g0463,s0397,muhriddinmuxiddinov,Fruits_Vegetables_Dataset(12000)/Vegetables/RottenTomato/rottenTomato (281).jpg,https://www.kaggle.com/datasets/muhriddinmuxiddinov/fruits-and-vegetables-dataset,2,publisher_fresh_rotten_folder+visual_review,none,not_annotated,2cbbf4abd617e3209de773924b1e2f808eb5e37d193fad42a1216938eaa81aca,e71e88529728513cfcbf169548a1bdb842172533479362292211580fb651bc62,224,224,b5954a4ab3adb494,9b350e0e0e46272f,yes
tomato_rotten_0525,train/N_rotten/tomato_rotten_0525.jpg,tomato_rotten,5,tomato,rotten,not_subtyped,train,g0463,s0397,muhriddinmuxiddinov,Fruits_Vegetables_Dataset(12000)/Vegetables/RottenTomato/rottenTomato (283).jpg,https://www.kaggle.com/datasets/muhriddinmuxiddinov/fruits-and-vegetables-dataset,2,publisher_fresh_rotten_folder+visual_review,none,not_annotated,9ecfbb682c3c3a1c5bc73a7b32bab66ad34b05129b8cd40d6f32242f3fc8228c,f0e381ea66c68814f6d039d8c6ccc8893d5af14c0820361413e5c238da77d3d7,224,224,b5954a4a92aba5b5,132e0e0f8e46373f,yes
tomato_rotten_0526,train/N_rotten/tomato_rotten_0526.jpg,tomato_rotten,5,tomato,rotten,not_subtyped,train,g0568,s0479,muhriddinmuxiddinov,Fruits_Vegetables_Dataset(12000)/Vegetables/RottenTomato/rottenTomato (286).jpg,https://www.kaggle.com/datasets/muhriddinmuxiddinov/fruits-and-vegetables-dataset,2,publisher_fresh_rotten_folder+visual_review,none,not_annotated,bb2ab35a7c66366853611f79dbb9c32b0f4ab31f225c6be2db1c0f74ddc4da7b,aab34d140fc5477632fc5eea7fcd944f9d1841caad68b460c18d7ca491f27fe0,280,263,af94d44a914bce2d,1d1e6b0b0b47030f,yes
tomato_rotten_0527,train/N_rotten/tomato_rotten_0527.jpg,tomato_rotten,5,tomato,rotten,not_subtyped,train,g0463,s0397,muhriddinmuxiddinov,Fruits_Vegetables_Dataset(12000)/Vegetables/RottenTomato/rottenTomato (290).jpg,https://www.kaggle.com/datasets/muhriddinmuxiddinov/fruits-and-vegetables-dataset,2,publisher_fresh_rotten_folder+visual_review,none,not_annotated,eac335bdaed18ec421f7aa4fa926e3d9f74415ef947095f60740f5e9cac9737f,ed2ea0fcf7d13d1f8686d2a44bc002a1d314671ae908394a6e4ce1d157c93255,224,224,9bc96466d29b896c,bbb73379291f1f3f,yes
tomato_rotten_0528,train/N_rotten/tomato_rotten_0528.jpg,tomato_rotten,5,tomato,rotten,not_subtyped,train,g0559,s0471,muhriddinmuxiddinov,Fruits_Vegetables_Dataset(12000)/Vegetables/RottenTomato/rottenTomato (305).jpg,https://www.kaggle.com/datasets/muhriddinmuxiddinov/fruits-and-vegetables-dataset,2,publisher_fresh_rotten_folder+visual_review,none,not_annotated,46bdf5f0cf2c24ba240c29aefb4cf37399a91398ee4e0009bdcbe95ee87b41ab,a6249ddd73fe35143de64de41cc7f78ce7083fd7228c2ab03edf91d17f4e8854,199,245,ffa1805e9fe818a1,2ccf1b2c78348766,yes
tomato_rotten_0529,train/N_rotten/tomato_rotten_0529.jpg,tomato_rotten,5,tomato,rotten,not_subtyped,train,g0463,s0397,muhriddinmuxiddinov,Fruits_Vegetables_Dataset(12000)/Vegetables/RottenTomato/rottenTomato (319).jpg,https://www.kaggle.com/datasets/muhriddinmuxiddinov/fruits-and-vegetables-dataset,2,publisher_fresh_rotten_folder+visual_review,none,not_annotated,e8db054f88ce6a42eccc34beae53b332c4f0363a187156cdf913b2726e6f205d,78e71bcfc0d6f09ea7db2f7c0ef74e75a10d7d3eee0eb6965d169da4256d7b0b,224,224,959598a4999b65b9,fcfcfafaeee6ee79,yes
tomato_rotten_0530,train/N_rotten/tomato_rotten_0530.jpg,tomato_rotten,5,tomato,rotten,not_subtyped,train,g0569,s0480,muhriddinmuxiddinov,Fruits_Vegetables_Dataset(12000)/Vegetables/RottenTomato/rottenTomato (32).jpg,https://www.kaggle.com/datasets/muhriddinmuxiddinov/fruits-and-vegetables-dataset,2,publisher_fresh_rotten_folder+visual_review,none,not_annotated,9a3fc169b5dcd73a6d982c8022f848e2cb64818e8a7d9bb733f06ce6ed28d4b3,c8d57df76071de051ef090e4e55859cba60a2ad441df1cbe7fa40e3cf1f58137,100,100,bab4add89170e4c6,1f33cd8ce1b10767,yes
tomato_rotten_0531,train/N_rotten/tomato_rotten_0531.jpg,tomato_rotten,5,tomato,rotten,not_subtyped,train,g0561,s0397,muhriddinmuxiddinov,Fruits_Vegetables_Dataset(12000)/Vegetables/RottenTomato/rottenTomato (331).jpg,https://www.kaggle.com/datasets/muhriddinmuxiddinov/fruits-and-vegetables-dataset,2,publisher_fresh_rotten_folder+visual_review,none,not_annotated,a2bc353a677d1fe22d886b52daa6e46901b4494e2012421262bb3b760248bc22,36c243f6161fe72bb2aec907d8cc2b3fbf03d0d957bc60ceff5662be5f810808,224,224,a7cdd832652336b1,cf69ce4e8e8d4d73,yes
tomato_rotten_0533,train/N_rotten/tomato_rotten_0533.jpg,tomato_rotten,5,tomato,rotten,not_subtyped,train,g0561,s0397,muhriddinmuxiddinov,Fruits_Vegetables_Dataset(12000)/Vegetables/RottenTomato/rottenTomato (341).jpg,https://www.kaggle.com/datasets/muhriddinmuxiddinov/fruits-and-vegetables-dataset,2,publisher_fresh_rotten_folder+visual_review,none,not_annotated,6e48574b163faaf8ece77cb5079e29d5c589d4f5e440c9ef592b4cb9c2a11298,2402a8be06d839a7538583045a0d5ea25a700c9416285dbf41f78cb4bbce3a86,224,224,a59e9e2929272736,ff79cec687868e8e,yes
tomato_rotten_0535,train/N_rotten/tomato_rotten_0535.jpg,tomato_rotten,5,tomato,rotten,not_subtyped,train,g0561,s0397,muhriddinmuxiddinov,Fruits_Vegetables_Dataset(12000)/Vegetables/RottenTomato/rottenTomato (353).jpg,https://www.kaggle.com/datasets/muhriddinmuxiddinov/fruits-and-vegetables-dataset,2,publisher_fresh_rotten_folder+visual_review,none,not_annotated,993610bbe4491fa4a445838aa5c72016d9b2f4eda1d227855eec0c57aab6bc53,cb0b33248431597c9953c475cb66fc324d346c49f7bc9bbeb2a9c43e1033e2f1,224,224,e6999a6549669993,ff7964e6c7464f0f,yes
tomato_rotten_0538,train/N_rotten/tomato_rotten_0538.jpg,tomato_rotten,5,tomato,rotten,not_subtyped,train,g0463,s0397,muhriddinmuxiddinov,Fruits_Vegetables_Dataset(12000)/Vegetables/RottenTomato/rottenTomato (379).jpg,https://www.kaggle.com/datasets/muhriddinmuxiddinov/fruits-and-vegetables-dataset,2,publisher_fresh_rotten_folder+visual_review,none,not_annotated,29248e355b281b7bc97304a6729dd2ff1f9f9be9321e5b3363f2b1a0cf946f47,8acd51c728c11a36a2d4e6d61c8f027243cb06fadb4fc47fea9b6e4fe0d8ee2d,224,224,b3cd9a346932e646,7f794dde968e8d8d,yes
tomato_rotten_0539,train/N_rotten/tomato_rotten_0539.jpg,tomato_rotten,5,tomato,rotten,not_subtyped,train,g0463,s0397,muhriddinmuxiddinov,Fruits_Vegetables_Dataset(12000)/Vegetables/RottenTomato/rottenTomato (381).jpg,https://www.kaggle.com/datasets/muhriddinmuxiddinov/fruits-and-vegetables-dataset,2,publisher_fresh_rotten_folder+visual_review,none,not_annotated,54b22d809730047a864f511c4d4210161b5f04df4b645f9e1eb82cfa13702ccc,8781f914eaefbf8542811317356041b6f9e117ca84fb4180977333c9916d7aec,224,224,b0cf968cd9196965,f8cc969e96960f0d,yes
tomato_rotten_0540,train/N_rotten/tomato_rotten_0540.jpg,tomato_rotten,5,tomato,rotten,not_subtyped,train,g0463,s0397,muhriddinmuxiddinov,Fruits_Vegetables_Dataset(12000)/Vegetables/RottenTomato/rottenTomato (384).jpg,https://www.kaggle.com/datasets/muhriddinmuxiddinov/fruits-and-vegetables-dataset,2,publisher_fresh_rotten_folder+visual_review,none,not_annotated,b6951719cbb8de8ed85d0e7aff9f8363c54389dd4392b4f12692653fa0ded8a9,3592ed53b5bab7837bb415570b6ef4532b378c29acd49e0d97c39e1058506485,224,224,b38ecc31246d33e6,f6e94dcd8d8d5967,yes
tomato_rotten_0541,train/N_rotten/tomato_rotten_0541.jpg,tomato_rotten,5,tomato,rotten,not_subtyped,train,g0463,s0397,muhriddinmuxiddinov,Fruits_Vegetables_Dataset(12000)/Vegetables/RottenTomato/rottenTomato (386).jpg,https://www.kaggle.com/datasets/muhriddinmuxiddinov/fruits-and-vegetables-dataset,2,publisher_fresh_rotten_folder+visual_review,none,not_annotated,2b477fbc68e2634422343471e140d8a906a6bc40e0ccd0c1006d30d9d402feeb,15829214a491c41541603ce4d64556fd53f9276f2d5f4be42416a81ba57b342e,224,224,b38c99336c6336c6,fe69cd4ecd0d4d33,yes
tomato_rotten_0544,train/N_rotten/tomato_rotten_0544.jpg,tomato_rotten,5,tomato,rotten,not_subtyped,train,g0463,s0397,muhriddinmuxiddinov,Fruits_Vegetables_Dataset(12000)/Vegetables/RottenTomato/rottenTomato (400).jpg,https://www.kaggle.com/datasets/muhriddinmuxiddinov/fruits-and-vegetables-dataset,2,publisher_fresh_rotten_folder+visual_review,none,not_annotated,06ba560c6f7c9235f5570cedf81d3660ee4b7ad50e3decc065c1b614c00831e1,68ff088ce78d8120e8754adae4b4703c367e8d4818a7009a9bec1ac803f373fc,224,224,e3eb94a4da92909b,a6cfcbcb8f868f8d,yes
tomato_rotten_0545,train/N_rotten/tomato_rotten_0545.jpg,tomato_rotten,5,tomato,rotten,not_subtyped,train,g0463,s0397,muhriddinmuxiddinov,Fruits_Vegetables_Dataset(12000)/Vegetables/RottenTomato/rottenTomato (410).jpg,https://www.kaggle.com/datasets/muhriddinmuxiddinov/fruits-and-vegetables-dataset,2,publisher_fresh_rotten_folder+visual_review,none,not_annotated,d9c9f17c998787dc0a31ecc9a3e89d4d291e11b25e1c1821313031023bcba817,803e3a398ec013d273e38ef853af431a2caa21af84e24bdd3b26660dcffdb737,224,224,e1ce94999a936363,f4c7cb9b9b8b868e,yes
tomato_rotten_0547,train/N_rotten/tomato_rotten_0547.jpg,tomato_rotten,5,tomato,rotten,not_subtyped,train,g0463,s0397,muhriddinmuxiddinov,Fruits_Vegetables_Dataset(12000)/Vegetables/RottenTomato/rottenTomato (424).jpg,https://www.kaggle.com/datasets/muhriddinmuxiddinov/fruits-and-vegetables-dataset,2,publisher_fresh_rotten_folder+visual_review,none,not_annotated,c6bd489e5cb81be7debb579f17babe4341ebd82afb64520ddf6ebbe9cd1a83ae,2befd202128584118240c58cb227d4d5bdabbef6a0d9489ba3bfccb5facd02c6,224,224,eada95b992b51252,73e3e5c9cdc3c647,yes
tomato_rotten_0549,train/N_rotten/tomato_rotten_0549.jpg,tomato_rotten,5,tomato,rotten,not_subtyped,train,g0463,s0397,muhriddinmuxiddinov,Fruits_Vegetables_Dataset(12000)/Vegetables/RottenTomato/rottenTomato (436).jpg,https://www.kaggle.com/datasets/muhriddinmuxiddinov/fruits-and-vegetables-dataset,2,publisher_fresh_rotten_folder+visual_review,none,not_annotated,80be891f0adfbccecfe3b0553c0a76de4e89a90cf825922dd1f5a3860af2d446,3d1ee7b79b3d8bcd4c628e9a063d83998e8cde60bb838d2142a3241dd304733b,224,224,88b7b76c4a09bab4,fbdcfbd3f3a3a3b3,yes
tomato_rotten_0550,train/N_rotten/tomato_rotten_0550.jpg,tomato_rotten,5,tomato,rotten,not_subtyped,train,g0463,s0397,muhriddinmuxiddinov,Fruits_Vegetables_Dataset(12000)/Vegetables/RottenTomato/rottenTomato (439).jpg,https://www.kaggle.com/datasets/muhriddinmuxiddinov/fruits-and-vegetables-dataset,2,publisher_fresh_rotten_folder+visual_review,none,not_annotated,8aea5a095e212facdf6f87e1044396f138dc11e5dc352442e095ce742a40cb4f,98cde211ecc0848dac120864083b6d01404b7e9052a2e28ce267e64620425515,224,224,e89b95665264696b,bd9bb3a7a7a3a7b7,yes
tomato_rotten_0551,train/N_rotten/tomato_rotten_0551.jpg,tomato_rotten,5,tomato,rotten,not_subtyped,train,g0463,s0397,muhriddinmuxiddinov,Fruits_Vegetables_Dataset(12000)/Vegetables/RottenTomato/rottenTomato (443).jpg,https://www.kaggle.com/datasets/muhriddinmuxiddinov/fruits-and-vegetables-dataset,2,publisher_fresh_rotten_folder+visual_review,none,not_annotated,b850a3794adcc02c8bd1340191483b2546819489a9cb717f56e290f5fca92251,1db16b37dfa69575b1595e9d9fff2b6ac06455d492b46b684247ec9e64fbc504,224,224,b8c6cc3b3639c0c7,ffef99183c3b3b37,yes
tomato_rotten_0552,train/N_rotten/tomato_rotten_0552.jpg,tomato_rotten,5,tomato,rotten,not_subtyped,train,g0463,s0397,muhriddinmuxiddinov,Fruits_Vegetables_Dataset(12000)/Vegetables/RottenTomato/rottenTomato (453).jpg,https://www.kaggle.com/datasets/muhriddinmuxiddinov/fruits-and-vegetables-dataset,2,publisher_fresh_rotten_folder+visual_review,none,not_annotated,8c917038fbd04605a00b1517283a044aa25cba9ce86c750393ff206d7297ac12,b2644073f0b88438fa63000641f1bd8a55cfcc6dc419528d6a5a40c4265c989c,224,224,e5cf9e9499199911,e4cecec6868e8e8d,yes
tomato_rotten_0554,train/N_rotten/tomato_rotten_0554.jpg,tomato_rotten,5,tomato,rotten,not_subtyped,train,g0463,s0397,muhriddinmuxiddinov,Fruits_Vegetables_Dataset(12000)/Vegetables/RottenTomato/rottenTomato (463).jpg,https://www.kaggle.com/datasets/muhriddinmuxiddinov/fruits-and-vegetables-dataset,2,publisher_fresh_rotten_folder+visual_review,none,not_annotated,529ec6a3cf78acd81e682f8323450b8d5bc6622da03daeea217df66a8349919f,750357cf4d3c4b367751f091fc6c481bf3b6745b4355b535f9d5e7d3370b2945,224,224,b3a48e929ccd99cc,ecced69e8c8c5861,yes
tomato_rotten_0556,train/N_rotten/tomato_rotten_0556.jpg,tomato_rotten,5,tomato,rotten,not_subtyped,train,g0463,s0397,muhriddinmuxiddinov,Fruits_Vegetables_Dataset(12000)/Vegetables/RottenTomato/rottenTomato (474).jpg,https://www.kaggle.com/datasets/muhriddinmuxiddinov/fruits-and-vegetables-dataset,2,publisher_fresh_rotten_folder+visual_review,none,not_annotated,a67132953750c5049279f9639172a0d716de41824148c65d586cace4381f23d9,1101f0f806f5455a10635aa57305ff954469a35c5ffad22ba22da1dca21caa28,224,224,b287cd366431e3b1,fc7c9c9c2c1c183c,yes
tomato_rotten_0558,train/N_rotten/tomato_rotten_0558.jpg,tomato_rotten,5,tomato,rotten,not_subtyped,train,g0463,s0397,muhriddinmuxiddinov,Fruits_Vegetables_Dataset(12000)/Vegetables/RottenTomato/rottenTomato (491).jpg,https://www.kaggle.com/datasets/muhriddinmuxiddinov/fruits-and-vegetables-dataset,2,publisher_fresh_rotten_folder+visual_review,none,not_annotated,62ab7c042b0552b5a066af66df1a330920e59cbb36014b02662093c6fd593929,a48b2d008136eb05c49d4bdec9f407cc79e01d466ca8efbc535bab0508f0b52e,224,224,ec919566526d5b94,fcfcf3e3e5e7e7e6,yes
tomato_rotten_0560,train/N_rotten/tomato_rotten_0560.jpg,tomato_rotten,5,tomato,rotten,not_subtyped,train,g0463,s0397,muhriddinmuxiddinov,Fruits_Vegetables_Dataset(12000)/Vegetables/RottenTomato/rottenTomato (496).jpg,https://www.kaggle.com/datasets/muhriddinmuxiddinov/fruits-and-vegetables-dataset,2,publisher_fresh_rotten_folder+visual_review,none,not_annotated,a8f5cd3c8bebad382cb3be3cb799024057bef88183af9a8197c73cfcf0d0a13c,e6611214e877e7c3b7094f596cfc335dda5c13bf321a044c636e208f44f2da8d,224,224,ec9a9125925a6b6d,f8f2e3e7e7e7e6f4,yes
tomato_rotten_0565,train/N_rotten/tomato_rotten_0565.jpg,tomato_rotten,5,tomato,rotten,not_subtyped,train,g0561,s0397,muhriddinmuxiddinov,Fruits_Vegetables_Dataset(12000)/Vegetables/RottenTomato/rottenTomato (529).jpg,https://www.kaggle.com/datasets/muhriddinmuxiddinov/fruits-and-vegetables-dataset,2,publisher_fresh_rotten_folder+visual_review,none,not_annotated,8017e254c25d9f5f1532a0146c67c0ecf1ae001de8c166414f9f09a157f56ebc,59f0aa9bdb24e0098687a8718f50780a7ba0d2b0629a435895160c9af7f252db,224,224,9f81e01f639e38c3,f9f83078783030d0,yes
tomato_rotten_0568,train/N_rotten/tomato_rotten_0568.jpg,tomato_rotten,5,tomato,rotten,not_subtyped,train,g0463,s0397,muhriddinmuxiddinov,Fruits_Vegetables_Dataset(12000)/Vegetables/RottenTomato/rottenTomato (549).jpg,https://www.kaggle.com/datasets/muhriddinmuxiddinov/fruits-and-vegetables-dataset,2,publisher_fresh_rotten_folder+visual_review,none,not_annotated,576cebb18c6330d36fbbe69df7a2cc3aa7b50e92e9f34fb6401bfa3110103c88,675325ddf8edd66a8bb64eb79d88bb3fb8eee11bb5b0c58e3ac39180d2980dfe,224,224,9b83c41ce3873f38,f8b8385818383021,yes
tomato_rotten_0570,train/N_rotten/tomato_rotten_0570.jpg,tomato_rotten,5,tomato,rotten,not_subtyped,train,g0463,s0397,muhriddinmuxiddinov,Fruits_Vegetables_Dataset(12000)/Vegetables/RottenTomato/rottenTomato (560).jpg,https://www.kaggle.com/datasets/muhriddinmuxiddinov/fruits-and-vegetables-dataset,2,publisher_fresh_rotten_folder+visual_review,none,not_annotated,4ec6999e559c8db4f3cfa1a3842e9a8d1aa918b54972f7478b1f511c976dc791,cc59b155181873ef043c244be026dad649cfc6f433f7aaf9270ce86853727591,224,224,beccc923e4878633,df3b3d3c3d3d1f3e,yes
tomato_rotten_0572,train/N_rotten/tomato_rotten_0572.jpg,tomato_rotten,5,tomato,rotten,not_subtyped,train,g0463,s0397,muhriddinmuxiddinov,Fruits_Vegetables_Dataset(12000)/Vegetables/RottenTomato/rottenTomato (580).jpg,https://www.kaggle.com/datasets/muhriddinmuxiddinov/fruits-and-vegetables-dataset,2,publisher_fresh_rotten_folder+visual_review,none,not_annotated,29edef51d1d6eeb81633dab2520242c0f72dbe1ded4601f823ba3a62178297af,c0143a1da14b6201ffc350bb4ff8d6f37f2441858088a54bff986a433445c2ff,224,224,e39e943992666c6c,f8f2e7c9cbcbc64e,yes
tomato_rotten_0573,train/N_rotten/tomato_rotten_0573.jpeg,tomato_rotten,5,tomato,rotten,not_subtyped,train,g0570,s0481,muhriddinmuxiddinov,Fruits_Vegetables_Dataset(12000)/Vegetables/RottenTomato/rottenTomato (6).jpeg,https://www.kaggle.com/datasets/muhriddinmuxiddinov/fruits-and-vegetables-dataset,2,publisher_fresh_rotten_folder+visual_review,none,not_annotated,a68277f11553b4afd438c7c7cf4824b0c1a9903471e73e540e7daccb379c6b29,211c1a71ca2bf756bcfe14f1439ff00c9b7d2e507fbc81bfb90bda69475e3125,275,183,b18a9a39cce6c666,1a1e4c9696968e4c,yes
tomato_rotten_0574,train/N_rotten/tomato_rotten_0574.jpg,tomato_rotten,5,tomato,rotten,not_subtyped,train,g0571,s0482,muhriddinmuxiddinov,Fruits_Vegetables_Dataset(12000)/Vegetables/RottenTomato/rottenTomato (71).jpg,https://www.kaggle.com/datasets/muhriddinmuxiddinov/fruits-and-vegetables-dataset,2,publisher_fresh_rotten_folder+visual_review,none,not_annotated,38097dc4a0839949a63961e3e7420cc0f2629e32aac2bf2d44e7038f8f468d24,51fca7e332c4329eada365244448fc6761fd9b802406ca8b5607e7ff000c86db,390,280,b34dcc36b413b1cc,8a979a9c8d9d1c96,yes
tomato_rotten_0575,train/N_rotten/tomato_rotten_0575.jpg,tomato_rotten,5,tomato,rotten,not_subtyped,train,g0572,s0483,muhriddinmuxiddinov,Fruits_Vegetables_Dataset(12000)/Vegetables/RottenTomato/rottenTomato (80).jpg,https://www.kaggle.com/datasets/muhriddinmuxiddinov/fruits-and-vegetables-dataset,2,publisher_fresh_rotten_folder+visual_review,none,not_annotated,9cfbb1a257053a43f22fa9eb23b92258acdf666447965a797ea5275a8baad7a0,34e3ec93764167f612510913810868366f59e5cb384116a11daa235344686018,227,268,afc6900dc63ccdb1,498e236545731f99,yes
tomato_rotten_0577,train/N_rotten/tomato_rotten_0577.jpg,tomato_rotten,5,tomato,rotten,not_subtyped,train,g0573,s0484,muhriddinmuxiddinov,Fruits_Vegetables_Dataset(12000)/Vegetables/RottenTomato/rottenTomato (85).jpg,https://www.kaggle.com/datasets/muhriddinmuxiddinov/fruits-and-vegetables-dataset,2,publisher_fresh_rotten_folder+visual_review,none,not_annotated,9614903331c37bad9c04b176a26650429c635f885f61d14445bb987bb86890d2,61e55b73307a5bb88ff098b388cc2975874e4cc2b059f887788d44352da74699,277,311,aff0d00bda2dc86c,498e371b07430f0e,yes
tomato_rotten_0578,valid/N_rotten/tomato_rotten_0578.jpg,tomato_rotten,5,tomato,rotten,not_subtyped,val,g0574,s0485,muhriddinmuxiddinov,Fruits_Vegetables_Dataset(12000)/Vegetables/RottenTomato/rottenTomato (95).jpg,https://www.kaggle.com/datasets/muhriddinmuxiddinov/fruits-and-vegetables-dataset,2,publisher_fresh_rotten_folder+visual_review,none,not_annotated,6193e4ac0c0fd32c580607eef5537cf71a3691782dc0dd4a000eba06efbbd781,4cb2e14d8a76e8fb17723a5b007f02878beb79249f675e0ea0db86580a033aa7,339,406,fa81851e9a68e56d,8dce8729692d238f,yes
tomato_rotten_0579,train/N_rotten/tomato_rotten_0579.jpg,tomato_rotten,5,tomato,rotten,not_subtyped,train,g0568,s0479,muhriddinmuxiddinov,Fruits_Vegetables_Dataset(12000)/Vegetables/RottenTomato/rottenTomato (99).jpg,https://www.kaggle.com/datasets/muhriddinmuxiddinov/fruits-and-vegetables-dataset,2,publisher_fresh_rotten_folder+visual_review,none,not_annotated,3808a5d6af37bb18094282421bc246ac4f08a965a805301a3dbaca874c13bc52,1113920329d4dd9e0c7c4a5e63f80be3dcd7102881a5fc67b59822533db2bd43,280,263,af94d44a914bce2d,1d1e6b0b0b47030f,yes
tomato_rotten_0580,valid/N_rotten/tomato_rotten_0580.png,tomato_rotten,5,tomato,rotten,not_subtyped,val,g0575,s0486,muhriddinmuxiddinov,Fruits_Vegetables_Dataset(12000)/Vegetables/RottenTomato/rottenTomato (1).png,https://www.kaggle.com/datasets/muhriddinmuxiddinov/fruits-and-vegetables-dataset,2,publisher_fresh_rotten_folder+visual_review,none,not_annotated,65c15812b89017f795663df933bb395eddb71d1b4d8734fd79392a77aa55f39b,77c11d78fb3f935d8ad4b7cba1ee5ed0639163bd0ce314f5e0693f95d95ac2a9,260,242,85db5b089a6f2c2d,f1c8c6e6b6a6e6e8,yes
tomato_rotten_0581,test/N_rotten/tomato_rotten_0581.jpg,tomato_rotten,5,tomato,rotten,not_subtyped,test,g0576,s0487,muhriddinmuxiddinov,Fruits_Vegetables_Dataset(12000)/Vegetables/RottenTomato/rottenTomato (106).jpg,https://www.kaggle.com/datasets/muhriddinmuxiddinov/fruits-and-vegetables-dataset,2,publisher_fresh_rotten_folder+visual_review,none,not_annotated,7651afb43715db344c7b29a6c8fc681889216e0ad03cd15758d3a87ab3f9ea8e,7ffc6911159ff7e4c59756857d50f1aa31f538a8a01746c02a3ac27826394454,336,328,ebcce43f80b0d361,172713375b1b078f,yes
tomato_rotten_0582,valid/N_rotten/tomato_rotten_0582.jpg,tomato_rotten,5,tomato,rotten,not_subtyped,val,g0577,s0488,muhriddinmuxiddinov,Fruits_Vegetables_Dataset(12000)/Vegetables/RottenTomato/rottenTomato (111).jpg,https://www.kaggle.com/datasets/muhriddinmuxiddinov/fruits-and-vegetables-dataset,2,publisher_fresh_rotten_folder+visual_review,none,not_annotated,d100d75087ca8a83217c776bbae0301866843a6d9971b1a2f5f1b12a4e5a516c,2beb0b49d50beb6e9944a9085f9b1efc9c29a2ee589f9179ef1d2f6f0bf90bd3,99,111,a1d1d68fc06dc93c,1d1e87878707260d,yes
tomato_rotten_0583,test/N_rotten/tomato_rotten_0583.jpg,tomato_rotten,5,tomato,rotten,not_subtyped,test,g0578,s0489,muhriddinmuxiddinov,Fruits_Vegetables_Dataset(12000)/Vegetables/RottenTomato/rottenTomato (116).jpg,https://www.kaggle.com/datasets/muhriddinmuxiddinov/fruits-and-vegetables-dataset,2,publisher_fresh_rotten_folder+visual_review,none,not_annotated,d4924635a759af009b0e62f44637656ae9fdcf816c7b02cf3a68dc94269da2f6,806895ce044952618b9d895b33a7b17203f6fb039778e3f17b88df2d1efc074a,219,260,ba21e5ced029cb74,1c17333971713f0c,yes
tomato_rotten_0584,test/N_rotten/tomato_rotten_0584.jpeg,tomato_rotten,5,tomato,rotten,not_subtyped,test,g0579,s0490,muhriddinmuxiddinov,Fruits_Vegetables_Dataset(12000)/Vegetables/RottenTomato/rottenTomato (12).jpeg,https://www.kaggle.com/datasets/muhriddinmuxiddinov/fruits-and-vegetables-dataset,2,publisher_fresh_rotten_folder+visual_review,none,not_annotated,86a9fa707df7804b79229514853a54c7b67abe74d1a67f596b9e8f4d8c4db1fa,6960acddd08eb79045b32cb270d7bd959d6e8cbdf176bbc0ee3ccb433519fd3e,309,163,ba90c44ca38b3fb3,a5b43c595b37370c,yes
tomato_rotten_0585,train/N_rotten/tomato_rotten_0585.jpg,tomato_rotten,5,tomato,rotten,not_subtyped,train,g0580,s0491,muhriddinmuxiddinov,Fruits_Vegetables_Dataset(12000)/Vegetables/RottenTomato/rottenTomato (123).jpg,https://www.kaggle.com/datasets/muhriddinmuxiddinov/fruits-and-vegetables-dataset,2,publisher_fresh_rotten_folder+visual_review,none,not_annotated,057bd9321aa99d87924d74ed6935d593099742af16aed878c36c78839d8bbce8,897b11f51feea719a36b480f17fdc68cdbfe779496fa48575711e8f4f6549dc1,449,344,eac3b19b9113978c,9a23250d25370707,yes
tomato_rotten_0587,valid/N_rotten/tomato_rotten_0587.jpg,tomato_rotten,5,tomato,rotten,not_subtyped,val,g0581,s0492,muhriddinmuxiddinov,Fruits_Vegetables_Dataset(12000)/Vegetables/RottenTomato/rottenTomato (209).jpg,https://www.kaggle.com/datasets/muhriddinmuxiddinov/fruits-and-vegetables-dataset,2,publisher_fresh_rotten_folder+visual_review,none,not_annotated,0f9b914e2e31ee6e8e27128e4164086110df851d9ee4d86acdec716e5d0ed880,36cfce0cf53c1a0060ca08c8f410869b8d78c8b61920ff88234e067681e604e8,80,100,fa5ff16ac0a88a85,093039292129178e,yes
tomato_rotten_0588,train/N_rotten/tomato_rotten_0588.jpg,tomato_rotten,5,tomato,rotten,not_subtyped,train,g0582,s0493,muhriddinmuxiddinov,Fruits_Vegetables_Dataset(12000)/Vegetables/RottenTomato/rottenTomato (231).jpg,https://www.kaggle.com/datasets/muhriddinmuxiddinov/fruits-and-vegetables-dataset,2,publisher_fresh_rotten_folder+visual_review,none,not_annotated,a1df4b21bdce6994a09c251ae11d7b8b8c8fd2b2760035a5d005fc510fa7eb68,b59f86f500607687cce87bcd90bd759fbabca4f1f731f3f9fb3b0bbd364d9382,214,174,bb93d44fc024cb69,8c2b0b4d1b5f0f96,yes
tomato_rotten_0590,valid/N_rotten/tomato_rotten_0590.jpg,tomato_rotten,5,tomato,rotten,not_subtyped,val,g0583,s0494,muhriddinmuxiddinov,Fruits_Vegetables_Dataset(12000)/Vegetables/RottenTomato/rottenTomato (312).jpg,https://www.kaggle.com/datasets/muhriddinmuxiddinov/fruits-and-vegetables-dataset,2,publisher_fresh_rotten_folder+visual_review,none,not_annotated,d5d6e32462516ba7d66ba8b20208884223cf102c5397017bfc826af2a81a4b48,77be251058b3e452885260e99ec58efa0f3a9229c23c9a0087f3467c7ed05547,414,372,eed0b1c9c416939d,1b07256533132f0e,yes
tomato_rotten_0591,valid/N_rotten/tomato_rotten_0591.jpg,tomato_rotten,5,tomato,rotten,not_subtyped,val,g0584,s0495,muhriddinmuxiddinov,Fruits_Vegetables_Dataset(12000)/Vegetables/RottenTomato/rottenTomato (35).jpg,https://www.kaggle.com/datasets/muhriddinmuxiddinov/fruits-and-vegetables-dataset,2,publisher_fresh_rotten_folder+visual_review,none,not_annotated,4ecc674a06e06d13c1d283e0fedd1d7ef27429772209d432ab57ef9b0c12d0dc,3feb0ad4b555d2043caaf780f71982fb31016254c592093dcb8ac7118a0f8e2e,194,259,c08e1f39c9c73617,782bcdc3999cd086,yes
tomato_rotten_0592,test/N_rotten/tomato_rotten_0592.jpg,tomato_rotten,5,tomato,rotten,not_subtyped,test,g0585,s0496,muhriddinmuxiddinov,Fruits_Vegetables_Dataset(12000)/Vegetables/RottenTomato/rottenTomato (44).jpg,https://www.kaggle.com/datasets/muhriddinmuxiddinov/fruits-and-vegetables-dataset,2,publisher_fresh_rotten_folder+visual_review,none,not_annotated,1049d57a5db670c3c330cdd24fe51d0574a810c937bffe22990f8b000b2a86d8,5441098454d58ae76900966ee8d8c04e8079cd5e256d9e5ff17fc77db5f07490,275,183,b4c2c93dd333cc32,88244d8d0e161e29,yes
tomato_rotten_0593,test/N_rotten/tomato_rotten_0593.jpg,tomato_rotten,5,tomato,rotten,not_subtyped,test,g0586,s0497,muhriddinmuxiddinov,Fruits_Vegetables_Dataset(12000)/Vegetables/RottenTomato/rottenTomato (59).jpg,https://www.kaggle.com/datasets/muhriddinmuxiddinov/fruits-and-vegetables-dataset,2,publisher_fresh_rotten_folder+visual_review,none,not_annotated,5685790e0db303f52fcdbbf66addffe16ebe01f75f8641fad779cfb30b303936,01af19ab6324a8ba45ccb796f731989d97cdfbad0235e701d5eecde0396f834e,258,195,ee9b917636244669,ecf3a3a7a72787c6,yes
tomato_rotten_0594,valid/N_rotten/tomato_rotten_0594.jpg,tomato_rotten,5,tomato,rotten,not_subtyped,val,g0587,s0498,muhriddinmuxiddinov,Fruits_Vegetables_Dataset(12000)/Vegetables/RottenTomato/rottenTomato (61).jpg,https://www.kaggle.com/datasets/muhriddinmuxiddinov/fruits-and-vegetables-dataset,2,publisher_fresh_rotten_folder+visual_review,none,not_annotated,c694aaa90805c345098f475f2ecb0ceced9aa1abfea8559e27af6218bf858386,eb0d28771a978f7b73cfe5a551d96a67d2e0eda8a66f4bfb53568cc13205697d,280,180,af20d66e813f6383,5596de5757236b60,yes
tomato_rotten_0595,train/N_rotten/tomato_rotten_0595.jpeg,tomato_rotten,5,tomato,rotten,not_subtyped,train,g0588,s0499,muhriddinmuxiddinov,Fruits_Vegetables_Dataset(12000)/Vegetables/RottenTomato/rottenTomato (7).jpeg,https://www.kaggle.com/datasets/muhriddinmuxiddinov/fruits-and-vegetables-dataset,2,publisher_fresh_rotten_folder+visual_review,none,not_annotated,55d11b679e33d11882b8b426e7be8a3c29c7186ca2a5f4ab190c193bdc97fbca,20e55b1280c64442c533df0f3aae57c00580161d2ab72d42e7354ce4e18eb183,274,184,be6ad095c313273c,43a3252b233b3836,yes
tomato_rotten_0596,train/N_rotten/tomato_rotten_0596.jpg,tomato_rotten,5,tomato,rotten,not_subtyped,train,g0589,s0500,muhriddinmuxiddinov,Fruits_Vegetables_Dataset(12000)/Vegetables/RottenTomato/rottenTomato (73).jpg,https://www.kaggle.com/datasets/muhriddinmuxiddinov/fruits-and-vegetables-dataset,2,publisher_fresh_rotten_folder+visual_review,none,not_annotated,9e9300fadc8913a492bd34d6932ce56a7d6b50afe1cda1feb5f884d35ef54fc6,b35106e42b380f8cfbd8ab0d3ed6f82133e9b1316e37211853cfb2890cec99ec,1255,1300,ad89d0364f336ccc,429c272b270e8c42,yes
tomato_rotten_0597,train/N_rotten/tomato_rotten_0597.jpg,tomato_rotten,5,tomato,rotten,not_subtyped,train,g0590,s0501,muhriddinmuxiddinov,Fruits_Vegetables_Dataset(12000)/Vegetables/RottenTomato/rottenTomato (87).jpg,https://www.kaggle.com/datasets/muhriddinmuxiddinov/fruits-and-vegetables-dataset,2,publisher_fresh_rotten_folder+visual_review,none,not_annotated,2311cec5b7f603cdf6f93976c5f28b04e407980e951974b1f724dd5e163e5338,3847e3b413fe5ab0906849471621caa43c93a1ff8b6a6de722e949e89c6058b5,334,287,eaa58542976a9e69,0e0f1b2f0f07138f,yes
tomato_rotten_0598,valid/N_rotten/tomato_rotten_0598.jpg,tomato_rotten,5,tomato,rotten,not_subtyped,val,g0591,s0502,muhriddinmuxiddinov,Fruits_Vegetables_Dataset(12000)/Vegetables/RottenTomato/rottenTomato (9).jpg,https://www.kaggle.com/datasets/muhriddinmuxiddinov/fruits-and-vegetables-dataset,2,publisher_fresh_rotten_folder+visual_review,none,not_annotated,73b56bdac5079c9fb7249ba07d34c68e4512fbe84abef6a6e4b3fe51e637129f,93c848b920dcc8ce2620e4898886b17a28c729a82e57e80001101c33af3cd073,450,320,c595bb43883ee668,d8de1474d6c64313,yes
tomato_rotten_0599,train/N_rotten/tomato_rotten_0599.jpg,tomato_rotten,5,tomato,rotten,not_subtyped,train,g0592,s0503,muhriddinmuxiddinov,Fruits_Vegetables_Dataset(12000)/Vegetables/RottenTomato/rottenTomato (90).jpg,https://www.kaggle.com/datasets/muhriddinmuxiddinov/fruits-and-vegetables-dataset,2,publisher_fresh_rotten_folder+visual_review,none,not_annotated,5c02ce12bd8eca7af812a7a5f127553b5aa5be0811d9061160654c52ef7fd67d,5c36f53c204e91d4c41e9238b00a713373ee3773951a22891f25eb7c037ff6e9,294,269,ea99bdc58494d21b,131351b5e3450307,yes
tomato_rotten_1152,test/N_rotten/tomato_rotten_1152.webp,tomato_rotten,5,tomato,rotten,not_subtyped,test,g0593,s0504,muhriddinmuxiddinov,Fruits_Vegetables_Dataset(12000)/Vegetables/RottenTomato/rottenTomato (1).webp,https://www.kaggle.com/datasets/muhriddinmuxiddinov/fruits-and-vegetables-dataset,2,publisher_fresh_rotten_folder+visual_review,none,not_annotated,6c7ad5df7d28205b7c0f5945c352ee8f83f1b159bbdeffa057bdd752cedc6d65,ec407965754239ff913b99b3f2a13389303fc8a833e5906e4896fb3c2c1bd9f0,1300,975,b6910336497e3c6b,74cc87b635344d03,no
tomato_rotten_1153,test/N_rotten/tomato_rotten_1153.jpeg,tomato_rotten,5,tomato,rotten,not_subtyped,test,g0594,s0505,muhriddinmuxiddinov,Fruits_Vegetables_Dataset(12000)/Vegetables/RottenTomato/rottenTomato (10).jpeg,https://www.kaggle.com/datasets/muhriddinmuxiddinov/fruits-and-vegetables-dataset,2,publisher_fresh_rotten_folder+visual_review,none,not_annotated,c8909249ad4609735dd90f5982466582c6b3ef464c4e251cebfcb29650b43997,ba95009f82cec22f6036a6ede8a1ad009c6db3bd3baa9e781b4623f0de08658e,258,195,b9aed0540e2d46bb,244b5367193a1291,no
tomato_rotten_1154,test/N_rotten/tomato_rotten_1154.jpg,tomato_rotten,5,tomato,rotten,not_subtyped,test,g0595,s0506,muhriddinmuxiddinov,Fruits_Vegetables_Dataset(12000)/Vegetables/RottenTomato/rottenTomato (10).jpg,https://www.kaggle.com/datasets/muhriddinmuxiddinov/fruits-and-vegetables-dataset,2,publisher_fresh_rotten_folder+visual_review,none,not_annotated,3e94dc19d4044ac0fa95dac0637370b3e4bd2fa2468c6c3091057bd01e4649f3,4834a890dcbab784341be0272d568e360710e5af734f235eff57fd94b6f4a362,450,320,92f2ca0fbd75a04a,0d899d9e7e5631b9,no
tomato_rotten_1155,train/N_rotten/tomato_rotten_1155.jpg,tomato_rotten,5,tomato,rotten,not_subtyped,train,g0596,s0507,muhriddinmuxiddinov,Fruits_Vegetables_Dataset(12000)/Vegetables/RottenTomato/rottenTomato (100).jpg,https://www.kaggle.com/datasets/muhriddinmuxiddinov/fruits-and-vegetables-dataset,2,publisher_fresh_rotten_folder+visual_review,none,not_annotated,5ba07e9702cf00a61ff239e8892d21f490a48e6108987e31f494e3a1ffe51e56,c40b33b98ba3baa169013cda3f8df0dfe1381f83791cb66f0cb314b3e669a54e,183,207,ba18f59e927a0b61,38179b797979178e,no
tomato_rotten_1156,valid/N_rotten/tomato_rotten_1156.jpg,tomato_rotten,5,tomato,rotten,not_subtyped,val,g0597,s0507,muhriddinmuxiddinov,Fruits_Vegetables_Dataset(12000)/Vegetables/RottenTomato/rottenTomato (101).jpg,https://www.kaggle.com/datasets/muhriddinmuxiddinov/fruits-and-vegetables-dataset,2,publisher_fresh_rotten_folder+visual_review,none,not_annotated,f57f348e4510e73ba1b9ea03d83bb2c947707724f2cd34b952d7e1b9d240b3d9,2b470a88f15a44dc0e96386525f63906f02ab05e8966092f723da76e7758dcfd,149,204,b9dbe805947fe0a0,1a9b1b78dcd83b1f,no
tomato_rotten_1157,train/N_rotten/tomato_rotten_1157.jpg,tomato_rotten,5,tomato,rotten,not_subtyped,train,g0598,s0508,muhriddinmuxiddinov,Fruits_Vegetables_Dataset(12000)/Vegetables/RottenTomato/rottenTomato (102).jpg,https://www.kaggle.com/datasets/muhriddinmuxiddinov/fruits-and-vegetables-dataset,2,publisher_fresh_rotten_folder+visual_review,none,not_annotated,d4e53765a7a168dcd11fcc748fa37b8e3ac7c8190870576ca44d508b4d64732e,f13b0f9677b669e18cca871237a7f9c183ac79809b63c5376b2dfeb23bfb427e,195,208,fe95a11a975c8269,608e1620192d1307,no
tomato_rotten_1158,train/N_rotten/tomato_rotten_1158.jpg,tomato_rotten,5,tomato,rotten,not_subtyped,train,g0599,s0509,muhriddinmuxiddinov,Fruits_Vegetables_Dataset(12000)/Vegetables/RottenTomato/rottenTomato (103).jpg,https://www.kaggle.com/datasets/muhriddinmuxiddinov/fruits-and-vegetables-dataset,2,publisher_fresh_rotten_folder+visual_review,none,not_annotated,f4bb4010852a1fb0afcc05db00630cdec9483501e0cc901210c51db30352e2e0,6441f9362c9c8e959549ee0b1086690641afb820bd2f9ebf9c90080201e3d2f8,251,261,eec2f037c085cb96,8f0771536d2b1f1e,no
tomato_rotten_1159,valid/N_rotten/tomato_rotten_1159.jpg,tomato_rotten,5,tomato,rotten,not_subtyped,val,g0600,s0510,muhriddinmuxiddinov,Fruits_Vegetables_Dataset(12000)/Vegetables/RottenTomato/rottenTomato (105).jpg,https://www.kaggle.com/datasets/muhriddinmuxiddinov/fruits-and-vegetables-dataset,2,publisher_fresh_rotten_folder+visual_review,none,not_annotated,a84f1f65e799a6c72035587f432cbc81dc92239457cd402de3d708fd7c4e7322,8f0b82b6795b9438d083e81bb2e38e9b4fdb25c403dbf2b86fff9f26748e4195,508,403,eb1bc4ec86359293,0613196b43030f0e,no
tomato_rotten_1160,train/N_rotten/tomato_rotten_1160.jpg,tomato_rotten,5,tomato,rotten,not_subtyped,train,g0601,s0511,muhriddinmuxiddinov,Fruits_Vegetables_Dataset(12000)/Vegetables/RottenTomato/rottenTomato (107).jpg,https://www.kaggle.com/datasets/muhriddinmuxiddinov/fruits-and-vegetables-dataset,2,publisher_fresh_rotten_folder+visual_review,none,not_annotated,8642aabed0c1152e72b847aad04867ec866fcb73dbe94f690f41d24518101fcc,51710d12af20cffea70a737477b5eed85cca8097298366763d9761ff6a0e373b,282,272,af96d46cc235cb60,261f4f6b23331f8e,no
tomato_rotten_1161,test/N_rotten/tomato_rotten_1161.jpg,tomato_rotten,5,tomato,rotten,not_subtyped,test,g0602,s0512,muhriddinmuxiddinov,Fruits_Vegetables_Dataset(12000)/Vegetables/RottenTomato/rottenTomato (108).jpg,https://www.kaggle.com/datasets/muhriddinmuxiddinov/fruits-and-vegetables-dataset,2,publisher_fresh_rotten_folder+visual_review,none,not_annotated,8d758fcbcda36c3d02a570f0967d025af95100f6759d47f04b264c66591b6974,5101074b75dd2fa9ca1a5c377fa02b704488866ca0c1076f11768a3205420bb3,496,393,ea2ea1b1c5c58796,8723214109090387,no
tomato_rotten_1162,train/N_rotten/tomato_rotten_1162.jpg,tomato_rotten,5,tomato,rotten,not_subtyped,train,g0603,s0491,muhriddinmuxiddinov,Fruits_Vegetables_Dataset(12000)/Vegetables/RottenTomato/rottenTomato (109).jpg,https://www.kaggle.com/datasets/muhriddinmuxiddinov/fruits-and-vegetables-dataset,2,publisher_fresh_rotten_folder+visual_review,none,not_annotated,7fc899b8b97502ff238a0e35bbe31c7754f5aac3300d1afa42a1ebc70ed36d7c,d7c937c9d5c79f982db0da0cd71fa2d2396c8bc5434a4f696f2e0d0b5c1ce6a0,459,395,bfc2d08fc264933a,ce3f1f4f4f3f3f0f,no
tomato_rotten_1163,test/N_rotten/tomato_rotten_1163.jpeg,tomato_rotten,5,tomato,rotten,not_subtyped,test,g0604,s0513,muhriddinmuxiddinov,Fruits_Vegetables_Dataset(12000)/Vegetables/RottenTomato/rottenTomato (11).jpeg,https://www.kaggle.com/datasets/muhriddinmuxiddinov/fruits-and-vegetables-dataset,2,publisher_fresh_rotten_folder+visual_review,none,not_annotated,e9ac9e715b921713dcda9463e5212d35362abef03b249d2d01ae8694d66309cd,c58e55255c019e1425465a5e094c1b70b3c300b3f1ff3b55211c44ebb6d9fb18,227,222,aa84e533d2ccda8b,cec7b3b5995b470f,no
tomato_rotten_1164,valid/N_rotten/tomato_rotten_1164.jpg,tomato_rotten,5,tomato,rotten,not_subtyped,val,g0605,s0514,muhriddinmuxiddinov,Fruits_Vegetables_Dataset(12000)/Vegetables/RottenTomato/rottenTomato (11).jpg,https://www.kaggle.com/datasets/muhriddinmuxiddinov/fruits-and-vegetables-dataset,2,publisher_fresh_rotten_folder+visual_review,none,not_annotated,e1b95e4ce1346d6a870a080b5a77936c1465f0172b8ae7d06f3356e406c05c66,dda4bb48746087c296e8756c6348d10506058f763bba682c42afd865ba5ceeb6,1300,956,b3994da6648b7698,009a9c0c9e4d0c40,no
tomato_rotten_1165,test/N_rotten/tomato_rotten_1165.jpg,tomato_rotten,5,tomato,rotten,not_subtyped,test,g0606,s0488,muhriddinmuxiddinov,Fruits_Vegetables_Dataset(12000)/Vegetables/RottenTomato/rottenTomato (114).jpg,https://www.kaggle.com/datasets/muhriddinmuxiddinov/fruits-and-vegetables-dataset,2,publisher_fresh_rotten_folder+visual_review,none,not_annotated,122c8702b785605e0c23c3e40b1b6b8d26aec570885733e2c38dce6dc5c97c35,f3e719adcba3c89cd723f5e55dfa6e6e22d26e611d98eeb2d6a38ab99beb3cc0,117,99,af2f9170c2c28f87,0e1f67672f338e0d,no
tomato_rotten_1166,train/N_rotten/tomato_rotten_1166.jpg,tomato_rotten,5,tomato,rotten,not_subtyped,train,g0607,s0515,muhriddinmuxiddinov,Fruits_Vegetables_Dataset(12000)/Vegetables/RottenTomato/rottenTomato (119).jpg,https://www.kaggle.com/datasets/muhriddinmuxiddinov/fruits-and-vegetables-dataset,2,publisher_fresh_rotten_folder+visual_review,none,not_annotated,53b431a074d8680463440b3fbb003e7953955b2f9e36f6ca2d3e45b554f90284,be288c5c6cef7fa3788082dd609735719a3102a1bd8ffd7611116f58372acb64,348,331,ea959542cc698767,181f0f07050d0707,no
tomato_rotten_1167,test/N_rotten/tomato_rotten_1167.jpg,tomato_rotten,5,tomato,rotten,not_subtyped,test,g0608,s0516,muhriddinmuxiddinov,Fruits_Vegetables_Dataset(12000)/Vegetables/RottenTomato/rottenTomato (120).jpg,https://www.kaggle.com/datasets/muhriddinmuxiddinov/fruits-and-vegetables-dataset,2,publisher_fresh_rotten_folder+visual_review,none,not_annotated,2aa9ca23caa2b8e49e57cea067eb26cb27b2d6222fb5eb874193045bb8c31908,f119dfb3beab0dbb90890b12cb044109084d11c264831800f450d61335232f8d,213,209,afc4d44ac32b913b,0626276b4907230f,no
tomato_rotten_1168,valid/N_rotten/tomato_rotten_1168.jpg,tomato_rotten,5,tomato,rotten,not_subtyped,val,g0609,s0517,muhriddinmuxiddinov,Fruits_Vegetables_Dataset(12000)/Vegetables/RottenTomato/rottenTomato (124).jpg,https://www.kaggle.com/datasets/muhriddinmuxiddinov/fruits-and-vegetables-dataset,2,publisher_fresh_rotten_folder+visual_review,none,not_annotated,194386c7ba000a23eb10a1fd874411f212f6b550f117bdf0920fe65ba720713c,d82d631265ed0ef12a62904d928e4439f0adfd3565f30f6a7a5f527fefc39c10,321,313,fad2812fc64ccb31,0c1f3b25491b170f,no
tomato_rotten_1169,train/N_rotten/tomato_rotten_1169.jpg,tomato_rotten,5,tomato,rotten,not_subtyped,train,g0601,s0511,muhriddinmuxiddinov,Fruits_Vegetables_Dataset(12000)/Vegetables/RottenTomato/rottenTomato (125).jpg,https://www.kaggle.com/datasets/muhriddinmuxiddinov/fruits-and-vegetables-dataset,2,publisher_fresh_rotten_folder+visual_review,none,not_annotated,2ba5b15198c06f2299e09b3baa0831db460a2442ba177b4f2712f349fd2f1234,99919f82f71a0230fd3b9e4623063cbc2805553c2c40fc8f5d4bef3ef2c3631c,289,290,aad0b50dc0dccb6e,b60f0b996d731f0e,no
tomato_rotten_1170,train/N_rotten/tomato_rotten_1170.jpg,tomato_rotten,5,tomato,rotten,not_subtyped,train,g0601,s0511,muhriddinmuxiddinov,Fruits_Vegetables_Dataset(12000)/Vegetables/RottenTomato/rottenTomato (126).jpg,https://www.kaggle.com/datasets/muhriddinmuxiddinov/fruits-and-vegetables-dataset,2,publisher_fresh_rotten_folder+visual_review,none,not_annotated,b65051584fd8240e990630e7037b1ee384fb21b5d7866ba0fa4fa53d8c4ca5da,6f42c7eaaae47f1681b92e0d21941fc888f6af81aaf6c24fb770b8e38f21a2c0,312,306,ba92f4788621cb6d,960f0b5d7133078e,no
tomato_rotten_1171,train/N_rotten/tomato_rotten_1171.jpg,tomato_rotten,5,tomato,rotten,not_subtyped,train,g0610,s0518,muhriddinmuxiddinov,Fruits_Vegetables_Dataset(12000)/Vegetables/RottenTomato/rottenTomato (127).jpg,https://www.kaggle.com/datasets/muhriddinmuxiddinov/fruits-and-vegetables-dataset,2,publisher_fresh_rotten_folder+visual_review,none,not_annotated,ee455c8091ba614ebee15703a6af54078ce679bfd504fd7b30bcef66e929e6db,976d9678a6bd87ee7a1e16ec94710aa171ef6f7c9d141036e5435a1bf73d2f67,273,324,ff8aa045971c9e68,468f1d3c4426030f,no
tomato_rotten_1172,valid/N_rotten/tomato_rotten_1172.jpg,tomato_rotten,5,tomato,rotten,not_subtyped,val,g0611,s0519,muhriddinmuxiddinov,Fruits_Vegetables_Dataset(12000)/Vegetables/RottenTomato/rottenTomato (128).jpg,https://www.kaggle.com/datasets/muhriddinmuxiddinov/fruits-and-vegetables-dataset,2,publisher_fresh_rotten_folder+visual_review,none,not_annotated,c795574dc7840a65be90ff55b14038e9d504a9e67c419718d94f54341a000e38,184eb69d8c3185920ab18e527dae36511745f6bb162b0378691675bb31293985,307,346,e8868d58676b9c71,021607079d91934f,no
tomato_rotten_1173,valid/N_rotten/tomato_rotten_1173.jpg,tomato_rotten,5,tomato,rotten,not_subtyped,val,g0612,s0520,muhriddinmuxiddinov,Fruits_Vegetables_Dataset(12000)/Vegetables/RottenTomato/rottenTomato (129).jpg,https://www.kaggle.com/datasets/muhriddinmuxiddinov/fruits-and-vegetables-dataset,2,publisher_fresh_rotten_folder+visual_review,none,not_annotated,ca77d950f74b07e1550e993a276fa48912588a0f0a401e70953ac4d2531e908f,1456507f8126c92254ea2fc5ebc85371172761b93f4bc8c42c990f573704113c,466,367,bb8fc074b4694372,07335b370d13130f,no
tomato_rotten_1174,test/N_rotten/tomato_rotten_1174.jpg,tomato_rotten,5,tomato,rotten,not_subtyped,test,g0613,s0520,muhriddinmuxiddinov,Fruits_Vegetables_Dataset(12000)/Vegetables/RottenTomato/rottenTomato (130).jpg,https://www.kaggle.com/datasets/muhriddinmuxiddinov/fruits-and-vegetables-dataset,2,publisher_fresh_rotten_folder+visual_review,none,not_annotated,a9183e8a5b089507f6b2ecefbc5ab6593a2a567bdb138d8d0aacc414233d1b19,99cea6d6451a2b39cf212ee1cb4db2efbbdd9b8e8f529cf541e6d7a2409243fa,346,296,af91c44a912eda6d,cd162f1f1333270f,no
tomato_rotten_1175,train/N_rotten/tomato_rotten_1175.jpg,tomato_rotten,5,tomato,rotten,not_subtyped,train,g0614,s0521,muhriddinmuxiddinov,Fruits_Vegetables_Dataset(12000)/Vegetables/RottenTomato/rottenTomato (131).jpg,https://www.kaggle.com/datasets/muhriddinmuxiddinov/fruits-and-vegetables-dataset,2,publisher_fresh_rotten_folder+visual_review,none,not_annotated,6e2b13a9bebb5004c90e527161e625b2476a2ee2ed7fe13a87ce857684889a2f,a0b5ad7bad240f720bc1ab513fca61b814ca03702505c67024dfdd50d1c4b258,367,366,e2929d5d9a5a9664,24478f8987870707,no
tomato_rotten_1176,valid/N_rotten/tomato_rotten_1176.jpg,tomato_rotten,5,tomato,rotten,not_subtyped,val,g0615,s0487,muhriddinmuxiddinov,Fruits_Vegetables_Dataset(12000)/Vegetables/RottenTomato/rottenTomato (132).jpg,https://www.kaggle.com/datasets/muhriddinmuxiddinov/fruits-and-vegetables-dataset,2,publisher_fresh_rotten_folder+visual_review,none,not_annotated,42536bd96a50ce5aa276237383e0f64b27b686cc86ded067262aa4531bd4e48e,436adbac2c035eb05e069d19246aef2ca46b6027668e9441ec337cf11abeadd4,443,313,bbc0c5359eca1995,4e8b1b391f1b0f0f,no
tomato_rotten_1177,train/N_rotten/tomato_rotten_1177.jpg,tomato_rotten,5,tomato,rotten,not_subtyped,train,g0616,s0522,muhriddinmuxiddinov,Fruits_Vegetables_Dataset(12000)/Vegetables/RottenTomato/rottenTomato (133).jpg,https://www.kaggle.com/datasets/muhriddinmuxiddinov/fruits-and-vegetables-dataset,2,publisher_fresh_rotten_folder+visual_review,none,not_annotated,b306947d75d1e2ec7ac9ac95eeac5c6478221502099d794e05ebcc2ef07f4a74,1fdf192f25c279b0dccf93681ba02989b357a649307ff3e7d95dfc7f1aaff9eb,339,296,f985c59f4b186558,b2460f2b3b1f1d17,no
tomato_rotten_1178,train/N_rotten/tomato_rotten_1178.jpg,tomato_rotten,5,tomato,rotten,not_subtyped,train,g0617,s0523,muhriddinmuxiddinov,Fruits_Vegetables_Dataset(12000)/Vegetables/RottenTomato/rottenTomato (136).jpg,https://www.kaggle.com/datasets/muhriddinmuxiddinov/fruits-and-vegetables-dataset,2,publisher_fresh_rotten_folder+visual_review,none,not_annotated,d80e1ed8ce85691cfdb82bbd67752101f693b180485165d090c68a997b3e672b,4fc7f266b0e382ce948c00e3a07d6d826fe1a157fd451adfb47814471e577d8a,148,172,ad96da6981b52e07,d03c66cec72716c8,no
tomato_rotten_1179,train/N_rotten/tomato_rotten_1179.jpg,tomato_rotten,5,tomato,rotten,not_subtyped,train,g0618,s0524,muhriddinmuxiddinov,Fruits_Vegetables_Dataset(12000)/Vegetables/RottenTomato/rottenTomato (137).jpg,https://www.kaggle.com/datasets/muhriddinmuxiddinov/fruits-and-vegetables-dataset,2,publisher_fresh_rotten_folder+visual_review,none,not_annotated,d58fb3746b93423f0c5bc0f7a102933b86e67a0fe4afd8da4bb0067dbfdb3775,44c7878d1227e088437e2354efd4707ab6d19622355b46241eba08ac68c9a695,214,239,dfdfe072a0c1a283,09306272780c0707,no
tomato_rotten_1180,train/N_rotten/tomato_rotten_1180.jpg,tomato_rotten,5,tomato,rotten,not_subtyped,train,g0619,s0525,muhriddinmuxiddinov,Fruits_Vegetables_Dataset(12000)/Vegetables/RottenTomato/rottenTomato (139).jpg,https://www.kaggle.com/datasets/muhriddinmuxiddinov/fruits-and-vegetables-dataset,2,publisher_fresh_rotten_folder+visual_review,none,not_annotated,ec0f248f790e4ebfda25120717da809050523a34264a408fa9f55b78072971ef,60cb84e70cb4947a47709f999e1277873490d21e0fd6776711c36c11a1fe6dd3,389,399,fa87a19dc5ca4e88,c60f2d2915150b87,no
tomato_rotten_1181,train/N_rotten/tomato_rotten_1181.jpg,tomato_rotten,5,tomato,rotten,not_subtyped,train,g0592,s0503,muhriddinmuxiddinov,Fruits_Vegetables_Dataset(12000)/Vegetables/RottenTomato/rottenTomato (14).jpg,https://www.kaggle.com/datasets/muhriddinmuxiddinov/fruits-and-vegetables-dataset,2,publisher_fresh_rotten_folder+visual_review,none,not_annotated,69f0b76011deb3292bc89783d88c9f425610b1e7e9f0536acc93eb325674e784,75025030aecd34b34dcafde3e8d6a9af1f4cbe7c60903b9ed347ba1e6fb187cd,800,600,e4bd93568cd83549,4886963707068187,no
tomato_rotten_1182,train/N_rotten/tomato_rotten_1182.jpg,tomato_rotten,5,tomato,rotten,not_subtyped,train,g0620,s0526,muhriddinmuxiddinov,Fruits_Vegetables_Dataset(12000)/Vegetables/RottenTomato/rottenTomato (140).jpg,https://www.kaggle.com/datasets/muhriddinmuxiddinov/fruits-and-vegetables-dataset,2,publisher_fresh_rotten_folder+visual_review,none,not_annotated,798a7847ffe3d942a214b1e646fab180c6657f09d431652e90567c5c887c9b0b,b57ea4e4d66c7b4ec0d77ac04e250d9f710ad59ff04a61baf455ce3421beb439,264,359,fb82d087413e6af8,4d8e0f5d5b43230f,no
tomato_rotten_1183,train/N_rotten/tomato_rotten_1183.jpg,tomato_rotten,5,tomato,rotten,not_subtyped,train,g0621,s0527,muhriddinmuxiddinov,Fruits_Vegetables_Dataset(12000)/Vegetables/RottenTomato/rottenTomato (142).jpg,https://www.kaggle.com/datasets/muhriddinmuxiddinov/fruits-and-vegetables-dataset,2,publisher_fresh_rotten_folder+visual_review,none,not_annotated,a2109adba136a9c4cadb95341daa10d23b04d51fae9db47fefc76ed1f36091ef,18ef8d7e86fd38c3f82ec81c69c6b8a879ec6fdf04d8bb1bc99c1a0a51da6c2c,355,327,bfc2d00fcb3cc930,498e0f2b0f1b1f1c,no
tomato_rotten_1184,test/N_rotten/tomato_rotten_1184.jpg,tomato_rotten,5,tomato,rotten,not_subtyped,test,g0622,s0528,muhriddinmuxiddinov,Fruits_Vegetables_Dataset(12000)/Vegetables/RottenTomato/rottenTomato (146).jpg,https://www.kaggle.com/datasets/muhriddinmuxiddinov/fruits-and-vegetables-dataset,2,publisher_fresh_rotten_folder+visual_review,none,not_annotated,cb6e552d12400b776ba8e63aaecfbeca51b199ccb74c56d3b1336e8322463e47,6bbb07cf629367ec54eb5cdab252bf3c37ba9639007189f239c9a69c6d2567fc,275,262,bbc4c40fd2cb9a1c,0c0617171f1f0f8e,no
tomato_rotten_1185,test/N_rotten/tomato_rotten_1185.jpg,tomato_rotten,5,tomato,rotten,not_subtyped,test,g0623,s0529,muhriddinmuxiddinov,Fruits_Vegetables_Dataset(12000)/Vegetables/RottenTomato/rottenTomato (147).jpg,https://www.kaggle.com/datasets/muhriddinmuxiddinov/fruits-and-vegetables-dataset,2,publisher_fresh_rotten_folder+visual_review,none,not_annotated,487e53b860b2f214d902ac7df7f1b6d4c990a94a4896f0bf0a31264eb0bd0d38,7e724d56ac956a6bd512ac15f019368ce077b4ae5116619cc2978b1352d792d0,186,207,da58a16b9bac6915,419418303807070c,no
tomato_rotten_1186,train/N_rotten/tomato_rotten_1186.jpg,tomato_rotten,5,tomato,rotten,not_subtyped,train,g0624,s0530,muhriddinmuxiddinov,Fruits_Vegetables_Dataset(12000)/Vegetables/RottenTomato/rottenTomato (148).jpg,https://www.kaggle.com/datasets/muhriddinmuxiddinov/fruits-and-vegetables-dataset,2,publisher_fresh_rotten_folder+visual_review,none,not_annotated,7d769639a26ecaee4f9c98fa5fd15d69f039a0bbb3f0863b43fee41da6cf074a,d4a221ec871f4912c7e95556be3e3cabb397461fa59bafc057dcdc526cbf9bbc,299,279,e9cec4b197349a98,460333233b1b070e,no
tomato_rotten_1187,valid/N_rotten/tomato_rotten_1187.jpg,tomato_rotten,5,tomato,rotten,not_subtyped,val,g0625,s0531,muhriddinmuxiddinov,Fruits_Vegetables_Dataset(12000)/Vegetables/RottenTomato/rottenTomato (149).jpg,https://www.kaggle.com/datasets/muhriddinmuxiddinov/fruits-and-vegetables-dataset,2,publisher_fresh_rotten_folder+visual_review,none,not_annotated,c39e8947c82dd4479a78e26d715644604efd8c5f3a7f952e5b2570dc02b4f885,c0b32010190600b45b448f83ffa4f2f038dbbe1275f9dd8e2de278e1f8def1c8,359,373,aed1b1c8c40fce3a,8e1b23476373230e,no
tomato_rotten_1188,test/N_rotten/tomato_rotten_1188.jpg,tomato_rotten,5,tomato,rotten,not_subtyped,test,g0626,s0532,muhriddinmuxiddinov,Fruits_Vegetables_Dataset(12000)/Vegetables/RottenTomato/rottenTomato (15).jpg,https://www.kaggle.com/datasets/muhriddinmuxiddinov/fruits-and-vegetables-dataset,2,publisher_fresh_rotten_folder+visual_review,none,not_annotated,e07219c1a468caf4a86048ef073ab0c41610f1808c293da7dab6b90d07058f6c,49530b57e06d8c090159e81532088fcb965a8a738f8ac05863fa33c503814e36,1600,1200,df8007abbe195b44,dcc4b83011191828,no
tomato_rotten_1189,train/N_rotten/tomato_rotten_1189.jpg,tomato_rotten,5,tomato,rotten,not_subtyped,train,g0589,s0500,muhriddinmuxiddinov,Fruits_Vegetables_Dataset(12000)/Vegetables/RottenTomato/rottenTomato (151).jpg,https://www.kaggle.com/datasets/muhriddinmuxiddinov/fruits-and-vegetables-dataset,2,publisher_fresh_rotten_folder+visual_review,none,not_annotated,0a358b3f56a6d8ecb24e316545c14d7b871f28fb14b820d8ebd7b016f7d512ac,acf15818d6e63deb7ef8438d1f141dccf04c7c167a250ad4e00af6311d98664c,248,260,ea90b54f914bce2c,800e234945690b0e,no
tomato_rotten_1190,train/N_rotten/tomato_rotten_1190.jpg,tomato_rotten,5,tomato,rotten,not_subtyped,train,g0627,s0533,muhriddinmuxiddinov,Fruits_Vegetables_Dataset(12000)/Vegetables/RottenTomato/rottenTomato (152).jpg,https://www.kaggle.com/datasets/muhriddinmuxiddinov/fruits-and-vegetables-dataset,2,publisher_fresh_rotten_folder+visual_review,none,not_annotated,2e0cfc06c1812539f026bda2fe794035613052e1407d6d86fc5b963483bd5f86,778905eda13758694cc63c1d9f10f88611f1d3a2392bbbf1300ad7978863f72a,218,217,ae4ee56d80f0c791,273371b133670f8c,no
tomato_rotten_1191,train/N_rotten/tomato_rotten_1191.jpg,tomato_rotten,5,tomato,rotten,not_subtyped,train,g0596,s0507,muhriddinmuxiddinov,Fruits_Vegetables_Dataset(12000)/Vegetables/RottenTomato/rottenTomato (16).jpg,https://www.kaggle.com/datasets/muhriddinmuxiddinov/fruits-and-vegetables-dataset,2,publisher_fresh_rotten_folder+visual_review,none,not_annotated,faf7f27f819c833c7a7f5288d28cf93f48c7dc7929169f70131dd5231628d731,d786b17660656b1fd96b4660b73b44d59a349383fdb4ac7a81fdc96eeaaf0697,1024,680,bfc0942fca2ea15a,89301a2b2b5a2d29,no
tomato_rotten_1192,train/N_rotten/tomato_rotten_1192.jpg,tomato_rotten,5,tomato,rotten,not_subtyped,train,g0628,s0398,muhriddinmuxiddinov,Fruits_Vegetables_Dataset(12000)/Vegetables/RottenTomato/rottenTomato (163).jpg,https://www.kaggle.com/datasets/muhriddinmuxiddinov/fruits-and-vegetables-dataset,2,publisher_fresh_rotten_folder+visual_review,none,not_annotated,2d297f1390a8b4ea17534bfae8086f8f4f03920472fc4137c27d44176d8c1148,b975b16f881d97e07929e363630fcd69f7a0db01b9811a577f5e172104c56e4e,800,533,ce95a2dd5f42115a,6c25b56431b2a945,no
tomato_rotten_1193,train/N_rotten/tomato_rotten_1193.jpg,tomato_rotten,5,tomato,rotten,not_subtyped,train,g0629,s0534,muhriddinmuxiddinov,Fruits_Vegetables_Dataset(12000)/Vegetables/RottenTomato/rottenTomato (164).jpg,https://www.kaggle.com/datasets/muhriddinmuxiddinov/fruits-and-vegetables-dataset,2,publisher_fresh_rotten_folder+visual_review,none,not_annotated,364e9638c71d2c72d669b6d5fba9cc1e6513ea92aea120f5f16d8ffde99e3a0d,501fb1d3a6801f26f339df68372042d86492f7a5bf52b34b7d1fdcf30df69808,800,543,b8c5c53ec639e11c,7ed69a3c3d383a34,no
tomato_rotten_1194,train/N_rotten/tomato_rotten_1194.jpg,tomato_rotten,5,tomato,rotten,not_subtyped,train,g0630,s0535,muhriddinmuxiddinov,Fruits_Vegetables_Dataset(12000)/Vegetables/RottenTomato/rottenTomato (166).jpg,https://www.kaggle.com/datasets/muhriddinmuxiddinov/fruits-and-vegetables-dataset,2,publisher_fresh_rotten_folder+visual_review,none,not_annotated,cc7ee95cabdea814997f7f5628d09e5818f045ed9d2ad53dfb4cbe527b8048b8,33fff602a49d3cb87d5e572a1f23edec330a821e1531afddbc0591713120a5dc,310,323,bbfaf425d295c012,0e2b79595ddf3e3d,no
tomato_rotten_1195,train/N_rotten/tomato_rotten_1195.jpg,tomato_rotten,5,tomato,rotten,not_subtyped,train,g0631,s0474,muhriddinmuxiddinov,Fruits_Vegetables_Dataset(12000)/Vegetables/RottenTomato/rottenTomato (169).jpg,https://www.kaggle.com/datasets/muhriddinmuxiddinov/fruits-and-vegetables-dataset,2,publisher_fresh_rotten_folder+visual_review,none,not_annotated,080c92a5d7d2720a7df951b0d7fc7fb5573de3f9b842b4b96dbd928ab5ae0d22,232f76a378276af51cec537a01581ce402ca1a5a51f07eb3cc4e111037794f64,174,211,bfd1d003c22d8f2d,8d1e3b3b1b3f0f0e,no
tomato_rotten_1196,train/N_rotten/tomato_rotten_1196.jpg,tomato_rotten,5,tomato,rotten,not_subtyped,train,g0632,s0536,muhriddinmuxiddinov,Fruits_Vegetables_Dataset(12000)/Vegetables/RottenTomato/rottenTomato (17).jpg,https://www.kaggle.com/datasets/muhriddinmuxiddinov/fruits-and-vegetables-dataset,2,publisher_fresh_rotten_folder+visual_review,none,not_annotated,060a63f1c6f7ebc1e2b9627990bd9d49abff9e60773a6ad68c654b4db95f51c8,a18a46eef7e331aec2d4427d302c25d6196ba5730714a4ad7f9ce93cea0bb48c,1600,1168,e79b1ee418a57286,26484e9e864f4e34,no
tomato_rotten_1197,train/N_rotten/tomato_rotten_1197.jpg,tomato_rotten,5,tomato,rotten,not_subtyped,train,g0633,s0537,muhriddinmuxiddinov,Fruits_Vegetables_Dataset(12000)/Vegetables/RottenTomato/rottenTomato (171).jpg,https://www.kaggle.com/datasets/muhriddinmuxiddinov/fruits-and-vegetables-dataset,2,publisher_fresh_rotten_folder+visual_review,none,not_annotated,01bb5a5841572c775f49f295ca41ef0114f9872513822d467f80678d014823a7,9ee69919e7209871e5379cd4b330fd29615aacd0fb45a039d703e950ee243f8c,224,224,8cd273ccccf2c2d1,f1fbe57373733f1b,no
tomato_rotten_1198,train/N_rotten/tomato_rotten_1198.jpg,tomato_rotten,5,tomato,rotten,not_subtyped,train,g0634,s0538,muhriddinmuxiddinov,Fruits_Vegetables_Dataset(12000)/Vegetables/RottenTomato/rottenTomato (173).jpg,https://www.kaggle.com/datasets/muhriddinmuxiddinov/fruits-and-vegetables-dataset,2,publisher_fresh_rotten_folder+visual_review,none,not_annotated,7526a69581c3f698fc7bc69be215976b5fef9c398a035f9f744c9d003ce6bbd6,39a2ecb39f1958cb46f32fa207fc61a11bd3b390d4451d0689d584a3d58e57e3,323,255,ffa4a415825f8f42,8e07637959331383,no
tomato_rotten_1199,train/N_rotten/tomato_rotten_1199.jpg,tomato_rotten,5,tomato,rotten,not_subtyped,train,g0635,s0539,muhriddinmuxiddinov,Fruits_Vegetables_Dataset(12000)/Vegetables/RottenTomato/rottenTomato (175).jpg,https://www.kaggle.com/datasets/muhriddinmuxiddinov/fruits-and-vegetables-dataset,2,publisher_fresh_rotten_folder+visual_review,none,not_annotated,6d977687864be5e89c9dfbca5f72d26a3120775ec350c970bef3ab8c23c45302,6979b892bd053e4baded1d0a27be288885136cc56bd7e2aafd06db944ecbb9a9,387,271,eb94b41ad25b8359,0c06031b13030f0f,no
tomato_rotten_1200,train/N_rotten/tomato_rotten_1200.jpg,tomato_rotten,5,tomato,rotten,not_subtyped,train,g0619,s0525,muhriddinmuxiddinov,Fruits_Vegetables_Dataset(12000)/Vegetables/RottenTomato/rottenTomato (18).jpg,https://www.kaggle.com/datasets/muhriddinmuxiddinov/fruits-and-vegetables-dataset,2,publisher_fresh_rotten_folder+visual_review,none,not_annotated,a75ec73e059157b3696e588deae287f0a6c38a7b154eae32cb43dfeb9d93b5e5,4f348fe39f1aa1d8ccf0d1a51edb8757e3a50a2ea5e7a721772dfb3a1b24e36d,1600,1168,e59656815cec1ce5,4d8e8e1696968f0f,no
tomato_rotten_1201,test/N_rotten/tomato_rotten_1201.jpg,tomato_rotten,5,tomato,rotten,not_subtyped,test,g0636,s0540,muhriddinmuxiddinov,Fruits_Vegetables_Dataset(12000)/Vegetables/RottenTomato/rottenTomato (190).jpg,https://www.kaggle.com/datasets/muhriddinmuxiddinov/fruits-and-vegetables-dataset,2,publisher_fresh_rotten_folder+visual_review,none,not_annotated,d181b9580e984afb3346a2c03e35280d31c28b946c08982e9f8ac11a7b60c890,45a432dce2d3c4a4a0456edec290a92f2a5ad83143cb3c39fdd49218d38b82f1,215,210,eaca953d9a605b61,24070b051b1b860f,no
tomato_rotten_1202,train/N_rotten/tomato_rotten_1202.jpg,tomato_rotten,5,tomato,rotten,not_subtyped,train,g0637,s0541,muhriddinmuxiddinov,Fruits_Vegetables_Dataset(12000)/Vegetables/RottenTomato/rottenTomato (193).jpg,https://www.kaggle.com/datasets/muhriddinmuxiddinov/fruits-and-vegetables-dataset,2,publisher_fresh_rotten_folder+visual_review,none,not_annotated,6ea4be98819cea2901014f8679f8e5e77af5bcebda97cce05912f96efd90bc0e,c6a1a9994d92f3b1301a73089a344b82414e42370d3a353f993e53001a65841e,244,255,e8ce95b896635866,0003030707138f47,no
tomato_rotten_1203,valid/N_rotten/tomato_rotten_1203.jpg,tomato_rotten,5,tomato,rotten,not_subtyped,val,g0638,s0542,muhriddinmuxiddinov,Fruits_Vegetables_Dataset(12000)/Vegetables/RottenTomato/rottenTomato (205).jpg,https://www.kaggle.com/datasets/muhriddinmuxiddinov/fruits-and-vegetables-dataset,2,publisher_fresh_rotten_folder+visual_review,none,not_annotated,02cdb0228f07ec76b40f1329ff9b6032aa792f16e469184644a44ffc0910f036,eb146b14cc0f43b9947bb2f382382ee7201193fa4267deebe3fb4ba1a6e3e27d,359,170,ba4fe53c94276819,373b3b3b393b1f0f,no
tomato_rotten_1204,train/N_rotten/tomato_rotten_1204.jpg,tomato_rotten,5,tomato,rotten,not_subtyped,train,g0639,s0543,muhriddinmuxiddinov,Fruits_Vegetables_Dataset(12000)/Vegetables/RottenTomato/rottenTomato (206).jpg,https://www.kaggle.com/datasets/muhriddinmuxiddinov/fruits-and-vegetables-dataset,2,publisher_fresh_rotten_folder+visual_review,none,not_annotated,c294c7af6f1474a9e27ea8fbfbc1cf8522347b5eb776b5309894d1d410e25ffe,d38d2943756793ee5722168a778eb6dd33fabe869da5f465aec3ba0bfd7b5dda,252,227,fe81e956b1ca1558,8c1f370d1c2c2907,no
tomato_rotten_1205,valid/N_rotten/tomato_rotten_1205.jpg,tomato_rotten,5,tomato,rotten,not_subtyped,val,g0640,s0492,muhriddinmuxiddinov,Fruits_Vegetables_Dataset(12000)/Vegetables/RottenTomato/rottenTomato (208).jpg,https://www.kaggle.com/datasets/muhriddinmuxiddinov/fruits-and-vegetables-dataset,2,publisher_fresh_rotten_folder+visual_review,none,not_annotated,1c98e37b528d1dafd8e402ff0d1841e6a4822430b61766e363e085754b79989c,137f2ccf415604505f2be86f318e6f3c5152308254e241b844fba73f4e3803d6,90,96,fa88d5cad02ac72d,9c1f170d1901070e,no
tomato_rotten_1206,valid/N_rotten/tomato_rotten_1206.jpg,tomato_rotten,5,tomato,rotten,not_subtyped,val,g0641,s0544,muhriddinmuxiddinov,Fruits_Vegetables_Dataset(12000)/Vegetables/RottenTomato/rottenTomato (211).jpg,https://www.kaggle.com/datasets/muhriddinmuxiddinov/fruits-and-vegetables-dataset,2,publisher_fresh_rotten_folder+visual_review,none,not_annotated,5d0505e0355d98e20242c32068291602b25f1016c9c33cb6efdb437f93cb91df,aa8329771e2068da0fdcc5ee56e00cac34f13a75bda95059bddb981abbf2e18c,381,314,ea97a5d4969a8ac1,2e071b3905279b07,no
tomato_rotten_1207,train/N_rotten/tomato_rotten_1207.jpg,tomato_rotten,5,tomato,rotten,not_subtyped,train,g0642,s0545,muhriddinmuxiddinov,Fruits_Vegetables_Dataset(12000)/Vegetables/RottenTomato/rottenTomato (213).jpg,https://www.kaggle.com/datasets/muhriddinmuxiddinov/fruits-and-vegetables-dataset,2,publisher_fresh_rotten_folder+visual_review,none,not_annotated,e9d2a93bfc5cd7e6a25ee9e03a25d07662490af765873fa13e3eafb74d957020,3cb5b41f457eb6ba5ea4065e8d7e267c499274c7b2d5ffa8296a52390f23b089,283,241,aa94f102963fca6b,081f736d6971330f,no
tomato_rotten_1208,train/N_rotten/tomato_rotten_1208.jpg,tomato_rotten,5,tomato,rotten,not_subtyped,train,g0628,s0398,muhriddinmuxiddinov,Fruits_Vegetables_Dataset(12000)/Vegetables/RottenTomato/rottenTomato (22).jpg,https://www.kaggle.com/datasets/muhriddinmuxiddinov/fruits-and-vegetables-dataset,2,publisher_fresh_rotten_folder+visual_review,none,not_annotated,7fc73ab1187613675cf8490c4de78bd91067057e6c152a9459870fe4b18b95b5,f931c1cf67529681df916b972f424a4e74cfd54c14bc3e796fff98463752d851,275,183,aa95a3dd5f20195a,686dad6531b3ab4d,no
tomato_rotten_1209,train/N_rotten/tomato_rotten_1209.jpg,tomato_rotten,5,tomato,rotten,not_subtyped,train,g0643,s0546,muhriddinmuxiddinov,Fruits_Vegetables_Dataset(12000)/Vegetables/RottenTomato/rottenTomato (220).jpg,https://www.kaggle.com/datasets/muhriddinmuxiddinov/fruits-and-vegetables-dataset,2,publisher_fresh_rotten_folder+visual_review,none,not_annotated,66033fead93a1b101dd47ae5b00d1c347f789d8059fced2e7e03442da3c40bb0,babfb690aa7707bcbca2b291eedbfc41ecef0f9c063fa714ca587b8d6bdfced9,339,317,bb18f433c279cb09,9e377351696b078e,no
tomato_rotten_1210,train/N_rotten/tomato_rotten_1210.jpg,tomato_rotten,5,tomato,rotten,not_subtyped,train,g0644,s0547,muhriddinmuxiddinov,Fruits_Vegetables_Dataset(12000)/Vegetables/RottenTomato/rottenTomato (223).jpg,https://www.kaggle.com/datasets/muhriddinmuxiddinov/fruits-and-vegetables-dataset,2,publisher_fresh_rotten_folder+visual_review,none,not_annotated,41481f27422bf2811c5c97f8d39ea8fc338f541427877cf37168a7ebc4d7a7a8,9d3331df26283010c0ad4e3b2e832f9c4cb1cb5beae0d57fd0658594e0365a0e,239,199,ae94b5e3c0c38eca,0e362341e1631b33,no
tomato_rotten_1211,train/N_rotten/tomato_rotten_1211.jpg,tomato_rotten,5,tomato,rotten,not_subtyped,train,g0645,s0548,muhriddinmuxiddinov,Fruits_Vegetables_Dataset(12000)/Vegetables/RottenTomato/rottenTomato (225).jpg,https://www.kaggle.com/datasets/muhriddinmuxiddinov/fruits-and-vegetables-dataset,2,publisher_fresh_rotten_folder+visual_review,none,not_annotated,e90424b69b9834859049e1a0cc73d93bac26d90aaccfb615c432241dec8c9b11,9cede97865634cfdb081a4c31422fdb8722e0b8e1beb99cbf5f387af71d8a565,185,187,be94c1ca9f249a69,4c8e0f0f3f0f070f,no
tomato_rotten_1212,train/N_rotten/tomato_rotten_1212.jpg,tomato_rotten,5,tomato,rotten,not_subtyped,train,g0629,s0534,muhriddinmuxiddinov,Fruits_Vegetables_Dataset(12000)/Vegetables/RottenTomato/rottenTomato (227).jpg,https://www.kaggle.com/datasets/muhriddinmuxiddinov/fruits-and-vegetables-dataset,2,publisher_fresh_rotten_folder+visual_review,none,not_annotated,97e138c2538acec70c9e7d890f099e5ef7613e97a44ea68bc6f6acc33fea0040,e3362f56e1657f2dc55eaed59821f9f58b42c55c141a55785493761a9c4bc6f7,157,189,bfc0904f9e2cd331,254c0f272f233f1e,no
tomato_rotten_1213,train/N_rotten/tomato_rotten_1213.jpg,tomato_rotten,5,tomato,rotten,not_subtyped,train,g0646,s0549,muhriddinmuxiddinov,Fruits_Vegetables_Dataset(12000)/Vegetables/RottenTomato/rottenTomato (229).jpg,https://www.kaggle.com/datasets/muhriddinmuxiddinov/fruits-and-vegetables-dataset,2,publisher_fresh_rotten_folder+visual_review,none,not_annotated,92461682929ef194167d55c82e7f101112cac598f06a6d8c449da5310b19397c,d4835c3ade62c2ce07de92c42bca68b17f0eb50581b77e766e55938dacf3ade4,208,192,fac8812f8735da1c,c613390d2b0b1f9c,no
tomato_rotten_1214,train/N_rotten/tomato_rotten_1214.jpg,tomato_rotten,5,tomato,rotten,not_subtyped,train,g0647,s0550,muhriddinmuxiddinov,Fruits_Vegetables_Dataset(12000)/Vegetables/RottenTomato/rottenTomato (23).jpg,https://www.kaggle.com/datasets/muhriddinmuxiddinov/fruits-and-vegetables-dataset,2,publisher_fresh_rotten_folder+visual_review,none,not_annotated,7383c01bb0e49ffb95accd2009ff1b6f197e5ae8e54452669679e4f75205d754,3ecca6c1944ec1264f9b7d5e21262c96bf2ccfd92981adf540eb0a0a551f6e0f,266,189,b333ccce30cc3333,d4694d8d8d4d6096,no
tomato_rotten_1215,train/N_rotten/tomato_rotten_1215.jpg,tomato_rotten,5,tomato,rotten,not_subtyped,train,g0645,s0548,muhriddinmuxiddinov,Fruits_Vegetables_Dataset(12000)/Vegetables/RottenTomato/rottenTomato (239).jpg,https://www.kaggle.com/datasets/muhriddinmuxiddinov/fruits-and-vegetables-dataset,2,publisher_fresh_rotten_folder+visual_review,none,not_annotated,d5f31a33864609a12f61857cd7ea665a6690e68ad89cee11ab3cf49089e52ca4,7253e452770c94690048881877758bae284908e4ed721e4c20849ef24e7b69e4,131,143,ab03d47ec20dcbe1,1e1fdf0f9f1f1f0c,no
tomato_rotten_1216,train/N_rotten/tomato_rotten_1216.jpg,tomato_rotten,5,tomato,rotten,not_subtyped,train,g0648,s0551,muhriddinmuxiddinov,Fruits_Vegetables_Dataset(12000)/Vegetables/RottenTomato/rottenTomato (240).jpg,https://www.kaggle.com/datasets/muhriddinmuxiddinov/fruits-and-vegetables-dataset,2,publisher_fresh_rotten_folder+visual_review,none,not_annotated,808eadc197619a07d3723d7bd9aa483156f5bb2c472b1161b86b05ae5a4122c5,d1bd7ac47c1331e2b28e0bc6ae3d510d4554071f76fabfd7bd8a67fa67884fc4,224,224,bfdf48b4f54080c9,7279797c4e4e4673,no
tomato_rotten_1217,valid/N_rotten/tomato_rotten_1217.jpg,tomato_rotten,5,tomato,rotten,not_subtyped,val,g0649,s0552,muhriddinmuxiddinov,Fruits_Vegetables_Dataset(12000)/Vegetables/RottenTomato/rottenTomato (241).jpg,https://www.kaggle.com/datasets/muhriddinmuxiddinov/fruits-and-vegetables-dataset,2,publisher_fresh_rotten_folder+visual_review,none,not_annotated,9dccddcbec419dc0233c1f2a55776c28d28f377522ad1f1554203142e984deec,15698e0832d960fae20f508afddb61b1c0ef9ffac7071e705bdde0924119798e,112,125,aa1cb4e99333ca66,9c37695973330f0c,no
tomato_rotten_1218,test/N_rotten/tomato_rotten_1218.jpg,tomato_rotten,5,tomato,rotten,not_subtyped,test,g0650,s0553,muhriddinmuxiddinov,Fruits_Vegetables_Dataset(12000)/Vegetables/RottenTomato/rottenTomato (244).jpg,https://www.kaggle.com/datasets/muhriddinmuxiddinov/fruits-and-vegetables-dataset,2,publisher_fresh_rotten_folder+visual_review,none,not_annotated,1ace5c26cc5478e82e4723aad61c6f18c2d5ffc909c2ea30c9e9434b2c06b4e4,456c0707534d252e4e584cbef43e68e86b2a6cd210cb3814e35afb686632b66a,120,139,fa9aa5459e828a79,4c1f1979300f8e06,no
tomato_rotten_1219,train/N_rotten/tomato_rotten_1219.jpg,tomato_rotten,5,tomato,rotten,not_subtyped,train,g0624,s0530,muhriddinmuxiddinov,Fruits_Vegetables_Dataset(12000)/Vegetables/RottenTomato/rottenTomato (245).jpg,https://www.kaggle.com/datasets/muhriddinmuxiddinov/fruits-and-vegetables-dataset,2,publisher_fresh_rotten_folder+visual_review,none,not_annotated,27ef3ce1b59c87544d16a498ee37058ca74dbd96806fca042ebd65848cf0e9ea,e981b0f1c199cf6234b4817b3743f575c307b7d436bbb07d8e4c5ecb51abc638,130,166,adc8d23709326cf9,798623e353170ed8,no
tomato_rotten_1220,train/N_rotten/tomato_rotten_1220.jpg,tomato_rotten,5,tomato,rotten,not_subtyped,train,g0631,s0474,muhriddinmuxiddinov,Fruits_Vegetables_Dataset(12000)/Vegetables/RottenTomato/rottenTomato (249).jpg,https://www.kaggle.com/datasets/muhriddinmuxiddinov/fruits-and-vegetables-dataset,2,publisher_fresh_rotten_folder+visual_review,none,not_annotated,7d35bc8bbfe356eb8c2a1a4a99b23299da986ab0fe981713923d16eb8500023c,7e14d4ab3ac27b7774ee40221f0bb8f9f38eaf051fc4472905ea0c107bfc0f0a,360,299,fa9e81d0973a9a61,0607333f37170f07,no
tomato_rotten_1221,valid/N_rotten/tomato_rotten_1221.jpg,tomato_rotten,5,tomato,rotten,not_subtyped,val,g0651,s0554,muhriddinmuxiddinov,Fruits_Vegetables_Dataset(12000)/Vegetables/RottenTomato/rottenTomato (25).jpg,https://www.kaggle.com/datasets/muhriddinmuxiddinov/fruits-and-vegetables-dataset,2,publisher_fresh_rotten_folder+visual_review,none,not_annotated,6441cc730c4a7a3ca66a4c359a7e80ffd42f3705950b2601f68781284f0fbd9c,79630af1b9e3e8aecbc0ccd41b2b45ef5c6f2284caa55855d3f72ad461d2ea02,259,194,cfcc702fda1e1813,61e6746563634dc8,no
tomato_rotten_1222,train/N_rotten/tomato_rotten_1222.jpg,tomato_rotten,5,tomato,rotten,not_subtyped,train,g0652,s0555,muhriddinmuxiddinov,Fruits_Vegetables_Dataset(12000)/Vegetables/RottenTomato/rottenTomato (256).jpg,https://www.kaggle.com/datasets/muhriddinmuxiddinov/fruits-and-vegetables-dataset,2,publisher_fresh_rotten_folder+visual_review,none,not_annotated,267a57c69e6707a6d57f586b72d5b655b45aaa4e6ab0526e5d71daa8dfe709f0,386a4ed125a6c558d3921af1c853bfa2e6cb743370f674cb797212d07da0943f,174,224,bb91c54a1a2ccf71,278e0f0f19030f0f,no
tomato_rotten_1223,train/N_rotten/tomato_rotten_1223.jpg,tomato_rotten,5,tomato,rotten,not_subtyped,train,g0653,s0556,muhriddinmuxiddinov,Fruits_Vegetables_Dataset(12000)/Vegetables/RottenTomato/rottenTomato (257).jpg,https://www.kaggle.com/datasets/muhriddinmuxiddinov/fruits-and-vegetables-dataset,2,publisher_fresh_rotten_folder+visual_review,none,not_annotated,9af75d21157492865b0ba8ab3b7e1541dc73c1cbf9e84d9ab2e53eeb45bdec3f,e82f1d7f0f7c1a5850d43d8857250947484327e46f23e5de02a5e01497ae1c8d,318,301,ea72c1a89d859cb6,4f0d0f1727230f0c,no
tomato_rotten_1224,train/N_rotten/tomato_rotten_1224.jpg,tomato_rotten,5,tomato,rotten,not_subtyped,train,g0654,s0557,muhriddinmuxiddinov,Fruits_Vegetables_Dataset(12000)/Vegetables/RottenTomato/rottenTomato (258).jpg,https://www.kaggle.com/datasets/muhriddinmuxiddinov/fruits-and-vegetables-dataset,2,publisher_fresh_rotten_folder+visual_review,none,not_annotated,3768ae33e8d848c0a67c98c45cd452ea3409e023588990faef7a2278566e99f6,ea063a52ff7d366f2dfff33ddbac3c7f542083cd61a6296d9c34c4db92ba966a,342,345,ae28f123d4ed8734,9f3f7777b569270e,no
tomato_rotten_1225,test/N_rotten/tomato_rotten_1225.jpg,tomato_rotten,5,tomato,rotten,not_subtyped,test,g0655,s0558,muhriddinmuxiddinov,Fruits_Vegetables_Dataset(12000)/Vegetables/RottenTomato/rottenTomato (261).jpg,https://www.kaggle.com/datasets/muhriddinmuxiddinov/fruits-and-vegetables-dataset,2,publisher_fresh_rotten_folder+visual_review,none,not_annotated,dae5fe115a6b7d22280e35aa546b8df41cf4c861e6540b0987dc0a4946f121ad,9c4fe41f2874546f9eaea8d5cc42539ad722e62b7146bcca1f4e6256deea39d2,328,318,ba18f0769199c7c9,1e0f73314d4d2b8e,no
tomato_rotten_1226,train/N_rotten/tomato_rotten_1226.jpg,tomato_rotten,5,tomato,rotten,not_subtyped,train,g0656,s0559,muhriddinmuxiddinov,Fruits_Vegetables_Dataset(12000)/Vegetables/RottenTomato/rottenTomato (263).jpg,https://www.kaggle.com/datasets/muhriddinmuxiddinov/fruits-and-vegetables-dataset,2,publisher_fresh_rotten_folder+visual_review,none,not_annotated,fcf41b41017848ce459337813c22b58b19480b727e5c157655536bd9479c3582,a57b034230674482c87bdb71f1c8572d78836292a7a23cf8a639c1eb9c858232,1024,768,aef8d120d7157b18,c833376725377340,no
tomato_rotten_1227,valid/N_rotten/tomato_rotten_1227.jpg,tomato_rotten,5,tomato,rotten,not_subtyped,val,g0657,s0560,muhriddinmuxiddinov,Fruits_Vegetables_Dataset(12000)/Vegetables/RottenTomato/rottenTomato (265).jpg,https://www.kaggle.com/datasets/muhriddinmuxiddinov/fruits-and-vegetables-dataset,2,publisher_fresh_rotten_folder+visual_review,none,not_annotated,04536b8b07c125e0652dee271c64fcc7aaa4ce8c19b13b945cef407211d13064,8e7a34e6197d4f5033cb4aa803ea1100d5b8ff229749d5bab55f5d436892184b,356,318,bbc09487c03ede78,348b3b3d9b573f3e,no
tomato_rotten_1228,train/N_rotten/tomato_rotten_1228.jpg,tomato_rotten,5,tomato,rotten,not_subtyped,train,g0658,s0561,muhriddinmuxiddinov,Fruits_Vegetables_Dataset(12000)/Vegetables/RottenTomato/rottenTomato (266).jpg,https://www.kaggle.com/datasets/muhriddinmuxiddinov/fruits-and-vegetables-dataset,2,publisher_fresh_rotten_folder+visual_review,none,not_annotated,f5daf73bd6334beb818a37ced0a17474addeea64f4dc2fd5b818de21618e0652,21c0af9c967df5f8477ba6ed55e196ba769ef77607415901fa1a04f706d1fdb1,383,310,e89a85a79696986e,4603939185934f07,no
tomato_rotten_1229,train/N_rotten/tomato_rotten_1229.jpg,tomato_rotten,5,tomato,rotten,not_subtyped,train,g0571,s0482,muhriddinmuxiddinov,Fruits_Vegetables_Dataset(12000)/Vegetables/RottenTomato/rottenTomato (27).jpg,https://www.kaggle.com/datasets/muhriddinmuxiddinov/fruits-and-vegetables-dataset,2,publisher_fresh_rotten_folder+visual_review,none,not_annotated,18d5526f8eb07c26f3c4efc98e05257711bd7f1c209a244eb706a42a59887e95,f2369a5bfa768a360f25b746c4727c5e8055ee8d756a13a013a422828377fac7,266,189,b0cbc92cce339267,19909d0f0e0e9e1f,no
tomato_rotten_1230,train/N_rotten/tomato_rotten_1230.jpg,tomato_rotten,5,tomato,rotten,not_subtyped,train,g0659,s0397,muhriddinmuxiddinov,Fruits_Vegetables_Dataset(12000)/Vegetables/RottenTomato/rottenTomato (276).jpg,https://www.kaggle.com/datasets/muhriddinmuxiddinov/fruits-and-vegetables-dataset,2,publisher_fresh_rotten_folder+visual_review,none,not_annotated,06c0b61ddd2314cfad972746e48ebf934e216e6822a18eebabbe131ae610e0ba,bd3e9b60430731ae11d1fd0269397c86dc5caab78166f3eb532515e1c3c488f2,224,224,89c9e2d1d9d9d8d0,7133337b333f1f3f,no
tomato_rotten_1231,valid/N_rotten/tomato_rotten_1231.jpg,tomato_rotten,5,tomato,rotten,not_subtyped,val,g0660,s0562,muhriddinmuxiddinov,Fruits_Vegetables_Dataset(12000)/Vegetables/RottenTomato/rottenTomato (277).jpg,https://www.kaggle.com/datasets/muhriddinmuxiddinov/fruits-and-vegetables-dataset,2,publisher_fresh_rotten_folder+visual_review,none,not_annotated,c4415822f0eb894d4cdb57880427d1f1c11eb1189e00c75af559c286296772a2,022a11bf3975d23558b6d7f90cbcd97bcbf28ba5cf3ab2add2755c210f8f161e,347,349,aaf1d504d2cf8a9c,8c1f131b3d472f00,no
tomato_rotten_1232,valid/N_rotten/tomato_rotten_1232.jpg,tomato_rotten,5,tomato,rotten,not_subtyped,val,g0661,s0563,muhriddinmuxiddinov,Fruits_Vegetables_Dataset(12000)/Vegetables/RottenTomato/rottenTomato (279).jpg,https://www.kaggle.com/datasets/muhriddinmuxiddinov/fruits-and-vegetables-dataset,2,publisher_fresh_rotten_folder+visual_review,none,not_annotated,51f2ae61948a535441ffb3f49528f089974c31ce5b61367337dd3dbc095631aa,a02b1cbf03fecd5c3efb3205ad5c27d64406aa1b5bc67256070529b263054e82,455,388,fa958412c73acbc9,0c0f0b0b09190b87,no
tomato_rotten_1233,train/N_rotten/tomato_rotten_1233.jpg,tomato_rotten,5,tomato,rotten,not_subtyped,train,g0662,s0564,muhriddinmuxiddinov,Fruits_Vegetables_Dataset(12000)/Vegetables/RottenTomato/rottenTomato (282).jpg,https://www.kaggle.com/datasets/muhriddinmuxiddinov/fruits-and-vegetables-dataset,2,publisher_fresh_rotten_folder+visual_review,none,not_annotated,7e4f9523375039beed75ef7dcf8cdd68d1dc7680f6ded96e71c54284596139cb,3ecdc4900db7d6f81fe567ec618dd62e5d60cf9ab8fbcfa27e1599cc07ea9877,413,308,ea9fc1d08589d633,8b0b032727230307,no
tomato_rotten_1234,valid/N_rotten/tomato_rotten_1234.jpg,tomato_rotten,5,tomato,rotten,not_subtyped,val,g0663,s0565,muhriddinmuxiddinov,Fruits_Vegetables_Dataset(12000)/Vegetables/RottenTomato/rottenTomato (291).jpg,https://www.kaggle.com/datasets/muhriddinmuxiddinov/fruits-and-vegetables-dataset,2,publisher_fresh_rotten_folder+visual_review,none,not_annotated,efea7e88d7dec6690c5be0d3adbbaf7c68083c235d4a24dcc80e7bc30e5d5bd7,88b96069d97b4cf565cc458182f8816489d67f8c4371b4f718bb0ef9b769c2ba,224,224,9dd5b480814b6e7e,8a70605afa7b331f,no
tomato_rotten_1235,train/N_rotten/tomato_rotten_1235.jpg,tomato_rotten,5,tomato,rotten,not_subtyped,train,g0664,s0565,muhriddinmuxiddinov,Fruits_Vegetables_Dataset(12000)/Vegetables/RottenTomato/rottenTomato (294).jpg,https://www.kaggle.com/datasets/muhriddinmuxiddinov/fruits-and-vegetables-dataset,2,publisher_fresh_rotten_folder+visual_review,none,not_annotated,62b7525ddfe850f41f99c3afe5a83ddd9a84b543877c93de5b5cfdd11cd2b47d,22a0614612cfe018ca071df89f02334e4ebc497502e81b70213435685d8a9708,224,224,b5914a46ad9595d5,b4991e1e1f0e0f27,no
tomato_rotten_1236,train/N_rotten/tomato_rotten_1236.jpg,tomato_rotten,5,tomato,rotten,not_subtyped,train,g0664,s0565,muhriddinmuxiddinov,Fruits_Vegetables_Dataset(12000)/Vegetables/RottenTomato/rottenTomato (296).jpg,https://www.kaggle.com/datasets/muhriddinmuxiddinov/fruits-and-vegetables-dataset,2,publisher_fresh_rotten_folder+visual_review,none,not_annotated,cf2d537d1bbcec3634f7e996bba61064c182d320d13cd2b3a8fd7e994df89bf5,23653b01435611509911bfe513a94eb49be4cbd1d02b09243e9bd37e0987a229,224,224,92d869e69694dad2,b41339343c1d1f0f,no
tomato_rotten_1237,train/N_rotten/tomato_rotten_1237.jpeg,tomato_rotten,5,tomato,rotten,not_subtyped,train,g0665,s0566,muhriddinmuxiddinov,Fruits_Vegetables_Dataset(12000)/Vegetables/RottenTomato/rottenTomato (3).jpeg,https://www.kaggle.com/datasets/muhriddinmuxiddinov/fruits-and-vegetables-dataset,2,publisher_fresh_rotten_folder+visual_review,none,not_annotated,50e14b344c81db3cc6affd8b5a5e5127686410653a70752cf845b73775701a32,3ccfed303a3a4ae00233e2d08c646af7d764b5388b9769f5b97dec70b0f18a26,275,183,a8e6c2e98371afd0,c536361ebe3391cd,no
tomato_rotten_1238,test/N_rotten/tomato_rotten_1238.jpg,tomato_rotten,5,tomato,rotten,not_subtyped,test,g0666,s0567,muhriddinmuxiddinov,Fruits_Vegetables_Dataset(12000)/Vegetables/RottenTomato/rottenTomato (3).jpg,https://www.kaggle.com/datasets/muhriddinmuxiddinov/fruits-and-vegetables-dataset,2,publisher_fresh_rotten_folder+visual_review,none,not_annotated,2faa7e768e0dfaa75937bbfa938e31d2c13a898679933b410a92bc28fea9ea83,7625c144f91613191b4c60d97957a519315c98f2a7222a9ff6d2e23bc26dc328,200,150,b54c429b2ba32ced,78b4961e1e1e188c,no
tomato_rotten_1239,valid/N_rotten/tomato_rotten_1239.jpg,tomato_rotten,5,tomato,rotten,not_subtyped,val,g0667,s0568,muhriddinmuxiddinov,Fruits_Vegetables_Dataset(12000)/Vegetables/RottenTomato/rottenTomato (30).jpg,https://www.kaggle.com/datasets/muhriddinmuxiddinov/fruits-and-vegetables-dataset,2,publisher_fresh_rotten_folder+visual_review,none,not_annotated,285fd972a43798867fbc634e9adfd97099320eb2afa5e5af838ca1b2b7fc223f,43086328e1565aacb064bcce53ad1098389fb824fb91125edddf715d046eee02,177,285,ec2266aead2732f0,6626999333312616,no
tomato_rotten_1240,test/N_rotten/tomato_rotten_1240.jpg,tomato_rotten,5,tomato,rotten,not_subtyped,test,g0668,s0569,muhriddinmuxiddinov,Fruits_Vegetables_Dataset(12000)/Vegetables/RottenTomato/rottenTomato (31).jpg,https://www.kaggle.com/datasets/muhriddinmuxiddinov/fruits-and-vegetables-dataset,2,publisher_fresh_rotten_folder+visual_review,none,not_annotated,742d267f560407e64a63e9fee78d505cf96dfb39f673b482102f3c8e1727c4c7,1d6fd2c86950131943f11d72819496ae8c65ea53d874751b6a7a7681c3d32630,216,233,beca8181d20fca7b,8e0723611f271f0e,no
tomato_rotten_1241,test/N_rotten/tomato_rotten_1241.jpg,tomato_rotten,5,tomato,rotten,not_subtyped,test,g0669,s0570,muhriddinmuxiddinov,Fruits_Vegetables_Dataset(12000)/Vegetables/RottenTomato/rottenTomato (339).jpg,https://www.kaggle.com/datasets/muhriddinmuxiddinov/fruits-and-vegetables-dataset,2,publisher_fresh_rotten_folder+visual_review,none,not_annotated,2ee88187974a19c1201bcacc1b30008854f0d1371fd0efaf910d61567c42014e,c887f38d6c32a0965574ddc4d477cc8ec5947d8f51b533c88cde76b069d2e0a1,224,224,a49b9b6419b67b18,99e7f9a6a6a6a7af,no
tomato_rotten_1242,train/N_rotten/tomato_rotten_1242.jpg,tomato_rotten,5,tomato,rotten,not_subtyped,train,g0561,s0397,muhriddinmuxiddinov,Fruits_Vegetables_Dataset(12000)/Vegetables/RottenTomato/rottenTomato (343).jpg,https://www.kaggle.com/datasets/muhriddinmuxiddinov/fruits-and-vegetables-dataset,2,publisher_fresh_rotten_folder+visual_review,none,not_annotated,da11a546ab21e47a25307753ad47106f8ba3d42b72c17e82b99f3721ff35baa7,c5a06e511b009e17311b93197cbf1cb9952689ff65d2fae47aab7bd3673df833,224,224,a78f9b270d270746,7fb84cc6cece8f0f,no
tomato_rotten_1243,valid/N_rotten/tomato_rotten_1243.jpg,tomato_rotten,5,tomato,rotten,not_subtyped,val,g0670,s0570,muhriddinmuxiddinov,Fruits_Vegetables_Dataset(12000)/Vegetables/RottenTomato/rottenTomato (351).jpg,https://www.kaggle.com/datasets/muhriddinmuxiddinov/fruits-and-vegetables-dataset,2,publisher_fresh_rotten_folder+visual_review,none,not_annotated,b02f1abe974ff8f7224e23e3ef6060ef72c8c500e9629c2e5bf0bedf2431b7cd,7bad7e78ee387e78e1eabe0e15d6c9f3c180bd27cb786d89fb021aba26ad25d9,224,224,97e2321fe38a821f,7c36f86e6e726a6a,no
tomato_rotten_1244,train/N_rotten/tomato_rotten_1244.jpg,tomato_rotten,5,tomato,rotten,not_subtyped,train,g0561,s0397,muhriddinmuxiddinov,Fruits_Vegetables_Dataset(12000)/Vegetables/RottenTomato/rottenTomato (365).jpg,https://www.kaggle.com/datasets/muhriddinmuxiddinov/fruits-and-vegetables-dataset,2,publisher_fresh_rotten_folder+visual_review,none,not_annotated,ae764f13eda81b0a170bdf00e1b5e4147e2115118b6622c198478520adf652f7,976b35b1286126ea6eecfc0284341fb04244fb96b1412d8e162243989bb04854,224,224,b0cf9a6d6132c39a,fdf0cc9e969e8f0d,no
tomato_rotten_1245,train/N_rotten/tomato_rotten_1245.jpg,tomato_rotten,5,tomato,rotten,not_subtyped,train,g0561,s0397,muhriddinmuxiddinov,Fruits_Vegetables_Dataset(12000)/Vegetables/RottenTomato/rottenTomato (368).jpg,https://www.kaggle.com/datasets/muhriddinmuxiddinov/fruits-and-vegetables-dataset,2,publisher_fresh_rotten_folder+visual_review,none,not_annotated,f6b929530df91d8f73046f78c90f1da2e100336717405ca033819d5f5030ddea,a70b8c5ce41bd8ed6c75edf6dc0f35fd5ed7d2ee32f5ab3e85e6d5878e0d82ba,224,224,bfc0c4333c9cc663,ffd9b938585a3b37,no
tomato_rotten_1246,train/N_rotten/tomato_rotten_1246.jpg,tomato_rotten,5,tomato,rotten,not_subtyped,train,g0671,s0571,muhriddinmuxiddinov,Fruits_Vegetables_Dataset(12000)/Vegetables/RottenTomato/rottenTomato (37).jpg,https://www.kaggle.com/datasets/muhriddinmuxiddinov/fruits-and-vegetables-dataset,2,publisher_fresh_rotten_folder+visual_review,none,not_annotated,d9ac9c7470af2a214b3f1fd332e164e96fb500418d3dedb73ec13b7e1b3501e2,207dceaa4ec2b3c671f25ed0e5aadf65e025386123f0f92b73ee2957468639b1,275,183,f881a3959e92b15b,a687993530060703,no
tomato_rotten_1247,train/N_rotten/tomato_rotten_1247.jpg,tomato_rotten,5,tomato,rotten,not_subtyped,train,g0463,s0397,muhriddinmuxiddinov,Fruits_Vegetables_Dataset(12000)/Vegetables/RottenTomato/rottenTomato (378).jpg,https://www.kaggle.com/datasets/muhriddinmuxiddinov/fruits-and-vegetables-dataset,2,publisher_fresh_rotten_folder+visual_review,none,not_annotated,308905896047c218edf2c57e0327fd0a4e08603e178f40d947db10fa2548bc63,4ae5f0ef640a624bf758ddef6caa0f3dc0d0a236bc468bea3df1c9c24d0efa88,224,224,b2cd9a656936c698,6e794dce968e8d8d,no
tomato_rotten_1248,test/N_rotten/tomato_rotten_1248.jpg,tomato_rotten,5,tomato,rotten,not_subtyped,test,g0672,s0572,muhriddinmuxiddinov,Fruits_Vegetables_Dataset(12000)/Vegetables/RottenTomato/rottenTomato (39).jpg,https://www.kaggle.com/datasets/muhriddinmuxiddinov/fruits-and-vegetables-dataset,2,publisher_fresh_rotten_folder+visual_review,none,not_annotated,288e800ac4f156e09a2d43202ead2fe8b1a97932edd68faabdbbbf6091131cca,31d852d0d9d488c4310eb187f3be1ccabb95f9aa946d60f932c7200f6ae7939c,267,189,b1c6c63c993324ed,a18f8f1b1a969fc0,no
tomato_rotten_1249,train/N_rotten/tomato_rotten_1249.jpg,tomato_rotten,5,tomato,rotten,not_subtyped,train,g0644,s0547,muhriddinmuxiddinov,Fruits_Vegetables_Dataset(12000)/Vegetables/RottenTomato/rottenTomato (4).jpg,https://www.kaggle.com/datasets/muhriddinmuxiddinov/fruits-and-vegetables-dataset,2,publisher_fresh_rotten_folder+visual_review,none,not_annotated,8ff89e3455af7ecf823ff0b6754aadf165664c2c7752b912eeeef6aad1643f77,e3a5e4f7c392558da08800585d548a30c01b0b21f20984ea9662cf43b55d8df5,1300,897,ee9994623b65389c,9620335713230790,no
tomato_rotten_1250,test/N_rotten/tomato_rotten_1250.jpg,tomato_rotten,5,tomato,rotten,not_subtyped,test,g0673,s0563,muhriddinmuxiddinov,Fruits_Vegetables_Dataset(12000)/Vegetables/RottenTomato/rottenTomato (42).jpg,https://www.kaggle.com/datasets/muhriddinmuxiddinov/fruits-and-vegetables-dataset,2,publisher_fresh_rotten_folder+visual_review,none,not_annotated,7165cf33ff2f797c07ede0d2c823a9bf28b0bf57ff57841fbb879ad03232235a,c3d114e384079878ce23f5be16ae771fa4704a1d11e684e32e3905b2d4fb141e,275,183,bb96c069c4e49e47,12191c0f0b1b0383,no
tomato_rotten_1251,train/N_rotten/tomato_rotten_1251.jpg,tomato_rotten,5,tomato,rotten,not_subtyped,train,g0463,s0397,muhriddinmuxiddinov,Fruits_Vegetables_Dataset(12000)/Vegetables/RottenTomato/rottenTomato (444).jpg,https://www.kaggle.com/datasets/muhriddinmuxiddinov/fruits-and-vegetables-dataset,2,publisher_fresh_rotten_folder+visual_review,none,not_annotated,8fb8589937db3c79d08bad61817e9a37cb30bd924aa0cc660e88b6590255053f,3ca586c9c62428fd4de9faa3d0d4a8cb3f2fcb1aa43354f0aad9df62aff27432,224,224,bac6c99bc62e3238,e7981c2d3c191b37,no
tomato_rotten_1252,train/N_rotten/tomato_rotten_1252.jpg,tomato_rotten,5,tomato,rotten,not_subtyped,train,g0674,s0573,muhriddinmuxiddinov,Fruits_Vegetables_Dataset(12000)/Vegetables/RottenTomato/rottenTomato (45).jpg,https://www.kaggle.com/datasets/muhriddinmuxiddinov/fruits-and-vegetables-dataset,2,publisher_fresh_rotten_folder+visual_review,none,not_annotated,7bb0fc8b9b749fd2caad7df64e17d6e2f50c9b5c261362fe9e735eb4e67f1d93,ad411bed99e7c7be73953c52be4d5549948dc8d0e50f8e2448c70e902f20f474,183,275,bd8dc2d02f4f603c,411e072b170f0fd2,no
tomato_rotten_1253,train/N_rotten/tomato_rotten_1253.jpg,tomato_rotten,5,tomato,rotten,not_subtyped,train,g0675,s0574,muhriddinmuxiddinov,Fruits_Vegetables_Dataset(12000)/Vegetables/RottenTomato/rottenTomato (46).jpg,https://www.kaggle.com/datasets/muhriddinmuxiddinov/fruits-and-vegetables-dataset,2,publisher_fresh_rotten_folder+visual_review,none,not_annotated,3bcb13d2f81ae8cfae39adf6cc67f9f8b32766fb14aa312187eb32ecf089bfa3,7168e0342227101471b1920e87a76eadc2e9fa6719cfd378f48b4ca4af125062,177,285,c0cc2f2df436d1c3,64f3d0aca8d8e931,no
tomato_rotten_1254,test/N_rotten/tomato_rotten_1254.jpg,tomato_rotten,5,tomato,rotten,not_subtyped,test,g0676,s0575,muhriddinmuxiddinov,Fruits_Vegetables_Dataset(12000)/Vegetables/RottenTomato/rottenTomato (48).jpg,https://www.kaggle.com/datasets/muhriddinmuxiddinov/fruits-and-vegetables-dataset,2,publisher_fresh_rotten_folder+visual_review,none,not_annotated,4e39abdb661851cb6e970c82d8a3a3529fd938567020196ae1a3404a5f484881,a13b998167f5d3ee49bcce2155d142ad2622a332d58fe04611ede507bad4ca41,279,180,ee8194356ed82d9a,4eccb9a563133125,no
tomato_rotten_1255,train/N_rotten/tomato_rotten_1255.jpg,tomato_rotten,5,tomato,rotten,not_subtyped,train,g0463,s0397,muhriddinmuxiddinov,Fruits_Vegetables_Dataset(12000)/Vegetables/RottenTomato/rottenTomato (487).jpg,https://www.kaggle.com/datasets/muhriddinmuxiddinov/fruits-and-vegetables-dataset,2,publisher_fresh_rotten_folder+visual_review,none,not_annotated,169a4cb830ab5e2f5d9e0d3aea60852d5ec0fc745c3636c2844a6d7a0e2d61c6,c77e39cafeb7d034da148cf35e2617781efab8901720cfda4f6d5542cdcbcb45,224,224,edca93b5259294a5,7b736567637678f0,no
tomato_rotten_1256,train/N_rotten/tomato_rotten_1256.jpeg,tomato_rotten,5,tomato,rotten,not_subtyped,train,g0560,s0472,muhriddinmuxiddinov,Fruits_Vegetables_Dataset(12000)/Vegetables/RottenTomato/rottenTomato (5).jpeg,https://www.kaggle.com/datasets/muhriddinmuxiddinov/fruits-and-vegetables-dataset,2,publisher_fresh_rotten_folder+visual_review,none,not_annotated,2589a524b54de74094b5f0774f320773688646e3306184d31198a3894b4da7fd,0bd99db77d4b80d33b788f3cb2fa45b998d6ce117b998073d441eda75328aa51,191,264,afc2d08b4abd3ca4,d88b2733332f1f0e,no
tomato_rotten_1257,test/N_rotten/tomato_rotten_1257.jpg,tomato_rotten,5,tomato,rotten,not_subtyped,test,g0677,s0576,muhriddinmuxiddinov,Fruits_Vegetables_Dataset(12000)/Vegetables/RottenTomato/rottenTomato (500).jpg,https://www.kaggle.com/datasets/muhriddinmuxiddinov/fruits-and-vegetables-dataset,2,publisher_fresh_rotten_folder+visual_review,none,not_annotated,d7c6feb29efa11a17bc32614befeac25e3e8dfcff38922848113a61a418d1c71,8bb05bf99b007faa7b86398cb662935d8418271c2c5ff560310cfebabf2223d9,224,224,a60919273d3e3e5a,d3d1cdc6ccceccf8,no
tomato_rotten_1258,train/N_rotten/tomato_rotten_1258.jpg,tomato_rotten,5,tomato,rotten,not_subtyped,train,g0463,s0397,muhriddinmuxiddinov,Fruits_Vegetables_Dataset(12000)/Vegetables/RottenTomato/rottenTomato (501).jpg,https://www.kaggle.com/datasets/muhriddinmuxiddinov/fruits-and-vegetables-dataset,2,publisher_fresh_rotten_folder+visual_review,none,not_annotated,2822d236ec667e8327d334d16ff5f276a14f85fc20c33d1da11d9b9aed0b1c81,064c66f856fd50689aef9303c3e30cedc8d018f2bc4d5e967c46eda4ef3de832,224,224,edff92b56c120069,7c7373636372f878,no
tomato_rotten_1259,test/N_rotten/tomato_rotten_1259.jpg,tomato_rotten,5,tomato,rotten,not_subtyped,test,g0678,s0577,muhriddinmuxiddinov,Fruits_Vegetables_Dataset(12000)/Vegetables/RottenTomato/rottenTomato (51).jpg,https://www.kaggle.com/datasets/muhriddinmuxiddinov/fruits-and-vegetables-dataset,2,publisher_fresh_rotten_folder+visual_review,none,not_annotated,b973a017a248fa86afa49796adff42eb67430ad2b63d5264060c959b1036c369,7d36c117a8a804abd532dabd2be325d3ce2123210aba73e842773d5d971a4b86,275,183,b08fd2698d64aeb1,fadc96b292979e8e,no
tomato_rotten_1260,train/N_rotten/tomato_rotten_1260.jpg,tomato_rotten,5,tomato,rotten,not_subtyped,train,g0463,s0397,muhriddinmuxiddinov,Fruits_Vegetables_Dataset(12000)/Vegetables/RottenTomato/rottenTomato (511).jpg,https://www.kaggle.com/datasets/muhriddinmuxiddinov/fruits-and-vegetables-dataset,2,publisher_fresh_rotten_folder+visual_review,none,not_annotated,1b7a9b3f82a2af3104c1080652c8f19c92d972b22ba395f13146d87b792f424d,44faf2a2195bf4145aefea2b2a0b64fd2751c8cf430113ae3dc95c00327078f2,224,224,a79898675b6665a4,fcfce6cbcfc6c6ec,no
tomato_rotten_1261,train/N_rotten/tomato_rotten_1261.jpg,tomato_rotten,5,tomato,rotten,not_subtyped,train,g0654,s0557,muhriddinmuxiddinov,Fruits_Vegetables_Dataset(12000)/Vegetables/RottenTomato/rottenTomato (53).jpg,https://www.kaggle.com/datasets/muhriddinmuxiddinov/fruits-and-vegetables-dataset,2,publisher_fresh_rotten_folder+visual_review,none,not_annotated,781c62053ca8628801a19e954091a2847f298b42bc20b70ddc81fd9af1709a29,5d2a328cd0c3101bc8d97c4725804b58d1a858df2897d8c926b36a57bc58d734,183,276,bad8856b9a2c6837,794e1f3519030e5c,no
tomato_rotten_1262,test/N_rotten/tomato_rotten_1262.jpg,tomato_rotten,5,tomato,rotten,not_subtyped,test,g0679,s0578,muhriddinmuxiddinov,Fruits_Vegetables_Dataset(12000)/Vegetables/RottenTomato/rottenTomato (55).jpg,https://www.kaggle.com/datasets/muhriddinmuxiddinov/fruits-and-vegetables-dataset,2,publisher_fresh_rotten_folder+visual_review,none,not_annotated,6f040885cb7911ceaed7d1a6f7a1b8e290117d4613b8954f1658b724f451876f,4fc0db37a3d882b07dcfd70efd3642f41316ee017e9e7bccfc5c5497bb27f0dd,284,177,bb498424d1b6b74b,b213591b1b0d3702,no
tomato_rotten_1263,train/N_rotten/tomato_rotten_1263.jpg,tomato_rotten,5,tomato,rotten,not_subtyped,train,g0680,s0579,muhriddinmuxiddinov,Fruits_Vegetables_Dataset(12000)/Vegetables/RottenTomato/rottenTomato (56).jpg,https://www.kaggle.com/datasets/muhriddinmuxiddinov/fruits-and-vegetables-dataset,2,publisher_fresh_rotten_folder+visual_review,none,not_annotated,8d565a966a7848f513ffee93ad18c36ef1c08eb68a41a906fe7d1820a03a8567,f8bf3ea3fa8eb5ce28f500053493f5172ba963ed525a565a5ecdbf1847414696,262,192,f38c4cb27893738c,49a64e8c950d0840,no
tomato_rotten_1264,valid/N_rotten/tomato_rotten_1264.jpg,tomato_rotten,5,tomato,rotten,not_subtyped,val,g0681,s0580,muhriddinmuxiddinov,Fruits_Vegetables_Dataset(12000)/Vegetables/RottenTomato/rottenTomato (566).jpg,https://www.kaggle.com/datasets/muhriddinmuxiddinov/fruits-and-vegetables-dataset,2,publisher_fresh_rotten_folder+visual_review,none,not_annotated,15c12747b6df8508208eed2a3c7979c60630b1aa3d4b4a071ac4322aa4733316,5654c6669c772108fe0e7544d94fc452af5029311633be26cfdf51bd9d5b4fae,224,224,ad960d0f95427765,f2783c3c3667e3a3,no
tomato_rotten_1265,train/N_rotten/tomato_rotten_1265.jpg,tomato_rotten,5,tomato,rotten,not_subtyped,train,g0566,s0477,muhriddinmuxiddinov,Fruits_Vegetables_Dataset(12000)/Vegetables/RottenTomato/rottenTomato (57).jpg,https://www.kaggle.com/datasets/muhriddinmuxiddinov/fruits-and-vegetables-dataset,2,publisher_fresh_rotten_folder+visual_review,none,not_annotated,2142dd5e22c45c806ccb3ab090f25c47e805ca5f7dd59d1fae0ae45ddc463a29,4e646e9fc168c387659f4845560acffaca7f6329f923814ed0a3f56c5bf19e83,193,261,f00c8f673c9863c7,51618f96868f2004,no
tomato_rotten_1266,train/N_rotten/tomato_rotten_1266.jpg,tomato_rotten,5,tomato,rotten,not_subtyped,train,g0639,s0543,muhriddinmuxiddinov,Fruits_Vegetables_Dataset(12000)/Vegetables/RottenTomato/rottenTomato (58).jpg,https://www.kaggle.com/datasets/muhriddinmuxiddinov/fruits-and-vegetables-dataset,2,publisher_fresh_rotten_folder+visual_review,none,not_annotated,abf2c5e39a0c7bc263394d5c7b9bd292349bf7bdff0bbbe59e501f61992bfa1d,59b20c083e156793fc4d927a6cbdbae7c17d310c6d8f0c814d03f8168db2c30a,267,189,f895856a2cb172cd,a4419c1f13099b16,no
tomato_rotten_1267,train/N_rotten/tomato_rotten_1267.jpg,tomato_rotten,5,tomato,rotten,not_subtyped,train,g0682,s0581,muhriddinmuxiddinov,Fruits_Vegetables_Dataset(12000)/Vegetables/RottenTomato/rottenTomato (60).jpg,https://www.kaggle.com/datasets/muhriddinmuxiddinov/fruits-and-vegetables-dataset,2,publisher_fresh_rotten_folder+visual_review,none,not_annotated,056ba8d137f54d86bb237cf3d08f8b00a456f869583afc435985c99bc289d998,6280884f0d3e4c2ce34ef1bae79307de29f2a3f8bad3e4e467aeb45c65c6bccb,265,190,ed45e327843c9d19,67c332b666671b9f,no
tomato_rotten_1268,train/N_rotten/tomato_rotten_1268.jpg,tomato_rotten,5,tomato,rotten,not_subtyped,train,g0683,s0582,muhriddinmuxiddinov,Fruits_Vegetables_Dataset(12000)/Vegetables/RottenTomato/rottenTomato (63).jpg,https://www.kaggle.com/datasets/muhriddinmuxiddinov/fruits-and-vegetables-dataset,2,publisher_fresh_rotten_folder+visual_review,none,not_annotated,c524366f770f80e67e4e52f8e58d46d259fdf0909dfb8d6f0e587d0463de77e8,90f4352f8e125c34a377bdc6b82b848fa628a5d44abe7781ad1be791bdef3696,1300,955,ec61871fd83e28a3,d28a8f1533372df5,no
tomato_rotten_1269,train/N_rotten/tomato_rotten_1269.jpg,tomato_rotten,5,tomato,rotten,not_subtyped,train,g0684,s0583,muhriddinmuxiddinov,Fruits_Vegetables_Dataset(12000)/Vegetables/RottenTomato/rottenTomato (65).jpg,https://www.kaggle.com/datasets/muhriddinmuxiddinov/fruits-and-vegetables-dataset,2,publisher_fresh_rotten_folder+visual_review,none,not_annotated,c2175cb43e61cd507631f9c7afb7ee57095eda48069ac86ac5e9d3c419c8fe19,3ae2c91f83ec7586adb42d922de19574a0600f29bcdc00e8bcc3d1df870eee13,1300,957,b86cc7f18e86989a,4e8f37371f9f8eed,no
tomato_rotten_1270,train/N_rotten/tomato_rotten_1270.jpg,tomato_rotten,5,tomato,rotten,not_subtyped,train,g0630,s0535,muhriddinmuxiddinov,Fruits_Vegetables_Dataset(12000)/Vegetables/RottenTomato/rottenTomato (67).jpg,https://www.kaggle.com/datasets/muhriddinmuxiddinov/fruits-and-vegetables-dataset,2,publisher_fresh_rotten_folder+visual_review,none,not_annotated,4539370db9e8f1cea5be66141471e63273c388e993958c9d0359a0ff2231c0e3,06fe68b16411e127e356b6a7f5bab966e6f6f38b6390027382a520a2ce1f00dd,1300,1115,bdf0d296439b4389,0c963b3b3e7e1d57,no
tomato_rotten_1271,train/N_rotten/tomato_rotten_1271.jpg,tomato_rotten,5,tomato,rotten,not_subtyped,train,g0682,s0581,muhriddinmuxiddinov,Fruits_Vegetables_Dataset(12000)/Vegetables/RottenTomato/rottenTomato (69).jpg,https://www.kaggle.com/datasets/muhriddinmuxiddinov/fruits-and-vegetables-dataset,2,publisher_fresh_rotten_folder+visual_review,none,not_annotated,ec399b24b2f71d58afa4639e2bda9b0f9fdbdc505a61c1e25fd985e18a69340a,765e586e5b7ff2812a722d461696cbe480c466e538be2ef1aa51ba8f9d031b9f,1300,862,edc4e306943c9d71,67c312b66667131b,no
tomato_rotten_1272,train/N_rotten/tomato_rotten_1272.jpg,tomato_rotten,5,tomato,rotten,not_subtyped,train,g0644,s0547,muhriddinmuxiddinov,Fruits_Vegetables_Dataset(12000)/Vegetables/RottenTomato/rottenTomato (72).jpg,https://www.kaggle.com/datasets/muhriddinmuxiddinov/fruits-and-vegetables-dataset,2,publisher_fresh_rotten_folder+visual_review,none,not_annotated,fbb594b98c21c8eee53676b55b04afdfb864a0a0f529b491c78460ad580a0987,0ff62f3a6073777be21574140358af9baf0642086bef9d384cbd0da3436fb638,390,280,e89e9363ce4b9838,4d863323230f1f8e,no
tomato_rotten_1273,train/N_rotten/tomato_rotten_1273.jpg,tomato_rotten,5,tomato,rotten,not_subtyped,train,g0680,s0579,muhriddinmuxiddinov,Fruits_Vegetables_Dataset(12000)/Vegetables/RottenTomato/rottenTomato (81).jpg,https://www.kaggle.com/datasets/muhriddinmuxiddinov/fruits-and-vegetables-dataset,2,publisher_fresh_rotten_folder+visual_review,none,not_annotated,c0ad1dba0f3736734b206ea6ed69837da60666a2e98f46cb2e40836db833df5b,fa5beddba55cc52629b8c0e94c5f40d15c1b9c79783d32c1709cf1fab0fbae46,251,276,bdcac20de73495a4,0349190e33331e0e,no
tomato_rotten_1274,train/N_rotten/tomato_rotten_1274.jpg,tomato_rotten,5,tomato,rotten,not_subtyped,train,g0685,s0584,muhriddinmuxiddinov,Fruits_Vegetables_Dataset(12000)/Vegetables/RottenTomato/rottenTomato (82).jpg,https://www.kaggle.com/datasets/muhriddinmuxiddinov/fruits-and-vegetables-dataset,2,publisher_fresh_rotten_folder+visual_review,none,not_annotated,63a771d1ccf20d65b81addd069027f7549a917170f21e3a1f871a8fac67f3afa,b4f248d87d9abb0df1abc048f5876ad278bc08c80a02c6f5f051c0cdcfdae8e5,189,187,eb3994a49392cd8b,8c0753594b270e11,no
tomato_rotten_1275,train/N_rotten/tomato_rotten_1275.jpg,tomato_rotten,5,tomato,rotten,not_subtyped,train,g0686,s0585,muhriddinmuxiddinov,Fruits_Vegetables_Dataset(12000)/Vegetables/RottenTomato/rottenTomato (86).jpg,https://www.kaggle.com/datasets/muhriddinmuxiddinov/fruits-and-vegetables-dataset,2,publisher_fresh_rotten_folder+visual_review,none,not_annotated,b834780c99ea606be75faaf8ee51eaedfe34fc161457dd293aede308da673fd9,b792aa7b00615642f918f2462fe90cfd3042f55177b1ba1ab4fcb99443e6f20d,320,307,be91d04b816f966a,9a1d3e371725070f,no
tomato_rotten_1276,train/N_rotten/tomato_rotten_1276.jpg,tomato_rotten,5,tomato,rotten,not_subtyped,train,g0687,s0586,muhriddinmuxiddinov,Fruits_Vegetables_Dataset(12000)/Vegetables/RottenTomato/rottenTomato (88).jpg,https://www.kaggle.com/datasets/muhriddinmuxiddinov/fruits-and-vegetables-dataset,2,publisher_fresh_rotten_folder+visual_review,none,not_annotated,8e339d0aed01b08173ec9567d231bc3abb2842cb0dac1a6187cf30fad3f43fd7,36fb97c0ed7153247b979a3648b0806864d1af7dc03e537320b6cf7431990e7c,313,268,e8a78594d6d2ce49,4c87230b13230707,no
tomato_rotten_1277,train/N_rotten/tomato_rotten_1277.jpg,tomato_rotten,5,tomato,rotten,not_subtyped,train,g0688,s0538,muhriddinmuxiddinov,Fruits_Vegetables_Dataset(12000)/Vegetables/RottenTomato/rottenTomato (92).jpg,https://www.kaggle.com/datasets/muhriddinmuxiddinov/fruits-and-vegetables-dataset,2,publisher_fresh_rotten_folder+visual_review,none,not_annotated,26bb8f68b6f57f22c869d66d970169c22837039a42762eaaf89187993bfb62ca,4ce640ea10b2b220f715873df223193fd27274940735f588a763c841b99d0f2e,413,374,aa92e5ad92509f69,1637790d0b270387,no
tomato_rotten_1278,train/N_rotten/tomato_rotten_1278.jpg,tomato_rotten,5,tomato,rotten,not_subtyped,train,g0688,s0538,muhriddinmuxiddinov,Fruits_Vegetables_Dataset(12000)/Vegetables/RottenTomato/rottenTomato (93).jpg,https://www.kaggle.com/datasets/muhriddinmuxiddinov/fruits-and-vegetables-dataset,2,publisher_fresh_rotten_folder+visual_review,none,not_annotated,7c197ecb02e85915f47a57fd8c1d42971945e31f24d65108821b736f1c4dc75a,7d2ac830beb3eb00f130f206968f5801647d4e0869e0f181ed1e5f3781f0f26e,412,400,bf0fb478c234c691,2e37733333331f8c,no
tomato_rotten_1279,train/N_rotten/tomato_rotten_1279.jpg,tomato_rotten,5,tomato,rotten,not_subtyped,train,g0662,s0564,muhriddinmuxiddinov,Fruits_Vegetables_Dataset(12000)/Vegetables/RottenTomato/rottenTomato (94).jpg,https://www.kaggle.com/datasets/muhriddinmuxiddinov/fruits-and-vegetables-dataset,2,publisher_fresh_rotten_folder+visual_review,none,not_annotated,40a3c6cff226ea74f81565ee59c086bc11563a9b090cf8e5f87724c4a99f0cfa,dd3e532589cb95c2963ac4a08dbc0058c776a97d393c28e2eca0654670e19578,377,273,faca818b85ad9764,93131d0f0f0f1f0f,no
tomato_rotten_1280,train/N_rotten/tomato_rotten_1280.jpg,tomato_rotten,5,tomato,rotten,not_subtyped,train,g0689,s0587,muhriddinmuxiddinov,Fruits_Vegetables_Dataset(12000)/Vegetables/RottenTomato/rottenTomato (96).jpg,https://www.kaggle.com/datasets/muhriddinmuxiddinov/fruits-and-vegetables-dataset,2,publisher_fresh_rotten_folder+visual_review,none,not_annotated,617f0bd6ae745da14ea7ab2cfb47a7856647e98cd4480b9dbdd65b2d6fa3d63d,d6b9e0a8535b14e9c7df8723e4a5f32829b580cefda2fa6b9739f9c5065286f7,433,337,e99cc5b0c6c3865b,0613230717170b07,no
tomato_rotten_1281,train/N_rotten/tomato_rotten_1281.jpg,tomato_rotten,5,tomato,rotten,not_subtyped,train,g0570,s0481,muhriddinmuxiddinov,Fruits_Vegetables_Dataset(12000)/Vegetables/RottenTomato/rottenTomato (98).jpg,https://www.kaggle.com/datasets/muhriddinmuxiddinov/fruits-and-vegetables-dataset,2,publisher_fresh_rotten_folder+visual_review,none,not_annotated,f505be4647c7ea873c6476a6718511e343ef96e7fa40dd686ab91653a1aec4ed,250a1a2ec27c813756bac107e96859ec01cafcc444993978d89742ab0e9bbf9a,377,307,ea878778993b9065,1b278799879d8f4f,no
