id,class_name,fruit,condition,provider,license,creator,title,page,image_url,search_query
40cbb166-3e50-429d-82dd-b334b6736252,other,apple,fresh,openverse:flickr,by-nc-sa 2.0,@Doug88888,Apple fruit,https://www.flickr.com/photos/29468339@N02/2780642603,https://live.staticflickr.com/3139/2780642603_8d2c90e364_b.jpg,apple fruit
b81c65b0-b9c6-4a73-be8c-2871c8e6a16a,other,apple,fresh,openverse:flickr,by-nc-sa 2.0,sumeshbg9,Apple fruit Wallpaper[1],https://www.flickr.com/photos/92950168@N02/8615311355,https://live.staticflickr.com/8256/8615311355_3898c186c1_b.jpg,apple fruit
ed6a5f8c-67db-45e2-aec1-c58ecc0bc3e3,other,apple,fresh,openverse:flickr,by-nc-sa 2.0,Cowgirl111,Abstract Apple - fruit ---challenge,https://www.flickr.com/photos/47905884@N06/12086652705,https://live.staticflickr.com/3779/12086652705_55a5c95ae1_b.jpg,apple fruit
a8e8c63e-d449-4f04-9779-4d216617a9d0,other,apple,fresh,openverse:flickr,by-nc-sa 2.0,Anthony K. Valley,The honey crisp apples are the size of softballs. That's good news if you prefer,https://www.flickr.com/photos/82668092@N00/12376453015,https://live.staticflickr.com/7436/12376453015_e8f569558d.jpg,apple fruit
e2313f7e-cf30-48e1-b714-cb6c19779cfc,other,apple,fresh,openverse:flickr,by 2.0,Apple and Pear Australia Ltd,Alternaria fruit spot on apple fruit IMG_0712,https://www.flickr.com/photos/113312228@N06/15221765908,https://live.staticflickr.com/2950/15221765908_4814442e00_b.jpg,apple fruit
c83c4cac-6ac5-4dba-9398-f633dc73780f,other,apple,fresh,openverse:flickr,by 2.0,effwun,Apples #fruit #processed #stilllife,https://www.flickr.com/photos/60023925@N04/11251542835,https://live.staticflickr.com/2813/11251542835_48a5efc9d0.jpg,apple fruit
c103b127-a165-43e7-bb1c-31fa3ee56f5d,other,apple,fresh,openverse:flickr,by-nc-nd 2.0,mc559,red apples,https://www.flickr.com/photos/87807550@N00/118400107,https://live.staticflickr.com/54/118400107_3710af973c_b.jpg,red apples
bd5e8d51-1376-43bd-829b-11c3f62899f4,other,apple,fresh,openverse:flickr,cc0 1.0,Picdrome Public Domain Pictures,Green and red apples reflection on glass,https://www.flickr.com/photos/65798313@N06/6404975957,https://live.staticflickr.com/7144/6404975957_02a6cc0a40_b.jpg,red apples
a9e55651-ca05-4528-a18c-5fddaa9e3172,other,apple,fresh,openverse:flickr,by 2.0,Andreas Kollegger,Red Apple 2,https://www.flickr.com/photos/18672081@N00/147883143,https://live.staticflickr.com/45/147883143_bc336d8f38_b.jpg,red apples
d95e6f06-a6a7-49cb-ae0f-60f9eafe4df2,other,apple,fresh,openverse:flickr,by-nc-sa 2.0,Sergey Melkonov,Red Apple,https://www.flickr.com/photos/83008369@N00/2799140259,https://live.staticflickr.com/3105/2799140259_03180eb991_b.jpg,red apples
78e4e696-4dc4-46a2-b18d-a072bd5cf22e,other,apple,fresh,openverse:flickr,by-nc-sa 2.0,CharlesFred,Red apple on barrel,https://www.flickr.com/photos/40279823@N00/254146163,https://live.staticflickr.com/120/254146163_eb146c3810_b.jpg,red apples
b8b33881-688d-4c10-b016-0d71ad19b66a,other,apple,fresh,openverse:flickr,by 2.0,mari27454 (Marialba Italia),Red Apples,https://www.flickr.com/photos/23008537@N05/8250633862,https://live.staticflickr.com/8066/8250633862_ff32af48f7_b.jpg,red apples
fb583727-e8b7-4d31-b5d7-bacab4d889d9,other,apple,fresh,openverse:flickr,by 2.0,Turinboy,Red Apple,https://www.flickr.com/photos/18922948@N08/2889603259,https://live.staticflickr.com/3195/2889603259_3ec9bc2f89_b.jpg,red apples
0a71716c-8d43-44c9-9031-fe19642abe6e,other,apple,fresh,openverse:flickr,by 2.0,mistykari,Red Apple,https://www.flickr.com/photos/67579364@N00/8181532101,https://live.staticflickr.com/8477/8181532101_db537bfa1f.jpg,red apples
91baf338-9013-4b6b-95dc-a4e0a6feb146,other,apple,fresh,openverse:wikimedia,by 2.0,"Abhijit Tembhekar from Mumbai, India",Red Apple,https://commons.wikimedia.org/w/index.php?curid=7823406,https://upload.wikimedia.org/wikipedia/commons/1/15/Red_Apple.jpg,red apples
8efd0e23-cc17-4cfc-8de3-ab30bca40f37,other,apple,fresh,openverse:flickr,by 2.0,Horia Varlan,Red apple with spots and patches,https://www.flickr.com/photos/10361931@N06/4268970128,https://live.staticflickr.com/4011/4268970128_2088b4809e_b.jpg,red apples
ff3c85c9-8e4d-4cfc-a2af-7b055aeed137,other,apple,fresh,openverse:flickr,by 2.0,Steve A Johnson,red apple,https://www.flickr.com/photos/14529257@N03/5219194771,https://live.staticflickr.com/5125/5219194771_57d74da916_b.jpg,red apples
95c23602-f708-4fd9-b3bd-0e6872edf9c1,other,apple,fresh,openverse:flickr,by 2.0,Turinboy,Red Apples,https://www.flickr.com/photos/18922948@N08/2889603833,https://live.staticflickr.com/3134/2889603833_60c528f3cc_b.jpg,red apples
b504ce64-c8b6-401e-9215-9cebbf409efb,other,apple,fresh,openverse:flickr,by 2.0,jesse.millan,"sweet red apples, interrupted",https://www.flickr.com/photos/7108389@N05/2933735054,https://live.staticflickr.com/3180/2933735054_549a20bf3a.jpg,red apples
wm121041,other,apricot,fresh,wikimedia,CC BY-SA 3.0,Fir0002,File:Apricots.jpg,https://commons.wikimedia.org/wiki/File:Apricots.jpg,https://thumb.wikimedia.org/wikipedia/commons/thumb/f/f9/Apricots.jpg/960px-Apricots.jpg?utm_source=commons.wikimedia.org&utm_campaign=imageinfo&utm_content=thumbnail,apricots
9a50cb65-ce11-4779-8446-b346727e31b2,other,apricot,fresh,openverse:flickr,by-sa 2.0,naturalflow,apricot still life,https://www.flickr.com/photos/70693287@N00/5972116134,https://live.staticflickr.com/6134/5972116134_f3494f10f5_b.jpg,apricots
wm5765345,other,apricot,fresh,wikimedia,GFDL 1.2,Fir0002,File:Apricot and cross section.jpg,https://commons.wikimedia.org/wiki/File:Apricot_and_cross_section.jpg,https://thumb.wikimedia.org/wikipedia/commons/thumb/2/2a/Apricot_and_cross_section.jpg/960px-Apricot_and_cross_section.jpg?utm_source=commons.wikimedia.org&utm_campaign=imageinfo&utm_content=thumbnail,apricots
8efc47ee-444b-4801-b896-388420ffc765,other,apricot,fresh,openverse:flickr,by-sa 2.0,Pentadact,Apricot And Maths,https://www.flickr.com/photos/55099282@N00/20074981,https://live.staticflickr.com/13/20074981_d3dd7eec0f_b.jpg,apricots
wm3173430,other,apricot,fresh,wikimedia,CC BY-SA 3.0,Benjamint444,File:Apricot whole444.jpg,https://commons.wikimedia.org/wiki/File:Apricot_whole444.jpg,https://thumb.wikimedia.org/wikipedia/commons/thumb/7/76/Apricot_whole444.jpg/960px-Apricot_whole444.jpg?utm_source=commons.wikimedia.org&utm_campaign=imageinfo&utm_content=thumbnail,apricots
wm149515439,other,apricot,fresh,wikimedia,CC BY 4.0,Juan Emilio Prades Bel,File:Albaricoques (Prunus armeniaca).jpg,https://commons.wikimedia.org/wiki/File:Albaricoques_(Prunus_armeniaca).jpg,https://thumb.wikimedia.org/wikipedia/commons/thumb/8/86/Albaricoques_%28Prunus_armeniaca%29.jpg/960px-Albaricoques_%28Prunus_armeniaca%29.jpg?utm_source=commons.wikimedia.org&utm_campaign=imageinfo&utm_content=thumbnail,apricots
wm85874712,other,apricot,fresh,wikimedia,CC BY-SA 4.0,Kmtextor,File:Apricots-Harvest.jpg,https://commons.wikimedia.org/wiki/File:Apricots-Harvest.jpg,https://thumb.wikimedia.org/wikipedia/commons/thumb/8/89/Apricots-Harvest.jpg/960px-Apricots-Harvest.jpg?utm_source=commons.wikimedia.org&utm_campaign=imageinfo&utm_content=thumbnail,apricots
wm247585,other,apricot,fresh,wikimedia,CC BY-SA 3.0,MatthiasKabel,File:Apricots one open.jpg,https://commons.wikimedia.org/wiki/File:Apricots_one_open.jpg,https://thumb.wikimedia.org/wikipedia/commons/thumb/3/3c/Apricots_one_open.jpg/960px-Apricots_one_open.jpg?utm_source=commons.wikimedia.org&utm_campaign=imageinfo&utm_content=thumbnail,apricots
01fa5de5-82ce-4e1f-867f-6fd568cdf136,other,apricot,fresh,openverse:flickr,by 2.0,Royalty-free image collection,apricots,https://www.flickr.com/photos/78458997@N00/139138904,https://live.staticflickr.com/44/139138904_8ad48f9b8e_b.jpg,apricots
e51b57c9-ba3f-4ce5-9cc1-aa1d7865c80c,other,banana,fresh,openverse:flickr,by-sa 2.0,24oranges.nl,Bananas (edited),https://www.flickr.com/photos/30091649@N06/6612824761,https://live.staticflickr.com/7013/6612824761_3f66a93c71_b.jpg,bananas
a7ea53f4-7424-49ef-b398-5065f7ed2062,other,banana,fresh,openverse:flickr,by-nc-sa 2.0,Rafee.,Banana!,https://www.flickr.com/photos/32509758@N00/3680093683,https://live.staticflickr.com/2657/3680093683_39deea9703_b.jpg,bananas
wm22552194,other,banana,fresh,wikimedia,CC BY-SA 3.0,Wilfredor,File:Cavendish banana from Maracaibo.jpg,https://commons.wikimedia.org/wiki/File:Cavendish_banana_from_Maracaibo.jpg,https://thumb.wikimedia.org/wikipedia/commons/thumb/3/31/Cavendish_banana_from_Maracaibo.jpg/960px-Cavendish_banana_from_Maracaibo.jpg?utm_source=commons.wikimedia.org&utm_campaign=imageinfo&utm_content=thumbnail,bananas
ffcee6e5-3740-4f9e-a5f8-6e8012f91f74,other,banana,fresh,openverse:flickr,by-nc-sa 2.0,Maxey,Banana,https://www.flickr.com/photos/74449165@N00/5582219542,https://live.staticflickr.com/5187/5582219542_33b593d52b_b.jpg,bananas
wm113972132,other,banana,fresh,wikimedia,CC BY-SA 4.0,Krzysztof Golik,File:Bananas on black background 02.jpg,https://commons.wikimedia.org/wiki/File:Bananas_on_black_background_02.jpg,https://thumb.wikimedia.org/wikipedia/commons/thumb/9/98/Bananas_on_black_background_02.jpg/960px-Bananas_on_black_background_02.jpg?utm_source=commons.wikimedia.org&utm_campaign=imageinfo&utm_content=thumbnail,bananas
016f32af-2ca9-469e-a5e9-09d1307edea1,other,banana,fresh,openverse:flickr,by 2.0,keepon,banana,https://www.flickr.com/photos/44124364575@N01/15288615,https://live.staticflickr.com/10/15288615_8a5421cd9f_b.jpg,bananas
wm114468680,other,banana,fresh,wikimedia,CC BY-SA 4.0,Vitaium,File:Green raw bananas.jpg,https://commons.wikimedia.org/wiki/File:Green_raw_bananas.jpg,https://thumb.wikimedia.org/wikipedia/commons/thumb/2/24/Green_raw_bananas.jpg/960px-Green_raw_bananas.jpg?utm_source=commons.wikimedia.org&utm_campaign=imageinfo&utm_content=thumbnail,bananas
wm158273990,other,banana,fresh,wikimedia,CC BY-SA 4.0,Petro Stelte,File:Banana-Sitia-Crete.jpg,https://commons.wikimedia.org/wiki/File:Banana-Sitia-Crete.jpg,https://thumb.wikimedia.org/wikipedia/commons/thumb/7/78/Banana-Sitia-Crete.jpg/960px-Banana-Sitia-Crete.jpg?utm_source=commons.wikimedia.org&utm_campaign=imageinfo&utm_content=thumbnail,bananas
wm25211373,other,banana,fresh,wikimedia,CC0,Wilfredor,File:Bunch of bananas on sale.jpg,https://commons.wikimedia.org/wiki/File:Bunch_of_bananas_on_sale.jpg,https://thumb.wikimedia.org/wikipedia/commons/thumb/a/a9/Bunch_of_bananas_on_sale.jpg/960px-Bunch_of_bananas_on_sale.jpg?utm_source=commons.wikimedia.org&utm_campaign=imageinfo&utm_content=thumbnail,bananas
wm12648869,other,banana,fresh,wikimedia,CC BY 2.5,Noblevmy at Malayalam Wiki,File:Kadalikkula.JPG,https://commons.wikimedia.org/wiki/File:Kadalikkula.JPG,https://thumb.wikimedia.org/wikipedia/commons/thumb/a/a7/Kadalikkula.JPG/960px-Kadalikkula.JPG?utm_source=commons.wikimedia.org&utm_campaign=imageinfo&utm_content=thumbnail,bananas
2c19f9dc-de46-44ab-872c-e8287effb758,other,banana,fresh,openverse:flickr,by-nc-sa 2.0,CharlesFred,Bananas from Oman,https://www.flickr.com/photos/40279823@N00/10921559985,https://live.staticflickr.com/3754/10921559985_d9a3c3a009_b.jpg,bananas
5e6aafc4-a5ad-4e31-8556-f66fbdabc1eb,other,banana,fresh,openverse:flickr,by-nc-nd 2.0,aphasiafilms,Banana!,https://www.flickr.com/photos/66873322@N00/2424335,https://live.staticflickr.com/2/2424335_44b00d59ff_b.jpg,bananas
ea714dd4-70de-41d1-bdae-95f1a773a4a9,other,banana,fresh,openverse:flickr,by 2.0,robin_24,Banana - Isolated,https://www.flickr.com/photos/53507547@N06/5129712590,https://live.staticflickr.com/4059/5129712590_98642c5ebf_b.jpg,bananas
9271e600-7dfc-4fb5-8773-f58acedaff6f,other,banana,fresh,openverse:flickr,by 2.0,robin_24,Banana - Isolated black,https://www.flickr.com/photos/53507547@N06/5131280208,https://live.staticflickr.com/1207/5131280208_34e4dc9f7b_b.jpg,bananas
wm3177559,other,cherry,fresh,wikimedia,CC BY-SA 3.0,"Benjamint444, edited by Fir0002",File:Cherry Stella444.jpg,https://commons.wikimedia.org/wiki/File:Cherry_Stella444.jpg,https://thumb.wikimedia.org/wikipedia/commons/thumb/b/bb/Cherry_Stella444.jpg/960px-Cherry_Stella444.jpg?utm_source=commons.wikimedia.org&utm_campaign=imageinfo&utm_content=thumbnail,cherries fruit
wm69827347,other,cherry,fresh,wikimedia,Public domain,George Chernilevsky,File:Sweet cherries in basket 2018 G1.jpg,https://commons.wikimedia.org/wiki/File:Sweet_cherries_in_basket_2018_G1.jpg,https://thumb.wikimedia.org/wikipedia/commons/thumb/a/a5/Sweet_cherries_in_basket_2018_G1.jpg/960px-Sweet_cherries_in_basket_2018_G1.jpg?utm_source=commons.wikimedia.org&utm_campaign=imageinfo&utm_content=thumbnail,cherries fruit
wm232170,other,cherry,fresh,wikimedia,Public domain,"Peggy Greb, USDA ARS",File:Bing Cherries (USDA ARS).jpg,https://commons.wikimedia.org/wiki/File:Bing_Cherries_(USDA_ARS).jpg,https://thumb.wikimedia.org/wikipedia/commons/thumb/4/40/Bing_Cherries_%28USDA_ARS%29.jpg/960px-Bing_Cherries_%28USDA_ARS%29.jpg?utm_source=commons.wikimedia.org&utm_campaign=imageinfo&utm_content=thumbnail,cherries fruit
wm175680579,other,cherry,fresh,wikimedia,CC BY 4.0,W.carter,File:Silver bracelet and cherries by ASQ.jpg,https://commons.wikimedia.org/wiki/File:Silver_bracelet_and_cherries_by_ASQ.jpg,https://thumb.wikimedia.org/wikipedia/commons/thumb/d/df/Silver_bracelet_and_cherries_by_ASQ.jpg/960px-Silver_bracelet_and_cherries_by_ASQ.jpg?utm_source=commons.wikimedia.org&utm_campaign=imageinfo&utm_content=thumbnail,cherries fruit
54abbc4c-5eec-4677-a3cc-5f78bf914591,other,cherry,fresh,openverse:flickr,by 2.0,Peter Alfred Hess,Cherries on Denim // #cherries #fruit #vibrant #red #blue #denim #texture #sunli,https://www.flickr.com/photos/22799676@N03/34505433252,https://live.staticflickr.com/4160/34505433252_1d91df8890_b.jpg,cherries fruit
5ea87444-4ea8-44bf-a627-4b2a92885010,other,cherry,fresh,openverse:stocksnap,cc0 1.0,Krzysztof%20Puszczy%u0144ski,Cherries Fruits,https://stocksnap.io/photo/cherries-fruits-CEEXLREGW4,https://cdn.stocksnap.io/img-thumbs/960w/CEEXLREGW4.jpg,cherries fruit
e2a7faad-7844-4caa-9fea-3d8ccbb18988,other,cherry,fresh,openverse:flickr,by-nc-sa 2.0,Neli - Rodica,Cherry Fruit,https://www.flickr.com/photos/98104888@N02/14112921548,https://live.staticflickr.com/3765/14112921548_d52b68db76_b.jpg,cherries fruit
wm61268728,other,cherry,fresh,wikimedia,CC0,Schueler-Design,File:Cherries cherry branch fruit red 826113.jpg,https://commons.wikimedia.org/wiki/File:Cherries_cherry_branch_fruit_red_826113.jpg,https://thumb.wikimedia.org/wikipedia/commons/thumb/2/23/Cherries_cherry_branch_fruit_red_826113.jpg/960px-Cherries_cherry_branch_fruit_red_826113.jpg?utm_source=commons.wikimedia.org&utm_campaign=imageinfo&utm_content=thumbnail,cherries fruit
ad1b8312-b43d-4201-967e-fdedd7233752,other,cherry,fresh,openverse:flickr,by-nc-nd 2.0,Kentish Plumber,Cherry Fruit,https://www.flickr.com/photos/16315855@N07/9442927713,https://live.staticflickr.com/5526/9442927713_bd758c6fb5_b.jpg,cherries fruit
67e3773d-4e52-4565-949a-13de8a7f80c5,other,grape,fresh,openverse:flickr,by-nc 2.0,VanZandt,White Grape Bunches,https://www.flickr.com/photos/32895930@N00/329794211,https://live.staticflickr.com/129/329794211_3c93b781a5_b.jpg,grapes bunch
ebc71f39-c48f-4f6e-add5-48e19196bd98,other,grape,fresh,openverse:flickr,by 2.0,winecountrymedia,Grape bunches and out-of-focus leaves,https://www.flickr.com/photos/136394702@N02/23044212709,https://live.staticflickr.com/654/23044212709_2385e5c56a_b.jpg,grapes bunch
aad88b11-073b-4a36-b1a0-4c514679a1be,other,grape,fresh,openverse:flickr,by 2.0,winecountrymedia,Two grape bunches hanging from vine,https://www.flickr.com/photos/136394702@N02/23044552639,https://live.staticflickr.com/5696/23044552639_55986567d5_b.jpg,grapes bunch
6da08938-3de6-494e-90e9-fb1500811bb4,other,grape,fresh,openverse:flickr,by-nc-sa 2.0,Happy Sleepy,"Grape bunch, Poitou-Charentes, France",https://www.flickr.com/photos/78208003@N00/3138340788,https://live.staticflickr.com/3255/3138340788_4efd44730c.jpg,grapes bunch
cdc16488-9083-4e10-8eb9-11cc9458ff7c,other,grape,fresh,openverse:flickr,by-nc-sa 2.0,atxryan,Grape bunch,https://www.flickr.com/photos/57134288@N00/6341878920,https://live.staticflickr.com/6226/6341878920_326d775e2a_b.jpg,grapes bunch
a8889c65-1d77-477c-95c0-4566a7971fed,other,grape,fresh,openverse:flickr,by-nc 2.0,ep_jhu,Grape bunch ready to be harvested,https://www.flickr.com/photos/96037254@N00/43816253205,https://live.staticflickr.com/1894/43816253205_8939c024df_b.jpg,grapes bunch
11d369cd-eed1-400d-8e14-d3d4c9cb888e,other,grape,fresh,openverse:flickr,by-nc-sa 2.0,guy_incognito,Grape Bunch,https://www.flickr.com/photos/77654626@N00/38031497,https://live.staticflickr.com/32/38031497_793aac2453_b.jpg,grapes bunch
b03f7556-2589-4f63-ab8a-e01de2f789f5,other,grape,fresh,openverse:flickr,by 2.0,winecountrymedia,One grape bunch,https://www.flickr.com/photos/136394702@N02/23117685650,https://live.staticflickr.com/609/23117685650_4f744464ef_b.jpg,grapes bunch
b2813b66-2f91-499b-8292-5c6046f0de87,other,grape,fresh,openverse:flickr,by-nc-nd 2.0,tonguetyed,grape bunch,https://www.flickr.com/photos/89144781@N00/984492,https://live.staticflickr.com/1/984492_a51ba8ef89.jpg,grapes bunch
7bd26648-5f76-4e10-9a60-cc73b49da393,other,grape,fresh,openverse:flickr,by-nc-sa 2.0,atxryan,Grape bunches,https://www.flickr.com/photos/57134288@N00/6341890710,https://live.staticflickr.com/6113/6341890710_4f6e3d5f32_b.jpg,grapes bunch
4bbc595a-5727-49d5-ab17-d5625c7ce545,other,grape,fresh,openverse:flickr,by-nc-sa 2.0,atxryan,Grape bunch,https://www.flickr.com/photos/57134288@N00/6341139717,https://live.staticflickr.com/6233/6341139717_56564c7b08_b.jpg,grapes bunch
wm115219054,other,grape,fresh,wikimedia,CC BY-SA 4.0,Vijay Kumar Soren,File:A bunch of grapes a.jpg,https://commons.wikimedia.org/wiki/File:A_bunch_of_grapes_a.jpg,https://thumb.wikimedia.org/wikipedia/commons/thumb/4/47/A_bunch_of_grapes_a.jpg/960px-A_bunch_of_grapes_a.jpg?utm_source=commons.wikimedia.org&utm_campaign=imageinfo&utm_content=thumbnail,grapes bunch
1379d1c8-6614-4a04-8850-d2afb3afe14f,other,grape,fresh,openverse:flickr,by 2.0,wharman,Linden Grape bunch,https://www.flickr.com/photos/96763131@N00/179710350,https://live.staticflickr.com/71/179710350_e25a0e4719_b.jpg,grapes bunch
611931ec-4d6c-4ec1-a3a0-2259c090aaa3,other,jujube,fresh,openverse:wikimedia,by-sa 3.0,Augustus Binu : flickr,Indian jujube (fruit),https://commons.wikimedia.org/w/index.php?curid=75331209,https://upload.wikimedia.org/wikipedia/commons/f/fc/Indian_jujube_%28fruit%29.jpg,jujube fruit
1bdb3f0a-d911-4f1a-b1a8-8a37dbcb66c6,other,jujube,fresh,openverse:flickr,by-nc-sa 2.0,vitalacharya,Jujube fruit,https://www.flickr.com/photos/84464856@N00/2342454049,https://live.staticflickr.com/2163/2342454049_92df8d4570_b.jpg,jujube fruit
bb56c39c-d1f6-4217-98ed-24b374045724,other,jujube,fresh,openverse:flickr,by-nc 2.0,henna lion,Jujube Fruit,https://www.flickr.com/photos/82954612@N00/2901230276,https://live.staticflickr.com/3068/2901230276_8bc9ec5ac6_b.jpg,jujube fruit
b5dc6cae-f95c-4943-9fe8-087dbbfc06b9,other,jujube,fresh,openverse:wikimedia,by-sa 4.0,Sridhar Rao,Ziziphus mauritiana jujube fruit,https://commons.wikimedia.org/w/index.php?curid=86450660,https://upload.wikimedia.org/wikipedia/commons/e/e3/Ziziphus_mauritiana_jujube_fruit.jpg,jujube fruit
fc08d226-bcbe-4524-a6c9-6d2fe014d9f8,other,jujube,fresh,openverse:flickr,by-nc-sa 2.0,World Agroforestry,Jujuber fruit,https://www.flickr.com/photos/41430654@N06/25936610784,https://live.staticflickr.com/1597/25936610784_833a2cbc4e_b.jpg,jujube fruit
7d3e917c-31a0-4056-a97f-c58b2e661e31,other,jujube,fresh,openverse:wikimedia,by-sa 4.0,Goldflakes,Jujube fruit in a bowl,https://commons.wikimedia.org/w/index.php?curid=91660606,https://upload.wikimedia.org/wikipedia/commons/3/3b/Jujube_fruit_in_a_bowl.jpg,jujube fruit
09636812-f68a-4c80-a314-8b2312f8fc8c,other,jujube,fresh,openverse:wikimedia,by-sa 4.0,PattayaPatrol,DFC 3955 A close-up pile of ripe jujube fruits showing their mottled brown and y,https://commons.wikimedia.org/w/index.php?curid=189383149,https://upload.wikimedia.org/wikipedia/commons/5/59/DFC_3955_A_close-up_pile_of_ripe_jujube_fruits_showing_their_mottled_brown_and_yellow_skins.jpg,jujube fruit
c6211efc-5329-41fd-a7ab-c610f37c299a,other,kiwi,fresh,openverse:flickr,by 2.0,whologwhy,KIWI FRUIT,https://www.flickr.com/photos/60417477@N00/5941766050,https://live.staticflickr.com/6012/5941766050_c251e9473b_b.jpg,kiwi fruit
ff14312d-8aa8-4668-af08-0fd90c71cf08,other,kiwi,fresh,openverse:flickr,by-sa 2.0,matsuyuki,Kiwi fruit,https://www.flickr.com/photos/12173213@N00/4247251401,https://live.staticflickr.com/2778/4247251401_9d54f6e0f7_b.jpg,kiwi fruit
wm3563567,other,kiwi,fresh,wikimedia,CC BY-SA 2.5,Luc Viatour,File:Kiwi (Actinidia chinensis) 1 Luc Viatour.jpg,https://commons.wikimedia.org/wiki/File:Kiwi_(Actinidia_chinensis)_1_Luc_Viatour.jpg,https://thumb.wikimedia.org/wikipedia/commons/thumb/b/b8/Kiwi_%28Actinidia_chinensis%29_1_Luc_Viatour.jpg/960px-Kiwi_%28Actinidia_chinensis%29_1_Luc_Viatour.jpg?utm_source=commons.wikimedia.org&utm_campaign=imageinfo&utm_content=thumbnail,kiwi fruit
476add36-8e5e-4f27-8546-3aa5f84594e4,other,kiwi,fresh,openverse:flickr,by-nc 2.0,TonalLuminosity,Kiwi fruit,https://www.flickr.com/photos/58628203@N04/7549608982,https://live.staticflickr.com/7277/7549608982_3f5404f9c3_b.jpg,kiwi fruit
wm65257,other,kiwi,fresh,wikimedia,CC BY-SA 2.5,André Karwath aka Aka,File:Kiwi aka.jpg,https://commons.wikimedia.org/wiki/File:Kiwi_aka.jpg,https://thumb.wikimedia.org/wikipedia/commons/thumb/d/d3/Kiwi_aka.jpg/960px-Kiwi_aka.jpg?utm_source=commons.wikimedia.org&utm_campaign=imageinfo&utm_content=thumbnail,kiwi fruit
a5958f06-4f39-439a-b997-fc19dca3d0ae,other,kiwi,fresh,openverse:flickr,by-nc 2.0,TonalLuminosity,Kiwi fruit,https://www.flickr.com/photos/58628203@N04/6883117940,https://live.staticflickr.com/6234/6883117940_604f3f6dc0_b.jpg,kiwi fruit
fdd4691f-335f-49dc-be3b-00d7568243d7,other,kiwi,fresh,openverse:flickr,by 2.0,Gaz Haywood,Kiwi fruit,https://www.flickr.com/photos/65725035@N04/8552175827,https://live.staticflickr.com/8505/8552175827_e466faf21a.jpg,kiwi fruit
f75281aa-d3ca-412f-8f8b-5f96231de953,other,kiwi,fresh,openverse:flickr,by-nc-nd 2.0,Avital Pinnick,Kiwi Fruit,https://www.flickr.com/photos/14028151@N04/5379775127,https://live.staticflickr.com/5284/5379775127_4ff19e3040_b.jpg,kiwi fruit
bcf50bbc-65b7-41d2-accb-85a76a57fc04,other,kiwi,fresh,openverse:flickr,by-nc-sa 2.0,David Kracht,"kiwi fruit, ...",https://www.flickr.com/photos/57761648@N02/11175155535,https://live.staticflickr.com/2816/11175155535_68e109d7f3_b.jpg,kiwi fruit
wm126827882,other,kiwi,fresh,wikimedia,CC BY-SA 4.0,Ivar Leidus,File:Kiwifruit 'Red Passion' cross section - Italy.jpg,https://commons.wikimedia.org/wiki/File:Kiwifruit_%27Red_Passion%27_cross_section_-_Italy.jpg,https://thumb.wikimedia.org/wikipedia/commons/thumb/3/3d/Kiwifruit_%27Red_Passion%27_cross_section_-_Italy.jpg/960px-Kiwifruit_%27Red_Passion%27_cross_section_-_Italy.jpg?utm_source=commons.wikimedia.org&utm_campaign=imageinfo&utm_content=thumbnail,kiwi fruit
609bd24a-5017-4882-8366-b01b34ed4f85,other,kiwi,fresh,openverse:flickr,by-nc-nd 2.0,Mark Seton,318/366 Kiwi Fruit,https://www.flickr.com/photos/24018267@N00/8183698738,https://live.staticflickr.com/8065/8183698738_dc15b2dd51_b.jpg,kiwi fruit
wm163353059,other,kiwi,fresh,wikimedia,CC BY 4.0,Officialbernard1,File:Kiwi fruit displayed at Fruit Garden Market.jpg,https://commons.wikimedia.org/wiki/File:Kiwi_fruit_displayed_at_Fruit_Garden_Market.jpg,https://thumb.wikimedia.org/wikipedia/commons/thumb/a/ac/Kiwi_fruit_displayed_at_Fruit_Garden_Market.jpg/960px-Kiwi_fruit_displayed_at_Fruit_Garden_Market.jpg?utm_source=commons.wikimedia.org&utm_campaign=imageinfo&utm_content=thumbnail,kiwi fruit
d79e6846-0c25-4c6f-bd7b-cd1751863963,other,kiwi,fresh,openverse:flickr,by-nc-sa 2.0,NSW DPI Schools program,Kiwi fruit trellis system,https://www.flickr.com/photos/30555753@N03/3964790846,https://live.staticflickr.com/2554/3964790846_d7fb10bc9e.jpg,kiwi fruit
wm44430401,other,kiwi,fresh,wikimedia,CC BY-SA 4.0,David Adam Kess,File:(kiwifruit or Chinese gooseberry) is the edible berry of a woody vine in th,https://commons.wikimedia.org/wiki/File:(kiwifruit_or_Chinese_gooseberry)_is_the_edible_berry_of_a_woody_vine_in_the_genus_Actinidia.JPG,https://thumb.wikimedia.org/wikipedia/commons/thumb/3/31/%28kiwifruit_or_Chinese_gooseberry%29_is_the_edible_berry_of_a_woody_vine_in_the_genus_Actinidia.JPG/960px-%28kiwifruit_or_Chinese_gooseberry%29_is_the_edible_berry_of_a_woody_vine_in_the_genus_Actinidia.JPG?utm_source=commons.wikimedia.org&utm_campaign=imageinfo&utm_content=thumbnail,kiwi fruit
fff2a912-5007-45e4-bd24-1dbbe83c1cd9,other,kiwi,fresh,openverse:flickr,by-nc-nd 2.0,Amila Pradeep,Kiwi Fruit,https://www.flickr.com/photos/90486841@N00/13325876134,https://live.staticflickr.com/3797/13325876134_08e4326410_b.jpg,kiwi fruit
cfc2f3c6-f31a-4d43-8754-59b8b9133f6b,other,kiwi,fresh,openverse:flickr,by-sa 2.0,noii's,kiwi fruit,https://www.flickr.com/photos/17306001@N00/2370342297,https://live.staticflickr.com/3048/2370342297_d2849c5f16_b.jpg,kiwi fruit
f55c08e1-cecd-4fb7-850c-41ca9b73b378,other,kiwi,fresh,openverse:flickr,by-nc 2.0,TonalLuminosity,Kiwi Fruit Diagonally,https://www.flickr.com/photos/58628203@N04/12263863726,https://live.staticflickr.com/3703/12263863726_0fd253239f_b.jpg,kiwi fruit
5cb9ad9d-d0bb-4faf-980a-e1dca84d6af6,other,kiwi,fresh,openverse:flickr,by-nc 2.0,duncan,kiwi fruit,https://www.flickr.com/photos/34427470616@N01/328435191,https://live.staticflickr.com/130/328435191_fb000737fa_b.jpg,kiwi fruit
cb1580a8-f36f-4c6e-aa4c-2e0196a96c27,other,kiwi,fresh,openverse:flickr,by-nc-nd 2.0,Mark Seton,324/366 More Kiwi Fruit,https://www.flickr.com/photos/24018267@N00/8201685214,https://live.staticflickr.com/8065/8201685214_60da556228_b.jpg,kiwi fruit
d60324db-3c36-4b35-aac7-7305ac02a12c,other,kiwi,fresh,openverse:flickr,by 2.0,Jeremy A.A. Knight,Kiwi Fruit,https://www.flickr.com/photos/40019480@N00/4365590199,https://live.staticflickr.com/4042/4365590199_be5ef24b3c_b.jpg,kiwi fruit
de45f70c-c7c0-42f8-b1fb-0ce55c5c9d0c,other,kiwi,fresh,openverse:flickr,by-nc-nd 2.0,MyDigitalSLR,Juicy Sliced Kiwi Fruit,https://www.flickr.com/photos/40624839@N02/3784209737,https://live.staticflickr.com/2071/3784209737_fe1cb66ac3_b.jpg,kiwi fruit
0dab6484-386d-4622-a0b5-fd42cf18e2b9,other,kiwi,fresh,openverse:flickr,by-nc-sa 2.0,ralfkai41,Schnitt durch eine Kiwi - cut through a kiwi fruit,https://www.flickr.com/photos/139523059@N02/25853493276,https://live.staticflickr.com/1686/25853493276_17663aa69c_b.jpg,kiwi fruit
cda42cec-db3f-4288-a91a-5ae931af1cba,other,korean_melon,fresh,openverse:flickr,by-nd 2.0,bunnicula,Korean Melon,https://www.flickr.com/photos/26025405@N00/7908781898,https://live.staticflickr.com/8319/7908781898_d7fcf0e9c2_b.jpg,korean melon
wm4211850,other,korean_melon,fresh,wikimedia,CC BY 2.0,hutch,File:Korean melon-Chamoe-01.jpg,https://commons.wikimedia.org/wiki/File:Korean_melon-Chamoe-01.jpg,https://thumb.wikimedia.org/wikipedia/commons/thumb/0/0c/Korean_melon-Chamoe-01.jpg/960px-Korean_melon-Chamoe-01.jpg?utm_source=commons.wikimedia.org&utm_campaign=imageinfo&utm_content=thumbnail,korean melon
wm71859312,other,korean_melon,fresh,wikimedia,CC BY 3.0 us,Forest and Kim Starr,File:Starr-100611-6926-Cucumis melo-Korean melon fruit-Olinda-Maui (24413109063),https://commons.wikimedia.org/wiki/File:Starr-100611-6926-Cucumis_melo-Korean_melon_fruit-Olinda-Maui_(24413109063).jpg,https://thumb.wikimedia.org/wikipedia/commons/thumb/f/f9/Starr-100611-6926-Cucumis_melo-Korean_melon_fruit-Olinda-Maui_%2824413109063%29.jpg/960px-Starr-100611-6926-Cucumis_melo-Korean_melon_fruit-Olinda-Maui_%2824413109063%29.jpg?utm_source=commons.wikimedia.org&utm_campaign=imageinfo&utm_content=thumbnail,korean melon
wm71859269,other,korean_melon,fresh,wikimedia,CC BY 3.0 us,Forest and Kim Starr,File:Starr-100611-6922-Cucumis melo-Korean melon fruit-Olinda-Maui (24413100703),https://commons.wikimedia.org/wiki/File:Starr-100611-6922-Cucumis_melo-Korean_melon_fruit-Olinda-Maui_(24413100703).jpg,https://thumb.wikimedia.org/wikipedia/commons/thumb/5/53/Starr-100611-6922-Cucumis_melo-Korean_melon_fruit-Olinda-Maui_%2824413100703%29.jpg/960px-Starr-100611-6922-Cucumis_melo-Korean_melon_fruit-Olinda-Maui_%2824413100703%29.jpg?utm_source=commons.wikimedia.org&utm_campaign=imageinfo&utm_content=thumbnail,korean melon
wm71859293,other,korean_melon,fresh,wikimedia,CC BY 3.0 us,Forest and Kim Starr,File:Starr-100611-6924-Cucumis melo-Korean melon fruit-Olinda-Maui (24744399670),https://commons.wikimedia.org/wiki/File:Starr-100611-6924-Cucumis_melo-Korean_melon_fruit-Olinda-Maui_(24744399670).jpg,https://thumb.wikimedia.org/wikipedia/commons/thumb/c/cc/Starr-100611-6924-Cucumis_melo-Korean_melon_fruit-Olinda-Maui_%2824744399670%29.jpg/960px-Starr-100611-6924-Cucumis_melo-Korean_melon_fruit-Olinda-Maui_%2824744399670%29.jpg?utm_source=commons.wikimedia.org&utm_campaign=imageinfo&utm_content=thumbnail,korean melon
a54f0e64-ef95-4954-90b6-c65347d57d8d,other,korean_melon,fresh,openverse:flickr,by-nc-nd 2.0,stevehuang7,"Assi supermarket, Golden Korean Melons",https://www.flickr.com/photos/25400462@N04/9219113072,https://live.staticflickr.com/2850/9219113072_384bf9377b_b.jpg,korean melon
a917b644-966c-4f11-b9c7-424338636db7,other,korean_melon,fresh,openverse:flickr,by-nc-nd 2.0,FoodMayhem.com,Korean Melons,https://www.flickr.com/photos/14991743@N00/3663477436,https://live.staticflickr.com/2451/3663477436_aa363087da_b.jpg,korean melon
9a66959e-82b4-4882-b23a-e100e9bf70fb,other,korean_melon,fresh,openverse:flickr,by 2.0,krossbow,Sun Jewel Korean Melons,https://www.flickr.com/photos/13194817@N00/49918872921,https://live.staticflickr.com/65535/49918872921_7bc2910673_b.jpg,korean melon
b765f22d-78c3-416e-bab1-4d2e3ac76f98,other,korean_melon,fresh,openverse:flickr,by-nc 2.0,장암산인壯岩山人,참외 | 시골집풍경,https://www.flickr.com/photos/30592081@N00/15012180521,https://live.staticflickr.com/5574/15012180521_de069992eb_b.jpg,참외
21409239-fca6-4172-a329-a764636d8c2d,other,korean_melon,fresh,openverse:flickr,by-nc-sa 2.0,ohyecloudy,참외,https://www.flickr.com/photos/23344263@N07/8514732333,https://live.staticflickr.com/8105/8514732333_04b497dc5a_b.jpg,참외
312e11e1-e397-4985-be0f-ab3a7f0bbfa8,other,korean_melon,fresh,openverse:flickr,by-nc-sa 2.0,ohyecloudy,참외,https://www.flickr.com/photos/23344263@N07/8514732017,https://live.staticflickr.com/8526/8514732017_22d659e102_b.jpg,참외
wm151950827,other,korean_melon,fresh,wikimedia,CC0,Fumikas Sagisavas,File:Golden melons.jpg,https://commons.wikimedia.org/wiki/File:Golden_melons.jpg,https://thumb.wikimedia.org/wikipedia/commons/thumb/d/d9/Golden_melons.jpg/960px-Golden_melons.jpg?utm_source=commons.wikimedia.org&utm_campaign=imageinfo&utm_content=thumbnail,참외
92f776ef-97e6-4fca-84d5-80311b72252e,other,korean_melon,fresh,openverse:flickr,by-nc-sa 2.0,참여연대,20120613_날개_참외2,https://www.flickr.com/photos/65485896@N06/7188617647,https://live.staticflickr.com/7218/7188617647_2a170482b3.jpg,참외
d5fd66b1-1b64-4e57-baec-d6e1189ed379,other,lemon,fresh,openverse:flickr,by-sa 2.0,Tim-Hoggarth,Lemons,https://www.flickr.com/photos/101300267@N05/12950385095,https://live.staticflickr.com/3703/12950385095_7fc0448ba8_b.jpg,lemons
2d6d1ca4-95af-4330-8725-90b60367e964,other,lemon,fresh,openverse:flickr,by 2.0,KitAy,Lemon,https://www.flickr.com/photos/97632390@N00/2236754824,https://live.staticflickr.com/2069/2236754824_845c54cab3_b.jpg,lemons
wm59992,other,lemon,fresh,wikimedia,CC BY-SA 2.5,André Karwath aka Aka,File:Lemon.jpg,https://commons.wikimedia.org/wiki/File:Lemon.jpg,https://thumb.wikimedia.org/wikipedia/commons/thumb/e/e4/Lemon.jpg/960px-Lemon.jpg?utm_source=commons.wikimedia.org&utm_campaign=imageinfo&utm_content=thumbnail,lemons
55176a46-1887-4594-a50a-e219460240d4,other,lemon,fresh,openverse:flickr,by-nd 2.0,French Tart,Zingy Home-Made Lemon Curd,https://www.flickr.com/photos/10168625@N06/5483243968,https://live.staticflickr.com/5060/5483243968_d186fb1af7_b.jpg,lemons
wm97148960,other,lemon,fresh,wikimedia,CC BY-SA 4.0,Ivar Leidus,File:Lemon - whole and split.jpg,https://commons.wikimedia.org/wiki/File:Lemon_-_whole_and_split.jpg,https://thumb.wikimedia.org/wikipedia/commons/thumb/f/f7/Lemon_-_whole_and_split.jpg/960px-Lemon_-_whole_and_split.jpg?utm_source=commons.wikimedia.org&utm_campaign=imageinfo&utm_content=thumbnail,lemons
137a9a64-7338-43ae-9891-0610b932779d,other,lemon,fresh,openverse:flickr,by-nd 2.0,French Tart,Zingy Home-Made Lemon Curd,https://www.flickr.com/photos/10168625@N06/5483245852,https://live.staticflickr.com/5294/5483245852_e28c90e917_b.jpg,lemons
28f8057f-6624-4efb-ae45-54b2c9df7132,other,lemon,fresh,openverse:flickr,by-nc 2.0,Chiot's Run,Meyer Lemons,https://www.flickr.com/photos/34912142@N03/4115059294,https://live.staticflickr.com/2532/4115059294_cbac228603_b.jpg,lemons
wm181911743,other,lemon,fresh,wikimedia,CC BY-SA 4.0,Kuldeepburjbhalaike,"File:Five Lemons on lemon tree, Burj Bhalaike.jpg","https://commons.wikimedia.org/wiki/File:Five_Lemons_on_lemon_tree,_Burj_Bhalaike.jpg",https://thumb.wikimedia.org/wikipedia/commons/thumb/8/8a/Five_Lemons_on_lemon_tree%2C_Burj_Bhalaike.jpg/960px-Five_Lemons_on_lemon_tree%2C_Burj_Bhalaike.jpg?utm_source=commons.wikimedia.org&utm_campaign=imageinfo&utm_content=thumbnail,lemons
4a83c9ed-e6bf-4b68-abfc-26b88d12d51c,other,lemon,fresh,openverse:flickr,by-nd 2.0,Vegan Gaymer,Lemons,https://www.flickr.com/photos/59175794@N00/4808604692,https://live.staticflickr.com/4102/4808604692_a9da0a9199_b.jpg,lemons
wm126409,other,lemon,fresh,wikimedia,CC BY-SA 3.0,,File:Lemon tree flowers with ant.jpg,https://commons.wikimedia.org/wiki/File:Lemon_tree_flowers_with_ant.jpg,https://thumb.wikimedia.org/wikipedia/commons/thumb/6/6b/Lemon_tree_flowers_with_ant.jpg/960px-Lemon_tree_flowers_with_ant.jpg?utm_source=commons.wikimedia.org&utm_campaign=imageinfo&utm_content=thumbnail,lemons
b59cecc2-d61a-46ed-bd40-a94ee566983f,other,lemon,fresh,openverse:flickr,by-nc-nd 2.0,alasam,Delicious Meyer Lemons,https://www.flickr.com/photos/24176761@N00/441191173,https://live.staticflickr.com/203/441191173_df83950d69_b.jpg,lemons
b46f9bc2-a7b1-4c3a-b633-94a03863f825,other,lemon,fresh,openverse:flickr,by 2.0,DJ-Dwayne,Lemons,https://www.flickr.com/photos/41353201@N07/6032388672,https://live.staticflickr.com/6206/6032388672_2bf2fa2fcd_b.jpg,lemons
wm3205033,other,lemon,fresh,wikimedia,CC BY-SA 3.0,Hans Hillewaert,File:Citrus x limon (Outjo).jpg,https://commons.wikimedia.org/wiki/File:Citrus_x_limon_(Outjo).jpg,https://thumb.wikimedia.org/wikipedia/commons/thumb/0/08/Citrus_x_limon_%28Outjo%29.jpg/960px-Citrus_x_limon_%28Outjo%29.jpg?utm_source=commons.wikimedia.org&utm_campaign=imageinfo&utm_content=thumbnail,lemons
wm161067633,other,lemon,fresh,wikimedia,CC BY-SA 4.0,Dietmar Rabich,File:Zitrone -- 2025 -- 7294.jpg,https://commons.wikimedia.org/wiki/File:Zitrone_--_2025_--_7294.jpg,https://thumb.wikimedia.org/wikipedia/commons/thumb/3/3f/Zitrone_--_2025_--_7294.jpg/960px-Zitrone_--_2025_--_7294.jpg?utm_source=commons.wikimedia.org&utm_campaign=imageinfo&utm_content=thumbnail,lemons
a770e1a5-0f47-441b-8ac3-d560fc69ccba,other,lemon,fresh,openverse:flickr,by-nc 2.0,matstornberg,lemons on a plate,https://www.flickr.com/photos/23959767@N06/2371817002,https://live.staticflickr.com/3111/2371817002_e780c97ce7_b.jpg,lemons
3210844c-c35b-4f3a-927f-0dbe5c8b9b16,other,lemon,fresh,openverse:flickr,by 2.0,Muffet,lemons,https://www.flickr.com/photos/53133240@N00/7435919384,https://live.staticflickr.com/7131/7435919384_f1b8e0803e_b.jpg,lemons
d10d8ae6-97f0-44e9-a33f-cdb4b69036d5,other,lemon,fresh,openverse:flickr,by-nc-sa 2.0,Alpstedt,Lemon,https://www.flickr.com/photos/53671403@N08/25462772923,https://live.staticflickr.com/1466/25462772923_2337e41972_b.jpg,lemons
wm128716564,other,lemon,fresh,wikimedia,CC BY 4.0,Vyacheslav Argenberg,"File:Lemon, Lemon tree, Florence, Italy.jpg","https://commons.wikimedia.org/wiki/File:Lemon,_Lemon_tree,_Florence,_Italy.jpg",https://thumb.wikimedia.org/wikipedia/commons/thumb/5/59/Lemon%2C_Lemon_tree%2C_Florence%2C_Italy.jpg/960px-Lemon%2C_Lemon_tree%2C_Florence%2C_Italy.jpg?utm_source=commons.wikimedia.org&utm_campaign=imageinfo&utm_content=thumbnail,lemons
d3bdcad6-aa81-4985-9086-332bd15ad176,other,lemon,fresh,openverse:flickr,by-nc-nd 2.0,.H0oT.,Lemons you say ? #FlickrFriday #Explorer 04-15-14,https://www.flickr.com/photos/69265466@N04/13867894643,https://live.staticflickr.com/7279/13867894643_1c8161baca_b.jpg,lemons
cdd8c8a9-b20b-401d-92e3-8ee8ac1bbf49,other,lemon,fresh,openverse:flickr,by 2.0,James Bowe,Lemon,https://www.flickr.com/photos/29848680@N08/3351247547,https://live.staticflickr.com/3427/3351247547_8d011859bb_b.jpg,lemons
86ab7e14-8a38-4bd7-b854-3024eb116a1a,other,lemon,fresh,openverse:flickr,by 2.0,penelope waits,lemons,https://www.flickr.com/photos/64148767@N00/7100469785,https://live.staticflickr.com/5034/7100469785_7cc7ded811_b.jpg,lemons
9426de93-28e2-401c-9532-e8ae64206813,other,lemon,fresh,openverse:flickr,by-nc 2.0,Chiot's Run,Pucker Up for FREE Lemons,https://www.flickr.com/photos/34912142@N03/5416577754,https://live.staticflickr.com/4094/5416577754_b6e9e55641_b.jpg,lemons
40c7d898-599c-43fc-91ca-11e50bab8901,other,mango,fresh,openverse:flickr,by 2.0,nutrilover,Mango-fruit,https://www.flickr.com/photos/40994455@N06/3780443807,https://live.staticflickr.com/2661/3780443807_155599ea01.jpg,mango fruit
562046df-f386-426f-be1f-a4453debe5d5,other,mango,fresh,openverse:flickr,by 2.0,mauro halpern,"Mango fruits, Mangueira, (Mangifera indica) Ceret S Paulo Brasil. Indian native ",https://www.flickr.com/photos/41597043@N00/2951727869,https://live.staticflickr.com/3045/2951727869_ed475f0ccb_b.jpg,mango fruit
wm114780033,other,mango,fresh,wikimedia,CC BY-SA 4.0,Ivar Leidus,File:Mangos - single and halved.jpg,https://commons.wikimedia.org/wiki/File:Mangos_-_single_and_halved.jpg,https://thumb.wikimedia.org/wikipedia/commons/thumb/7/74/Mangos_-_single_and_halved.jpg/960px-Mangos_-_single_and_halved.jpg?utm_source=commons.wikimedia.org&utm_campaign=imageinfo&utm_content=thumbnail,mango fruit
wm5765381,other,mango,fresh,wikimedia,GFDL 1.2,"<table border=""0"" width=""100%"" style=""backgr",File:Mango and cross sections.jpg,https://commons.wikimedia.org/wiki/File:Mango_and_cross_sections.jpg,https://thumb.wikimedia.org/wikipedia/commons/thumb/a/a5/Mango_and_cross_sections.jpg/960px-Mango_and_cross_sections.jpg?utm_source=commons.wikimedia.org&utm_campaign=imageinfo&utm_content=thumbnail,mango fruit
wm6100706,other,mango,fresh,wikimedia,GFDL 1.2,Fir0002,File:Mango and cross section edit.jpg,https://commons.wikimedia.org/wiki/File:Mango_and_cross_section_edit.jpg,https://thumb.wikimedia.org/wikipedia/commons/thumb/e/ee/Mango_and_cross_section_edit.jpg/960px-Mango_and_cross_section_edit.jpg?utm_source=commons.wikimedia.org&utm_campaign=imageinfo&utm_content=thumbnail,mango fruit
wm54851381,other,mango,fresh,wikimedia,CC BY-SA 4.0,Rhododendrites,File:Mango on white.jpg,https://commons.wikimedia.org/wiki/File:Mango_on_white.jpg,https://thumb.wikimedia.org/wikipedia/commons/thumb/3/34/Mango_on_white.jpg/960px-Mango_on_white.jpg?utm_source=commons.wikimedia.org&utm_campaign=imageinfo&utm_content=thumbnail,mango fruit
wm32241569,other,mango,fresh,wikimedia,CC BY-SA 3.0,Aathavan jaffna,File:An unripe mango in jaffna.JPG,https://commons.wikimedia.org/wiki/File:An_unripe_mango_in_jaffna.JPG,https://thumb.wikimedia.org/wikipedia/commons/thumb/5/59/An_unripe_mango_in_jaffna.JPG/960px-An_unripe_mango_in_jaffna.JPG?utm_source=commons.wikimedia.org&utm_campaign=imageinfo&utm_content=thumbnail,mango fruit
wm6989638,other,mango,fresh,wikimedia,GFDL,Muhammad Mahdi Karim,File:Apple mango and cross section edit1.jpg,https://commons.wikimedia.org/wiki/File:Apple_mango_and_cross_section_edit1.jpg,https://thumb.wikimedia.org/wikipedia/commons/thumb/9/92/Apple_mango_and_cross_section_edit1.jpg/960px-Apple_mango_and_cross_section_edit1.jpg?utm_source=commons.wikimedia.org&utm_campaign=imageinfo&utm_content=thumbnail,mango fruit
cd3f5c7b-9778-4a2e-b22b-dd438f369929,other,mango,fresh,openverse:flickr,by-nc 2.0,IITA Image Library,Bactrocera invadens on a mango fruit,https://www.flickr.com/photos/45796762@N03/4681812807,https://live.staticflickr.com/4041/4681812807_2158ae39f8_b.jpg,mango fruit
af67092c-a6e8-468c-a5c4-1bafce44533f,other,mango,fresh,openverse:flickr,by 2.0,Mulberry24,Sea mango: Fruits: Green,https://www.flickr.com/photos/35043861@N08/4041028445,https://live.staticflickr.com/2504/4041028445_65f0a8f1ff_b.jpg,mango fruit
9e33f5b5-d36d-41b7-84c3-65796d84401f,other,orange,fresh,openverse:flickr,by 2.0,piropiro3,Orange fruit,https://www.flickr.com/photos/65630793@N05/16477263453,https://live.staticflickr.com/8813/16477263453_64c7056c32_b.jpg,orange fruit
wm164959,other,orange,fresh,wikimedia,Public domain,,File:Ambersweet oranges.jpg,https://commons.wikimedia.org/wiki/File:Ambersweet_oranges.jpg,https://thumb.wikimedia.org/wikipedia/commons/thumb/4/43/Ambersweet_oranges.jpg/960px-Ambersweet_oranges.jpg?utm_source=commons.wikimedia.org&utm_campaign=imageinfo&utm_content=thumbnail,orange fruit
wm19304008,other,orange,fresh,wikimedia,CC BY-SA 3.0,Evan-Amos,File:Orange-Fruit-Pieces.jpg,https://commons.wikimedia.org/wiki/File:Orange-Fruit-Pieces.jpg,https://thumb.wikimedia.org/wikipedia/commons/thumb/c/c4/Orange-Fruit-Pieces.jpg/960px-Orange-Fruit-Pieces.jpg?utm_source=commons.wikimedia.org&utm_campaign=imageinfo&utm_content=thumbnail,orange fruit
wm116608117,other,orange,fresh,wikimedia,CC BY-SA 4.0,Alvesgaspar,File:Oranges Óbidos February 2022-1.jpg,https://commons.wikimedia.org/wiki/File:Oranges_%C3%93bidos_February_2022-1.jpg,https://thumb.wikimedia.org/wikipedia/commons/thumb/7/7e/Oranges_%C3%93bidos_February_2022-1.jpg/960px-Oranges_%C3%93bidos_February_2022-1.jpg?utm_source=commons.wikimedia.org&utm_campaign=imageinfo&utm_content=thumbnail,orange fruit
wm54851375,other,orange,fresh,wikimedia,CC BY-SA 4.0,Rhododendrites,File:Blood orange slice.jpg,https://commons.wikimedia.org/wiki/File:Blood_orange_slice.jpg,https://thumb.wikimedia.org/wikipedia/commons/thumb/2/2c/Blood_orange_slice.jpg/960px-Blood_orange_slice.jpg?utm_source=commons.wikimedia.org&utm_campaign=imageinfo&utm_content=thumbnail,orange fruit
d04a4ab3-88fc-4074-82f5-260372770da4,other,orange,fresh,openverse:flickr,by-nc-nd 2.0,Rock Paper Image,Juicy Orange Fruit Slice,https://www.flickr.com/photos/63501840@N00/2234898148,https://live.staticflickr.com/2387/2234898148_de914a47b8_b.jpg,orange fruit
wm114345649,other,orange,fresh,wikimedia,CC BY-SA 4.0,Dietmar Rabich,File:Orange -- 2022 -- 9713.jpg,https://commons.wikimedia.org/wiki/File:Orange_--_2022_--_9713.jpg,https://thumb.wikimedia.org/wikipedia/commons/thumb/9/9a/Orange_--_2022_--_9713.jpg/960px-Orange_--_2022_--_9713.jpg?utm_source=commons.wikimedia.org&utm_campaign=imageinfo&utm_content=thumbnail,orange fruit
wm183388407,other,orange,fresh,wikimedia,CC BY-SA 4.0,ArildV,File:Navelina oranges.jpg,https://commons.wikimedia.org/wiki/File:Navelina_oranges.jpg,https://thumb.wikimedia.org/wikipedia/commons/thumb/7/7a/Navelina_oranges.jpg/960px-Navelina_oranges.jpg?utm_source=commons.wikimedia.org&utm_campaign=imageinfo&utm_content=thumbnail,orange fruit
wm114345660,other,orange,fresh,wikimedia,CC BY-SA 4.0,Dietmar Rabich,File:Orange -- 2022 -- 9715.jpg,https://commons.wikimedia.org/wiki/File:Orange_--_2022_--_9715.jpg,https://thumb.wikimedia.org/wikipedia/commons/thumb/8/80/Orange_--_2022_--_9715.jpg/960px-Orange_--_2022_--_9715.jpg?utm_source=commons.wikimedia.org&utm_campaign=imageinfo&utm_content=thumbnail,orange fruit
44a95dea-1155-4cad-b43f-abec3ebbaacf,other,orange,fresh,openverse:flickr,by-sa 2.0,chriscom,Orange,https://www.flickr.com/photos/31192329@N00/484275757,https://live.staticflickr.com/181/484275757_91cdc2eb39.jpg,oranges
e1bae7c3-f81b-43b9-8070-d1660559e6e1,other,orange,fresh,openverse:flickr,by-nc 2.0,"Linda, Fortuna future",Orange Illusion,https://www.flickr.com/photos/53470892@N08/27730267149,https://live.staticflickr.com/4588/27730267149_5ec8d2f104_b.jpg,oranges
wm133604411,other,orange,fresh,wikimedia,CC BY-SA 4.0,Auli Raha (অলি রাহা),"File:Orange Garden in Sittong, Darjeeling.jpg","https://commons.wikimedia.org/wiki/File:Orange_Garden_in_Sittong,_Darjeeling.jpg",https://thumb.wikimedia.org/wikipedia/commons/thumb/0/0f/Orange_Garden_in_Sittong%2C_Darjeeling.jpg/960px-Orange_Garden_in_Sittong%2C_Darjeeling.jpg?utm_source=commons.wikimedia.org&utm_campaign=imageinfo&utm_content=thumbnail,oranges
7d158656-c861-4128-abf3-9d6026c9ee34,other,peach,fresh,openverse:flickr,by 2.0,watts_photos,peach tree peaches fruit,https://www.flickr.com/photos/126288307@N05/27060075575,https://live.staticflickr.com/7007/27060075575_aec52e5ce6_b.jpg,peach fruit
wm84578,other,peach,fresh,wikimedia,Public domain,"Jack Dykinga, USDA",File:Autumn Red peaches.jpg,https://commons.wikimedia.org/wiki/File:Autumn_Red_peaches.jpg,https://thumb.wikimedia.org/wikipedia/commons/thumb/9/9e/Autumn_Red_peaches.jpg/960px-Autumn_Red_peaches.jpg?utm_source=commons.wikimedia.org&utm_campaign=imageinfo&utm_content=thumbnail,peach fruit
wm79495858,other,peach,fresh,wikimedia,CC BY-SA 4.0,Prianxi,File:Peach fruit 3.jpg,https://commons.wikimedia.org/wiki/File:Peach_fruit_3.jpg,https://thumb.wikimedia.org/wikipedia/commons/thumb/a/a5/Peach_fruit_3.jpg/960px-Peach_fruit_3.jpg?utm_source=commons.wikimedia.org&utm_campaign=imageinfo&utm_content=thumbnail,peach fruit
wm171433497,other,peach,fresh,wikimedia,CC BY-SA 4.0,Harry Van den Bulck,File:Peach tree branch with fruits (2).jpg,https://commons.wikimedia.org/wiki/File:Peach_tree_branch_with_fruits_(2).jpg,https://thumb.wikimedia.org/wikipedia/commons/thumb/1/1a/Peach_tree_branch_with_fruits_%282%29.jpg/960px-Peach_tree_branch_with_fruits_%282%29.jpg?utm_source=commons.wikimedia.org&utm_campaign=imageinfo&utm_content=thumbnail,peach fruit
wm175738270,other,peach,fresh,wikimedia,CC BY 4.0,W.carter,File:Silver ring with chalcedony and peaches by ASQ.jpg,https://commons.wikimedia.org/wiki/File:Silver_ring_with_chalcedony_and_peaches_by_ASQ.jpg,https://thumb.wikimedia.org/wikipedia/commons/thumb/4/4f/Silver_ring_with_chalcedony_and_peaches_by_ASQ.jpg/960px-Silver_ring_with_chalcedony_and_peaches_by_ASQ.jpg?utm_source=commons.wikimedia.org&utm_campaign=imageinfo&utm_content=thumbnail,peach fruit
wm179490798,other,peach,fresh,wikimedia,CC BY-SA 4.0,HaJunkiyada,File:Liat Portal for Foodie Disorder - Donut Peach.jpg,https://commons.wikimedia.org/wiki/File:Liat_Portal_for_Foodie_Disorder_-_Donut_Peach.jpg,https://thumb.wikimedia.org/wikipedia/commons/thumb/d/dd/Liat_Portal_for_Foodie_Disorder_-_Donut_Peach.jpg/960px-Liat_Portal_for_Foodie_Disorder_-_Donut_Peach.jpg?utm_source=commons.wikimedia.org&utm_campaign=imageinfo&utm_content=thumbnail,peach fruit
wm137085077,other,peach,fresh,wikimedia,CC BY-SA 4.0,Francesc Fort,File:Bresquilla roja.jpg,https://commons.wikimedia.org/wiki/File:Bresquilla_roja.jpg,https://thumb.wikimedia.org/wikipedia/commons/thumb/7/7d/Bresquilla_roja.jpg/960px-Bresquilla_roja.jpg?utm_source=commons.wikimedia.org&utm_campaign=imageinfo&utm_content=thumbnail,peach fruit
9a39196f-20fa-4713-a91f-6d5bebadc425,other,peach,fresh,openverse:flickr,by-sa 2.0,Puddin Tain,Young Peach Fruit May 2018,https://www.flickr.com/photos/155396095@N08/41362450395,https://live.staticflickr.com/904/41362450395_2150838cee_b.jpg,peach fruit
bbe2e0fa-3ac4-4edd-860d-87a1cc2ebbac,other,peach,fresh,openverse:flickr,by-nd 2.0,abbydonkrafts,Georgia Peach,https://www.flickr.com/photos/67264698@N00/191205607,https://live.staticflickr.com/74/191205607_2a974e1413.jpg,peaches
7120d423-bab5-47d1-99c9-4627dc62e6c3,other,peach,fresh,openverse:flickr,by-nc-nd 2.0,trekr,Peaches,https://www.flickr.com/photos/34286704@N00/533896865,https://live.staticflickr.com/1423/533896865_befe3a35f6_b.jpg,peaches
c96cbc4b-c618-4f7b-a1e1-a5fbf854708e,other,peach,fresh,openverse:flickr,by 2.0,La Grande Farmers' Market,Peaches,https://www.flickr.com/photos/37884983@N03/3770586176,https://live.staticflickr.com/2528/3770586176_02f2e1afc8_m.jpg,peaches
c2d2474c-079b-4cba-9861-00aa54f7634f,other,peach,fresh,openverse:flickr,by-nc-sa 2.0,Old Shoe Woman,Georgia Peaches,https://www.flickr.com/photos/83955435@N00/20791889,https://live.staticflickr.com/15/20791889_4fbd08833c_b.jpg,peaches
d4b51119-8eb2-411d-b702-f77b63df5d64,other,peach,fresh,openverse:flickr,by 2.0,woosh2007,Peaches,https://www.flickr.com/photos/16910798@N08/2872408056,https://live.staticflickr.com/3183/2872408056_fdd905a586_b.jpg,peaches
a94cf035-3fec-4092-8fff-d9aa7ea937e2,other,peach,fresh,openverse:flickr,by-nc-nd 2.0,Southernpixel - Alby Headrick,peaches,https://www.flickr.com/photos/99067767@N00/9163609888,https://live.staticflickr.com/5454/9163609888_54d0d57fbb_b.jpg,peaches
c9adb79f-0231-49e9-9043-bc6cad683858,other,pear,fresh,openverse:flickr,cc0 1.0,Plant pests and diseases,Asian pear,https://www.flickr.com/photos/62295966@N07/15212122077,https://live.staticflickr.com/2946/15212122077_819ce8b3d0_b.jpg,asian pear
wm61935873,other,pear,fresh,wikimedia,CC BY-SA 4.0,PumpkinSky,File:Pyrus pyrifolia fruit on tree PS 2z LR.jpg,https://commons.wikimedia.org/wiki/File:Pyrus_pyrifolia_fruit_on_tree_PS_2z_LR.jpg,https://thumb.wikimedia.org/wikipedia/commons/thumb/4/49/Pyrus_pyrifolia_fruit_on_tree_PS_2z_LR.jpg/960px-Pyrus_pyrifolia_fruit_on_tree_PS_2z_LR.jpg?utm_source=commons.wikimedia.org&utm_campaign=imageinfo&utm_content=thumbnail,asian pear
5016bdeb-927f-4988-8ca4-fc6b69c3f8d1,other,pear,fresh,openverse:flickr,by-nc-nd 2.0,ulterior epicure,Tom Teng's Asian pears,https://www.flickr.com/photos/13329406@N00/233377059,https://live.staticflickr.com/95/233377059_ed9423c1bc.jpg,asian pear
b28c92a8-a6bb-435e-8a2d-02c6d32e7bda,other,pear,fresh,openverse:flickr,by-sa 2.0,See-ming Lee (SML),"Asian Pear, Farmers Market / 20090828.10D.51909.P1 / SML",https://www.flickr.com/photos/48973657@N00/3869266440,https://live.staticflickr.com/3426/3869266440_d240baf00d_b.jpg,asian pear
428af9b5-81fb-4eeb-985e-2efdca7772c7,other,pear,fresh,openverse:flickr,cc0 1.0,Plant pests and diseases,Asian pear,https://www.flickr.com/photos/62295966@N07/17903835679,https://live.staticflickr.com/5462/17903835679_25f57d1cd5_b.jpg,asian pear
wm60784738,other,pear,fresh,wikimedia,CC BY-SA 4.0,PumpkinSky,File:Pyrus pyrifolia (Raja) fruit 2 LR.jpg,https://commons.wikimedia.org/wiki/File:Pyrus_pyrifolia_(Raja)_fruit_2_LR.jpg,https://thumb.wikimedia.org/wikipedia/commons/thumb/5/5b/Pyrus_pyrifolia_%28Raja%29_fruit_2_LR.jpg/960px-Pyrus_pyrifolia_%28Raja%29_fruit_2_LR.jpg?utm_source=commons.wikimedia.org&utm_campaign=imageinfo&utm_content=thumbnail,asian pear
b91148ee-5694-4048-9134-fe543ff21c84,other,pear,fresh,openverse:flickr,by 2.0,SummerTomato,Asian Pears,https://www.flickr.com/photos/36842913@N08/3897676700,https://live.staticflickr.com/3196/3897676700_44415b2f60.jpg,asian pear
wm5566382,other,pear,fresh,wikimedia,CC BY-SA 3.0,JJ Harrison (jjharrison89@facebook.,File:Pyrus pyrifolia.jpg,https://commons.wikimedia.org/wiki/File:Pyrus_pyrifolia.jpg,https://thumb.wikimedia.org/wikipedia/commons/thumb/1/12/Pyrus_pyrifolia.jpg/960px-Pyrus_pyrifolia.jpg?utm_source=commons.wikimedia.org&utm_campaign=imageinfo&utm_content=thumbnail,asian pear
c982d13c-d114-460d-bab3-a74461aabf19,other,pear,fresh,openverse:flickr,by-nc 2.0,ali eminov,"Fruits of the season: Asian pears, Wayne",https://www.flickr.com/photos/27435717@N00/9489316036,https://live.staticflickr.com/3713/9489316036_4363fe4201_b.jpg,asian pear
98fb2cda-5c43-4e62-a500-2e8336b41fc5,other,pear,fresh,openverse:flickr,by-nc-nd 2.0,votrobeck,asian pears,https://www.flickr.com/photos/84588552@N00/1425918967,https://live.staticflickr.com/1208/1425918967_0dc7026edd_b.jpg,asian pear
89b323df-cfac-4648-8535-c96c68a219d6,other,pear,fresh,openverse:wikimedia,by-sa 3.0,,Nashi pear,https://commons.wikimedia.org/w/index.php?curid=1053284,https://upload.wikimedia.org/wikipedia/commons/5/55/Nashi_pear.jpg,nashi pear
89a455a4-619a-41f0-a99b-b81410921693,other,pear,fresh,openverse:flickr,by-sa 2.0,akira yamada,Nijusseiki Nashi (Pears),https://www.flickr.com/photos/61721552@N00/43247578,https://live.staticflickr.com/24/43247578_55f019ecff.jpg,nashi pear
dfcbd5ef-9afd-469c-87c6-d77fb801b152,other,pear,fresh,openverse:flickr,by 2.0,David Jackmanson,"Sweet, a kilo and a half of fruit, $9ish shelf price, including 6 nashi pears, r",https://www.flickr.com/photos/58301516@N00/25344380474,https://live.staticflickr.com/1586/25344380474_f72205a724_b.jpg,nashi pear
e52640ca-d5e1-4cd9-bef3-5781c37591ed,other,pear,fresh,openverse:flickr,by 2.0,Fruitnet.com,Nashi pears,https://www.flickr.com/photos/11191108@N04/2967331707,https://live.staticflickr.com/3229/2967331707_22bd298d08_b.jpg,nashi pear
67ea273c-c68f-4030-8119-6deb659bfe2d,other,pear,fresh,openverse:flickr,by-nc 2.0,kattebelletje,Nashi pears,https://www.flickr.com/photos/97249369@N00/5074208457,https://live.staticflickr.com/4028/5074208457_e7c9ea4bd7_b.jpg,nashi pear
wm54290715,other,pear,fresh,wikimedia,CC BY-SA 4.0,Rhododendrites,File:Four pears.jpg,https://commons.wikimedia.org/wiki/File:Four_pears.jpg,https://thumb.wikimedia.org/wikipedia/commons/thumb/9/99/Four_pears.jpg/960px-Four_pears.jpg?utm_source=commons.wikimedia.org&utm_campaign=imageinfo&utm_content=thumbnail,배 과일
wm86612,other,pear,fresh,wikimedia,Public domain,Keith Weller,File:Pears.jpg,https://commons.wikimedia.org/wiki/File:Pears.jpg,https://upload.wikimedia.org/wikipedia/commons/c/cf/Pears.jpg?utm_source=commons.wikimedia.org&utm_campaign=imageinfo&utm_content=thumbnail_unscaled,배 과일
wm41291423,other,pear,fresh,wikimedia,CC BY-SA 3.0,"Augustus Binu : <a rel=""nofollow"" class=""external text"" href=""https://www.flickr",File:Pear DS.jpg,https://commons.wikimedia.org/wiki/File:Pear_DS.jpg,https://thumb.wikimedia.org/wikipedia/commons/thumb/5/5d/Pear_DS.jpg/960px-Pear_DS.jpg?utm_source=commons.wikimedia.org&utm_campaign=imageinfo&utm_content=thumbnail,배 과일
wm19045187,other,pear,fresh,wikimedia,CC BY-SA 3.0,കാക്കര,"File:Pear, പിയർപഴം.JPG","https://commons.wikimedia.org/wiki/File:Pear,_%E0%B4%AA%E0%B4%BF%E0%B4%AF%E0%B5%BC%E0%B4%AA%E0%B4%B4%E0%B4%82.JPG",https://thumb.wikimedia.org/wikipedia/commons/thumb/8/84/Pear%2C_%E0%B4%AA%E0%B4%BF%E0%B4%AF%E0%B5%BC%E0%B4%AA%E0%B4%B4%E0%B4%82.JPG/960px-Pear%2C_%E0%B4%AA%E0%B4%BF%E0%B4%AF%E0%B5%BC%E0%B4%AA%E0%B4%B4%E0%B4%82.JPG?utm_source=commons.wikimedia.org&utm_campaign=imageinfo&utm_content=thumbnail,배 과일
wm86417880,other,pear,fresh,wikimedia,CC BY-SA 4.0,Sridhar Rao,File:Pear fruits.jpg,https://commons.wikimedia.org/wiki/File:Pear_fruits.jpg,https://thumb.wikimedia.org/wikipedia/commons/thumb/a/a1/Pear_fruits.jpg/960px-Pear_fruits.jpg?utm_source=commons.wikimedia.org&utm_campaign=imageinfo&utm_content=thumbnail,배 과일
wm64972483,other,pear,fresh,wikimedia,CC0,Fructibus,File:Rocha Pear 2017 AA.jpg,https://commons.wikimedia.org/wiki/File:Rocha_Pear_2017_AA.jpg,https://thumb.wikimedia.org/wikipedia/commons/thumb/f/f4/Rocha_Pear_2017_AA.jpg/960px-Rocha_Pear_2017_AA.jpg?utm_source=commons.wikimedia.org&utm_campaign=imageinfo&utm_content=thumbnail,배 과일
wm64972488,other,pear,fresh,wikimedia,CC0,Fructibus,File:Rocha Pear 2017 AC.jpg,https://commons.wikimedia.org/wiki/File:Rocha_Pear_2017_AC.jpg,https://thumb.wikimedia.org/wikipedia/commons/thumb/4/43/Rocha_Pear_2017_AC.jpg/960px-Rocha_Pear_2017_AC.jpg?utm_source=commons.wikimedia.org&utm_campaign=imageinfo&utm_content=thumbnail,배 과일
wm64973124,other,pear,fresh,wikimedia,CC0,Fructibus,File:Rocha Pear 2017 B5.jpg,https://commons.wikimedia.org/wiki/File:Rocha_Pear_2017_B5.jpg,https://thumb.wikimedia.org/wikipedia/commons/thumb/1/1e/Rocha_Pear_2017_B5.jpg/960px-Rocha_Pear_2017_B5.jpg?utm_source=commons.wikimedia.org&utm_campaign=imageinfo&utm_content=thumbnail,배 과일
0de55342-996f-4ed4-af6f-1159b2b323fe,other,persimmon,fresh,openverse:flickr,by-nc-nd 2.0,Vanessa Pike-Russell,persimmon fruit macro,https://www.flickr.com/photos/25056484@N00/522791691,https://live.staticflickr.com/243/522791691_e45c3946a7_b.jpg,persimmon fruit
d5892cef-773c-4b3a-aaf7-7ab12940e9a0,other,persimmon,fresh,openverse:wikimedia,by-sa 4.0,Frank Schulenburg,"Fuyu persimmon fruits, one cut open",https://commons.wikimedia.org/w/index.php?curid=64193880,https://upload.wikimedia.org/wikipedia/commons/7/78/Fuyu_persimmon_fruits%2C_one_cut_open.jpg,persimmon fruit
wm17127053,other,persimmon,fresh,wikimedia,CC BY-SA 3.0,Joe Ravi,File:Fuyu Persimmon (Diospyros Kaki).jpg,https://commons.wikimedia.org/wiki/File:Fuyu_Persimmon_(Diospyros_Kaki).jpg,https://thumb.wikimedia.org/wikipedia/commons/thumb/a/a6/Fuyu_Persimmon_%28Diospyros_Kaki%29.jpg/960px-Fuyu_Persimmon_%28Diospyros_Kaki%29.jpg?utm_source=commons.wikimedia.org&utm_campaign=imageinfo&utm_content=thumbnail,persimmon fruit
98275e3d-060c-498e-97d6-711a4efda585,other,persimmon,fresh,openverse:flickr,by 2.0,kudumomo,Persimmon Fruits (林柿),https://www.flickr.com/photos/9751325@N02/2980875312,https://live.staticflickr.com/3235/2980875312_105a1fae0a_b.jpg,persimmon fruit
wm40931057,other,persimmon,fresh,wikimedia,CC BY-SA 4.0,Rodrigo.Argenton,File:Caqui chocolate em fundo preto 03.jpg,https://commons.wikimedia.org/wiki/File:Caqui_chocolate_em_fundo_preto_03.jpg,https://thumb.wikimedia.org/wikipedia/commons/thumb/5/5d/Caqui_chocolate_em_fundo_preto_03.jpg/960px-Caqui_chocolate_em_fundo_preto_03.jpg?utm_source=commons.wikimedia.org&utm_campaign=imageinfo&utm_content=thumbnail,persimmon fruit
dcf4be1b-ba25-4bb5-9faf-80ebf5b21c3c,other,persimmon,fresh,openverse:flickr,by 2.0,Dakiny,柿 （Persimmon fruit ）,https://www.flickr.com/photos/55658968@N00/8340191589,https://live.staticflickr.com/8362/8340191589_51903aa195_b.jpg,persimmon fruit
56d6efb3-d0df-4d89-86c2-e050e6b39d94,other,persimmon,fresh,openverse:flickr,by 2.0,Dakiny,柿 （Persimmon fruit ）,https://www.flickr.com/photos/55658968@N00/8341252234,https://live.staticflickr.com/8076/8341252234_30c349d2b1_b.jpg,persimmon fruit
0896cbb4-510d-4569-b105-84440c87cf36,other,persimmon,fresh,openverse:flickr,by 2.0,Dakiny,柿 （Persimmon fruit ）,https://www.flickr.com/photos/55658968@N00/8340189853,https://live.staticflickr.com/8081/8340189853_80e7f82156_b.jpg,persimmon fruit
ef2a5fd5-2067-42d2-adaa-19815308f952,other,persimmon,fresh,openverse:flickr,by-nc-nd 2.0,Vanessa Pike-Russell,persimmon fruit 2973,https://www.flickr.com/photos/25056484@N00/521714576,https://live.staticflickr.com/209/521714576_a499c83eb0_b.jpg,persimmon fruit
82251168-072b-4eca-a4a5-42045ee83eac,other,persimmon,fresh,openverse:flickr,by-sa 2.0,[puamelia],japanese persimmon / 柿 kaki,https://www.flickr.com/photos/26226522@N08/2931340978,https://live.staticflickr.com/3014/2931340978_b9311d1765_b.jpg,persimmons
adcbee2b-f6e8-4399-bf06-664468547ea9,other,persimmon,fresh,openverse:flickr,by-sa 2.0,[puamelia],japanese persimmon / 柿 kaki,https://www.flickr.com/photos/26226522@N08/2930481209,https://live.staticflickr.com/3283/2930481209_c22126a0b6_b.jpg,persimmons
3373ae0c-ed08-4425-918f-0b32fbfa45ca,other,persimmon,fresh,openverse:flickr,by-nd 2.0,3liz4,Fuyu persimmon,https://www.flickr.com/photos/94697672@N00/6318913901,https://live.staticflickr.com/6097/6318913901_0e46ed8073.jpg,persimmons
53f4d9ad-f683-4732-913c-bbec6298ce7b,other,persimmon,fresh,openverse:flickr,by-nd 2.0,3liz4,Fuyu persimmon,https://www.flickr.com/photos/94697672@N00/6318915189,https://live.staticflickr.com/6222/6318915189_e478f48fe2_b.jpg,persimmons
c62c228e-e363-41c6-83fd-5546cc069601,other,persimmon,fresh,openverse:flickr,by 2.0,Koshyk,Persimmon,https://www.flickr.com/photos/97235261@N00/5092619745,https://live.staticflickr.com/4089/5092619745_88f21a0c0d_b.jpg,persimmons
bb8b40eb-f3bb-4e34-b11f-fd8a2d7e69e0,other,persimmon,fresh,openverse:flickr,by-nc-nd 2.0,FotoGrazio,Organic Fuyu Persimmons,https://www.flickr.com/photos/94075184@N00/30997288837,https://live.staticflickr.com/4826/30997288837_3344bb74a0_b.jpg,persimmons
031d873e-6210-445d-8e0f-e6c0c12859d8,other,persimmon,fresh,openverse:flickr,by-sa 2.0,bruce_crossing,Meyer seedless persimmons,https://www.flickr.com/photos/79882121@N02/7174088826,https://live.staticflickr.com/8154/7174088826_1ac764035c_b.jpg,persimmons
7c81e822-1341-4851-b339-0768271e2a41,other,persimmon,fresh,openverse:flickr,by-nc-nd 2.0,In Praise of Sardines,Fuyu persimmon,https://www.flickr.com/photos/83096974@N00/52759594,https://live.staticflickr.com/33/52759594_6b3575177d_b.jpg,persimmons
30f9823c-e7f4-4cc9-b9b1-77ecdfc9cca3,other,persimmon,fresh,openverse:flickr,by-sa 2.0,Rod Waddington,Persimmon,https://www.flickr.com/photos/64607715@N05/7264737974,https://live.staticflickr.com/7078/7264737974_d3093072af_b.jpg,persimmons
3d7ce4c8-c6b7-4903-85e4-d40cb7f84140,other,persimmon,fresh,openverse:flickr,by-nc-nd 2.0,盈盈設計影像網 0932046950,"DAO-92569 台灣水果,台灣水果月曆,水果月曆,柿子,甜柿",https://www.flickr.com/photos/58008480@N04/34540929944,https://live.staticflickr.com/4234/34540929944_9f592740a9_b.jpg,柿 果物
wm127839780,other,persimmon,fresh,wikimedia,CC BY-SA 4.0,Gaurav Dhwaj Khadka,File:Japanese Persimmon.jpg,https://commons.wikimedia.org/wiki/File:Japanese_Persimmon.jpg,https://thumb.wikimedia.org/wikipedia/commons/thumb/7/7d/Japanese_Persimmon.jpg/960px-Japanese_Persimmon.jpg?utm_source=commons.wikimedia.org&utm_campaign=imageinfo&utm_content=thumbnail,柿 果物
5baa410a-6961-438f-a33f-8510ec6ac7ce,other,persimmon,fresh,openverse:flickr,by-nc-sa 2.0,盈盈設計影像網 0932046950,20180830-DAO_0060,https://www.flickr.com/photos/58008480@N04/45166414414,https://live.staticflickr.com/4869/45166414414_8532085e72_b.jpg,柿 果物
32af6016-36ef-4e51-b94a-1970ac6bb3bf,other,persimmon,fresh,openverse:flickr,by-nc-sa 2.0,盈盈設計影像網 0932046950,"20190307-DAO_0119 甜柿,柿子,橘色,水果,臺灣水果",https://www.flickr.com/photos/58008480@N04/33498360528,https://live.staticflickr.com/7866/33498360528_5d4fb8dc83_b.jpg,柿 果物
wm3435662,other,persimmon,fresh,wikimedia,Public domain,Slo-Silvija,File:Kaki Fruit1.jpg,https://commons.wikimedia.org/wiki/File:Kaki_Fruit1.jpg,https://thumb.wikimedia.org/wikipedia/commons/thumb/5/56/Kaki_Fruit1.jpg/960px-Kaki_Fruit1.jpg?utm_source=commons.wikimedia.org&utm_campaign=imageinfo&utm_content=thumbnail,柿 果物
1e6adf1c-2eb6-4480-a5ab-2c3f22e750f0,other,plum,fresh,openverse:wikimedia,by-sa 2.0,Jonathan Billinger,Damson plum fruit,https://commons.wikimedia.org/w/index.php?curid=24415223,https://upload.wikimedia.org/wikipedia/commons/8/8f/Damson_plum_fruit.jpg,plums fruit
bd7af92e-9463-488f-a008-724b95696142,other,plum,fresh,openverse:flickr,by 2.0,born1945,Wild Plum Fruit,https://www.flickr.com/photos/12567713@N00/3596224502,https://live.staticflickr.com/3596/3596224502_46627e5f04_b.jpg,plums fruit
wm16918919,other,plum,fresh,wikimedia,CC0,Evan-Amos,File:Red-Plums.jpg,https://commons.wikimedia.org/wiki/File:Red-Plums.jpg,https://thumb.wikimedia.org/wikipedia/commons/thumb/2/24/Red-Plums.jpg/960px-Red-Plums.jpg?utm_source=commons.wikimedia.org&utm_campaign=imageinfo&utm_content=thumbnail,plums fruit
wm38002122,other,plum,fresh,wikimedia,CC BY-SA 4.0,Rodrigo.Argenton,File:Plum in a black background 02.jpg,https://commons.wikimedia.org/wiki/File:Plum_in_a_black_background_02.jpg,https://thumb.wikimedia.org/wikipedia/commons/thumb/5/5c/Plum_in_a_black_background_02.jpg/960px-Plum_in_a_black_background_02.jpg?utm_source=commons.wikimedia.org&utm_campaign=imageinfo&utm_content=thumbnail,plums fruit
wm38002123,other,plum,fresh,wikimedia,CC BY-SA 4.0,Rodrigo.Argenton,File:Plum in a black background 01.jpg,https://commons.wikimedia.org/wiki/File:Plum_in_a_black_background_01.jpg,https://thumb.wikimedia.org/wikipedia/commons/thumb/d/da/Plum_in_a_black_background_01.jpg/960px-Plum_in_a_black_background_01.jpg?utm_source=commons.wikimedia.org&utm_campaign=imageinfo&utm_content=thumbnail,plums fruit
wm52691251,other,plum,fresh,wikimedia,GFDL 1.2,Ralf Roletschek,File:16-09-17-WikiLovesCocktails-Zutaten-Img0163.jpg,https://commons.wikimedia.org/wiki/File:16-09-17-WikiLovesCocktails-Zutaten-Img0163.jpg,https://thumb.wikimedia.org/wikipedia/commons/thumb/2/28/16-09-17-WikiLovesCocktails-Zutaten-Img0163.jpg/960px-16-09-17-WikiLovesCocktails-Zutaten-Img0163.jpg?utm_source=commons.wikimedia.org&utm_campaign=imageinfo&utm_content=thumbnail,plums fruit
wm586401,other,plum,fresh,wikimedia,GFDL 1.2,<tbo,File:Plum on tree02.jpg,https://commons.wikimedia.org/wiki/File:Plum_on_tree02.jpg,https://thumb.wikimedia.org/wikipedia/commons/thumb/7/7b/Plum_on_tree02.jpg/960px-Plum_on_tree02.jpg?utm_source=commons.wikimedia.org&utm_campaign=imageinfo&utm_content=thumbnail,plums fruit
wm42200983,other,plum,fresh,wikimedia,CC BY-SA 4.0,Notafly,File:LaetitiaPortugal.JPG,https://commons.wikimedia.org/wiki/File:LaetitiaPortugal.JPG,https://thumb.wikimedia.org/wikipedia/commons/thumb/6/6e/LaetitiaPortugal.JPG/960px-LaetitiaPortugal.JPG?utm_source=commons.wikimedia.org&utm_campaign=imageinfo&utm_content=thumbnail,plums fruit
wm7762246,other,plum,fresh,wikimedia,CC BY-SA 3.0,Seeminglee,File:Plums-farmers-market-seeminglee.jpg,https://commons.wikimedia.org/wiki/File:Plums-farmers-market-seeminglee.jpg,https://thumb.wikimedia.org/wikipedia/commons/thumb/b/bb/Plums-farmers-market-seeminglee.jpg/960px-Plums-farmers-market-seeminglee.jpg?utm_source=commons.wikimedia.org&utm_campaign=imageinfo&utm_content=thumbnail,plums fruit
33c1a369-9f8b-46a5-a4c3-117a6f629da7,other,plum,fresh,openverse:flickr,by 2.0,lissac1,#plums #fruit,https://www.flickr.com/photos/58886130@N03/14861232682,https://live.staticflickr.com/3885/14861232682_d3736434a5.jpg,plums fruit
bfccffad-5302-47f1-8f57-f97c4c86d781,other,pomegranate,fresh,openverse:flickr,pdm 1.0,Ms. June Franks,Ripe Colorful Pomegranate Fruit on Tree Branch,https://www.flickr.com/photos/137705051@N07/22704826703,https://live.staticflickr.com/5772/22704826703_543f45cc8b_b.jpg,pomegranate fruit
3316b47e-dfd7-455b-9672-e969817e90b2,other,pomegranate,fresh,openverse:flickr,by-nc-nd 2.0,MomentsForZen,Pomegranate Fruit - Punica granatum - Barton - ACT - Australia - 20180110 @ 17:2,https://www.flickr.com/photos/56279172@N04/39731195511,https://live.staticflickr.com/4697/39731195511_d3f7f76300_b.jpg,pomegranate fruit
a43e5920-26c2-49ea-af56-371dc666dab7,other,pomegranate,fresh,openverse:flickr,cc0 1.0,Plant pests and diseases,Pomegranate: Fruit lesions,https://www.flickr.com/photos/62295966@N07/15346339615,https://live.staticflickr.com/2944/15346339615_97341d302b_b.jpg,pomegranate fruit
535a9182-7b80-4ec6-894e-0b151bc3ea83,other,pomegranate,fresh,openverse:wikimedia,by-sa 4.0,Sanjay Acharya,Pomegranate Fruit Setting,https://commons.wikimedia.org/w/index.php?curid=90843788,https://upload.wikimedia.org/wikipedia/commons/f/fa/Pomegranate_Fruit_Setting.jpg,pomegranate fruit
0dcc1003-78b9-4fe3-8e6a-e0f370c5c9b8,other,pomegranate,fresh,openverse:flickr,by-nc-sa 2.0,NSW DPI Schools program,"Pomegranate fruit, Dareton NSW",https://www.flickr.com/photos/30555753@N03/3964789848,https://live.staticflickr.com/3489/3964789848_e361c6fb38.jpg,pomegranate fruit
bae8fde6-a66d-4352-8d1d-c3c72607c652,other,pomegranate,fresh,openverse:flickr,by-nc-sa 2.0,dadoobe,Pomegranate fruit-grenade,https://www.flickr.com/photos/11176028@N03/3040160911,https://live.staticflickr.com/3281/3040160911_7b8d8422ab_b.jpg,pomegranate fruit
2d2f0903-09e4-4d1f-8a63-a02c0e0193de,other,pomegranate,fresh,openverse:flickr,by 2.0,muffinn,Kyrenia - pomegranate fruits,https://www.flickr.com/photos/26445715@N00/15887543581,https://live.staticflickr.com/8637/15887543581_a029999bbe_b.jpg,pomegranate fruit
c47bc8b3-038b-4643-abba-9e1ea7ce3935,other,pomegranate,fresh,openverse:flickr,by-nd 2.0,CGWF,Pomegranate Fruited Branch,https://www.flickr.com/photos/50996920@N04/5096971729,https://live.staticflickr.com/4133/5096971729_78aa437509.jpg,pomegranate fruit
8bf6c85e-00ee-41c9-9b4a-c2d9a6a407f7,other,pomegranate,fresh,openverse:flickr,by 2.0,watts_photos,Colonial Williamsburg Virginia garden pomegranate fruit tree bloom,https://www.flickr.com/photos/126288307@N05/30338278430,https://live.staticflickr.com/5721/30338278430_1f0181fb01_b.jpg,pomegranate fruit
1c4bb945-a5c0-4799-b682-bc1e13415be3,other,strawberry,fresh,openverse:flickr,by-nc-nd 2.0,TimAlosi.com,Strawberries,https://www.flickr.com/photos/28306504@N05/3453868071,https://live.staticflickr.com/3603/3453868071_4b82dc96db_b.jpg,strawberries
deb985b9-6326-4872-91ba-bd503d869de8,other,strawberry,fresh,openverse:flickr,by-nc-sa 2.0,Manchester-Monkey,Strawberry,https://www.flickr.com/photos/38028723@N06/4780325289,https://live.staticflickr.com/4118/4780325289_994b4d8345_b.jpg,strawberries
6b5aa7aa-4ad3-4748-b9cc-4a2bac797031,other,strawberry,fresh,openverse:flickr,by-nc-nd 2.0,Iguanasan,Strawberries,https://www.flickr.com/photos/99125755@N00/4766635470,https://live.staticflickr.com/4097/4766635470_24de9cf10b_b.jpg,strawberries
738f34b1-05bc-4547-9524-42b41a65cb08,other,strawberry,fresh,openverse:flickr,by 2.0,sanchom,Strawberries,https://www.flickr.com/photos/7163248@N04/2842525085,https://live.staticflickr.com/3113/2842525085_6bedcbe623_b.jpg,strawberries
wm106617114,other,strawberry,fresh,wikimedia,CC BY-SA 4.0,W.carter,File:Still life with strawberries in a crystal bowl.jpg,https://commons.wikimedia.org/wiki/File:Still_life_with_strawberries_in_a_crystal_bowl.jpg,https://thumb.wikimedia.org/wikipedia/commons/thumb/1/1f/Still_life_with_strawberries_in_a_crystal_bowl.jpg/960px-Still_life_with_strawberries_in_a_crystal_bowl.jpg?utm_source=commons.wikimedia.org&utm_campaign=imageinfo&utm_content=thumbnail,strawberries
33990713-903b-4ecf-ae98-bfbf53f3f63f,other,strawberry,fresh,openverse:flickr,by-nd 2.0,Bennilover,First Strawberries,https://www.flickr.com/photos/75885098@N05/25616296977,https://live.staticflickr.com/4698/25616296977_616b946cb3_b.jpg,strawberries
b3f6c7c3-1d7b-4a3a-ab7e-0831a7343694,other,strawberry,fresh,openverse:flickr,by 2.0,wwarby,Strawberries,https://www.flickr.com/photos/26782864@N00/11902390455,https://live.staticflickr.com/7314/11902390455_9f492dba2c_b.jpg,strawberries
wm85822836,other,strawberry,fresh,wikimedia,CC BY-SA 4.0,Marc-Lautenbacher,File:Organic-strawberries Canada.jpg,https://commons.wikimedia.org/wiki/File:Organic-strawberries_Canada.jpg,https://thumb.wikimedia.org/wikipedia/commons/thumb/1/17/Organic-strawberries_Canada.jpg/960px-Organic-strawberries_Canada.jpg?utm_source=commons.wikimedia.org&utm_campaign=imageinfo&utm_content=thumbnail,strawberries
99fb31da-e37d-4317-90d8-a148f9d9804b,other,strawberry,fresh,openverse:flickr,by-nc-sa 2.0,BenPonsford,Macro strawberry,https://www.flickr.com/photos/52469139@N07/14428188168,https://live.staticflickr.com/2910/14428188168_e5b8e751dd_b.jpg,strawberries
5608a49f-2a79-43cf-85e4-3295ad7778d8,other,strawberry,fresh,openverse:flickr,by-nd 2.0,Mr.TinDC,Pint of Strawberries,https://www.flickr.com/photos/7471115@N08/4649023732,https://live.staticflickr.com/4051/4649023732_29848fffb2_b.jpg,strawberries
d7a42ee6-f412-450f-ad1f-bdafedeed87e,other,strawberry,fresh,openverse:flickr,by-sa 2.0,sigusr0,Strawberry,https://www.flickr.com/photos/14319985@N07/1460105322,https://live.staticflickr.com/1425/1460105322_1756a2ed7f_b.jpg,strawberries
35079c92-cde7-4b64-90ca-7c7700bde604,other,strawberry,fresh,openverse:flickr,by-sa 2.0,vanessa lollipop,Strawberries,https://www.flickr.com/photos/58450786@N05/7480544400,https://live.staticflickr.com/8159/7480544400_98773ecf1d_b.jpg,strawberries
wm54988148,other,strawberry,fresh,wikimedia,CC BY-SA 3.0,علاء,File:Strawberry-1.jpg,https://commons.wikimedia.org/wiki/File:Strawberry-1.jpg,https://thumb.wikimedia.org/wikipedia/commons/thumb/8/8b/Strawberry-1.jpg/960px-Strawberry-1.jpg?utm_source=commons.wikimedia.org&utm_campaign=imageinfo&utm_content=thumbnail,strawberries
wm69284823,other,strawberry,fresh,wikimedia,Public domain,George Chernilevsky,File:Strawberries in basket 2018 G1.jpg,https://commons.wikimedia.org/wiki/File:Strawberries_in_basket_2018_G1.jpg,https://thumb.wikimedia.org/wikipedia/commons/thumb/a/a2/Strawberries_in_basket_2018_G1.jpg/960px-Strawberries_in_basket_2018_G1.jpg?utm_source=commons.wikimedia.org&utm_campaign=imageinfo&utm_content=thumbnail,strawberries
1bfd9d32-63da-410e-a788-da3818a46105,other,strawberry,fresh,openverse:flickr,by-sa 2.0,vanessa lollipop,Strawberries,https://www.flickr.com/photos/58450786@N05/7480542676,https://live.staticflickr.com/8020/7480542676_d62f4f63f6_b.jpg,strawberries
wm30653459,other,strawberry,fresh,wikimedia,CC BY-SA 3.0 de,"Thomas Wolf, www.foto-",File:Erdbeerschalen Viktualienmarkt München.jpg,https://commons.wikimedia.org/wiki/File:Erdbeerschalen_Viktualienmarkt_M%C3%BCnchen.jpg,https://thumb.wikimedia.org/wikipedia/commons/thumb/d/d3/Erdbeerschalen_Viktualienmarkt_M%C3%BCnchen.jpg/960px-Erdbeerschalen_Viktualienmarkt_M%C3%BCnchen.jpg?utm_source=commons.wikimedia.org&utm_campaign=imageinfo&utm_content=thumbnail,strawberries
e78651a8-03f0-4be5-908d-57fd6024239d,other,strawberry,fresh,openverse:flickr,by-nc 2.0,Martin LaBar,Strawberries cut up for pies sooc,https://www.flickr.com/photos/32454422@N00/5715596798,https://live.staticflickr.com/3405/5715596798_1cb21f46e3_b.jpg,strawberries
81b13295-de44-4671-81f0-eea7b4df2247,other,tangerine,fresh,openverse:flickr,by 2.0,Patrick Feller,Satsuma Mandarin Orange 1105091912,https://www.flickr.com/photos/32345848@N07/4079430848,https://live.staticflickr.com/2456/4079430848_ac593bd582.jpg,mandarin oranges
wm18365873,other,tangerine,fresh,wikimedia,CC BY-SA 3.0,Joe Ravi,File:Mandarin Oranges (Citrus Reticulata).jpg,https://commons.wikimedia.org/wiki/File:Mandarin_Oranges_(Citrus_Reticulata).jpg,https://thumb.wikimedia.org/wikipedia/commons/thumb/4/49/Mandarin_Oranges_%28Citrus_Reticulata%29.jpg/960px-Mandarin_Oranges_%28Citrus_Reticulata%29.jpg?utm_source=commons.wikimedia.org&utm_campaign=imageinfo&utm_content=thumbnail,mandarin oranges
d671c288-7507-4008-a702-a203505238bc,other,tangerine,fresh,openverse:flickr,by 2.0,sonictk,Mandarin Oranges Reduh,https://www.flickr.com/photos/22349721@N00/397397454,https://live.staticflickr.com/177/397397454_8c14fec287_b.jpg,mandarin oranges
wm130405995,other,tangerine,fresh,wikimedia,CC BY-SA 4.0,Jacek Halicki,File:2023 Mandarynki.jpg,https://commons.wikimedia.org/wiki/File:2023_Mandarynki.jpg,https://thumb.wikimedia.org/wikipedia/commons/thumb/2/22/2023_Mandarynki.jpg/960px-2023_Mandarynki.jpg?utm_source=commons.wikimedia.org&utm_campaign=imageinfo&utm_content=thumbnail,mandarin oranges
445891d9-f66b-4db0-98b3-f37f137a2621,other,tangerine,fresh,openverse:flickr,by 2.0,Geoff Peters 604,mandarin oranges,https://www.flickr.com/photos/54359128@N00/3121053314,https://live.staticflickr.com/3181/3121053314_4e66a17676_b.jpg,mandarin oranges
fd482dd8-3581-41bc-84d0-6522adde44d4,other,tangerine,fresh,openverse:flickr,by 2.0,sonictk,Mandarin Oranges,https://www.flickr.com/photos/22349721@N00/395044483,https://live.staticflickr.com/136/395044483_e27f365e3a_b.jpg,mandarin oranges
b91b50b1-850b-4598-8024-2b964259c2c1,other,tangerine,fresh,openverse:flickr,by 2.0,Gary Soup,"Mandarin Oranges, SF Chinatown",https://www.flickr.com/photos/87117631@N00/355532097,https://live.staticflickr.com/156/355532097_535c9e1acb_b.jpg,mandarin oranges
wm8627200,other,tangerine,fresh,wikimedia,Public domain,George Chernilevsky,File:Citrus reticulata fruit 2009 G1.jpg,https://commons.wikimedia.org/wiki/File:Citrus_reticulata_fruit_2009_G1.jpg,https://thumb.wikimedia.org/wikipedia/commons/thumb/2/2f/Citrus_reticulata_fruit_2009_G1.jpg/960px-Citrus_reticulata_fruit_2009_G1.jpg?utm_source=commons.wikimedia.org&utm_campaign=imageinfo&utm_content=thumbnail,mandarin oranges
7ded6033-725d-4653-9eb7-57ef714ebdcc,other,tangerine,fresh,openverse:flickr,by-sa 2.0,Franco Folini,Mandarin orange (Citrus reticulata),https://www.flickr.com/photos/78425154@N00/11302708644,https://live.staticflickr.com/7454/11302708644_0315e7dfce_b.jpg,mandarin oranges
wm8815045,other,tangerine,fresh,wikimedia,Public domain,ZooFari,File:Citrus reticulata.jpg,https://commons.wikimedia.org/wiki/File:Citrus_reticulata.jpg,https://thumb.wikimedia.org/wikipedia/commons/thumb/f/f2/Citrus_reticulata.jpg/960px-Citrus_reticulata.jpg?utm_source=commons.wikimedia.org&utm_campaign=imageinfo&utm_content=thumbnail,mandarin oranges
bc64e536-6999-4c9f-a004-087354091f27,other,tangerine,fresh,openverse:flickr,by 2.0,tara marie,Mandarin Oranges,https://www.flickr.com/photos/12765264@N00/15621575078,https://live.staticflickr.com/5606/15621575078_17d9c21a3b_b.jpg,mandarin oranges
wm113227883,other,tangerine,fresh,wikimedia,CC BY-SA 4.0,Asturio Cantabrio,File:Gamagori Mikan 2021-12 ac (1).jpg,https://commons.wikimedia.org/wiki/File:Gamagori_Mikan_2021-12_ac_(1).jpg,https://thumb.wikimedia.org/wikipedia/commons/thumb/c/cd/Gamagori_Mikan_2021-12_ac_%281%29.jpg/960px-Gamagori_Mikan_2021-12_ac_%281%29.jpg?utm_source=commons.wikimedia.org&utm_campaign=imageinfo&utm_content=thumbnail,みかん
wm113227886,other,tangerine,fresh,wikimedia,CC BY-SA 4.0,Asturio Cantabrio,File:Gamagori Mikan 2021-12 ac (2).jpg,https://commons.wikimedia.org/wiki/File:Gamagori_Mikan_2021-12_ac_(2).jpg,https://thumb.wikimedia.org/wikipedia/commons/thumb/b/b8/Gamagori_Mikan_2021-12_ac_%282%29.jpg/960px-Gamagori_Mikan_2021-12_ac_%282%29.jpg?utm_source=commons.wikimedia.org&utm_campaign=imageinfo&utm_content=thumbnail,みかん
fbe1ac8b-0f28-4c45-b78f-fa40e68ee101,other,tangerine,fresh,openverse:flickr,by-nc-sa 2.0,kiyong2,저녁 간식은 굴... 아니 귤...,https://www.flickr.com/photos/67347235@N00/11432472113,https://live.staticflickr.com/3688/11432472113_56c7b51f2b.jpg,귤
4c97a77b-e53b-4d4c-8178-acef2dc2a308,other,tangerine,fresh,openverse:flickr,by-nc-nd 2.0,Effie.Y.,090218 귤 橘子,https://www.flickr.com/photos/46526362@N00/3289604313,https://live.staticflickr.com/3460/3289604313_8e1c30e281_b.jpg,귤
9818a62f-cfb3-4fa6-a3b5-66fa6a0bc876,other,tangerine,fresh,openverse:flickr,by-nc-nd 2.0,"Yongju, Park",제주에서 직접 공수한 맛나는 귤. 오늘 ..,https://www.flickr.com/photos/8925856@N08/5180397974,https://live.staticflickr.com/1374/5180397974_619a68dd8b_b.jpg,귤
3f94831a-053d-47b4-a577-b5b69b7a0db2,other,tangerine,fresh,openverse:flickr,by-nc-nd 2.0,comfuture,귤,https://www.flickr.com/photos/74119595@N00/3011989089,https://live.staticflickr.com/3292/3011989089_e8b888a552.jpg,귤
cbeba2c4-ba42-4f38-b82d-c434fb0f9e0d,other,tangerine,fresh,openverse:flickr,by-nd 2.0,모나카,제주가 고향인 퍼블리셔 분이 줬다는 #귤 #먹방 #먹스타그램 #VSCOcam,https://www.flickr.com/photos/27533809@N00/15269061593,https://live.staticflickr.com/7570/15269061593_95b5480d2c.jpg,귤
c8f0d315-24bd-4e60-8634-e63aff48071a,other,tangerine,fresh,openverse:flickr,by-nd 2.0,모나카,겨울엔 귤. 귤은 겨울.,https://www.flickr.com/photos/27533809@N00/8147481581,https://live.staticflickr.com/8193/8147481581_7b7808850b.jpg,귤
845732aa-b0a1-4396-84b1-443090e97301,other,tangerine,fresh,openverse:flickr,by 2.0,압박의 달인,IMG_1636,https://www.flickr.com/photos/103629201@N02/32433353448,https://live.staticflickr.com/4858/32433353448_8c4decc1e1_b.jpg,귤
b3820120-7b66-4787-8608-fda0e27bb9b8,other,tangerine,fresh,openverse:flickr,by 2.0,압박의 달인,IMG_7699,https://www.flickr.com/photos/103629201@N02/39638362731,https://live.staticflickr.com/4621/39638362731_7ffa674a59_b.jpg,귤
afd7bfb3-520d-4af3-9b55-480e89f106c3,other,tangerine,fresh,openverse:flickr,by 2.0,압박의 달인,IMG_7695,https://www.flickr.com/photos/103629201@N02/39638364491,https://live.staticflickr.com/4678/39638364491_c190170603_b.jpg,귤
184da146-5865-40a1-91e1-4085f95b56de,other,watermelon,fresh,openverse:flickr,by-nc 2.0,S n o R k e l,Watermelons,https://www.flickr.com/photos/67903688@N00/31518663,https://live.staticflickr.com/21/31518663_45bdae28a4_b.jpg,watermelon
wm27683846,other,watermelon,fresh,wikimedia,CC BY-SA 3.0,فارس البلغم,File:البطيخ الأحمر.JPG,https://commons.wikimedia.org/wiki/File:%D8%A7%D9%84%D8%A8%D8%B7%D9%8A%D8%AE_%D8%A7%D9%84%D8%A3%D8%AD%D9%85%D8%B1.JPG,https://thumb.wikimedia.org/wikipedia/commons/thumb/d/d9/%D8%A7%D9%84%D8%A8%D8%B7%D9%8A%D8%AE_%D8%A7%D9%84%D8%A3%D8%AD%D9%85%D8%B1.JPG/960px-%D8%A7%D9%84%D8%A8%D8%B7%D9%8A%D8%AE_%D8%A7%D9%84%D8%A3%D8%AD%D9%85%D8%B1.JPG?utm_source=commons.wikimedia.org&utm_campaign=imageinfo&utm_content=thumbnail,watermelon
530f5594-a8d1-4d25-afc0-28a1b0d9bb2e,other,watermelon,fresh,openverse:flickr,by-nc-nd 2.0,Big Grey Mare,Watermelons,https://www.flickr.com/photos/57565555@N00/4793532795,https://live.staticflickr.com/4096/4793532795_fd279394a1_b.jpg,watermelon
caef2800-d7ca-446c-85ac-84a48550b40e,other,watermelon,fresh,openverse:flickr,by-nc-sa 2.0,Kirti Poddar,Watermelon Slices,https://www.flickr.com/photos/22598380@N07/4844919573,https://live.staticflickr.com/4087/4844919573_44f262ab1f_b.jpg,watermelon
e438d090-567d-4253-b668-34193c9ff5b7,other,watermelon,fresh,openverse:flickr,by-nc-sa 2.0,giniger,watermelon,https://www.flickr.com/photos/7304492@N06/417409312,https://live.staticflickr.com/175/417409312_e3386de40a.jpg,watermelon
7c7fab0d-9dc4-4cce-bb31-5302ae0ec263,other,watermelon,fresh,openverse:flickr,by 2.0,nutrilover,watermelon,https://www.flickr.com/photos/40994455@N06/3799968960,https://live.staticflickr.com/2600/3799968960_66351909be_b.jpg,watermelon
46be030a-709c-4f0e-95fd-324efef36df0,other,watermelon,fresh,openverse:flickr,by-nc 2.0,White Magnolia Photography,Watermelon,https://www.flickr.com/photos/58925686@N06/6013935089,https://live.staticflickr.com/6142/6013935089_fac1a6cf17.jpg,watermelon
69bb204b-eab9-44c4-a2c5-f7f8d4298acc,other,watermelon,fresh,openverse:flickr,by 2.0,plasterbrain,watermelons,https://www.flickr.com/photos/86844786@N02/15220845537,https://live.staticflickr.com/2941/15220845537_619993ac93_b.jpg,watermelon
13b96613-47c4-4392-bf1d-1c6725e7b44e,other,apple,rotten,openverse:flickr,by 2.0,alison e dunn,one rotten apple,https://www.flickr.com/photos/22683988@N07/2189164888,https://live.staticflickr.com/2126/2189164888_c9b52b6ba2_b.jpg,rotten apple
wm86021379,other,apple,rotten,wikimedia,CC BY-SA 4.0,Sally V,File:Rotten apple under the tree.jpg,https://commons.wikimedia.org/wiki/File:Rotten_apple_under_the_tree.jpg,https://thumb.wikimedia.org/wikipedia/commons/thumb/7/7a/Rotten_apple_under_the_tree.jpg/960px-Rotten_apple_under_the_tree.jpg?utm_source=commons.wikimedia.org&utm_campaign=imageinfo&utm_content=thumbnail,rotten apple
6b69889b-387f-4499-b165-f2b3f93e9f38,other,apple,rotten,openverse:flickr,by-nc-sa 2.0,johnwayne2006,rotten apple,https://www.flickr.com/photos/93318121@N00/357248634,https://live.staticflickr.com/142/357248634_bebb20244b.jpg,rotten apple
wm152538872,other,apple,rotten,wikimedia,CC0,Shams948,File:Rotten Apple 04.jpg,https://commons.wikimedia.org/wiki/File:Rotten_Apple_04.jpg,https://thumb.wikimedia.org/wikipedia/commons/thumb/f/f5/Rotten_Apple_04.jpg/960px-Rotten_Apple_04.jpg?utm_source=commons.wikimedia.org&utm_campaign=imageinfo&utm_content=thumbnail,rotten apple
wm152538869,other,apple,rotten,wikimedia,CC0,Shams948,File:Rotten Apple 03.jpg,https://commons.wikimedia.org/wiki/File:Rotten_Apple_03.jpg,https://thumb.wikimedia.org/wikipedia/commons/thumb/5/5c/Rotten_Apple_03.jpg/960px-Rotten_Apple_03.jpg?utm_source=commons.wikimedia.org&utm_campaign=imageinfo&utm_content=thumbnail,rotten apple
wm152538868,other,apple,rotten,wikimedia,CC0,Shams948,File:Rotten Apple 02.jpg,https://commons.wikimedia.org/wiki/File:Rotten_Apple_02.jpg,https://thumb.wikimedia.org/wikipedia/commons/thumb/a/ac/Rotten_Apple_02.jpg/960px-Rotten_Apple_02.jpg?utm_source=commons.wikimedia.org&utm_campaign=imageinfo&utm_content=thumbnail,rotten apple
878c62fa-f299-47ca-88f3-dc25ab83e226,other,apple,rotten,openverse:wikimedia,by-sa 3.0,Kulmalukko,Rotten apple,https://commons.wikimedia.org/w/index.php?curid=8685553,https://upload.wikimedia.org/wikipedia/commons/7/71/Rotten_apple.jpg,rotten apple
05b8f0d9-6083-479a-aecf-05edcf632cb1,other,apple,rotten,openverse:flickr,by 2.0,mistykari,Rotten Apple,https://www.flickr.com/photos/67579364@N00/8181532171,https://live.staticflickr.com/8200/8181532171_87a8f9fb12.jpg,rotten apple
72d87708-af7e-4e4f-8fd9-b4f00d24b6ed,other,apple,rotten,openverse:flickr,by-nc 2.0,eltpics,Rotten apple,https://www.flickr.com/photos/54942754@N02/6478222857,https://live.staticflickr.com/7150/6478222857_2eee6a92e4.jpg,rotten apple
6521c65f-e614-4962-983d-d00b556dd359,other,apple,rotten,openverse:flickr,by-sa 2.0,vinmar,rotten apple,https://www.flickr.com/photos/77465407@N00/2034627861,https://live.staticflickr.com/2077/2034627861_3ae1331c28_b.jpg,rotten apple
wm72453168,other,apple,rotten,wikimedia,CC BY 3.0,Vitalii Shmorgun,File:Rotten Apple (121167705).jpeg,https://commons.wikimedia.org/wiki/File:Rotten_Apple_(121167705).jpeg,https://thumb.wikimedia.org/wikipedia/commons/thumb/9/99/Rotten_Apple_%28121167705%29.jpeg/960px-Rotten_Apple_%28121167705%29.jpeg?utm_source=commons.wikimedia.org&utm_campaign=imageinfo&utm_content=thumbnail,rotten apple
17e7de7d-7cb0-449b-815a-16f17c50070b,other,apple,rotten,openverse:flickr,by-sa 2.0,barockschloss,Rotten Apple,https://www.flickr.com/photos/8663137@N04/3815343370,https://live.staticflickr.com/2533/3815343370_dd860b9bbd_b.jpg,rotten apple
wm73811297,other,apple,rotten,wikimedia,CC BY 3.0,Vitalii Shmorgun,File:Rotten Apple (141004365).jpeg,https://commons.wikimedia.org/wiki/File:Rotten_Apple_(141004365).jpeg,https://thumb.wikimedia.org/wikipedia/commons/thumb/4/4e/Rotten_Apple_%28141004365%29.jpeg/960px-Rotten_Apple_%28141004365%29.jpeg?utm_source=commons.wikimedia.org&utm_campaign=imageinfo&utm_content=thumbnail,rotten apple
124e6dcb-14b0-487d-8675-9e88e1885598,other,apple,rotten,openverse:flickr,by-sa 2.0,Dani Mettler,Rotten Apples,https://www.flickr.com/photos/11225790@N00/9880918856,https://live.staticflickr.com/3826/9880918856_62ab4b1807_b.jpg,rotten apple
1267e94f-4df9-463f-9456-5511ce72ddfb,other,apple,rotten,openverse:flickr,by-nc-nd 2.0,Wappas,Rotten Apple,https://www.flickr.com/photos/9237145@N08/2418889620,https://live.staticflickr.com/3040/2418889620_769c889b08_b.jpg,rotten apple
b9749210-db91-47ce-9fff-0fb532a3d8a9,other,apple,rotten,openverse:flickr,by-sa 2.0,ACK1974,Rotten apple,https://www.flickr.com/photos/48136204@N08/6288216711,https://live.staticflickr.com/6039/6288216711_28abdf1482_b.jpg,rotten apple
99feaeb7-f10d-4e9e-9a8c-fce751123c7e,other,apple,rotten,openverse:flickr,by-nc-sa 2.0,Maggie Houtz,rotten apples,https://www.flickr.com/photos/48889114399@N01/5943153,https://live.staticflickr.com/7/5943153_639e37aa09.jpg,rotten apple
6690173c-809e-4a50-a14c-428e806d337f,other,apple,rotten,openverse:flickr,by-nc 2.0,Chris Campbell,Rotting Apple on Branch,https://www.flickr.com/photos/51035566106@N01/89485573,https://live.staticflickr.com/19/89485573_f536ffffdd_b.jpg,rotting apples
77fedfca-b703-49e6-b518-881a30ed866d,other,apple,rotten,openverse:flickr,by 2.0,oatsy40,A Rotting Apple,https://www.flickr.com/photos/68089229@N06/6269439597,https://live.staticflickr.com/6171/6269439597_3a3883181f_b.jpg,rotting apples
981a853c-c96a-454b-be53-f78d546af43c,other,apple,rotten,openverse:flickr,by 2.0,Maria Keays,Rotting apple,https://www.flickr.com/photos/55238998@N00/438620708,https://live.staticflickr.com/174/438620708_c4fb4f81f4_b.jpg,rotting apples
cde513bc-a5c6-48f9-917c-8cdcb6d82fa6,other,apple,rotten,openverse:flickr,by-nc 2.0,Chris Campbell,Rotting Apple on Tree,https://www.flickr.com/photos/51035566106@N01/89485436,https://live.staticflickr.com/17/89485436_92ec0c157b_b.jpg,rotting apples
55e55103-7ef6-450e-bd3f-36283646b2e6,other,apple,rotten,openverse:flickr,by 2.0,oatsy40,Rotting Apple,https://www.flickr.com/photos/68089229@N06/6235224720,https://live.staticflickr.com/6171/6235224720_4526aa29c5_b.jpg,rotting apples
444d0216-ac3c-4710-ae13-ed650c4ffaf8,other,apple,rotten,openverse:flickr,by-nc-nd 2.0,sometimesong,Rotting apples,https://www.flickr.com/photos/76516524@N00/2845985103,https://live.staticflickr.com/3187/2845985103_f577039680_b.jpg,rotting apples
48c52e36-f314-453b-9928-b21a0cb62034,other,apple,rotten,openverse:flickr,by 2.0,Bob Doran,"They say one bad apple can spoil the whole bunch, what about four rotting apples",https://www.flickr.com/photos/11304144@N00/15508251018,https://live.staticflickr.com/3953/15508251018_b079b66133.jpg,rotting apples
248693bb-1449-4ee4-b298-200925b452d7,other,apple,rotten,openverse:flickr,by-nc-nd 2.0,Erwyn van der Meer,"Rotting Apples and Toadstool, Limburg",https://www.flickr.com/photos/81669747@N00/294645113,https://live.staticflickr.com/105/294645113_fb56800c8f_b.jpg,rotting apples
165b417c-b8aa-4ab2-9810-36883ca1f407,other,apple,rotten,openverse:flickr,by-nc 2.0,Chris Campbell,Twig on Rotting Apple,https://www.flickr.com/photos/51035566106@N01/89485488,https://live.staticflickr.com/21/89485488_0bc8de306e_b.jpg,rotting apples
ce468cee-2871-44d5-b110-5566fce3a6f9,other,banana,rotten,openverse:flickr,by-nc-sa 2.0,m5,Overripe bananas,https://www.flickr.com/photos/58609277@N00/127806336,https://live.staticflickr.com/50/127806336_d3ad604fd0_b.jpg,overripe bananas
wm99689310,other,banana,rotten,wikimedia,CC BY-SA 4.0,Park taeho,File:Extremely overripe banana.jpg,https://commons.wikimedia.org/wiki/File:Extremely_overripe_banana.jpg,https://thumb.wikimedia.org/wikipedia/commons/thumb/5/51/Extremely_overripe_banana.jpg/960px-Extremely_overripe_banana.jpg?utm_source=commons.wikimedia.org&utm_campaign=imageinfo&utm_content=thumbnail,overripe bananas
949adce5-ad60-4a16-98cc-5a283214caee,other,banana,rotten,openverse:flickr,by 2.0,Andrew Maiman,Overripe Banana (013/365),https://www.flickr.com/photos/48658866@N00/3297891314,https://live.staticflickr.com/3604/3297891314_dfcb0bb0b1_b.jpg,overripe bananas
wm116412754,other,banana,rotten,wikimedia,CC BY-SA 4.0,Meltdown reverter,File:Overripe kitchen bananas.jpg,https://commons.wikimedia.org/wiki/File:Overripe_kitchen_bananas.jpg,https://thumb.wikimedia.org/wikipedia/commons/thumb/4/4e/Overripe_kitchen_bananas.jpg/960px-Overripe_kitchen_bananas.jpg?utm_source=commons.wikimedia.org&utm_campaign=imageinfo&utm_content=thumbnail,overripe bananas
wm12684136,other,banana,rotten,wikimedia,Public domain,Obsidi♠n</s,File:Overripe lacatan bananas.jpg,https://commons.wikimedia.org/wiki/File:Overripe_lacatan_bananas.jpg,https://thumb.wikimedia.org/wikipedia/commons/thumb/1/16/Overripe_lacatan_bananas.jpg/960px-Overripe_lacatan_bananas.jpg?utm_source=commons.wikimedia.org&utm_campaign=imageinfo&utm_content=thumbnail,overripe bananas
1e507032-8079-4e02-87d2-4c83ef22754b,other,banana,rotten,openverse:flickr,by-nc-sa 2.0,Theen ...,Overripe Bananas,https://www.flickr.com/photos/57768536@N05/7112321169,https://live.staticflickr.com/7122/7112321169_49b0d41863_b.jpg,overripe bananas
wm63544343,other,banana,rotten,wikimedia,CC BY-SA 2.0,bongo vongo,File:Old Banana (450792752).jpg,https://commons.wikimedia.org/wiki/File:Old_Banana_(450792752).jpg,https://thumb.wikimedia.org/wikipedia/commons/thumb/7/73/Old_Banana_%28450792752%29.jpg/960px-Old_Banana_%28450792752%29.jpg?utm_source=commons.wikimedia.org&utm_campaign=imageinfo&utm_content=thumbnail,overripe bananas
a690438c-c0d2-49e7-9174-af7fe61a2033,other,banana,rotten,openverse:flickr,by 2.0,MassiveKontent,Overripe Bananas,https://www.flickr.com/photos/149819905@N03/50625211022,https://live.staticflickr.com/65535/50625211022_936133f88e_b.jpg,overripe bananas
wm74562087,other,banana,rotten,wikimedia,CC BY 2.0,"Sheila Sund from Salem, United States",File:Time for banana bread (9697790732).jpg,https://commons.wikimedia.org/wiki/File:Time_for_banana_bread_(9697790732).jpg,https://thumb.wikimedia.org/wikipedia/commons/thumb/1/1a/Time_for_banana_bread_%289697790732%29.jpg/960px-Time_for_banana_bread_%289697790732%29.jpg?utm_source=commons.wikimedia.org&utm_campaign=imageinfo&utm_content=thumbnail,overripe bananas
wm122326052,other,banana,rotten,wikimedia,CC0,Scot Nelson,"File:Senescent spots, banana.jpg","https://commons.wikimedia.org/wiki/File:Senescent_spots,_banana.jpg",https://thumb.wikimedia.org/wikipedia/commons/thumb/0/04/Senescent_spots%2C_banana.jpg/960px-Senescent_spots%2C_banana.jpg?utm_source=commons.wikimedia.org&utm_campaign=imageinfo&utm_content=thumbnail,overripe bananas
c8368619-a471-4875-b27d-ef428565be1f,other,banana,rotten,openverse:flickr,by-nc-nd 2.0,miriamwilcox,Overripe Bananas,https://www.flickr.com/photos/18964670@N00/6520139191,https://live.staticflickr.com/7020/6520139191_0ce581f474_b.jpg,overripe bananas
b6392095-2d09-4750-a14a-c765f6fd6368,other,banana,rotten,openverse:flickr,by-nc-nd 2.0,CameliaTWU,Overripe bananas,https://www.flickr.com/photos/40999618@N05/6594725897,https://live.staticflickr.com/7021/6594725897_bda4d89baa_b.jpg,overripe bananas
04efde31-708b-4b57-b8ff-993323d0832d,other,banana,rotten,openverse:flickr,by-nc-nd 2.0,CameliaTWU,Overripe bananas,https://www.flickr.com/photos/40999618@N05/6594750023,https://live.staticflickr.com/7171/6594750023_c3cf603bda_b.jpg,overripe bananas
b7e28d62-9178-4014-9ffa-12d9ee075a04,other,banana,rotten,openverse:flickr,by 2.0,Zawezome,"YUM, A ROTTEN BANANA PEEL.",https://www.flickr.com/photos/8699239@N04/4301801893,https://live.staticflickr.com/2718/4301801893_9b728fd0a6_b.jpg,rotten banana
9de34b7c-4114-4328-8c98-ee178e639f80,other,banana,rotten,openverse:flickr,by-sa 2.0,Ivy Dawned,Rotten Bananas,https://www.flickr.com/photos/30264437@N02/2852484103,https://live.staticflickr.com/3147/2852484103_c101a68cc5.jpg,rotten banana
ad2e4586-ca01-42c4-8e45-82098aa6775b,other,banana,rotten,openverse:flickr,by-nc-sa 2.0,Jason Verwey,Yellow Rotten Bananas,https://www.flickr.com/photos/94382772@N00/5210633416,https://live.staticflickr.com/5089/5210633416_dae6f942ac_b.jpg,rotten banana
6b7ca8e9-9b5f-44b3-b568-9be9e9e7d979,other,banana,rotten,openverse:flickr,by 2.0,wellohorld,Nietzche's mustache like a rotten banana peel,https://www.flickr.com/photos/7298538@N06/2995801224,https://live.staticflickr.com/3040/2995801224_4f6781179e.jpg,rotten banana
1eb0c177-1601-4c29-8930-ff0916a072f9,other,banana,rotten,openverse:flickr,by-nc 2.0,elinar,good thing kelsey and simon didn't throw away our priceless sculpture of a rotte,https://www.flickr.com/photos/27737826@N00/202204513,https://live.staticflickr.com/72/202204513_a350f9bd84_b.jpg,rotten banana
0a128bd0-b478-4e2d-9334-d2c7a205ea9c,other,lemon,rotten,openverse:flickr,by-nd 2.0,mrs. scrapygraphics,moldy lemon,https://www.flickr.com/photos/48404930@N00/100680143,https://live.staticflickr.com/21/100680143_5a525dfe38_b.jpg,moldy lemon
wm164847318,other,lemon,rotten,wikimedia,CC BY-SA 4.0,Ali Alaswad,File:Fungal mold growing on the surface lemon.jpg,https://commons.wikimedia.org/wiki/File:Fungal_mold_growing_on_the_surface_lemon.jpg,https://thumb.wikimedia.org/wikipedia/commons/thumb/0/08/Fungal_mold_growing_on_the_surface_lemon.jpg/960px-Fungal_mold_growing_on_the_surface_lemon.jpg?utm_source=commons.wikimedia.org&utm_campaign=imageinfo&utm_content=thumbnail,moldy lemon
1d3e5cac-298c-4e3e-8d9c-bc2ad243c1c6,other,lemon,rotten,openverse:flickr,by 2.0,aslakr,Muggen sitron,https://www.flickr.com/photos/38839434@N00/4786647,https://live.staticflickr.com/5/4786647_26134ba078_b.jpg,moldy lemon
wm9930075,other,lemon,rotten,wikimedia,CC BY-SA 2.5,http://taluda.openphoto.net/profile/,File:Mouldy old lemon.jpg,https://commons.wikimedia.org/wiki/File:Mouldy_old_lemon.jpg,https://thumb.wikimedia.org/wikipedia/commons/thumb/2/2e/Mouldy_old_lemon.jpg/960px-Mouldy_old_lemon.jpg?utm_source=commons.wikimedia.org&utm_campaign=imageinfo&utm_content=thumbnail,moldy lemon
fc3acdbe-a941-4d45-80ed-23fb154af544,other,lemon,rotten,openverse:flickr,by-nd 2.0,mrs. scrapygraphics,Lemon,https://www.flickr.com/photos/48404930@N00/100234502,https://live.staticflickr.com/34/100234502_d97cfa1d24_b.jpg,moldy lemon
20b9eb86-c1ed-4f19-9500-12558c202e85,other,lemon,rotten,openverse:flickr,by-nc-nd 2.0,kneague,Moldy lime,https://www.flickr.com/photos/38326428@N00/76422387,https://live.staticflickr.com/41/76422387_e840558989_b.jpg,moldy lemon
cbbaf6da-c5ca-4a60-bc69-29a5035f8e35,other,lemon,rotten,openverse:flickr,by-nc-sa 2.0,Barbro_Uppsala,Musty lemons,https://www.flickr.com/photos/43369187@N07/9710511649,https://live.staticflickr.com/7440/9710511649_4ab0768479_b.jpg,moldy lemon
06e3b1a7-2f18-48dd-8f78-d02c4be66164,other,lemon,rotten,openverse:flickr,by-sa 2.0,fekaylius,ants getting into the moldy deformed lemon,https://www.flickr.com/photos/44124430429@N01/8435274711,https://live.staticflickr.com/8499/8435274711_270ec8de69.jpg,moldy lemon
010172ff-8c26-49a2-ab4a-718df7cbf367,other,lemon,rotten,openverse:flickr,by 2.0,Stepheye,Mouldy lemons,https://www.flickr.com/photos/23808271@N08/9208338708,https://live.staticflickr.com/7401/9208338708_2d788c8224_b.jpg,mouldy lemon
98eaf377-c71c-426f-bc22-75268d33ad69,other,lemon,rotten,openverse:flickr,by 2.0,Stepheye,Mouldy lemon,https://www.flickr.com/photos/23808271@N08/9208354060,https://live.staticflickr.com/5475/9208354060_a7d6e6e0fb_b.jpg,mouldy lemon
1ed65ee4-ce21-4896-a169-73cdf5e9c117,other,lemon,rotten,openverse:flickr,by-nc 2.0,joellaflickr,Mouldy lemon,https://www.flickr.com/photos/16064401@N00/5553745879,https://live.staticflickr.com/5135/5553745879_c0518f8082_b.jpg,mouldy lemon
723a57ab-d957-40f3-93ae-f79dfc9dd534,other,lemon,rotten,openverse:flickr,by-nc 2.0,avlxyz,Pile of mouldy lemons,https://www.flickr.com/photos/10559879@N00/31688175087,https://live.staticflickr.com/7807/31688175087_c0274041b5_b.jpg,mouldy lemon
baf38a24-6f60-4f5e-a681-243f895551d1,other,lemon,rotten,openverse:flickr,by-nc-sa 2.0,Foomandoonian,This lemon is a lemon.,https://www.flickr.com/photos/38677669@N00/8287574479,https://live.staticflickr.com/8477/8287574479_87393fd1b4.jpg,mouldy lemon
b2de9d11-6edf-40e0-ad34-dabd672ff5db,other,lemon,rotten,openverse:flickr,by-sa 2.0,noii's,bad lemon,https://www.flickr.com/photos/17306001@N00/2395986711,https://live.staticflickr.com/2141/2395986711_7c44105372_b.jpg,mouldy lemon
176cf4d7-36ce-4b3b-8d28-afa4c3ee3621,other,lemon,rotten,openverse:flickr,by-nc 2.0,ukdamian,lemon in furs,https://www.flickr.com/photos/14878709@N00/3451784341,https://live.staticflickr.com/3538/3451784341_a03dbe1af3_b.jpg,mouldy lemon
c08bbaa5-e1fb-465e-a12e-66c47d8c2a20,other,lemon,rotten,openverse:flickr,by-nc 2.0,*R*C*,Mr Mouldy,https://www.flickr.com/photos/75599643@N06/7032722007,https://live.staticflickr.com/7091/7032722007_07cb8b9ef8_b.jpg,mouldy lemon
de75d2f1-95b6-49a3-86a3-837260578579,other,mango,rotten,openverse:wikimedia,by 3.0,Tu7uh,Rotten Mango Apple,https://commons.wikimedia.org/w/index.php?curid=16961840,https://upload.wikimedia.org/wikipedia/commons/d/d6/Rotten_Mango_Apple.jpg,rotten mango
3024b578-a321-497a-ad62-b38a16fe1189,other,mango,rotten,openverse:flickr,by-nc-sa 2.0,indiamos,Ruined mango,https://www.flickr.com/photos/28668804@N00/2459911361,https://live.staticflickr.com/3014/2459911361_a7bd6dafe9.jpg,rotten mango
b948c8f6-87d3-48c8-960e-7d7cf83b5967,other,orange,rotten,openverse:wikimedia,cc0 1.0,GeographUser,Moldy orange in lake,https://commons.wikimedia.org/w/index.php?curid=144260175,https://upload.wikimedia.org/wikipedia/commons/7/73/Moldy_orange_in_lake.jpg,moldy orange
75be7868-5b3d-403c-83ac-769798b08ac9,other,orange,rotten,openverse:flickr,by-nd 2.0,mrs. scrapygraphics,blue orange,https://www.flickr.com/photos/48404930@N00/100317097,https://live.staticflickr.com/43/100317097_f5e7ec8d8c_b.jpg,moldy orange
1011a63f-bd62-4a78-8aa0-22c83ebd8a2f,other,orange,rotten,openverse:flickr,by-nc-sa 2.0,Crystalline Radical,mold,https://www.flickr.com/photos/17597931@N00/3038155146,https://live.staticflickr.com/3010/3038155146_a476162f3d_b.jpg,moldy orange
517eb2f4-041b-496e-9480-8abde061bb81,other,orange,rotten,openverse:flickr,by-nc-nd 2.0,kidicarus222,rotten orange,https://www.flickr.com/photos/53978655@N00/19970702,https://live.staticflickr.com/5/19970702_e904520cc0_b.jpg,rotten orange
018ed2f3-95f6-46a4-b02b-03e115e59519,other,orange,rotten,openverse:flickr,by-nc-sa 2.0,Melinda Taber,rotten orange,https://www.flickr.com/photos/83843029@N00/11792914,https://live.staticflickr.com/10/11792914_51128183fa_b.jpg,rotten orange
c35830b5-88f4-42aa-bd7c-d825fce6a55b,other,peach,rotten,openverse:flickr,by 2.0,Ivan Radic,Isolated close-up of a rotten peach on a tree,https://www.flickr.com/photos/26344495@N05/50021716866,https://live.staticflickr.com/65535/50021716866_5987c03bbb_b.jpg,rotten peach
wm102357919,other,peach,rotten,wikimedia,CC BY-SA 4.0,Springnuts,File:A punnet of rotten peaches.jpg,https://commons.wikimedia.org/wiki/File:A_punnet_of_rotten_peaches.jpg,https://thumb.wikimedia.org/wikipedia/commons/thumb/9/9c/A_punnet_of_rotten_peaches.jpg/960px-A_punnet_of_rotten_peaches.jpg?utm_source=commons.wikimedia.org&utm_campaign=imageinfo&utm_content=thumbnail,rotten peach
fb76d3a1-023f-49a7-8148-a5efdf289f6e,other,peach,rotten,openverse:flickr,by 2.0,Clearly Ambiguous,Can't get blood from a turnip,https://www.flickr.com/photos/84617037@N00/46194924,https://live.staticflickr.com/29/46194924_ee63599737_b.jpg,rotten peach
415f7ad5-8188-431c-9ce0-9ad52993565a,other,peach,rotten,openverse:flickr,by-nc 2.0,cignoh,IMG_0099.cc.jpg,https://www.flickr.com/photos/11824086@N00/2582476736,https://live.staticflickr.com/3281/2582476736_2c957f6206_b.jpg,rotten peach
22ff2be6-9f8b-4bbf-b4c2-d688a2f8f39b,other,peach,rotten,openverse:flickr,by-sa 2.0,pburka,Stone fruit,https://www.flickr.com/photos/30047235@N03/29091345471,https://live.staticflickr.com/8019/29091345471_7e049b9352_b.jpg,rotten peach
8b25b029-70fa-429a-aa6b-e4a932b6dfd6,other,pear,rotten,openverse:wikimedia,by-sa 4.0,Jerzy Opioła,Rotten pear (2),https://commons.wikimedia.org/w/index.php?curid=52849855,https://upload.wikimedia.org/wikipedia/commons/4/48/Rotten_pear_%282%29.jpg,rotten pear
be7eff8e-5561-4420-afa7-b5662fa0a914,other,pear,rotten,openverse:flickr,by-nc-sa 2.0,johnwayne2006,rotten pears,https://www.flickr.com/photos/93318121@N00/281357163,https://live.staticflickr.com/122/281357163_3e2a4f8967.jpg,rotten pear
wm52849854,other,pear,rotten,wikimedia,CC BY-SA 4.0,Jerzy Opioła,File:Rotten pear (1).jpg,https://commons.wikimedia.org/wiki/File:Rotten_pear_(1).jpg,https://thumb.wikimedia.org/wikipedia/commons/thumb/0/05/Rotten_pear_%281%29.jpg/960px-Rotten_pear_%281%29.jpg?utm_source=commons.wikimedia.org&utm_campaign=imageinfo&utm_content=thumbnail,rotten pear
59809353-b5ad-4a78-98a7-13c18a003722,other,pear,rotten,openverse:flickr,by-nc-sa 2.0,johnwayne2006,rotten pears,https://www.flickr.com/photos/93318121@N00/281357073,https://live.staticflickr.com/92/281357073_c15e91c0fe.jpg,rotten pear
08245468-9a44-4960-8e8e-39849519197c,other,pear,rotten,openverse:flickr,by-nc-nd 2.0,CirclesOfLight,Beurré Bosc 27 April TN silver gel,https://www.flickr.com/photos/32567860@N06/3490936328,https://live.staticflickr.com/3310/3490936328_1d748ec593_b.jpg,rotten pear
19758e9f-4c33-44dd-b4a5-ff7463172eef,other,pear,rotten,openverse:flickr,by-nc-nd 2.0,CirclesOfLight,Beurré Bosc 27 April TN paladium,https://www.flickr.com/photos/32567860@N06/3490936644,https://live.staticflickr.com/3621/3490936644_1677dc9df9_b.jpg,rotten pear
de84998c-8e7d-4646-9c6e-e02d10a5c32e,other,pear,rotten,openverse:flickr,by-nc-nd 2.0,CirclesOfLight,Beurré Bosc 27 April TN sepia1,https://www.flickr.com/photos/32567860@N06/3490123301,https://live.staticflickr.com/3634/3490123301_c0a9983737_b.jpg,rotten pear
77cdf06a-7ae9-4ba1-9a3f-a08ededaa1b9,other,pear,rotten,openverse:flickr,by-nc-nd 2.0,nuanc,the pear appears past its prime,https://www.flickr.com/photos/99876567@N00/89106993,https://live.staticflickr.com/40/89106993_44dbeaf176_b.jpg,rotten pear
wm8479685,other,plum,rotten,wikimedia,CC BY-SA 3.0,Vera Buhl,"File:2009-11-18 (3) Plum, Pflaume.JPG","https://commons.wikimedia.org/wiki/File:2009-11-18_(3)_Plum,_Pflaume.JPG",https://thumb.wikimedia.org/wikipedia/commons/thumb/c/c5/2009-11-18_%283%29_Plum%2C_Pflaume.JPG/960px-2009-11-18_%283%29_Plum%2C_Pflaume.JPG?utm_source=commons.wikimedia.org&utm_campaign=imageinfo&utm_content=thumbnail,rotten plum
wm8479683,other,plum,rotten,wikimedia,CC BY-SA 3.0,Vera Buhl,"File:2009-11-18 (2) Plum, Pflaume.JPG","https://commons.wikimedia.org/wiki/File:2009-11-18_(2)_Plum,_Pflaume.JPG",https://thumb.wikimedia.org/wikipedia/commons/thumb/1/1e/2009-11-18_%282%29_Plum%2C_Pflaume.JPG/960px-2009-11-18_%282%29_Plum%2C_Pflaume.JPG?utm_source=commons.wikimedia.org&utm_campaign=imageinfo&utm_content=thumbnail,rotten plum
5b3a12b5-fd07-4599-bf5f-cb79025b2660,other,strawberry,rotten,openverse:flickr,by 2.0,Jo Naylor,moldy strawberries,https://www.flickr.com/photos/11598937@N08/4842872711,https://live.staticflickr.com/4103/4842872711_7011e6b18d_b.jpg,moldy strawberries
eb4edeb0-49e6-4b1e-b628-f56487619286,other,strawberry,rotten,openverse:flickr,by-nc-sa 2.0,uccsbiology,Moldy Strawberry,https://www.flickr.com/photos/56257809@N03/37978400745,https://live.staticflickr.com/4545/37978400745_b221315890_b.jpg,moldy strawberries
wm132538554,other,strawberry,rotten,wikimedia,CC BY-SA 4.0,Shuntaro Kawasaki,File:Strawberry mold.jpg,https://commons.wikimedia.org/wiki/File:Strawberry_mold.jpg,https://thumb.wikimedia.org/wikipedia/commons/thumb/7/77/Strawberry_mold.jpg/960px-Strawberry_mold.jpg?utm_source=commons.wikimedia.org&utm_campaign=imageinfo&utm_content=thumbnail,moldy strawberries
wm6658205,other,strawberry,rotten,wikimedia,CC BY-SA 3.0,Ninjatacoshell,File:Botrytis on strawberries.png,https://commons.wikimedia.org/wiki/File:Botrytis_on_strawberries.png,https://thumb.wikimedia.org/wikipedia/commons/thumb/9/99/Botrytis_on_strawberries.png/960px-Botrytis_on_strawberries.png?utm_source=commons.wikimedia.org&utm_campaign=imageinfo&utm_content=thumbnail,moldy strawberries
cfc1438d-b051-4498-905b-a36c1d3311bf,other,strawberry,rotten,openverse:flickr,by-nc-sa 2.0,misterbisson,furry-berries,https://www.flickr.com/photos/41894176272@N01/514783570,https://live.staticflickr.com/216/514783570_cb54ac0e9e_b.jpg,moldy strawberries
6510cf5b-9221-4f3b-a995-5487f365427d,other,strawberry,rotten,openverse:flickr,by-nc-sa 2.0,misterbisson,furry-berries,https://www.flickr.com/photos/41894176272@N01/514784072,https://live.staticflickr.com/193/514784072_a13346f354_b.jpg,moldy strawberries
wm22982925,other,strawberry,rotten,wikimedia,CC BY 3.0 us,Clemson University,File:Strawberry Fruit Rot.jpg,https://commons.wikimedia.org/wiki/File:Strawberry_Fruit_Rot.jpg,https://thumb.wikimedia.org/wikipedia/commons/thumb/7/76/Strawberry_Fruit_Rot.jpg/960px-Strawberry_Fruit_Rot.jpg?utm_source=commons.wikimedia.org&utm_campaign=imageinfo&utm_content=thumbnail,moldy strawberries
wm9825639,other,strawberry,rotten,wikimedia,CC BY-SA 4.0,"Kevin Payravi

<a href=""//commons.wikimedia.org/wiki/User_talk:Kevin_Payravi""",File:Rotting strawberry.jpg,https://commons.wikimedia.org/wiki/File:Rotting_strawberry.jpg,https://thumb.wikimedia.org/wikipedia/commons/thumb/2/23/Rotting_strawberry.jpg/960px-Rotting_strawberry.jpg?utm_source=commons.wikimedia.org&utm_campaign=imageinfo&utm_content=thumbnail,moldy strawberries
fdadbb23-f5c6-4e41-b171-b0adacea5bea,other,strawberry,rotten,openverse:flickr,by-nc-sa 2.0,misterbisson,furry-berries,https://www.flickr.com/photos/41894176272@N01/514782532,https://live.staticflickr.com/190/514782532_9c99cc4156_b.jpg,moldy strawberries
wm10482227,other,strawberry,rotten,wikimedia,CC BY-SA 4.0,"Kevin Payravi

<a href=""//commons.wikimedia.org/wiki/User_talk:Kevin_Payravi""",File:Rotting strawberry on white background.jpg,https://commons.wikimedia.org/wiki/File:Rotting_strawberry_on_white_background.jpg,https://thumb.wikimedia.org/wikipedia/commons/thumb/9/93/Rotting_strawberry_on_white_background.jpg/960px-Rotting_strawberry_on_white_background.jpg?utm_source=commons.wikimedia.org&utm_campaign=imageinfo&utm_content=thumbnail,moldy strawberries
9d6785a9-28ce-46de-9a4c-c45a2f4578d9,other,strawberry,rotten,openverse:flickr,by-nc-sa 2.0,dixieroadrash,Day 254 Moldy Berry,https://www.flickr.com/photos/26707655@N03/3703126857,https://live.staticflickr.com/2634/3703126857_9a2c200669_b.jpg,moldy strawberries
9031e529-de5e-414c-ac17-83f57b376d05,other,strawberry,rotten,openverse:flickr,by-nc 2.0,halflifehalflived,,https://www.flickr.com/photos/7649832@N07/2636985978,https://live.staticflickr.com/3144/2636985978_b813eafbeb.jpg,moldy strawberries
495f544b-87fb-4ec3-ad49-c54859ea1b41,other,strawberry,rotten,openverse:flickr,by 2.0,goosmurf,Mouldy strawberry,https://www.flickr.com/photos/19349404@N00/1321254694,https://live.staticflickr.com/1084/1321254694_35c5d8ce72_b.jpg,mouldy strawberry
bdee071d-e59d-4c25-bb21-3a028e9f662e,other,strawberry,rotten,openverse:flickr,by-nc-sa 2.0,Enrico Salad,Manky strawberries,https://www.flickr.com/photos/61368584@N00/190941956,https://live.staticflickr.com/55/190941956_e851014e8d_b.jpg,mouldy strawberry
bf97997b-9c9a-4560-858c-8c21127acbfe,other,tangerine,rotten,openverse:flickr,by-sa 2.0,Doug Beckers,Mouldy Mandarins,https://www.flickr.com/photos/37103729@N02/3556313718,https://live.staticflickr.com/3304/3556313718_be04c46896_b.jpg,mouldy mandarin
c40e5ea4-ef5f-4c6a-b5f7-579cb742d7fd,other,tangerine,rotten,openverse:flickr,by-sa 2.0,Yoshimai,Moudly Mandarin,https://www.flickr.com/photos/44768990@N00/58672206,https://live.staticflickr.com/26/58672206_d5fe74b858.jpg,mouldy mandarin
