image_id,class_name,source,license,url,archive_path
cucumber_fresh_0728,cucumber_fresh,cucumber_disease,CC BY 4.0,https://www.kaggle.com/datasets/sujaykapadnis/cucumber-disease-recognition-dataset,Cucumber Disease Recognition Dataset/Original Image/Original Image/Fresh Cucumber/Fresh Cucumber (6).jpg
cucumber_fresh_0729,cucumber_fresh,cucumber_disease,CC BY 4.0,https://www.kaggle.com/datasets/sujaykapadnis/cucumber-disease-recognition-dataset,Cucumber Disease Recognition Dataset/Original Image/Original Image/Fresh Cucumber/Fresh Cucumber (142).jpg
cucumber_fresh_0730,cucumber_fresh,cucumber_disease,CC BY 4.0,https://www.kaggle.com/datasets/sujaykapadnis/cucumber-disease-recognition-dataset,Cucumber Disease Recognition Dataset/Original Image/Original Image/Fresh Cucumber/Fresh Cucumber (74).jpg
cucumber_fresh_0731,cucumber_fresh,cucumber_disease,CC BY 4.0,https://www.kaggle.com/datasets/sujaykapadnis/cucumber-disease-recognition-dataset,Cucumber Disease Recognition Dataset/Original Image/Original Image/Fresh Cucumber/Fresh Cucumber (91).jpg
cucumber_fresh_0732,cucumber_fresh,cucumber_disease,CC BY 4.0,https://www.kaggle.com/datasets/sujaykapadnis/cucumber-disease-recognition-dataset,Cucumber Disease Recognition Dataset/Original Image/Original Image/Fresh Cucumber/Fresh Cucumber (58).jpg
cucumber_fresh_0733,cucumber_fresh,cucumber_disease,CC BY 4.0,https://www.kaggle.com/datasets/sujaykapadnis/cucumber-disease-recognition-dataset,Cucumber Disease Recognition Dataset/Original Image/Original Image/Fresh Cucumber/Fresh Cucumber (83).jpg
cucumber_fresh_0734,cucumber_fresh,cucumber_disease,CC BY 4.0,https://www.kaggle.com/datasets/sujaykapadnis/cucumber-disease-recognition-dataset,Cucumber Disease Recognition Dataset/Original Image/Original Image/Fresh Cucumber/Fresh Cucumber (112).jpg
cucumber_fresh_0735,cucumber_fresh,cucumber_disease,CC BY 4.0,https://www.kaggle.com/datasets/sujaykapadnis/cucumber-disease-recognition-dataset,Cucumber Disease Recognition Dataset/Original Image/Original Image/Fresh Cucumber/Fresh Cucumber (153).jpg
cucumber_fresh_0736,cucumber_fresh,cucumber_disease,CC BY 4.0,https://www.kaggle.com/datasets/sujaykapadnis/cucumber-disease-recognition-dataset,Cucumber Disease Recognition Dataset/Original Image/Original Image/Fresh Cucumber/Fresh Cucumber (126).jpg
cucumber_fresh_0737,cucumber_fresh,cucumber_disease,CC BY 4.0,https://www.kaggle.com/datasets/sujaykapadnis/cucumber-disease-recognition-dataset,Cucumber Disease Recognition Dataset/Original Image/Original Image/Fresh Cucumber/Fresh Cucumber (38).jpg
cucumber_fresh_0738,cucumber_fresh,cucumber_disease,CC BY 4.0,https://www.kaggle.com/datasets/sujaykapadnis/cucumber-disease-recognition-dataset,Cucumber Disease Recognition Dataset/Original Image/Original Image/Fresh Cucumber/Fresh Cucumber (68).jpg
cucumber_fresh_0739,cucumber_fresh,cucumber_disease,CC BY 4.0,https://www.kaggle.com/datasets/sujaykapadnis/cucumber-disease-recognition-dataset,Cucumber Disease Recognition Dataset/Original Image/Original Image/Fresh Cucumber/Fresh Cucumber (108).jpg
cucumber_fresh_0740,cucumber_fresh,cucumber_disease,CC BY 4.0,https://www.kaggle.com/datasets/sujaykapadnis/cucumber-disease-recognition-dataset,Cucumber Disease Recognition Dataset/Original Image/Original Image/Fresh Cucumber/Fresh Cucumber (30).jpg
cucumber_fresh_0741,cucumber_fresh,cucumber_disease,CC BY 4.0,https://www.kaggle.com/datasets/sujaykapadnis/cucumber-disease-recognition-dataset,Cucumber Disease Recognition Dataset/Original Image/Original Image/Fresh Cucumber/Fresh Cucumber (101).jpg
cucumber_fresh_0742,cucumber_fresh,cucumber_disease,CC BY 4.0,https://www.kaggle.com/datasets/sujaykapadnis/cucumber-disease-recognition-dataset,Cucumber Disease Recognition Dataset/Original Image/Original Image/Fresh Cucumber/Fresh Cucumber (114).jpg
cucumber_fresh_0743,cucumber_fresh,cucumber_disease,CC BY 4.0,https://www.kaggle.com/datasets/sujaykapadnis/cucumber-disease-recognition-dataset,Cucumber Disease Recognition Dataset/Original Image/Original Image/Fresh Cucumber/Fresh Cucumber (120).jpg
cucumber_fresh_0744,cucumber_fresh,cucumber_disease,CC BY 4.0,https://www.kaggle.com/datasets/sujaykapadnis/cucumber-disease-recognition-dataset,Cucumber Disease Recognition Dataset/Original Image/Original Image/Fresh Cucumber/Fresh Cucumber (50).jpg
cucumber_fresh_0745,cucumber_fresh,cucumber_disease,CC BY 4.0,https://www.kaggle.com/datasets/sujaykapadnis/cucumber-disease-recognition-dataset,Cucumber Disease Recognition Dataset/Original Image/Original Image/Fresh Cucumber/Fresh Cucumber (57).jpg
cucumber_fresh_0746,cucumber_fresh,cucumber_disease,CC BY 4.0,https://www.kaggle.com/datasets/sujaykapadnis/cucumber-disease-recognition-dataset,Cucumber Disease Recognition Dataset/Original Image/Original Image/Fresh Cucumber/Fresh Cucumber (122).jpg
cucumber_fresh_0747,cucumber_fresh,cucumber_disease,CC BY 4.0,https://www.kaggle.com/datasets/sujaykapadnis/cucumber-disease-recognition-dataset,Cucumber Disease Recognition Dataset/Original Image/Original Image/Fresh Cucumber/Fresh Cucumber (79).jpg
cucumber_fresh_0748,cucumber_fresh,cucumber_disease,CC BY 4.0,https://www.kaggle.com/datasets/sujaykapadnis/cucumber-disease-recognition-dataset,Cucumber Disease Recognition Dataset/Original Image/Original Image/Fresh Cucumber/Fresh Cucumber (14).jpg
cucumber_fresh_0749,cucumber_fresh,cucumber_disease,CC BY 4.0,https://www.kaggle.com/datasets/sujaykapadnis/cucumber-disease-recognition-dataset,Cucumber Disease Recognition Dataset/Original Image/Original Image/Fresh Cucumber/Fresh Cucumber (102).jpg
cucumber_fresh_0750,cucumber_fresh,cucumber_disease,CC BY 4.0,https://www.kaggle.com/datasets/sujaykapadnis/cucumber-disease-recognition-dataset,Cucumber Disease Recognition Dataset/Original Image/Original Image/Fresh Cucumber/Fresh Cucumber (12).jpg
cucumber_fresh_0751,cucumber_fresh,cucumber_disease,CC BY 4.0,https://www.kaggle.com/datasets/sujaykapadnis/cucumber-disease-recognition-dataset,Cucumber Disease Recognition Dataset/Original Image/Original Image/Fresh Cucumber/Fresh Cucumber (100).jpg
cucumber_fresh_0752,cucumber_fresh,cucumber_disease,CC BY 4.0,https://www.kaggle.com/datasets/sujaykapadnis/cucumber-disease-recognition-dataset,Cucumber Disease Recognition Dataset/Original Image/Original Image/Fresh Cucumber/Fresh Cucumber (67).jpg
cucumber_fresh_0753,cucumber_fresh,cucumber_disease,CC BY 4.0,https://www.kaggle.com/datasets/sujaykapadnis/cucumber-disease-recognition-dataset,Cucumber Disease Recognition Dataset/Original Image/Original Image/Fresh Cucumber/Fresh Cucumber (5).jpg
cucumber_fresh_0754,cucumber_fresh,cucumber_disease,CC BY 4.0,https://www.kaggle.com/datasets/sujaykapadnis/cucumber-disease-recognition-dataset,Cucumber Disease Recognition Dataset/Original Image/Original Image/Fresh Cucumber/Fresh Cucumber (140).jpg
cucumber_fresh_0755,cucumber_fresh,cucumber_disease,CC BY 4.0,https://www.kaggle.com/datasets/sujaykapadnis/cucumber-disease-recognition-dataset,Cucumber Disease Recognition Dataset/Original Image/Original Image/Fresh Cucumber/Fresh Cucumber (149).jpg
cucumber_fresh_0756,cucumber_fresh,cucumber_disease,CC BY 4.0,https://www.kaggle.com/datasets/sujaykapadnis/cucumber-disease-recognition-dataset,Cucumber Disease Recognition Dataset/Original Image/Original Image/Fresh Cucumber/Fresh Cucumber (8).jpg
cucumber_fresh_0757,cucumber_fresh,cucumber_disease,CC BY 4.0,https://www.kaggle.com/datasets/sujaykapadnis/cucumber-disease-recognition-dataset,Cucumber Disease Recognition Dataset/Original Image/Original Image/Fresh Cucumber/Fresh Cucumber (76).jpg
cucumber_fresh_0758,cucumber_fresh,cucumber_disease,CC BY 4.0,https://www.kaggle.com/datasets/sujaykapadnis/cucumber-disease-recognition-dataset,Cucumber Disease Recognition Dataset/Original Image/Original Image/Fresh Cucumber/Fresh Cucumber (46).jpg
cucumber_fresh_0759,cucumber_fresh,cucumber_disease,CC BY 4.0,https://www.kaggle.com/datasets/sujaykapadnis/cucumber-disease-recognition-dataset,Cucumber Disease Recognition Dataset/Original Image/Original Image/Fresh Cucumber/Fresh Cucumber (16).jpg
cucumber_fresh_0760,cucumber_fresh,cucumber_disease,CC BY 4.0,https://www.kaggle.com/datasets/sujaykapadnis/cucumber-disease-recognition-dataset,Cucumber Disease Recognition Dataset/Original Image/Original Image/Fresh Cucumber/Fresh Cucumber (35).jpg
cucumber_fresh_0761,cucumber_fresh,cucumber_disease,CC BY 4.0,https://www.kaggle.com/datasets/sujaykapadnis/cucumber-disease-recognition-dataset,Cucumber Disease Recognition Dataset/Original Image/Original Image/Fresh Cucumber/Fresh Cucumber (29).jpg
cucumber_fresh_0762,cucumber_fresh,cucumber_disease,CC BY 4.0,https://www.kaggle.com/datasets/sujaykapadnis/cucumber-disease-recognition-dataset,Cucumber Disease Recognition Dataset/Original Image/Original Image/Fresh Cucumber/Fresh Cucumber (113).jpg
cucumber_fresh_0763,cucumber_fresh,cucumber_disease,CC BY 4.0,https://www.kaggle.com/datasets/sujaykapadnis/cucumber-disease-recognition-dataset,Cucumber Disease Recognition Dataset/Original Image/Original Image/Fresh Cucumber/Fresh Cucumber (155).jpg
cucumber_fresh_0764,cucumber_fresh,cucumber_disease,CC BY 4.0,https://www.kaggle.com/datasets/sujaykapadnis/cucumber-disease-recognition-dataset,Cucumber Disease Recognition Dataset/Original Image/Original Image/Fresh Cucumber/Fresh Cucumber (88).jpg
cucumber_fresh_0765,cucumber_fresh,cucumber_disease,CC BY 4.0,https://www.kaggle.com/datasets/sujaykapadnis/cucumber-disease-recognition-dataset,Cucumber Disease Recognition Dataset/Original Image/Original Image/Fresh Cucumber/Fresh Cucumber (51).jpg
cucumber_fresh_0766,cucumber_fresh,cucumber_disease,CC BY 4.0,https://www.kaggle.com/datasets/sujaykapadnis/cucumber-disease-recognition-dataset,Cucumber Disease Recognition Dataset/Original Image/Original Image/Fresh Cucumber/Fresh Cucumber (158).jpg
cucumber_fresh_0767,cucumber_fresh,cucumber_disease,CC BY 4.0,https://www.kaggle.com/datasets/sujaykapadnis/cucumber-disease-recognition-dataset,Cucumber Disease Recognition Dataset/Original Image/Original Image/Fresh Cucumber/Fresh Cucumber (144).jpg
cucumber_fresh_0768,cucumber_fresh,cucumber_disease,CC BY 4.0,https://www.kaggle.com/datasets/sujaykapadnis/cucumber-disease-recognition-dataset,Cucumber Disease Recognition Dataset/Original Image/Original Image/Fresh Cucumber/Fresh Cucumber (134).jpg
cucumber_fresh_0769,cucumber_fresh,cucumber_disease,CC BY 4.0,https://www.kaggle.com/datasets/sujaykapadnis/cucumber-disease-recognition-dataset,Cucumber Disease Recognition Dataset/Original Image/Original Image/Fresh Cucumber/Fresh Cucumber (143).jpg
cucumber_fresh_0770,cucumber_fresh,cucumber_disease,CC BY 4.0,https://www.kaggle.com/datasets/sujaykapadnis/cucumber-disease-recognition-dataset,Cucumber Disease Recognition Dataset/Original Image/Original Image/Fresh Cucumber/Fresh Cucumber (82).jpg
cucumber_fresh_0771,cucumber_fresh,cucumber_disease,CC BY 4.0,https://www.kaggle.com/datasets/sujaykapadnis/cucumber-disease-recognition-dataset,Cucumber Disease Recognition Dataset/Original Image/Original Image/Fresh Cucumber/Fresh Cucumber (110).jpg
cucumber_fresh_0772,cucumber_fresh,cucumber_disease,CC BY 4.0,https://www.kaggle.com/datasets/sujaykapadnis/cucumber-disease-recognition-dataset,Cucumber Disease Recognition Dataset/Original Image/Original Image/Fresh Cucumber/Fresh Cucumber (159).jpg
cucumber_fresh_0773,cucumber_fresh,cucumber_disease,CC BY 4.0,https://www.kaggle.com/datasets/sujaykapadnis/cucumber-disease-recognition-dataset,Cucumber Disease Recognition Dataset/Original Image/Original Image/Fresh Cucumber/Fresh Cucumber (119).jpg
cucumber_fresh_0774,cucumber_fresh,cucumber_disease,CC BY 4.0,https://www.kaggle.com/datasets/sujaykapadnis/cucumber-disease-recognition-dataset,Cucumber Disease Recognition Dataset/Original Image/Original Image/Fresh Cucumber/Fresh Cucumber (148).jpg
cucumber_fresh_0775,cucumber_fresh,cucumber_disease,CC BY 4.0,https://www.kaggle.com/datasets/sujaykapadnis/cucumber-disease-recognition-dataset,Cucumber Disease Recognition Dataset/Original Image/Original Image/Fresh Cucumber/Fresh Cucumber (39).jpg
cucumber_fresh_0776,cucumber_fresh,cucumber_disease,CC BY 4.0,https://www.kaggle.com/datasets/sujaykapadnis/cucumber-disease-recognition-dataset,Cucumber Disease Recognition Dataset/Original Image/Original Image/Fresh Cucumber/Fresh Cucumber (61).jpg
cucumber_fresh_0777,cucumber_fresh,cucumber_disease,CC BY 4.0,https://www.kaggle.com/datasets/sujaykapadnis/cucumber-disease-recognition-dataset,Cucumber Disease Recognition Dataset/Original Image/Original Image/Fresh Cucumber/Fresh Cucumber (99).jpg
cucumber_fresh_0778,cucumber_fresh,cucumber_disease,CC BY 4.0,https://www.kaggle.com/datasets/sujaykapadnis/cucumber-disease-recognition-dataset,Cucumber Disease Recognition Dataset/Original Image/Original Image/Fresh Cucumber/Fresh Cucumber (132).jpg
cucumber_fresh_0779,cucumber_fresh,cucumber_disease,CC BY 4.0,https://www.kaggle.com/datasets/sujaykapadnis/cucumber-disease-recognition-dataset,Cucumber Disease Recognition Dataset/Original Image/Original Image/Fresh Cucumber/Fresh Cucumber (117).jpg
cucumber_fresh_0780,cucumber_fresh,cucumber_disease,CC BY 4.0,https://www.kaggle.com/datasets/sujaykapadnis/cucumber-disease-recognition-dataset,Cucumber Disease Recognition Dataset/Original Image/Original Image/Fresh Cucumber/Fresh Cucumber (104).jpg
cucumber_fresh_0781,cucumber_fresh,cucumber_disease,CC BY 4.0,https://www.kaggle.com/datasets/sujaykapadnis/cucumber-disease-recognition-dataset,Cucumber Disease Recognition Dataset/Original Image/Original Image/Fresh Cucumber/Fresh Cucumber (84).jpg
cucumber_fresh_0782,cucumber_fresh,cucumber_disease,CC BY 4.0,https://www.kaggle.com/datasets/sujaykapadnis/cucumber-disease-recognition-dataset,Cucumber Disease Recognition Dataset/Original Image/Original Image/Fresh Cucumber/Fresh Cucumber (70).jpg
cucumber_fresh_0783,cucumber_fresh,cucumber_disease,CC BY 4.0,https://www.kaggle.com/datasets/sujaykapadnis/cucumber-disease-recognition-dataset,Cucumber Disease Recognition Dataset/Original Image/Original Image/Fresh Cucumber/Fresh Cucumber (118).jpg
cucumber_fresh_0784,cucumber_fresh,cucumber_disease,CC BY 4.0,https://www.kaggle.com/datasets/sujaykapadnis/cucumber-disease-recognition-dataset,Cucumber Disease Recognition Dataset/Original Image/Original Image/Fresh Cucumber/Fresh Cucumber (72).jpg
cucumber_fresh_0785,cucumber_fresh,cucumber_disease,CC BY 4.0,https://www.kaggle.com/datasets/sujaykapadnis/cucumber-disease-recognition-dataset,Cucumber Disease Recognition Dataset/Original Image/Original Image/Fresh Cucumber/Fresh Cucumber (90).jpg
cucumber_fresh_0786,cucumber_fresh,cucumber_disease,CC BY 4.0,https://www.kaggle.com/datasets/sujaykapadnis/cucumber-disease-recognition-dataset,Cucumber Disease Recognition Dataset/Original Image/Original Image/Fresh Cucumber/Fresh Cucumber (78).jpg
cucumber_fresh_0787,cucumber_fresh,cucumber_disease,CC BY 4.0,https://www.kaggle.com/datasets/sujaykapadnis/cucumber-disease-recognition-dataset,Cucumber Disease Recognition Dataset/Original Image/Original Image/Fresh Cucumber/Fresh Cucumber (131).jpg
cucumber_rotten_0833,cucumber_rotten,cucumber_disease,CC BY 4.0,https://www.kaggle.com/datasets/sujaykapadnis/cucumber-disease-recognition-dataset,Cucumber Disease Recognition Dataset/Original Image/Original Image/Pythium Fruit Rot/Pythium Fruit Rot  (127).jpg
cucumber_rotten_0834,cucumber_rotten,cucumber_disease,CC BY 4.0,https://www.kaggle.com/datasets/sujaykapadnis/cucumber-disease-recognition-dataset,Cucumber Disease Recognition Dataset/Original Image/Original Image/Belly Rot/Belly Rot (100).jpg
cucumber_rotten_0835,cucumber_rotten,cucumber_disease,CC BY 4.0,https://www.kaggle.com/datasets/sujaykapadnis/cucumber-disease-recognition-dataset,Cucumber Disease Recognition Dataset/Original Image/Original Image/Pythium Fruit Rot/Pythium Fruit Rot  (149)(1).jpg
cucumber_rotten_0836,cucumber_rotten,cucumber_disease,CC BY 4.0,https://www.kaggle.com/datasets/sujaykapadnis/cucumber-disease-recognition-dataset,Cucumber Disease Recognition Dataset/Original Image/Original Image/Pythium Fruit Rot/Pythium Fruit Rot  (145)(1).jpg
cucumber_rotten_0837,cucumber_rotten,cucumber_disease,CC BY 4.0,https://www.kaggle.com/datasets/sujaykapadnis/cucumber-disease-recognition-dataset,Cucumber Disease Recognition Dataset/Original Image/Original Image/Pythium Fruit Rot/Pythium Fruit Rot  (136).jpg
cucumber_rotten_0838,cucumber_rotten,cucumber_disease,CC BY 4.0,https://www.kaggle.com/datasets/sujaykapadnis/cucumber-disease-recognition-dataset,Cucumber Disease Recognition Dataset/Original Image/Original Image/Pythium Fruit Rot/Pythium Fruit Rot  (115).jpg
cucumber_rotten_0839,cucumber_rotten,cucumber_disease,CC BY 4.0,https://www.kaggle.com/datasets/sujaykapadnis/cucumber-disease-recognition-dataset,Cucumber Disease Recognition Dataset/Original Image/Original Image/Pythium Fruit Rot/Pythium Fruit Rot  (142).jpg
cucumber_rotten_0840,cucumber_rotten,cucumber_disease,CC BY 4.0,https://www.kaggle.com/datasets/sujaykapadnis/cucumber-disease-recognition-dataset,Cucumber Disease Recognition Dataset/Original Image/Original Image/Pythium Fruit Rot/Pythium Fruit Rot  (146)(1).jpg
cucumber_rotten_0841,cucumber_rotten,cucumber_disease,CC BY 4.0,https://www.kaggle.com/datasets/sujaykapadnis/cucumber-disease-recognition-dataset,Cucumber Disease Recognition Dataset/Original Image/Original Image/Pythium Fruit Rot/Pythium Fruit Rot  (129).jpg
cucumber_rotten_0842,cucumber_rotten,cucumber_disease,CC BY 4.0,https://www.kaggle.com/datasets/sujaykapadnis/cucumber-disease-recognition-dataset,Cucumber Disease Recognition Dataset/Original Image/Original Image/Pythium Fruit Rot/Pythium Fruit Rot  (114).jpg
cucumber_rotten_0843,cucumber_rotten,cucumber_disease,CC BY 4.0,https://www.kaggle.com/datasets/sujaykapadnis/cucumber-disease-recognition-dataset,Cucumber Disease Recognition Dataset/Original Image/Original Image/Pythium Fruit Rot/Pythium Fruit Rot  (102).jpg
cucumber_rotten_0844,cucumber_rotten,cucumber_disease,CC BY 4.0,https://www.kaggle.com/datasets/sujaykapadnis/cucumber-disease-recognition-dataset,Cucumber Disease Recognition Dataset/Original Image/Original Image/Belly Rot/Belly Rot (51).jpg
cucumber_rotten_0845,cucumber_rotten,cucumber_disease,CC BY 4.0,https://www.kaggle.com/datasets/sujaykapadnis/cucumber-disease-recognition-dataset,Cucumber Disease Recognition Dataset/Original Image/Original Image/Pythium Fruit Rot/Pythium Fruit Rot  (26).jpg
cucumber_rotten_0846,cucumber_rotten,cucumber_disease,CC BY 4.0,https://www.kaggle.com/datasets/sujaykapadnis/cucumber-disease-recognition-dataset,Cucumber Disease Recognition Dataset/Original Image/Original Image/Pythium Fruit Rot/Pythium Fruit Rot  (137).jpg
cucumber_rotten_0847,cucumber_rotten,cucumber_disease,CC BY 4.0,https://www.kaggle.com/datasets/sujaykapadnis/cucumber-disease-recognition-dataset,Cucumber Disease Recognition Dataset/Original Image/Original Image/Pythium Fruit Rot/Pythium Fruit Rot  (123).jpg
cucumber_rotten_0848,cucumber_rotten,cucumber_disease,CC BY 4.0,https://www.kaggle.com/datasets/sujaykapadnis/cucumber-disease-recognition-dataset,Cucumber Disease Recognition Dataset/Original Image/Original Image/Pythium Fruit Rot/Pythium Fruit Rot  (89).jpg
cucumber_rotten_0849,cucumber_rotten,cucumber_disease,CC BY 4.0,https://www.kaggle.com/datasets/sujaykapadnis/cucumber-disease-recognition-dataset,Cucumber Disease Recognition Dataset/Original Image/Original Image/Pythium Fruit Rot/Pythium Fruit Rot  (125).jpg
cucumber_rotten_0850,cucumber_rotten,cucumber_disease,CC BY 4.0,https://www.kaggle.com/datasets/sujaykapadnis/cucumber-disease-recognition-dataset,Cucumber Disease Recognition Dataset/Original Image/Original Image/Pythium Fruit Rot/Pythium Fruit Rot  (62).jpg
cucumber_rotten_0851,cucumber_rotten,cucumber_disease,CC BY 4.0,https://www.kaggle.com/datasets/sujaykapadnis/cucumber-disease-recognition-dataset,Cucumber Disease Recognition Dataset/Original Image/Original Image/Pythium Fruit Rot/Pythium Fruit Rot  (43).jpg
cucumber_rotten_0852,cucumber_rotten,cucumber_disease,CC BY 4.0,https://www.kaggle.com/datasets/sujaykapadnis/cucumber-disease-recognition-dataset,Cucumber Disease Recognition Dataset/Original Image/Original Image/Pythium Fruit Rot/Pythium Fruit Rot  (96).jpg
cucumber_rotten_0853,cucumber_rotten,cucumber_disease,CC BY 4.0,https://www.kaggle.com/datasets/sujaykapadnis/cucumber-disease-recognition-dataset,Cucumber Disease Recognition Dataset/Original Image/Original Image/Pythium Fruit Rot/Pythium Fruit Rot  (60).jpg
cucumber_rotten_0854,cucumber_rotten,cucumber_disease,CC BY 4.0,https://www.kaggle.com/datasets/sujaykapadnis/cucumber-disease-recognition-dataset,Cucumber Disease Recognition Dataset/Original Image/Original Image/Pythium Fruit Rot/Pythium Fruit Rot  (141).jpg
cucumber_rotten_0855,cucumber_rotten,cucumber_disease,CC BY 4.0,https://www.kaggle.com/datasets/sujaykapadnis/cucumber-disease-recognition-dataset,Cucumber Disease Recognition Dataset/Original Image/Original Image/Pythium Fruit Rot/Pythium Fruit Rot  (78).jpg
cucumber_rotten_0856,cucumber_rotten,cucumber_disease,CC BY 4.0,https://www.kaggle.com/datasets/sujaykapadnis/cucumber-disease-recognition-dataset,Cucumber Disease Recognition Dataset/Original Image/Original Image/Pythium Fruit Rot/Pythium Fruit Rot  (77).jpg
cucumber_rotten_0857,cucumber_rotten,cucumber_disease,CC BY 4.0,https://www.kaggle.com/datasets/sujaykapadnis/cucumber-disease-recognition-dataset,Cucumber Disease Recognition Dataset/Original Image/Original Image/Pythium Fruit Rot/Pythium Fruit Rot  (67).jpg
cucumber_rotten_0858,cucumber_rotten,cucumber_disease,CC BY 4.0,https://www.kaggle.com/datasets/sujaykapadnis/cucumber-disease-recognition-dataset,Cucumber Disease Recognition Dataset/Original Image/Original Image/Belly Rot/Belly Rot (69).jpg
cucumber_rotten_0859,cucumber_rotten,cucumber_disease,CC BY 4.0,https://www.kaggle.com/datasets/sujaykapadnis/cucumber-disease-recognition-dataset,Cucumber Disease Recognition Dataset/Original Image/Original Image/Pythium Fruit Rot/Pythium Fruit Rot  (101).jpg
cucumber_rotten_0860,cucumber_rotten,cucumber_disease,CC BY 4.0,https://www.kaggle.com/datasets/sujaykapadnis/cucumber-disease-recognition-dataset,Cucumber Disease Recognition Dataset/Original Image/Original Image/Belly Rot/Belly Rot (94).jpg
cucumber_rotten_0861,cucumber_rotten,cucumber_disease,CC BY 4.0,https://www.kaggle.com/datasets/sujaykapadnis/cucumber-disease-recognition-dataset,Cucumber Disease Recognition Dataset/Original Image/Original Image/Pythium Fruit Rot/Pythium Fruit Rot  (122).jpg
cucumber_rotten_0862,cucumber_rotten,cucumber_disease,CC BY 4.0,https://www.kaggle.com/datasets/sujaykapadnis/cucumber-disease-recognition-dataset,Cucumber Disease Recognition Dataset/Original Image/Original Image/Pythium Fruit Rot/Pythium Fruit Rot  (116).jpg
cucumber_rotten_0863,cucumber_rotten,cucumber_disease,CC BY 4.0,https://www.kaggle.com/datasets/sujaykapadnis/cucumber-disease-recognition-dataset,Cucumber Disease Recognition Dataset/Original Image/Original Image/Pythium Fruit Rot/Pythium Fruit Rot  (130).jpg
cucumber_rotten_0864,cucumber_rotten,cucumber_disease,CC BY 4.0,https://www.kaggle.com/datasets/sujaykapadnis/cucumber-disease-recognition-dataset,Cucumber Disease Recognition Dataset/Original Image/Original Image/Pythium Fruit Rot/Pythium Fruit Rot  (148)(1).jpg
cucumber_rotten_0865,cucumber_rotten,cucumber_disease,CC BY 4.0,https://www.kaggle.com/datasets/sujaykapadnis/cucumber-disease-recognition-dataset,Cucumber Disease Recognition Dataset/Original Image/Original Image/Pythium Fruit Rot/Pythium Fruit Rot  (54).jpg
cucumber_rotten_0866,cucumber_rotten,cucumber_disease,CC BY 4.0,https://www.kaggle.com/datasets/sujaykapadnis/cucumber-disease-recognition-dataset,Cucumber Disease Recognition Dataset/Original Image/Original Image/Pythium Fruit Rot/Pythium Fruit Rot  (143).jpg
cucumber_rotten_0867,cucumber_rotten,cucumber_disease,CC BY 4.0,https://www.kaggle.com/datasets/sujaykapadnis/cucumber-disease-recognition-dataset,Cucumber Disease Recognition Dataset/Original Image/Original Image/Pythium Fruit Rot/Pythium Fruit Rot  (152)(1).jpg
cucumber_rotten_0868,cucumber_rotten,cucumber_disease,CC BY 4.0,https://www.kaggle.com/datasets/sujaykapadnis/cucumber-disease-recognition-dataset,Cucumber Disease Recognition Dataset/Original Image/Original Image/Pythium Fruit Rot/Pythium Fruit Rot  (57).jpg
cucumber_rotten_0869,cucumber_rotten,cucumber_disease,CC BY 4.0,https://www.kaggle.com/datasets/sujaykapadnis/cucumber-disease-recognition-dataset,Cucumber Disease Recognition Dataset/Original Image/Original Image/Pythium Fruit Rot/Pythium Fruit Rot  (36).jpg
cucumber_rotten_0870,cucumber_rotten,cucumber_disease,CC BY 4.0,https://www.kaggle.com/datasets/sujaykapadnis/cucumber-disease-recognition-dataset,Cucumber Disease Recognition Dataset/Original Image/Original Image/Pythium Fruit Rot/Pythium Fruit Rot  (138).jpg
cucumber_rotten_0871,cucumber_rotten,cucumber_disease,CC BY 4.0,https://www.kaggle.com/datasets/sujaykapadnis/cucumber-disease-recognition-dataset,Cucumber Disease Recognition Dataset/Original Image/Original Image/Belly Rot/Belly Rot (52).jpg
cucumber_rotten_0872,cucumber_rotten,cucumber_disease,CC BY 4.0,https://www.kaggle.com/datasets/sujaykapadnis/cucumber-disease-recognition-dataset,Cucumber Disease Recognition Dataset/Original Image/Original Image/Pythium Fruit Rot/Pythium Fruit Rot  (144)(1).jpg
cucumber_rotten_0873,cucumber_rotten,cucumber_disease,CC BY 4.0,https://www.kaggle.com/datasets/sujaykapadnis/cucumber-disease-recognition-dataset,Cucumber Disease Recognition Dataset/Original Image/Original Image/Pythium Fruit Rot/Pythium Fruit Rot  (151)(1).jpg
cucumber_rotten_0874,cucumber_rotten,cucumber_disease,CC BY 4.0,https://www.kaggle.com/datasets/sujaykapadnis/cucumber-disease-recognition-dataset,Cucumber Disease Recognition Dataset/Original Image/Original Image/Pythium Fruit Rot/Pythium Fruit Rot  (104).jpg
cucumber_rotten_0875,cucumber_rotten,cucumber_disease,CC BY 4.0,https://www.kaggle.com/datasets/sujaykapadnis/cucumber-disease-recognition-dataset,Cucumber Disease Recognition Dataset/Original Image/Original Image/Pythium Fruit Rot/Pythium Fruit Rot  (28).jpg
cucumber_rotten_0876,cucumber_rotten,cucumber_disease,CC BY 4.0,https://www.kaggle.com/datasets/sujaykapadnis/cucumber-disease-recognition-dataset,Cucumber Disease Recognition Dataset/Original Image/Original Image/Pythium Fruit Rot/Pythium Fruit Rot  (120).jpg
cucumber_rotten_0877,cucumber_rotten,cucumber_disease,CC BY 4.0,https://www.kaggle.com/datasets/sujaykapadnis/cucumber-disease-recognition-dataset,Cucumber Disease Recognition Dataset/Original Image/Original Image/Pythium Fruit Rot/Pythium Fruit Rot  (88).jpg
cucumber_rotten_0878,cucumber_rotten,cucumber_disease,CC BY 4.0,https://www.kaggle.com/datasets/sujaykapadnis/cucumber-disease-recognition-dataset,Cucumber Disease Recognition Dataset/Original Image/Original Image/Pythium Fruit Rot/Pythium Fruit Rot  (157).jpg
cucumber_rotten_0879,cucumber_rotten,cucumber_disease,CC BY 4.0,https://www.kaggle.com/datasets/sujaykapadnis/cucumber-disease-recognition-dataset,Cucumber Disease Recognition Dataset/Original Image/Original Image/Pythium Fruit Rot/Pythium Fruit Rot  (61).jpg
cucumber_rotten_0880,cucumber_rotten,cucumber_disease,CC BY 4.0,https://www.kaggle.com/datasets/sujaykapadnis/cucumber-disease-recognition-dataset,Cucumber Disease Recognition Dataset/Original Image/Original Image/Pythium Fruit Rot/Pythium Fruit Rot  (59).jpg
cucumber_rotten_0881,cucumber_rotten,cucumber_disease,CC BY 4.0,https://www.kaggle.com/datasets/sujaykapadnis/cucumber-disease-recognition-dataset,Cucumber Disease Recognition Dataset/Original Image/Original Image/Pythium Fruit Rot/Pythium Fruit Rot  (98).jpg
cucumber_rotten_0882,cucumber_rotten,cucumber_disease,CC BY 4.0,https://www.kaggle.com/datasets/sujaykapadnis/cucumber-disease-recognition-dataset,Cucumber Disease Recognition Dataset/Original Image/Original Image/Pythium Fruit Rot/Pythium Fruit Rot  (133).jpg
cucumber_rotten_0883,cucumber_rotten,cucumber_disease,CC BY 4.0,https://www.kaggle.com/datasets/sujaykapadnis/cucumber-disease-recognition-dataset,Cucumber Disease Recognition Dataset/Original Image/Original Image/Pythium Fruit Rot/Pythium Fruit Rot  (37).jpg
cucumber_rotten_0884,cucumber_rotten,cucumber_disease,CC BY 4.0,https://www.kaggle.com/datasets/sujaykapadnis/cucumber-disease-recognition-dataset,Cucumber Disease Recognition Dataset/Original Image/Original Image/Pythium Fruit Rot/Pythium Fruit Rot  (126).jpg
cucumber_rotten_0885,cucumber_rotten,cucumber_disease,CC BY 4.0,https://www.kaggle.com/datasets/sujaykapadnis/cucumber-disease-recognition-dataset,Cucumber Disease Recognition Dataset/Original Image/Original Image/Pythium Fruit Rot/Pythium Fruit Rot  (150)(1).jpg
cucumber_rotten_0886,cucumber_rotten,cucumber_disease,CC BY 4.0,https://www.kaggle.com/datasets/sujaykapadnis/cucumber-disease-recognition-dataset,Cucumber Disease Recognition Dataset/Original Image/Original Image/Pythium Fruit Rot/Pythium Fruit Rot  (27).jpg
cucumber_rotten_0887,cucumber_rotten,cucumber_disease,CC BY 4.0,https://www.kaggle.com/datasets/sujaykapadnis/cucumber-disease-recognition-dataset,Cucumber Disease Recognition Dataset/Original Image/Original Image/Pythium Fruit Rot/Pythium Fruit Rot  (124).jpg
cucumber_rotten_0888,cucumber_rotten,cucumber_disease,CC BY 4.0,https://www.kaggle.com/datasets/sujaykapadnis/cucumber-disease-recognition-dataset,Cucumber Disease Recognition Dataset/Original Image/Original Image/Pythium Fruit Rot/Pythium Fruit Rot  (87).jpg
cucumber_rotten_0889,cucumber_rotten,cucumber_disease,CC BY 4.0,https://www.kaggle.com/datasets/sujaykapadnis/cucumber-disease-recognition-dataset,Cucumber Disease Recognition Dataset/Original Image/Original Image/Pythium Fruit Rot/Pythium Fruit Rot  (153).jpg
cucumber_rotten_0890,cucumber_rotten,cucumber_disease,CC BY 4.0,https://www.kaggle.com/datasets/sujaykapadnis/cucumber-disease-recognition-dataset,Cucumber Disease Recognition Dataset/Original Image/Original Image/Pythium Fruit Rot/Pythium Fruit Rot  (34).jpg
cucumber_rotten_0891,cucumber_rotten,cucumber_disease,CC BY 4.0,https://www.kaggle.com/datasets/sujaykapadnis/cucumber-disease-recognition-dataset,Cucumber Disease Recognition Dataset/Original Image/Original Image/Pythium Fruit Rot/Pythium Fruit Rot  (119).jpg
cucumber_rotten_0892,cucumber_rotten,cucumber_disease,CC BY 4.0,https://www.kaggle.com/datasets/sujaykapadnis/cucumber-disease-recognition-dataset,Cucumber Disease Recognition Dataset/Original Image/Original Image/Pythium Fruit Rot/Pythium Fruit Rot  (135).jpg
potato_fresh_0938,potato_fresh,vq2,CC0 1.0,https://www.kaggle.com/datasets/mdatikurrahman3111/vegetables-quality-dataset-2,New Data/Good Quality Potato/(72).jpg
potato_fresh_0939,potato_fresh,vq2,CC0 1.0,https://www.kaggle.com/datasets/mdatikurrahman3111/vegetables-quality-dataset-2,New Data/Good Quality Potato/(106).jpg
potato_fresh_0940,potato_fresh,vq2,CC0 1.0,https://www.kaggle.com/datasets/mdatikurrahman3111/vegetables-quality-dataset-2,New Data/Good Quality Potato/(124).jpg
potato_fresh_0941,potato_fresh,vq2,CC0 1.0,https://www.kaggle.com/datasets/mdatikurrahman3111/vegetables-quality-dataset-2,New Data/Good Quality Potato/(211).jpg
potato_fresh_0942,potato_fresh,vq2,CC0 1.0,https://www.kaggle.com/datasets/mdatikurrahman3111/vegetables-quality-dataset-2,New Data/Good Quality Potato/(36).jpg
potato_fresh_0943,potato_fresh,vq2,CC0 1.0,https://www.kaggle.com/datasets/mdatikurrahman3111/vegetables-quality-dataset-2,New Data/Good Quality Potato/(71).jpg
potato_fresh_0944,potato_fresh,vq2,CC0 1.0,https://www.kaggle.com/datasets/mdatikurrahman3111/vegetables-quality-dataset-2,New Data/Good Quality Potato/(77).jpg
potato_fresh_0945,potato_fresh,vq2,CC0 1.0,https://www.kaggle.com/datasets/mdatikurrahman3111/vegetables-quality-dataset-2,New Data/Good Quality Potato/(37).jpg
potato_fresh_0946,potato_fresh,vq2,CC0 1.0,https://www.kaggle.com/datasets/mdatikurrahman3111/vegetables-quality-dataset-2,New Data/Good Quality Potato/(130).jpg
potato_fresh_0947,potato_fresh,vq2,CC0 1.0,https://www.kaggle.com/datasets/mdatikurrahman3111/vegetables-quality-dataset-2,New Data/Good Quality Potato/(25).jpg
potato_fresh_0948,potato_fresh,vq2,CC0 1.0,https://www.kaggle.com/datasets/mdatikurrahman3111/vegetables-quality-dataset-2,New Data/Good Quality Potato/(162).jpg
potato_fresh_0949,potato_fresh,vq2,CC0 1.0,https://www.kaggle.com/datasets/mdatikurrahman3111/vegetables-quality-dataset-2,New Data/Good Quality Potato/(39).jpg
potato_fresh_0950,potato_fresh,vq2,CC0 1.0,https://www.kaggle.com/datasets/mdatikurrahman3111/vegetables-quality-dataset-2,New Data/Good Quality Potato/(19).jpg
potato_fresh_0951,potato_fresh,vq2,CC0 1.0,https://www.kaggle.com/datasets/mdatikurrahman3111/vegetables-quality-dataset-2,New Data/Good Quality Potato/(40).jpg
potato_fresh_0952,potato_fresh,vq2,CC0 1.0,https://www.kaggle.com/datasets/mdatikurrahman3111/vegetables-quality-dataset-2,New Data/Good Quality Potato/(202).jpg
potato_fresh_0953,potato_fresh,vq2,CC0 1.0,https://www.kaggle.com/datasets/mdatikurrahman3111/vegetables-quality-dataset-2,New Data/Good Quality Potato/(144).jpg
potato_fresh_0954,potato_fresh,vq2,CC0 1.0,https://www.kaggle.com/datasets/mdatikurrahman3111/vegetables-quality-dataset-2,New Data/Good Quality Potato/(178).jpg
potato_fresh_0955,potato_fresh,vq2,CC0 1.0,https://www.kaggle.com/datasets/mdatikurrahman3111/vegetables-quality-dataset-2,New Data/Good Quality Potato/(75).jpg
potato_fresh_0956,potato_fresh,vq2,CC0 1.0,https://www.kaggle.com/datasets/mdatikurrahman3111/vegetables-quality-dataset-2,New Data/Good Quality Potato/(8).jpg
potato_fresh_0957,potato_fresh,vq2,CC0 1.0,https://www.kaggle.com/datasets/mdatikurrahman3111/vegetables-quality-dataset-2,New Data/Good Quality Potato/(61).jpg
potato_fresh_0958,potato_fresh,vq2,CC0 1.0,https://www.kaggle.com/datasets/mdatikurrahman3111/vegetables-quality-dataset-2,New Data/Good Quality Potato/(193).jpg
potato_fresh_0959,potato_fresh,vq2,CC0 1.0,https://www.kaggle.com/datasets/mdatikurrahman3111/vegetables-quality-dataset-2,New Data/Good Quality Potato/(128).jpg
potato_fresh_0960,potato_fresh,vq2,CC0 1.0,https://www.kaggle.com/datasets/mdatikurrahman3111/vegetables-quality-dataset-2,New Data/Good Quality Potato/(189).jpg
potato_fresh_0961,potato_fresh,vq2,CC0 1.0,https://www.kaggle.com/datasets/mdatikurrahman3111/vegetables-quality-dataset-2,New Data/Good Quality Potato/(112).jpg
potato_fresh_0962,potato_fresh,vq2,CC0 1.0,https://www.kaggle.com/datasets/mdatikurrahman3111/vegetables-quality-dataset-2,New Data/Good Quality Potato/(116).jpg
potato_fresh_0963,potato_fresh,vq2,CC0 1.0,https://www.kaggle.com/datasets/mdatikurrahman3111/vegetables-quality-dataset-2,New Data/Good Quality Potato/(54).jpg
potato_fresh_0964,potato_fresh,vq2,CC0 1.0,https://www.kaggle.com/datasets/mdatikurrahman3111/vegetables-quality-dataset-2,New Data/Good Quality Potato/(87).jpg
potato_fresh_0965,potato_fresh,vq2,CC0 1.0,https://www.kaggle.com/datasets/mdatikurrahman3111/vegetables-quality-dataset-2,New Data/Good Quality Potato/(195).jpg
potato_fresh_0966,potato_fresh,vq2,CC0 1.0,https://www.kaggle.com/datasets/mdatikurrahman3111/vegetables-quality-dataset-2,New Data/Good Quality Potato/(69).jpg
potato_fresh_0967,potato_fresh,vq2,CC0 1.0,https://www.kaggle.com/datasets/mdatikurrahman3111/vegetables-quality-dataset-2,New Data/Good Quality Potato/(83).jpg
potato_fresh_0968,potato_fresh,vq2,CC0 1.0,https://www.kaggle.com/datasets/mdatikurrahman3111/vegetables-quality-dataset-2,New Data/Good Quality Potato/(155).jpg
potato_fresh_0969,potato_fresh,vq2,CC0 1.0,https://www.kaggle.com/datasets/mdatikurrahman3111/vegetables-quality-dataset-2,New Data/Good Quality Potato/(59).jpg
potato_fresh_0970,potato_fresh,vq2,CC0 1.0,https://www.kaggle.com/datasets/mdatikurrahman3111/vegetables-quality-dataset-2,New Data/Good Quality Potato/(156).jpg
potato_fresh_0971,potato_fresh,vq2,CC0 1.0,https://www.kaggle.com/datasets/mdatikurrahman3111/vegetables-quality-dataset-2,New Data/Good Quality Potato/(120).jpg
potato_fresh_0972,potato_fresh,vq2,CC0 1.0,https://www.kaggle.com/datasets/mdatikurrahman3111/vegetables-quality-dataset-2,New Data/Good Quality Potato/(192).jpg
potato_fresh_0973,potato_fresh,vq2,CC0 1.0,https://www.kaggle.com/datasets/mdatikurrahman3111/vegetables-quality-dataset-2,New Data/Good Quality Potato/(168).jpg
potato_fresh_0974,potato_fresh,vq2,CC0 1.0,https://www.kaggle.com/datasets/mdatikurrahman3111/vegetables-quality-dataset-2,New Data/Good Quality Potato/(21).jpg
potato_fresh_0975,potato_fresh,vq2,CC0 1.0,https://www.kaggle.com/datasets/mdatikurrahman3111/vegetables-quality-dataset-2,New Data/Good Quality Potato/(194).jpg
potato_fresh_0976,potato_fresh,vq2,CC0 1.0,https://www.kaggle.com/datasets/mdatikurrahman3111/vegetables-quality-dataset-2,New Data/Good Quality Potato/(138).jpg
potato_fresh_0977,potato_fresh,vq2,CC0 1.0,https://www.kaggle.com/datasets/mdatikurrahman3111/vegetables-quality-dataset-2,New Data/Good Quality Potato/(20).jpg
potato_fresh_0978,potato_fresh,vq2,CC0 1.0,https://www.kaggle.com/datasets/mdatikurrahman3111/vegetables-quality-dataset-2,New Data/Good Quality Potato/(103).jpg
potato_fresh_0979,potato_fresh,vq2,CC0 1.0,https://www.kaggle.com/datasets/mdatikurrahman3111/vegetables-quality-dataset-2,New Data/Good Quality Potato/(73).jpg
potato_fresh_0980,potato_fresh,vq2,CC0 1.0,https://www.kaggle.com/datasets/mdatikurrahman3111/vegetables-quality-dataset-2,New Data/Good Quality Potato/(90).jpg
potato_fresh_0981,potato_fresh,vq2,CC0 1.0,https://www.kaggle.com/datasets/mdatikurrahman3111/vegetables-quality-dataset-2,New Data/Good Quality Potato/(149).jpg
potato_fresh_0982,potato_fresh,vq2,CC0 1.0,https://www.kaggle.com/datasets/mdatikurrahman3111/vegetables-quality-dataset-2,New Data/Good Quality Potato/(65).jpg
potato_fresh_0983,potato_fresh,vq2,CC0 1.0,https://www.kaggle.com/datasets/mdatikurrahman3111/vegetables-quality-dataset-2,New Data/Good Quality Potato/(111).jpg
potato_fresh_0984,potato_fresh,vq2,CC0 1.0,https://www.kaggle.com/datasets/mdatikurrahman3111/vegetables-quality-dataset-2,New Data/Good Quality Potato/(96).jpg
potato_fresh_0985,potato_fresh,vq2,CC0 1.0,https://www.kaggle.com/datasets/mdatikurrahman3111/vegetables-quality-dataset-2,New Data/Good Quality Potato/(105).jpg
potato_fresh_0986,potato_fresh,vq2,CC0 1.0,https://www.kaggle.com/datasets/mdatikurrahman3111/vegetables-quality-dataset-2,New Data/Good Quality Potato/(10).jpg
potato_fresh_0987,potato_fresh,vq2,CC0 1.0,https://www.kaggle.com/datasets/mdatikurrahman3111/vegetables-quality-dataset-2,New Data/Good Quality Potato/(188).jpg
potato_fresh_0988,potato_fresh,vq2,CC0 1.0,https://www.kaggle.com/datasets/mdatikurrahman3111/vegetables-quality-dataset-2,New Data/Good Quality Potato/(141).jpg
potato_fresh_0989,potato_fresh,vq2,CC0 1.0,https://www.kaggle.com/datasets/mdatikurrahman3111/vegetables-quality-dataset-2,New Data/Good Quality Potato/(137).jpg
potato_fresh_0990,potato_fresh,vq2,CC0 1.0,https://www.kaggle.com/datasets/mdatikurrahman3111/vegetables-quality-dataset-2,New Data/Good Quality Potato/(93).jpg
potato_fresh_0991,potato_fresh,vq2,CC0 1.0,https://www.kaggle.com/datasets/mdatikurrahman3111/vegetables-quality-dataset-2,New Data/Good Quality Potato/(207).jpg
potato_fresh_0992,potato_fresh,vq2,CC0 1.0,https://www.kaggle.com/datasets/mdatikurrahman3111/vegetables-quality-dataset-2,New Data/Good Quality Potato/(33).jpg
potato_fresh_0993,potato_fresh,vq2,CC0 1.0,https://www.kaggle.com/datasets/mdatikurrahman3111/vegetables-quality-dataset-2,New Data/Good Quality Potato/(165).jpg
potato_fresh_0994,potato_fresh,vq2,CC0 1.0,https://www.kaggle.com/datasets/mdatikurrahman3111/vegetables-quality-dataset-2,New Data/Good Quality Potato/(29).jpg
potato_fresh_0995,potato_fresh,vq2,CC0 1.0,https://www.kaggle.com/datasets/mdatikurrahman3111/vegetables-quality-dataset-2,New Data/Good Quality Potato/(142).jpg
potato_fresh_0996,potato_fresh,vq2,CC0 1.0,https://www.kaggle.com/datasets/mdatikurrahman3111/vegetables-quality-dataset-2,New Data/Good Quality Potato/(151).jpg
potato_fresh_0997,potato_fresh,vq2,CC0 1.0,https://www.kaggle.com/datasets/mdatikurrahman3111/vegetables-quality-dataset-2,New Data/Good Quality Potato/(108).jpg
potato_rotten_1041,potato_rotten,vq2,CC0 1.0,https://www.kaggle.com/datasets/mdatikurrahman3111/vegetables-quality-dataset-2,New Data/Bad Quality Potato/(194).jpg
potato_rotten_1042,potato_rotten,vq2,CC0 1.0,https://www.kaggle.com/datasets/mdatikurrahman3111/vegetables-quality-dataset-2,New Data/Bad Quality Potato/(212).jpg
potato_rotten_1043,potato_rotten,vq2,CC0 1.0,https://www.kaggle.com/datasets/mdatikurrahman3111/vegetables-quality-dataset-2,New Data/Bad Quality Potato/(93).jpg
potato_rotten_1044,potato_rotten,vq2,CC0 1.0,https://www.kaggle.com/datasets/mdatikurrahman3111/vegetables-quality-dataset-2,New Data/Bad Quality Potato/(191).jpg
potato_rotten_1045,potato_rotten,vq2,CC0 1.0,https://www.kaggle.com/datasets/mdatikurrahman3111/vegetables-quality-dataset-2,New Data/Bad Quality Potato/(34).jpg
potato_rotten_1046,potato_rotten,vq2,CC0 1.0,https://www.kaggle.com/datasets/mdatikurrahman3111/vegetables-quality-dataset-2,New Data/Bad Quality Potato/(127).jpg
potato_rotten_1047,potato_rotten,vq2,CC0 1.0,https://www.kaggle.com/datasets/mdatikurrahman3111/vegetables-quality-dataset-2,New Data/Bad Quality Potato/(202).jpg
potato_rotten_1048,potato_rotten,vq2,CC0 1.0,https://www.kaggle.com/datasets/mdatikurrahman3111/vegetables-quality-dataset-2,New Data/Bad Quality Potato/(96).jpg
potato_rotten_1049,potato_rotten,vq2,CC0 1.0,https://www.kaggle.com/datasets/mdatikurrahman3111/vegetables-quality-dataset-2,New Data/Bad Quality Potato/(107).jpg
potato_rotten_1050,potato_rotten,vq2,CC0 1.0,https://www.kaggle.com/datasets/mdatikurrahman3111/vegetables-quality-dataset-2,New Data/Bad Quality Potato/(37).jpg
potato_rotten_1051,potato_rotten,vq2,CC0 1.0,https://www.kaggle.com/datasets/mdatikurrahman3111/vegetables-quality-dataset-2,New Data/Bad Quality Potato/(110).jpg
potato_rotten_1052,potato_rotten,vq2,CC0 1.0,https://www.kaggle.com/datasets/mdatikurrahman3111/vegetables-quality-dataset-2,New Data/Bad Quality Potato/(1).jpg
potato_rotten_1053,potato_rotten,vq2,CC0 1.0,https://www.kaggle.com/datasets/mdatikurrahman3111/vegetables-quality-dataset-2,New Data/Bad Quality Potato/(242).jpg
potato_rotten_1054,potato_rotten,vq2,CC0 1.0,https://www.kaggle.com/datasets/mdatikurrahman3111/vegetables-quality-dataset-2,New Data/Bad Quality Potato/(103).jpg
potato_rotten_1055,potato_rotten,vq2,CC0 1.0,https://www.kaggle.com/datasets/mdatikurrahman3111/vegetables-quality-dataset-2,New Data/Bad Quality Potato/(28).jpg
potato_rotten_1056,potato_rotten,vq2,CC0 1.0,https://www.kaggle.com/datasets/mdatikurrahman3111/vegetables-quality-dataset-2,New Data/Bad Quality Potato/(137).jpg
potato_rotten_1057,potato_rotten,vq2,CC0 1.0,https://www.kaggle.com/datasets/mdatikurrahman3111/vegetables-quality-dataset-2,New Data/Bad Quality Potato/(149).jpg
potato_rotten_1058,potato_rotten,vq2,CC0 1.0,https://www.kaggle.com/datasets/mdatikurrahman3111/vegetables-quality-dataset-2,New Data/Bad Quality Potato/(157).jpg
potato_rotten_1059,potato_rotten,vq2,CC0 1.0,https://www.kaggle.com/datasets/mdatikurrahman3111/vegetables-quality-dataset-2,New Data/Bad Quality Potato/(177).jpg
potato_rotten_1060,potato_rotten,vq2,CC0 1.0,https://www.kaggle.com/datasets/mdatikurrahman3111/vegetables-quality-dataset-2,New Data/Bad Quality Potato/(124).jpg
potato_rotten_1061,potato_rotten,vq2,CC0 1.0,https://www.kaggle.com/datasets/mdatikurrahman3111/vegetables-quality-dataset-2,New Data/Bad Quality Potato/(66).jpg
potato_rotten_1062,potato_rotten,vq2,CC0 1.0,https://www.kaggle.com/datasets/mdatikurrahman3111/vegetables-quality-dataset-2,New Data/Bad Quality Potato/(240).jpg
potato_rotten_1063,potato_rotten,vq2,CC0 1.0,https://www.kaggle.com/datasets/mdatikurrahman3111/vegetables-quality-dataset-2,New Data/Bad Quality Potato/(186).jpg
potato_rotten_1064,potato_rotten,vq2,CC0 1.0,https://www.kaggle.com/datasets/mdatikurrahman3111/vegetables-quality-dataset-2,New Data/Bad Quality Potato/(108).jpg
potato_rotten_1065,potato_rotten,vq2,CC0 1.0,https://www.kaggle.com/datasets/mdatikurrahman3111/vegetables-quality-dataset-2,New Data/Bad Quality Potato/(118).jpg
potato_rotten_1066,potato_rotten,vq2,CC0 1.0,https://www.kaggle.com/datasets/mdatikurrahman3111/vegetables-quality-dataset-2,New Data/Bad Quality Potato/(175).jpg
potato_rotten_1067,potato_rotten,vq2,CC0 1.0,https://www.kaggle.com/datasets/mdatikurrahman3111/vegetables-quality-dataset-2,New Data/Bad Quality Potato/(33).jpg
potato_rotten_1068,potato_rotten,vq2,CC0 1.0,https://www.kaggle.com/datasets/mdatikurrahman3111/vegetables-quality-dataset-2,New Data/Bad Quality Potato/(111).jpg
potato_rotten_1069,potato_rotten,vq2,CC0 1.0,https://www.kaggle.com/datasets/mdatikurrahman3111/vegetables-quality-dataset-2,New Data/Bad Quality Potato/(44).jpg
potato_rotten_1070,potato_rotten,vq2,CC0 1.0,https://www.kaggle.com/datasets/mdatikurrahman3111/vegetables-quality-dataset-2,New Data/Bad Quality Potato/(170).jpg
potato_rotten_1071,potato_rotten,vq2,CC0 1.0,https://www.kaggle.com/datasets/mdatikurrahman3111/vegetables-quality-dataset-2,New Data/Bad Quality Potato/(116).jpg
potato_rotten_1072,potato_rotten,vq2,CC0 1.0,https://www.kaggle.com/datasets/mdatikurrahman3111/vegetables-quality-dataset-2,New Data/Bad Quality Potato/(120).jpg
potato_rotten_1073,potato_rotten,vq2,CC0 1.0,https://www.kaggle.com/datasets/mdatikurrahman3111/vegetables-quality-dataset-2,New Data/Bad Quality Potato/(189).jpg
potato_rotten_1074,potato_rotten,vq2,CC0 1.0,https://www.kaggle.com/datasets/mdatikurrahman3111/vegetables-quality-dataset-2,New Data/Bad Quality Potato/(178).jpg
potato_rotten_1075,potato_rotten,vq2,CC0 1.0,https://www.kaggle.com/datasets/mdatikurrahman3111/vegetables-quality-dataset-2,New Data/Bad Quality Potato/(39).jpg
potato_rotten_1076,potato_rotten,vq2,CC0 1.0,https://www.kaggle.com/datasets/mdatikurrahman3111/vegetables-quality-dataset-2,New Data/Bad Quality Potato/(199).jpg
potato_rotten_1077,potato_rotten,vq2,CC0 1.0,https://www.kaggle.com/datasets/mdatikurrahman3111/vegetables-quality-dataset-2,New Data/Bad Quality Potato/(198).jpg
potato_rotten_1078,potato_rotten,vq2,CC0 1.0,https://www.kaggle.com/datasets/mdatikurrahman3111/vegetables-quality-dataset-2,New Data/Bad Quality Potato/(168).jpg
potato_rotten_1079,potato_rotten,vq2,CC0 1.0,https://www.kaggle.com/datasets/mdatikurrahman3111/vegetables-quality-dataset-2,New Data/Bad Quality Potato/(104).jpg
potato_rotten_1080,potato_rotten,vq2,CC0 1.0,https://www.kaggle.com/datasets/mdatikurrahman3111/vegetables-quality-dataset-2,New Data/Bad Quality Potato/(147).jpg
potato_rotten_1081,potato_rotten,vq2,CC0 1.0,https://www.kaggle.com/datasets/mdatikurrahman3111/vegetables-quality-dataset-2,New Data/Bad Quality Potato/(74).jpg
potato_rotten_1082,potato_rotten,vq2,CC0 1.0,https://www.kaggle.com/datasets/mdatikurrahman3111/vegetables-quality-dataset-2,New Data/Bad Quality Potato/(46).jpg
potato_rotten_1083,potato_rotten,vq2,CC0 1.0,https://www.kaggle.com/datasets/mdatikurrahman3111/vegetables-quality-dataset-2,New Data/Bad Quality Potato/(105).jpg
potato_rotten_1084,potato_rotten,vq2,CC0 1.0,https://www.kaggle.com/datasets/mdatikurrahman3111/vegetables-quality-dataset-2,New Data/Bad Quality Potato/(227).jpg
potato_rotten_1085,potato_rotten,vq2,CC0 1.0,https://www.kaggle.com/datasets/mdatikurrahman3111/vegetables-quality-dataset-2,New Data/Bad Quality Potato/(29).jpg
potato_rotten_1086,potato_rotten,vq2,CC0 1.0,https://www.kaggle.com/datasets/mdatikurrahman3111/vegetables-quality-dataset-2,New Data/Bad Quality Potato/(69).jpg
potato_rotten_1087,potato_rotten,vq2,CC0 1.0,https://www.kaggle.com/datasets/mdatikurrahman3111/vegetables-quality-dataset-2,New Data/Bad Quality Potato/(129).jpg
potato_rotten_1088,potato_rotten,vq2,CC0 1.0,https://www.kaggle.com/datasets/mdatikurrahman3111/vegetables-quality-dataset-2,New Data/Bad Quality Potato/(184).jpg
potato_rotten_1089,potato_rotten,vq2,CC0 1.0,https://www.kaggle.com/datasets/mdatikurrahman3111/vegetables-quality-dataset-2,New Data/Bad Quality Potato/(98).jpg
potato_rotten_1090,potato_rotten,vq2,CC0 1.0,https://www.kaggle.com/datasets/mdatikurrahman3111/vegetables-quality-dataset-2,New Data/Bad Quality Potato/(162).jpg
potato_rotten_1091,potato_rotten,vq2,CC0 1.0,https://www.kaggle.com/datasets/mdatikurrahman3111/vegetables-quality-dataset-2,New Data/Bad Quality Potato/(30).jpg
potato_rotten_1092,potato_rotten,vq2,CC0 1.0,https://www.kaggle.com/datasets/mdatikurrahman3111/vegetables-quality-dataset-2,New Data/Bad Quality Potato/(160).jpg
potato_rotten_1093,potato_rotten,vq2,CC0 1.0,https://www.kaggle.com/datasets/mdatikurrahman3111/vegetables-quality-dataset-2,New Data/Bad Quality Potato/(132).jpg
potato_rotten_1094,potato_rotten,vq2,CC0 1.0,https://www.kaggle.com/datasets/mdatikurrahman3111/vegetables-quality-dataset-2,New Data/Bad Quality Potato/(42).jpg
potato_rotten_1095,potato_rotten,vq2,CC0 1.0,https://www.kaggle.com/datasets/mdatikurrahman3111/vegetables-quality-dataset-2,New Data/Bad Quality Potato/(17).jpg
potato_rotten_1096,potato_rotten,vq2,CC0 1.0,https://www.kaggle.com/datasets/mdatikurrahman3111/vegetables-quality-dataset-2,New Data/Bad Quality Potato/(210).jpg
potato_rotten_1097,potato_rotten,vq2,CC0 1.0,https://www.kaggle.com/datasets/mdatikurrahman3111/vegetables-quality-dataset-2,New Data/Bad Quality Potato/(20).jpg
potato_rotten_1098,potato_rotten,vq2,CC0 1.0,https://www.kaggle.com/datasets/mdatikurrahman3111/vegetables-quality-dataset-2,New Data/Bad Quality Potato/(48).jpg
potato_rotten_1099,potato_rotten,vq2,CC0 1.0,https://www.kaggle.com/datasets/mdatikurrahman3111/vegetables-quality-dataset-2,New Data/Bad Quality Potato/(27).jpg
potato_rotten_1100,potato_rotten,vq2,CC0 1.0,https://www.kaggle.com/datasets/mdatikurrahman3111/vegetables-quality-dataset-2,New Data/Bad Quality Potato/(35).jpg
tomato_fresh_1152,tomato_fresh,vq2,CC0 1.0,https://www.kaggle.com/datasets/mdatikurrahman3111/vegetables-quality-dataset-2,New Data/Good Quality Tomato/(141).jpg
tomato_fresh_1153,tomato_fresh,vq2,CC0 1.0,https://www.kaggle.com/datasets/mdatikurrahman3111/vegetables-quality-dataset-2,New Data/Good Quality Tomato/(23).jpg
tomato_fresh_1154,tomato_fresh,vq2,CC0 1.0,https://www.kaggle.com/datasets/mdatikurrahman3111/vegetables-quality-dataset-2,New Data/Good Quality Tomato/(114).jpg
tomato_fresh_1155,tomato_fresh,vq2,CC0 1.0,https://www.kaggle.com/datasets/mdatikurrahman3111/vegetables-quality-dataset-2,New Data/Good Quality Tomato/(201).jpg
tomato_fresh_1156,tomato_fresh,vq2,CC0 1.0,https://www.kaggle.com/datasets/mdatikurrahman3111/vegetables-quality-dataset-2,New Data/Good Quality Tomato/(143).jpg
tomato_fresh_1157,tomato_fresh,vq2,CC0 1.0,https://www.kaggle.com/datasets/mdatikurrahman3111/vegetables-quality-dataset-2,New Data/Good Quality Tomato/(128).jpg
tomato_fresh_1158,tomato_fresh,vq2,CC0 1.0,https://www.kaggle.com/datasets/mdatikurrahman3111/vegetables-quality-dataset-2,New Data/Good Quality Tomato/(90).jpg
tomato_fresh_1159,tomato_fresh,vq2,CC0 1.0,https://www.kaggle.com/datasets/mdatikurrahman3111/vegetables-quality-dataset-2,New Data/Good Quality Tomato/(243).jpg
tomato_fresh_1160,tomato_fresh,vq2,CC0 1.0,https://www.kaggle.com/datasets/mdatikurrahman3111/vegetables-quality-dataset-2,New Data/Good Quality Tomato/(120).jpg
tomato_fresh_1161,tomato_fresh,vq2,CC0 1.0,https://www.kaggle.com/datasets/mdatikurrahman3111/vegetables-quality-dataset-2,New Data/Good Quality Tomato/(156).jpg
tomato_fresh_1162,tomato_fresh,vq2,CC0 1.0,https://www.kaggle.com/datasets/mdatikurrahman3111/vegetables-quality-dataset-2,New Data/Good Quality Tomato/(175).jpg
tomato_fresh_1163,tomato_fresh,vq2,CC0 1.0,https://www.kaggle.com/datasets/mdatikurrahman3111/vegetables-quality-dataset-2,New Data/Good Quality Tomato/(183).jpg
tomato_fresh_1164,tomato_fresh,vq2,CC0 1.0,https://www.kaggle.com/datasets/mdatikurrahman3111/vegetables-quality-dataset-2,New Data/Good Quality Tomato/(281).jpg
tomato_fresh_1165,tomato_fresh,vq2,CC0 1.0,https://www.kaggle.com/datasets/mdatikurrahman3111/vegetables-quality-dataset-2,New Data/Good Quality Tomato/(124).jpg
tomato_fresh_1166,tomato_fresh,vq2,CC0 1.0,https://www.kaggle.com/datasets/mdatikurrahman3111/vegetables-quality-dataset-2,New Data/Good Quality Tomato/(146).jpg
tomato_fresh_1167,tomato_fresh,vq2,CC0 1.0,https://www.kaggle.com/datasets/mdatikurrahman3111/vegetables-quality-dataset-2,New Data/Good Quality Tomato/(231).jpg
tomato_fresh_1168,tomato_fresh,vq2,CC0 1.0,https://www.kaggle.com/datasets/mdatikurrahman3111/vegetables-quality-dataset-2,New Data/Good Quality Tomato/(195).jpg
tomato_fresh_1169,tomato_fresh,vq2,CC0 1.0,https://www.kaggle.com/datasets/mdatikurrahman3111/vegetables-quality-dataset-2,New Data/Good Quality Tomato/(211).jpg
tomato_fresh_1170,tomato_fresh,vq2,CC0 1.0,https://www.kaggle.com/datasets/mdatikurrahman3111/vegetables-quality-dataset-2,New Data/Good Quality Tomato/(357).jpg
tomato_fresh_1171,tomato_fresh,vq2,CC0 1.0,https://www.kaggle.com/datasets/mdatikurrahman3111/vegetables-quality-dataset-2,New Data/Good Quality Tomato/(179).jpg
tomato_fresh_1172,tomato_fresh,vq2,CC0 1.0,https://www.kaggle.com/datasets/mdatikurrahman3111/vegetables-quality-dataset-2,New Data/Good Quality Tomato/(250).jpg
tomato_fresh_1173,tomato_fresh,vq2,CC0 1.0,https://www.kaggle.com/datasets/mdatikurrahman3111/vegetables-quality-dataset-2,New Data/Good Quality Tomato/(65).jpg
tomato_fresh_1174,tomato_fresh,vq2,CC0 1.0,https://www.kaggle.com/datasets/mdatikurrahman3111/vegetables-quality-dataset-2,New Data/Good Quality Tomato/(252).jpg
tomato_fresh_1175,tomato_fresh,vq2,CC0 1.0,https://www.kaggle.com/datasets/mdatikurrahman3111/vegetables-quality-dataset-2,New Data/Good Quality Tomato/(220).jpg
tomato_fresh_1176,tomato_fresh,vq2,CC0 1.0,https://www.kaggle.com/datasets/mdatikurrahman3111/vegetables-quality-dataset-2,New Data/Good Quality Tomato/(266).jpg
tomato_fresh_1177,tomato_fresh,vq2,CC0 1.0,https://www.kaggle.com/datasets/mdatikurrahman3111/vegetables-quality-dataset-2,New Data/Good Quality Tomato/(101).jpg
tomato_fresh_1178,tomato_fresh,vq2,CC0 1.0,https://www.kaggle.com/datasets/mdatikurrahman3111/vegetables-quality-dataset-2,New Data/Good Quality Tomato/(77).jpg
tomato_fresh_1179,tomato_fresh,vq2,CC0 1.0,https://www.kaggle.com/datasets/mdatikurrahman3111/vegetables-quality-dataset-2,New Data/Good Quality Tomato/(196).jpg
tomato_fresh_1180,tomato_fresh,vq2,CC0 1.0,https://www.kaggle.com/datasets/mdatikurrahman3111/vegetables-quality-dataset-2,New Data/Good Quality Tomato/(399).jpg
tomato_fresh_1181,tomato_fresh,vq2,CC0 1.0,https://www.kaggle.com/datasets/mdatikurrahman3111/vegetables-quality-dataset-2,New Data/Good Quality Tomato/(17).jpg
tomato_fresh_1182,tomato_fresh,vq2,CC0 1.0,https://www.kaggle.com/datasets/mdatikurrahman3111/vegetables-quality-dataset-2,New Data/Good Quality Tomato/(104).jpg
tomato_fresh_1183,tomato_fresh,vq2,CC0 1.0,https://www.kaggle.com/datasets/mdatikurrahman3111/vegetables-quality-dataset-2,New Data/Good Quality Tomato/(140).jpg
tomato_fresh_1184,tomato_fresh,vq2,CC0 1.0,https://www.kaggle.com/datasets/mdatikurrahman3111/vegetables-quality-dataset-2,New Data/Good Quality Tomato/(131).jpg
tomato_fresh_1185,tomato_fresh,vq2,CC0 1.0,https://www.kaggle.com/datasets/mdatikurrahman3111/vegetables-quality-dataset-2,New Data/Good Quality Tomato/(200).jpg
tomato_fresh_1186,tomato_fresh,vq2,CC0 1.0,https://www.kaggle.com/datasets/mdatikurrahman3111/vegetables-quality-dataset-2,New Data/Good Quality Tomato/(379).jpg
tomato_fresh_1187,tomato_fresh,vq2,CC0 1.0,https://www.kaggle.com/datasets/mdatikurrahman3111/vegetables-quality-dataset-2,New Data/Good Quality Tomato/(13).jpg
tomato_fresh_1188,tomato_fresh,vq2,CC0 1.0,https://www.kaggle.com/datasets/mdatikurrahman3111/vegetables-quality-dataset-2,New Data/Good Quality Tomato/(71).jpg
tomato_fresh_1189,tomato_fresh,vq2,CC0 1.0,https://www.kaggle.com/datasets/mdatikurrahman3111/vegetables-quality-dataset-2,New Data/Good Quality Tomato/(133).jpg
tomato_fresh_1190,tomato_fresh,vq2,CC0 1.0,https://www.kaggle.com/datasets/mdatikurrahman3111/vegetables-quality-dataset-2,New Data/Good Quality Tomato/(247).jpg
tomato_fresh_1191,tomato_fresh,vq2,CC0 1.0,https://www.kaggle.com/datasets/mdatikurrahman3111/vegetables-quality-dataset-2,New Data/Good Quality Tomato/(235).jpg
tomato_fresh_1192,tomato_fresh,vq2,CC0 1.0,https://www.kaggle.com/datasets/mdatikurrahman3111/vegetables-quality-dataset-2,New Data/Good Quality Tomato/(171).jpg
tomato_fresh_1193,tomato_fresh,vq2,CC0 1.0,https://www.kaggle.com/datasets/mdatikurrahman3111/vegetables-quality-dataset-2,New Data/Good Quality Tomato/(212).jpg
tomato_fresh_1194,tomato_fresh,vq2,CC0 1.0,https://www.kaggle.com/datasets/mdatikurrahman3111/vegetables-quality-dataset-2,New Data/Good Quality Tomato/(210).jpg
tomato_fresh_1195,tomato_fresh,vq2,CC0 1.0,https://www.kaggle.com/datasets/mdatikurrahman3111/vegetables-quality-dataset-2,New Data/Good Quality Tomato/(2).jpg
tomato_fresh_1196,tomato_fresh,vq2,CC0 1.0,https://www.kaggle.com/datasets/mdatikurrahman3111/vegetables-quality-dataset-2,New Data/Good Quality Tomato/(70).jpg
tomato_fresh_1197,tomato_fresh,vq2,CC0 1.0,https://www.kaggle.com/datasets/mdatikurrahman3111/vegetables-quality-dataset-2,New Data/Good Quality Tomato/(221).jpg
tomato_fresh_1198,tomato_fresh,vq2,CC0 1.0,https://www.kaggle.com/datasets/mdatikurrahman3111/vegetables-quality-dataset-2,New Data/Good Quality Tomato/(383).jpg
tomato_fresh_1199,tomato_fresh,vq2,CC0 1.0,https://www.kaggle.com/datasets/mdatikurrahman3111/vegetables-quality-dataset-2,New Data/Good Quality Tomato/(187).jpg
tomato_fresh_1200,tomato_fresh,vq2,CC0 1.0,https://www.kaggle.com/datasets/mdatikurrahman3111/vegetables-quality-dataset-2,New Data/Good Quality Tomato/(126).jpg
tomato_fresh_1201,tomato_fresh,vq2,CC0 1.0,https://www.kaggle.com/datasets/mdatikurrahman3111/vegetables-quality-dataset-2,New Data/Good Quality Tomato/(382).jpg
tomato_fresh_1202,tomato_fresh,vq2,CC0 1.0,https://www.kaggle.com/datasets/mdatikurrahman3111/vegetables-quality-dataset-2,New Data/Good Quality Tomato/(168).jpg
tomato_fresh_1203,tomato_fresh,vq2,CC0 1.0,https://www.kaggle.com/datasets/mdatikurrahman3111/vegetables-quality-dataset-2,New Data/Good Quality Tomato/(400).jpg
tomato_fresh_1204,tomato_fresh,vq2,CC0 1.0,https://www.kaggle.com/datasets/mdatikurrahman3111/vegetables-quality-dataset-2,New Data/Good Quality Tomato/(378).jpg
tomato_fresh_1205,tomato_fresh,vq2,CC0 1.0,https://www.kaggle.com/datasets/mdatikurrahman3111/vegetables-quality-dataset-2,New Data/Good Quality Tomato/(15).jpg
tomato_fresh_1206,tomato_fresh,vq2,CC0 1.0,https://www.kaggle.com/datasets/mdatikurrahman3111/vegetables-quality-dataset-2,New Data/Good Quality Tomato/(184).jpg
tomato_fresh_1207,tomato_fresh,vq2,CC0 1.0,https://www.kaggle.com/datasets/mdatikurrahman3111/vegetables-quality-dataset-2,New Data/Good Quality Tomato/(162).jpg
tomato_fresh_1208,tomato_fresh,vq2,CC0 1.0,https://www.kaggle.com/datasets/mdatikurrahman3111/vegetables-quality-dataset-2,New Data/Good Quality Tomato/(103).jpg
tomato_fresh_1209,tomato_fresh,vq2,CC0 1.0,https://www.kaggle.com/datasets/mdatikurrahman3111/vegetables-quality-dataset-2,New Data/Good Quality Tomato/(178).jpg
tomato_fresh_1210,tomato_fresh,vq2,CC0 1.0,https://www.kaggle.com/datasets/mdatikurrahman3111/vegetables-quality-dataset-2,New Data/Good Quality Tomato/(100).jpg
tomato_fresh_1211,tomato_fresh,vq2,CC0 1.0,https://www.kaggle.com/datasets/mdatikurrahman3111/vegetables-quality-dataset-2,New Data/Good Quality Tomato/(11).jpg
tomato_rotten_1282,tomato_rotten,vq2,CC0 1.0,https://www.kaggle.com/datasets/mdatikurrahman3111/vegetables-quality-dataset-2,New Data/Bad Quality Tomato/(196).jpg
tomato_rotten_1283,tomato_rotten,vq2,CC0 1.0,https://www.kaggle.com/datasets/mdatikurrahman3111/vegetables-quality-dataset-2,New Data/Bad Quality Tomato/(117).jpg
tomato_rotten_1284,tomato_rotten,vq2,CC0 1.0,https://www.kaggle.com/datasets/mdatikurrahman3111/vegetables-quality-dataset-2,New Data/Bad Quality Tomato/(17).jpg
tomato_rotten_1285,tomato_rotten,vq2,CC0 1.0,https://www.kaggle.com/datasets/mdatikurrahman3111/vegetables-quality-dataset-2,New Data/Bad Quality Tomato/(198).jpg
tomato_rotten_1286,tomato_rotten,vq2,CC0 1.0,https://www.kaggle.com/datasets/mdatikurrahman3111/vegetables-quality-dataset-2,New Data/Bad Quality Tomato/(207).jpg
tomato_rotten_1287,tomato_rotten,vq2,CC0 1.0,https://www.kaggle.com/datasets/mdatikurrahman3111/vegetables-quality-dataset-2,New Data/Bad Quality Tomato/(202).jpg
tomato_rotten_1288,tomato_rotten,vq2,CC0 1.0,https://www.kaggle.com/datasets/mdatikurrahman3111/vegetables-quality-dataset-2,New Data/Bad Quality Tomato/(190).jpg
tomato_rotten_1289,tomato_rotten,vq2,CC0 1.0,https://www.kaggle.com/datasets/mdatikurrahman3111/vegetables-quality-dataset-2,New Data/Bad Quality Tomato/(108).jpg
tomato_rotten_1290,tomato_rotten,vq2,CC0 1.0,https://www.kaggle.com/datasets/mdatikurrahman3111/vegetables-quality-dataset-2,New Data/Bad Quality Tomato/(270).jpg
tomato_rotten_1291,tomato_rotten,vq2,CC0 1.0,https://www.kaggle.com/datasets/mdatikurrahman3111/vegetables-quality-dataset-2,New Data/Bad Quality Tomato/(126).jpg
tomato_rotten_1292,tomato_rotten,vq2,CC0 1.0,https://www.kaggle.com/datasets/mdatikurrahman3111/vegetables-quality-dataset-2,New Data/Bad Quality Tomato/(162).jpg
tomato_rotten_1293,tomato_rotten,vq2,CC0 1.0,https://www.kaggle.com/datasets/mdatikurrahman3111/vegetables-quality-dataset-2,New Data/Bad Quality Tomato/(4).jpg
tomato_rotten_1294,tomato_rotten,vq2,CC0 1.0,https://www.kaggle.com/datasets/mdatikurrahman3111/vegetables-quality-dataset-2,New Data/Bad Quality Tomato/(12).jpg
tomato_rotten_1295,tomato_rotten,vq2,CC0 1.0,https://www.kaggle.com/datasets/mdatikurrahman3111/vegetables-quality-dataset-2,New Data/Bad Quality Tomato/(9).jpg
tomato_rotten_1296,tomato_rotten,vq2,CC0 1.0,https://www.kaggle.com/datasets/mdatikurrahman3111/vegetables-quality-dataset-2,New Data/Bad Quality Tomato/(14).jpg
tomato_rotten_1297,tomato_rotten,vq2,CC0 1.0,https://www.kaggle.com/datasets/mdatikurrahman3111/vegetables-quality-dataset-2,New Data/Bad Quality Tomato/(187).jpg
tomato_rotten_1298,tomato_rotten,vq2,CC0 1.0,https://www.kaggle.com/datasets/mdatikurrahman3111/vegetables-quality-dataset-2,New Data/Bad Quality Tomato/(206).jpg
tomato_rotten_1299,tomato_rotten,vq2,CC0 1.0,https://www.kaggle.com/datasets/mdatikurrahman3111/vegetables-quality-dataset-2,New Data/Bad Quality Tomato/(226).jpg
tomato_rotten_1300,tomato_rotten,vq2,CC0 1.0,https://www.kaggle.com/datasets/mdatikurrahman3111/vegetables-quality-dataset-2,New Data/Bad Quality Tomato/(85).jpg
tomato_rotten_1301,tomato_rotten,vq2,CC0 1.0,https://www.kaggle.com/datasets/mdatikurrahman3111/vegetables-quality-dataset-2,New Data/Bad Quality Tomato/(120).jpg
tomato_rotten_1302,tomato_rotten,vq2,CC0 1.0,https://www.kaggle.com/datasets/mdatikurrahman3111/vegetables-quality-dataset-2,New Data/Bad Quality Tomato/(103).jpg
tomato_rotten_1303,tomato_rotten,vq2,CC0 1.0,https://www.kaggle.com/datasets/mdatikurrahman3111/vegetables-quality-dataset-2,New Data/Bad Quality Tomato/(221).jpg
tomato_rotten_1304,tomato_rotten,vq2,CC0 1.0,https://www.kaggle.com/datasets/mdatikurrahman3111/vegetables-quality-dataset-2,New Data/Bad Quality Tomato/(179).jpg
tomato_rotten_1305,tomato_rotten,vq2,CC0 1.0,https://www.kaggle.com/datasets/mdatikurrahman3111/vegetables-quality-dataset-2,New Data/Bad Quality Tomato/(125).jpg
tomato_rotten_1306,tomato_rotten,vq2,CC0 1.0,https://www.kaggle.com/datasets/mdatikurrahman3111/vegetables-quality-dataset-2,New Data/Bad Quality Tomato/(195).jpg
tomato_rotten_1307,tomato_rotten,vq2,CC0 1.0,https://www.kaggle.com/datasets/mdatikurrahman3111/vegetables-quality-dataset-2,New Data/Bad Quality Tomato/(115).jpg
tomato_rotten_1308,tomato_rotten,vq2,CC0 1.0,https://www.kaggle.com/datasets/mdatikurrahman3111/vegetables-quality-dataset-2,New Data/Bad Quality Tomato/(213).jpg
tomato_rotten_1309,tomato_rotten,vq2,CC0 1.0,https://www.kaggle.com/datasets/mdatikurrahman3111/vegetables-quality-dataset-2,New Data/Bad Quality Tomato/(135).jpg
tomato_rotten_1310,tomato_rotten,vq2,CC0 1.0,https://www.kaggle.com/datasets/mdatikurrahman3111/vegetables-quality-dataset-2,New Data/Bad Quality Tomato/(199).jpg
tomato_rotten_1311,tomato_rotten,vq2,CC0 1.0,https://www.kaggle.com/datasets/mdatikurrahman3111/vegetables-quality-dataset-2,New Data/Bad Quality Tomato/(2).jpg
tomato_rotten_1312,tomato_rotten,vq2,CC0 1.0,https://www.kaggle.com/datasets/mdatikurrahman3111/vegetables-quality-dataset-2,New Data/Bad Quality Tomato/(24).jpg
tomato_rotten_1313,tomato_rotten,vq2,CC0 1.0,https://www.kaggle.com/datasets/mdatikurrahman3111/vegetables-quality-dataset-2,New Data/Bad Quality Tomato/(184).jpg
tomato_rotten_1314,tomato_rotten,vq2,CC0 1.0,https://www.kaggle.com/datasets/mdatikurrahman3111/vegetables-quality-dataset-2,New Data/Bad Quality Tomato/(155).jpg
tomato_rotten_1315,tomato_rotten,vq2,CC0 1.0,https://www.kaggle.com/datasets/mdatikurrahman3111/vegetables-quality-dataset-2,New Data/Bad Quality Tomato/(146).jpg
tomato_rotten_1316,tomato_rotten,vq2,CC0 1.0,https://www.kaggle.com/datasets/mdatikurrahman3111/vegetables-quality-dataset-2,New Data/Bad Quality Tomato/(214).jpg
tomato_rotten_1317,tomato_rotten,vq2,CC0 1.0,https://www.kaggle.com/datasets/mdatikurrahman3111/vegetables-quality-dataset-2,New Data/Bad Quality Tomato/(167).jpg
tomato_rotten_1318,tomato_rotten,vq2,CC0 1.0,https://www.kaggle.com/datasets/mdatikurrahman3111/vegetables-quality-dataset-2,New Data/Bad Quality Tomato/(188).jpg
tomato_rotten_1319,tomato_rotten,vq2,CC0 1.0,https://www.kaggle.com/datasets/mdatikurrahman3111/vegetables-quality-dataset-2,New Data/Bad Quality Tomato/(148).jpg
tomato_rotten_1320,tomato_rotten,vq2,CC0 1.0,https://www.kaggle.com/datasets/mdatikurrahman3111/vegetables-quality-dataset-2,New Data/Bad Quality Tomato/(158).jpg
tomato_rotten_1321,tomato_rotten,vq2,CC0 1.0,https://www.kaggle.com/datasets/mdatikurrahman3111/vegetables-quality-dataset-2,New Data/Bad Quality Tomato/(132).jpg
tomato_rotten_1322,tomato_rotten,vq2,CC0 1.0,https://www.kaggle.com/datasets/mdatikurrahman3111/vegetables-quality-dataset-2,New Data/Bad Quality Tomato/(216).jpg
tomato_rotten_1323,tomato_rotten,vq2,CC0 1.0,https://www.kaggle.com/datasets/mdatikurrahman3111/vegetables-quality-dataset-2,New Data/Bad Quality Tomato/(137).jpg
tomato_rotten_1324,tomato_rotten,vq2,CC0 1.0,https://www.kaggle.com/datasets/mdatikurrahman3111/vegetables-quality-dataset-2,New Data/Bad Quality Tomato/(201).jpg
tomato_rotten_1325,tomato_rotten,vq2,CC0 1.0,https://www.kaggle.com/datasets/mdatikurrahman3111/vegetables-quality-dataset-2,New Data/Bad Quality Tomato/(172).jpg
tomato_rotten_1326,tomato_rotten,vq2,CC0 1.0,https://www.kaggle.com/datasets/mdatikurrahman3111/vegetables-quality-dataset-2,New Data/Bad Quality Tomato/(3).jpg
tomato_rotten_1327,tomato_rotten,vq2,CC0 1.0,https://www.kaggle.com/datasets/mdatikurrahman3111/vegetables-quality-dataset-2,New Data/Bad Quality Tomato/(194).jpg
tomato_rotten_1328,tomato_rotten,vq2,CC0 1.0,https://www.kaggle.com/datasets/mdatikurrahman3111/vegetables-quality-dataset-2,New Data/Bad Quality Tomato/(152).jpg
tomato_rotten_1329,tomato_rotten,vq2,CC0 1.0,https://www.kaggle.com/datasets/mdatikurrahman3111/vegetables-quality-dataset-2,New Data/Bad Quality Tomato/(192).jpg
tomato_rotten_1330,tomato_rotten,vq2,CC0 1.0,https://www.kaggle.com/datasets/mdatikurrahman3111/vegetables-quality-dataset-2,New Data/Bad Quality Tomato/(161).jpg
tomato_rotten_1331,tomato_rotten,vq2,CC0 1.0,https://www.kaggle.com/datasets/mdatikurrahman3111/vegetables-quality-dataset-2,New Data/Bad Quality Tomato/(86).jpg
tomato_rotten_1332,tomato_rotten,vq2,CC0 1.0,https://www.kaggle.com/datasets/mdatikurrahman3111/vegetables-quality-dataset-2,New Data/Bad Quality Tomato/(223).jpg
tomato_rotten_1333,tomato_rotten,vq2,CC0 1.0,https://www.kaggle.com/datasets/mdatikurrahman3111/vegetables-quality-dataset-2,New Data/Bad Quality Tomato/(203).jpg
tomato_rotten_1334,tomato_rotten,vq2,CC0 1.0,https://www.kaggle.com/datasets/mdatikurrahman3111/vegetables-quality-dataset-2,New Data/Bad Quality Tomato/(100).jpg
tomato_rotten_1335,tomato_rotten,vq2,CC0 1.0,https://www.kaggle.com/datasets/mdatikurrahman3111/vegetables-quality-dataset-2,New Data/Bad Quality Tomato/(151).jpg
tomato_rotten_1336,tomato_rotten,vq2,CC0 1.0,https://www.kaggle.com/datasets/mdatikurrahman3111/vegetables-quality-dataset-2,New Data/Bad Quality Tomato/(109).jpg
tomato_rotten_1337,tomato_rotten,vq2,CC0 1.0,https://www.kaggle.com/datasets/mdatikurrahman3111/vegetables-quality-dataset-2,New Data/Bad Quality Tomato/(105).jpg
tomato_rotten_1338,tomato_rotten,vq2,CC0 1.0,https://www.kaggle.com/datasets/mdatikurrahman3111/vegetables-quality-dataset-2,New Data/Bad Quality Tomato/(58).jpg
tomato_rotten_1339,tomato_rotten,vq2,CC0 1.0,https://www.kaggle.com/datasets/mdatikurrahman3111/vegetables-quality-dataset-2,New Data/Bad Quality Tomato/(168).jpg
tomato_rotten_1340,tomato_rotten,vq2,CC0 1.0,https://www.kaggle.com/datasets/mdatikurrahman3111/vegetables-quality-dataset-2,New Data/Bad Quality Tomato/(150).jpg
tomato_rotten_1341,tomato_rotten,vq2,CC0 1.0,https://www.kaggle.com/datasets/mdatikurrahman3111/vegetables-quality-dataset-2,New Data/Bad Quality Tomato/(175).jpg
carrot_fresh_0165,carrot_fresh,vq2,CC0 1.0,https://www.kaggle.com/datasets/mdatikurrahman3111/vegetables-quality-dataset-2,New Data/Good Quality Carrot/(56).jpg
carrot_fresh_0166,carrot_fresh,vq2,CC0 1.0,https://www.kaggle.com/datasets/mdatikurrahman3111/vegetables-quality-dataset-2,New Data/Good Quality Carrot/(264).jpg
carrot_fresh_0167,carrot_fresh,vq2,CC0 1.0,https://www.kaggle.com/datasets/mdatikurrahman3111/vegetables-quality-dataset-2,New Data/Good Quality Carrot/(31).jpg
carrot_fresh_0168,carrot_fresh,vq2,CC0 1.0,https://www.kaggle.com/datasets/mdatikurrahman3111/vegetables-quality-dataset-2,New Data/Good Quality Carrot/(149).jpg
carrot_fresh_0169,carrot_fresh,vq2,CC0 1.0,https://www.kaggle.com/datasets/mdatikurrahman3111/vegetables-quality-dataset-2,New Data/Good Quality Carrot/(42).jpg
carrot_fresh_0170,carrot_fresh,vq2,CC0 1.0,https://www.kaggle.com/datasets/mdatikurrahman3111/vegetables-quality-dataset-2,New Data/Good Quality Carrot/(157).jpg
carrot_fresh_0171,carrot_fresh,vq2,CC0 1.0,https://www.kaggle.com/datasets/mdatikurrahman3111/vegetables-quality-dataset-2,New Data/Good Quality Carrot/(20).jpg
carrot_fresh_0172,carrot_fresh,vq2,CC0 1.0,https://www.kaggle.com/datasets/mdatikurrahman3111/vegetables-quality-dataset-2,New Data/Good Quality Carrot/(254).jpg
carrot_fresh_0173,carrot_fresh,vq2,CC0 1.0,https://www.kaggle.com/datasets/mdatikurrahman3111/vegetables-quality-dataset-2,New Data/Good Quality Carrot/(263).jpg
carrot_fresh_0174,carrot_fresh,vq2,CC0 1.0,https://www.kaggle.com/datasets/mdatikurrahman3111/vegetables-quality-dataset-2,New Data/Good Quality Carrot/(284).jpg
carrot_fresh_0175,carrot_fresh,vq2,CC0 1.0,https://www.kaggle.com/datasets/mdatikurrahman3111/vegetables-quality-dataset-2,New Data/Good Quality Carrot/(40).jpg
carrot_fresh_0176,carrot_fresh,vq2,CC0 1.0,https://www.kaggle.com/datasets/mdatikurrahman3111/vegetables-quality-dataset-2,New Data/Good Quality Carrot/(257).jpg
carrot_fresh_0177,carrot_fresh,vq2,CC0 1.0,https://www.kaggle.com/datasets/mdatikurrahman3111/vegetables-quality-dataset-2,New Data/Good Quality Carrot/(142).jpg
carrot_fresh_0178,carrot_fresh,vq2,CC0 1.0,https://www.kaggle.com/datasets/mdatikurrahman3111/vegetables-quality-dataset-2,New Data/Good Quality Carrot/(35).jpg
carrot_fresh_0179,carrot_fresh,vq2,CC0 1.0,https://www.kaggle.com/datasets/mdatikurrahman3111/vegetables-quality-dataset-2,New Data/Good Quality Carrot/(317).jpg
carrot_fresh_0180,carrot_fresh,vq2,CC0 1.0,https://www.kaggle.com/datasets/mdatikurrahman3111/vegetables-quality-dataset-2,New Data/Good Quality Carrot/(66).jpg
carrot_fresh_0181,carrot_fresh,vq2,CC0 1.0,https://www.kaggle.com/datasets/mdatikurrahman3111/vegetables-quality-dataset-2,New Data/Good Quality Carrot/(153).jpg
carrot_fresh_0182,carrot_fresh,vq2,CC0 1.0,https://www.kaggle.com/datasets/mdatikurrahman3111/vegetables-quality-dataset-2,New Data/Good Quality Carrot/(23).jpg
carrot_fresh_0183,carrot_fresh,vq2,CC0 1.0,https://www.kaggle.com/datasets/mdatikurrahman3111/vegetables-quality-dataset-2,New Data/Good Quality Carrot/(58).jpg
carrot_fresh_0184,carrot_fresh,vq2,CC0 1.0,https://www.kaggle.com/datasets/mdatikurrahman3111/vegetables-quality-dataset-2,New Data/Good Quality Carrot/(22).jpg
carrot_fresh_0185,carrot_fresh,vq2,CC0 1.0,https://www.kaggle.com/datasets/mdatikurrahman3111/vegetables-quality-dataset-2,New Data/Good Quality Carrot/(156).jpg
carrot_fresh_0186,carrot_fresh,vq2,CC0 1.0,https://www.kaggle.com/datasets/mdatikurrahman3111/vegetables-quality-dataset-2,New Data/Good Quality Carrot/(158).jpg
carrot_fresh_0187,carrot_fresh,vq2,CC0 1.0,https://www.kaggle.com/datasets/mdatikurrahman3111/vegetables-quality-dataset-2,New Data/Good Quality Carrot/(150).jpg
carrot_fresh_0188,carrot_fresh,vq2,CC0 1.0,https://www.kaggle.com/datasets/mdatikurrahman3111/vegetables-quality-dataset-2,New Data/Good Quality Carrot/(241).jpg
carrot_fresh_0189,carrot_fresh,vq2,CC0 1.0,https://www.kaggle.com/datasets/mdatikurrahman3111/vegetables-quality-dataset-2,New Data/Good Quality Carrot/(17).jpg
carrot_fresh_0190,carrot_fresh,vq2,CC0 1.0,https://www.kaggle.com/datasets/mdatikurrahman3111/vegetables-quality-dataset-2,New Data/Good Quality Carrot/(137).jpg
carrot_fresh_0191,carrot_fresh,vq2,CC0 1.0,https://www.kaggle.com/datasets/mdatikurrahman3111/vegetables-quality-dataset-2,New Data/Good Quality Carrot/(52).jpg
carrot_fresh_0192,carrot_fresh,vq2,CC0 1.0,https://www.kaggle.com/datasets/mdatikurrahman3111/vegetables-quality-dataset-2,New Data/Good Quality Carrot/(14).jpg
carrot_fresh_0193,carrot_fresh,vq2,CC0 1.0,https://www.kaggle.com/datasets/mdatikurrahman3111/vegetables-quality-dataset-2,New Data/Good Quality Carrot/(59).jpg
carrot_fresh_0194,carrot_fresh,vq2,CC0 1.0,https://www.kaggle.com/datasets/mdatikurrahman3111/vegetables-quality-dataset-2,New Data/Good Quality Carrot/(8).jpg
carrot_fresh_0195,carrot_fresh,vq2,CC0 1.0,https://www.kaggle.com/datasets/mdatikurrahman3111/vegetables-quality-dataset-2,New Data/Good Quality Carrot/(117).jpg
carrot_fresh_0196,carrot_fresh,vq2,CC0 1.0,https://www.kaggle.com/datasets/mdatikurrahman3111/vegetables-quality-dataset-2,New Data/Good Quality Carrot/(15).jpg
carrot_fresh_0197,carrot_fresh,vq2,CC0 1.0,https://www.kaggle.com/datasets/mdatikurrahman3111/vegetables-quality-dataset-2,New Data/Good Quality Carrot/(60).jpg
carrot_fresh_0198,carrot_fresh,vq2,CC0 1.0,https://www.kaggle.com/datasets/mdatikurrahman3111/vegetables-quality-dataset-2,New Data/Good Quality Carrot/(72).jpg
carrot_fresh_0199,carrot_fresh,vq2,CC0 1.0,https://www.kaggle.com/datasets/mdatikurrahman3111/vegetables-quality-dataset-2,New Data/Good Quality Carrot/(43).jpg
carrot_fresh_0200,carrot_fresh,vq2,CC0 1.0,https://www.kaggle.com/datasets/mdatikurrahman3111/vegetables-quality-dataset-2,New Data/Good Quality Carrot/(154).jpg
carrot_fresh_0201,carrot_fresh,vq2,CC0 1.0,https://www.kaggle.com/datasets/mdatikurrahman3111/vegetables-quality-dataset-2,New Data/Good Quality Carrot/(51).jpg
carrot_fresh_0202,carrot_fresh,vq2,CC0 1.0,https://www.kaggle.com/datasets/mdatikurrahman3111/vegetables-quality-dataset-2,New Data/Good Quality Carrot/(108).jpg
carrot_fresh_0203,carrot_fresh,vq2,CC0 1.0,https://www.kaggle.com/datasets/mdatikurrahman3111/vegetables-quality-dataset-2,New Data/Good Quality Carrot/(25).jpg
carrot_fresh_0204,carrot_fresh,vq2,CC0 1.0,https://www.kaggle.com/datasets/mdatikurrahman3111/vegetables-quality-dataset-2,New Data/Good Quality Carrot/(101).jpg
carrot_fresh_0205,carrot_fresh,vq2,CC0 1.0,https://www.kaggle.com/datasets/mdatikurrahman3111/vegetables-quality-dataset-2,New Data/Good Quality Carrot/(249).jpg
carrot_fresh_0206,carrot_fresh,vq2,CC0 1.0,https://www.kaggle.com/datasets/mdatikurrahman3111/vegetables-quality-dataset-2,New Data/Good Quality Carrot/(30).jpg
carrot_fresh_0207,carrot_fresh,vq2,CC0 1.0,https://www.kaggle.com/datasets/mdatikurrahman3111/vegetables-quality-dataset-2,New Data/Good Quality Carrot/(314).jpg
carrot_fresh_0208,carrot_fresh,vq2,CC0 1.0,https://www.kaggle.com/datasets/mdatikurrahman3111/vegetables-quality-dataset-2,New Data/Good Quality Carrot/(246).jpg
carrot_fresh_0209,carrot_fresh,vq2,CC0 1.0,https://www.kaggle.com/datasets/mdatikurrahman3111/vegetables-quality-dataset-2,New Data/Good Quality Carrot/(34).jpg
carrot_fresh_0210,carrot_fresh,vq2,CC0 1.0,https://www.kaggle.com/datasets/mdatikurrahman3111/vegetables-quality-dataset-2,New Data/Good Quality Carrot/(165).jpg
carrot_fresh_0211,carrot_fresh,vq2,CC0 1.0,https://www.kaggle.com/datasets/mdatikurrahman3111/vegetables-quality-dataset-2,New Data/Good Quality Carrot/(50).jpg
carrot_fresh_0212,carrot_fresh,vq2,CC0 1.0,https://www.kaggle.com/datasets/mdatikurrahman3111/vegetables-quality-dataset-2,New Data/Good Quality Carrot/(247).jpg
carrot_fresh_0213,carrot_fresh,vq2,CC0 1.0,https://www.kaggle.com/datasets/mdatikurrahman3111/vegetables-quality-dataset-2,New Data/Good Quality Carrot/(300).jpg
carrot_fresh_0214,carrot_fresh,vq2,CC0 1.0,https://www.kaggle.com/datasets/mdatikurrahman3111/vegetables-quality-dataset-2,New Data/Good Quality Carrot/(28).jpg
carrot_fresh_0215,carrot_fresh,vq2,CC0 1.0,https://www.kaggle.com/datasets/mdatikurrahman3111/vegetables-quality-dataset-2,New Data/Good Quality Carrot/(296).jpg
carrot_fresh_0216,carrot_fresh,vq2,CC0 1.0,https://www.kaggle.com/datasets/mdatikurrahman3111/vegetables-quality-dataset-2,New Data/Good Quality Carrot/(48).jpg
carrot_fresh_0217,carrot_fresh,vq2,CC0 1.0,https://www.kaggle.com/datasets/mdatikurrahman3111/vegetables-quality-dataset-2,New Data/Good Quality Carrot/(316).jpg
carrot_fresh_0218,carrot_fresh,vq2,CC0 1.0,https://www.kaggle.com/datasets/mdatikurrahman3111/vegetables-quality-dataset-2,New Data/Good Quality Carrot/(252).jpg
carrot_fresh_0219,carrot_fresh,vq2,CC0 1.0,https://www.kaggle.com/datasets/mdatikurrahman3111/vegetables-quality-dataset-2,New Data/Good Quality Carrot/(262).jpg
carrot_fresh_0220,carrot_fresh,vq2,CC0 1.0,https://www.kaggle.com/datasets/mdatikurrahman3111/vegetables-quality-dataset-2,New Data/Good Quality Carrot/(54).jpg
carrot_fresh_0221,carrot_fresh,vq2,CC0 1.0,https://www.kaggle.com/datasets/mdatikurrahman3111/vegetables-quality-dataset-2,New Data/Good Quality Carrot/(192).jpg
carrot_fresh_0222,carrot_fresh,vq2,CC0 1.0,https://www.kaggle.com/datasets/mdatikurrahman3111/vegetables-quality-dataset-2,New Data/Good Quality Carrot/(240).jpg
carrot_fresh_0223,carrot_fresh,vq2,CC0 1.0,https://www.kaggle.com/datasets/mdatikurrahman3111/vegetables-quality-dataset-2,New Data/Good Quality Carrot/(196).jpg
carrot_fresh_0224,carrot_fresh,vq2,CC0 1.0,https://www.kaggle.com/datasets/mdatikurrahman3111/vegetables-quality-dataset-2,New Data/Good Quality Carrot/(129).jpg
carrot_rotten_0165,carrot_rotten,vq2,CC0 1.0,https://www.kaggle.com/datasets/mdatikurrahman3111/vegetables-quality-dataset-2,New Data/Bad Quality Carrot/(433).jpg
carrot_rotten_0166,carrot_rotten,vq2,CC0 1.0,https://www.kaggle.com/datasets/mdatikurrahman3111/vegetables-quality-dataset-2,New Data/Bad Quality Carrot/(238).jpg
carrot_rotten_0167,carrot_rotten,vq2,CC0 1.0,https://www.kaggle.com/datasets/mdatikurrahman3111/vegetables-quality-dataset-2,New Data/Bad Quality Carrot/(33).jpg
carrot_rotten_0168,carrot_rotten,vq2,CC0 1.0,https://www.kaggle.com/datasets/mdatikurrahman3111/vegetables-quality-dataset-2,New Data/Bad Quality Carrot/(64).jpg
carrot_rotten_0169,carrot_rotten,vq2,CC0 1.0,https://www.kaggle.com/datasets/mdatikurrahman3111/vegetables-quality-dataset-2,New Data/Bad Quality Carrot/(44).jpg
carrot_rotten_0170,carrot_rotten,vq2,CC0 1.0,https://www.kaggle.com/datasets/mdatikurrahman3111/vegetables-quality-dataset-2,New Data/Bad Quality Carrot/(59).jpg
carrot_rotten_0171,carrot_rotten,vq2,CC0 1.0,https://www.kaggle.com/datasets/mdatikurrahman3111/vegetables-quality-dataset-2,New Data/Bad Quality Carrot/(255).jpg
carrot_rotten_0172,carrot_rotten,vq2,CC0 1.0,https://www.kaggle.com/datasets/mdatikurrahman3111/vegetables-quality-dataset-2,New Data/Bad Quality Carrot/(107).jpg
carrot_rotten_0173,carrot_rotten,vq2,CC0 1.0,https://www.kaggle.com/datasets/mdatikurrahman3111/vegetables-quality-dataset-2,New Data/Bad Quality Carrot/(35).jpg
carrot_rotten_0174,carrot_rotten,vq2,CC0 1.0,https://www.kaggle.com/datasets/mdatikurrahman3111/vegetables-quality-dataset-2,New Data/Bad Quality Carrot/(434).jpg
carrot_rotten_0175,carrot_rotten,vq2,CC0 1.0,https://www.kaggle.com/datasets/mdatikurrahman3111/vegetables-quality-dataset-2,New Data/Bad Quality Carrot/(304).jpg
carrot_rotten_0176,carrot_rotten,vq2,CC0 1.0,https://www.kaggle.com/datasets/mdatikurrahman3111/vegetables-quality-dataset-2,New Data/Bad Quality Carrot/(100).jpg
carrot_rotten_0177,carrot_rotten,vq2,CC0 1.0,https://www.kaggle.com/datasets/mdatikurrahman3111/vegetables-quality-dataset-2,New Data/Bad Quality Carrot/(249).jpg
carrot_rotten_0178,carrot_rotten,vq2,CC0 1.0,https://www.kaggle.com/datasets/mdatikurrahman3111/vegetables-quality-dataset-2,New Data/Bad Quality Carrot/(48).jpg
carrot_rotten_0179,carrot_rotten,vq2,CC0 1.0,https://www.kaggle.com/datasets/mdatikurrahman3111/vegetables-quality-dataset-2,New Data/Bad Quality Carrot/(86).jpg
carrot_rotten_0180,carrot_rotten,vq2,CC0 1.0,https://www.kaggle.com/datasets/mdatikurrahman3111/vegetables-quality-dataset-2,New Data/Bad Quality Carrot/(440).jpg
carrot_rotten_0181,carrot_rotten,vq2,CC0 1.0,https://www.kaggle.com/datasets/mdatikurrahman3111/vegetables-quality-dataset-2,New Data/Bad Quality Carrot/(159).jpg
carrot_rotten_0182,carrot_rotten,vq2,CC0 1.0,https://www.kaggle.com/datasets/mdatikurrahman3111/vegetables-quality-dataset-2,New Data/Bad Quality Carrot/(585).jpg
carrot_rotten_0183,carrot_rotten,vq2,CC0 1.0,https://www.kaggle.com/datasets/mdatikurrahman3111/vegetables-quality-dataset-2,New Data/Bad Quality Carrot/(500).jpg
carrot_rotten_0184,carrot_rotten,vq2,CC0 1.0,https://www.kaggle.com/datasets/mdatikurrahman3111/vegetables-quality-dataset-2,New Data/Bad Quality Carrot/(342).jpg
carrot_rotten_0185,carrot_rotten,vq2,CC0 1.0,https://www.kaggle.com/datasets/mdatikurrahman3111/vegetables-quality-dataset-2,New Data/Bad Quality Carrot/(574).jpg
carrot_rotten_0186,carrot_rotten,vq2,CC0 1.0,https://www.kaggle.com/datasets/mdatikurrahman3111/vegetables-quality-dataset-2,New Data/Bad Quality Carrot/(411).jpg
carrot_rotten_0187,carrot_rotten,vq2,CC0 1.0,https://www.kaggle.com/datasets/mdatikurrahman3111/vegetables-quality-dataset-2,New Data/Bad Quality Carrot/(241).jpg
carrot_rotten_0188,carrot_rotten,vq2,CC0 1.0,https://www.kaggle.com/datasets/mdatikurrahman3111/vegetables-quality-dataset-2,New Data/Bad Quality Carrot/(267).jpg
carrot_rotten_0189,carrot_rotten,vq2,CC0 1.0,https://www.kaggle.com/datasets/mdatikurrahman3111/vegetables-quality-dataset-2,New Data/Bad Quality Carrot/(328).jpg
carrot_rotten_0190,carrot_rotten,vq2,CC0 1.0,https://www.kaggle.com/datasets/mdatikurrahman3111/vegetables-quality-dataset-2,New Data/Bad Quality Carrot/(25).jpg
carrot_rotten_0191,carrot_rotten,vq2,CC0 1.0,https://www.kaggle.com/datasets/mdatikurrahman3111/vegetables-quality-dataset-2,New Data/Bad Quality Carrot/(233).jpg
carrot_rotten_0192,carrot_rotten,vq2,CC0 1.0,https://www.kaggle.com/datasets/mdatikurrahman3111/vegetables-quality-dataset-2,New Data/Bad Quality Carrot/(31).jpg
carrot_rotten_0193,carrot_rotten,vq2,CC0 1.0,https://www.kaggle.com/datasets/mdatikurrahman3111/vegetables-quality-dataset-2,New Data/Bad Quality Carrot/(288).jpg
carrot_rotten_0194,carrot_rotten,vq2,CC0 1.0,https://www.kaggle.com/datasets/mdatikurrahman3111/vegetables-quality-dataset-2,New Data/Bad Quality Carrot/(30).jpg
carrot_rotten_0195,carrot_rotten,vq2,CC0 1.0,https://www.kaggle.com/datasets/mdatikurrahman3111/vegetables-quality-dataset-2,New Data/Bad Quality Carrot/(2).jpg
carrot_rotten_0196,carrot_rotten,vq2,CC0 1.0,https://www.kaggle.com/datasets/mdatikurrahman3111/vegetables-quality-dataset-2,New Data/Bad Quality Carrot/(306).jpg
carrot_rotten_0197,carrot_rotten,vq2,CC0 1.0,https://www.kaggle.com/datasets/mdatikurrahman3111/vegetables-quality-dataset-2,New Data/Bad Quality Carrot/(179).jpg
carrot_rotten_0198,carrot_rotten,vq2,CC0 1.0,https://www.kaggle.com/datasets/mdatikurrahman3111/vegetables-quality-dataset-2,New Data/Bad Quality Carrot/(598).jpg
carrot_rotten_0199,carrot_rotten,vq2,CC0 1.0,https://www.kaggle.com/datasets/mdatikurrahman3111/vegetables-quality-dataset-2,New Data/Bad Quality Carrot/(50).jpg
carrot_rotten_0200,carrot_rotten,vq2,CC0 1.0,https://www.kaggle.com/datasets/mdatikurrahman3111/vegetables-quality-dataset-2,New Data/Bad Quality Carrot/(496).jpg
carrot_rotten_0201,carrot_rotten,vq2,CC0 1.0,https://www.kaggle.com/datasets/mdatikurrahman3111/vegetables-quality-dataset-2,New Data/Bad Quality Carrot/(508).jpg
carrot_rotten_0202,carrot_rotten,vq2,CC0 1.0,https://www.kaggle.com/datasets/mdatikurrahman3111/vegetables-quality-dataset-2,New Data/Bad Quality Carrot/(504).jpg
carrot_rotten_0203,carrot_rotten,vq2,CC0 1.0,https://www.kaggle.com/datasets/mdatikurrahman3111/vegetables-quality-dataset-2,New Data/Bad Quality Carrot/(305).jpg
carrot_rotten_0204,carrot_rotten,vq2,CC0 1.0,https://www.kaggle.com/datasets/mdatikurrahman3111/vegetables-quality-dataset-2,New Data/Bad Quality Carrot/(662).jpg
carrot_rotten_0205,carrot_rotten,vq2,CC0 1.0,https://www.kaggle.com/datasets/mdatikurrahman3111/vegetables-quality-dataset-2,New Data/Bad Quality Carrot/(99).jpg
carrot_rotten_0206,carrot_rotten,vq2,CC0 1.0,https://www.kaggle.com/datasets/mdatikurrahman3111/vegetables-quality-dataset-2,New Data/Bad Quality Carrot/(135).jpg
carrot_rotten_0207,carrot_rotten,vq2,CC0 1.0,https://www.kaggle.com/datasets/mdatikurrahman3111/vegetables-quality-dataset-2,New Data/Bad Quality Carrot/(40).jpg
carrot_rotten_0208,carrot_rotten,vq2,CC0 1.0,https://www.kaggle.com/datasets/mdatikurrahman3111/vegetables-quality-dataset-2,New Data/Bad Quality Carrot/(404).jpg
carrot_rotten_0209,carrot_rotten,vq2,CC0 1.0,https://www.kaggle.com/datasets/mdatikurrahman3111/vegetables-quality-dataset-2,New Data/Bad Quality Carrot/(211).jpg
carrot_rotten_0210,carrot_rotten,vq2,CC0 1.0,https://www.kaggle.com/datasets/mdatikurrahman3111/vegetables-quality-dataset-2,New Data/Bad Quality Carrot/(324).jpg
carrot_rotten_0211,carrot_rotten,vq2,CC0 1.0,https://www.kaggle.com/datasets/mdatikurrahman3111/vegetables-quality-dataset-2,New Data/Bad Quality Carrot/(121).jpg
carrot_rotten_0212,carrot_rotten,vq2,CC0 1.0,https://www.kaggle.com/datasets/mdatikurrahman3111/vegetables-quality-dataset-2,New Data/Bad Quality Carrot/(19).jpg
carrot_rotten_0213,carrot_rotten,vq2,CC0 1.0,https://www.kaggle.com/datasets/mdatikurrahman3111/vegetables-quality-dataset-2,New Data/Bad Quality Carrot/(406).jpg
carrot_rotten_0214,carrot_rotten,vq2,CC0 1.0,https://www.kaggle.com/datasets/mdatikurrahman3111/vegetables-quality-dataset-2,New Data/Bad Quality Carrot/(661).jpg
carrot_rotten_0215,carrot_rotten,vq2,CC0 1.0,https://www.kaggle.com/datasets/mdatikurrahman3111/vegetables-quality-dataset-2,New Data/Bad Quality Carrot/(256).jpg
carrot_rotten_0216,carrot_rotten,vq2,CC0 1.0,https://www.kaggle.com/datasets/mdatikurrahman3111/vegetables-quality-dataset-2,New Data/Bad Quality Carrot/(251).jpg
carrot_rotten_0217,carrot_rotten,vq2,CC0 1.0,https://www.kaggle.com/datasets/mdatikurrahman3111/vegetables-quality-dataset-2,New Data/Bad Quality Carrot/(80).jpg
carrot_rotten_0218,carrot_rotten,vq2,CC0 1.0,https://www.kaggle.com/datasets/mdatikurrahman3111/vegetables-quality-dataset-2,New Data/Bad Quality Carrot/(221).jpg
carrot_rotten_0219,carrot_rotten,vq2,CC0 1.0,https://www.kaggle.com/datasets/mdatikurrahman3111/vegetables-quality-dataset-2,New Data/Bad Quality Carrot/(278).jpg
carrot_rotten_0220,carrot_rotten,vq2,CC0 1.0,https://www.kaggle.com/datasets/mdatikurrahman3111/vegetables-quality-dataset-2,New Data/Bad Quality Carrot/(228).jpg
carrot_rotten_0221,carrot_rotten,vq2,CC0 1.0,https://www.kaggle.com/datasets/mdatikurrahman3111/vegetables-quality-dataset-2,New Data/Bad Quality Carrot/(198).jpg
carrot_rotten_0222,carrot_rotten,vq2,CC0 1.0,https://www.kaggle.com/datasets/mdatikurrahman3111/vegetables-quality-dataset-2,New Data/Bad Quality Carrot/(152).jpg
carrot_rotten_0223,carrot_rotten,vq2,CC0 1.0,https://www.kaggle.com/datasets/mdatikurrahman3111/vegetables-quality-dataset-2,New Data/Bad Quality Carrot/(365).jpg
carrot_rotten_0224,carrot_rotten,vq2,CC0 1.0,https://www.kaggle.com/datasets/mdatikurrahman3111/vegetables-quality-dataset-2,New Data/Bad Quality Carrot/(464).jpg
tomato_fresh_1212,tomato_fresh,razwan,MIT,https://www.kaggle.com/datasets/razwansultan/tomato-disease-dataset-both-leaf-and-fruit,Fruit/healthy/h80_jpg.rf.2b6bf527141945173c557f9e101897a1.jpg
tomato_fresh_1213,tomato_fresh,razwan,MIT,https://www.kaggle.com/datasets/razwansultan/tomato-disease-dataset-both-leaf-and-fruit,Fruit/healthy/h34_jpg.rf.ac0ac5c2ebd0a56f204337123d105ddb.jpg
tomato_fresh_1214,tomato_fresh,razwan,MIT,https://www.kaggle.com/datasets/razwansultan/tomato-disease-dataset-both-leaf-and-fruit,Fruit/healthy/h61_jpg.rf.6acdd5f1f8cfa0f0b21f262ea6dbd7a5.jpg
tomato_fresh_1215,tomato_fresh,razwan,MIT,https://www.kaggle.com/datasets/razwansultan/tomato-disease-dataset-both-leaf-and-fruit,Fruit/healthy/h74_jpg.rf.9099e960b2d4f753e33eece731cdb921.jpg
tomato_fresh_1216,tomato_fresh,razwan,MIT,https://www.kaggle.com/datasets/razwansultan/tomato-disease-dataset-both-leaf-and-fruit,Fruit/healthy/h76_jpg.rf.96a0267eddeaf4dc9dbc41459dcbb948.jpg
tomato_fresh_1217,tomato_fresh,razwan,MIT,https://www.kaggle.com/datasets/razwansultan/tomato-disease-dataset-both-leaf-and-fruit,Fruit/healthy/h61_jpg.rf.92ddde0419354ab344451683ba153c47.jpg
tomato_fresh_1218,tomato_fresh,razwan,MIT,https://www.kaggle.com/datasets/razwansultan/tomato-disease-dataset-both-leaf-and-fruit,Fruit/healthy/h85_jpg.rf.7875c3f442b1389cfc6bd90ce9412e78.jpg
tomato_fresh_1219,tomato_fresh,razwan,MIT,https://www.kaggle.com/datasets/razwansultan/tomato-disease-dataset-both-leaf-and-fruit,Fruit/healthy/h54_jpg.rf.1b226ee5225e71abe7a5e045daecc9d4.jpg
tomato_fresh_1220,tomato_fresh,razwan,MIT,https://www.kaggle.com/datasets/razwansultan/tomato-disease-dataset-both-leaf-and-fruit,Fruit/healthy/h76_jpg.rf.0bc313526e71af5d3469ffb690ea7697.jpg
tomato_fresh_1221,tomato_fresh,razwan,MIT,https://www.kaggle.com/datasets/razwansultan/tomato-disease-dataset-both-leaf-and-fruit,Fruit/healthy/h16_zoom_2_jpg.rf.18124d5c05d1edc79dcb107943352ca6.jpg
tomato_fresh_1222,tomato_fresh,razwan,MIT,https://www.kaggle.com/datasets/razwansultan/tomato-disease-dataset-both-leaf-and-fruit,Fruit/healthy/h7_jpg.rf.4578537fcbbfbc17f898805497174caa.jpg
tomato_fresh_1223,tomato_fresh,razwan,MIT,https://www.kaggle.com/datasets/razwansultan/tomato-disease-dataset-both-leaf-and-fruit,Fruit/healthy/h65_jpg.rf.12f63d19329a97632f42c7f3c2fab8fc.jpg
tomato_fresh_1224,tomato_fresh,razwan,MIT,https://www.kaggle.com/datasets/razwansultan/tomato-disease-dataset-both-leaf-and-fruit,Fruit/healthy/h4_jpg.rf.7c42ef4f6025d4bb27e557a42c2e8a67.jpg
tomato_fresh_1225,tomato_fresh,razwan,MIT,https://www.kaggle.com/datasets/razwansultan/tomato-disease-dataset-both-leaf-and-fruit,Fruit/healthy/h35_jpg.rf.eea3752288922dbe4ae967b8ec21e5eb.jpg
tomato_fresh_1226,tomato_fresh,razwan,MIT,https://www.kaggle.com/datasets/razwansultan/tomato-disease-dataset-both-leaf-and-fruit,Fruit/healthy/h58_jpg.rf.a6f91705c5489b56563eecc8aecccb15.jpg
tomato_fresh_1227,tomato_fresh,razwan,MIT,https://www.kaggle.com/datasets/razwansultan/tomato-disease-dataset-both-leaf-and-fruit,Fruit/healthy/h16_zoom_5_jpg.rf.da938d4137aaecda6da3b2a6cea1f1e0.jpg
tomato_fresh_1228,tomato_fresh,razwan,MIT,https://www.kaggle.com/datasets/razwansultan/tomato-disease-dataset-both-leaf-and-fruit,Fruit/healthy/h16_zoom_3_jpg.rf.99542d5f40157c4e4cc4175f1ae24f1d.jpg
tomato_fresh_1229,tomato_fresh,razwan,MIT,https://www.kaggle.com/datasets/razwansultan/tomato-disease-dataset-both-leaf-and-fruit,Fruit/healthy/h27_jpg.rf.9cfb07bf992d9f00205c4268102926f0.jpg
tomato_fresh_1230,tomato_fresh,razwan,MIT,https://www.kaggle.com/datasets/razwansultan/tomato-disease-dataset-both-leaf-and-fruit,Fruit/healthy/h16_jpg.rf.720e784726ff3e97a9b911c2d7a4e486.jpg
tomato_fresh_1231,tomato_fresh,razwan,MIT,https://www.kaggle.com/datasets/razwansultan/tomato-disease-dataset-both-leaf-and-fruit,Fruit/healthy/h66_jpg.rf.7a6971c3862b50cdf284d0f04641d268.jpg
tomato_fresh_1232,tomato_fresh,razwan,MIT,https://www.kaggle.com/datasets/razwansultan/tomato-disease-dataset-both-leaf-and-fruit,Fruit/healthy/h26_jpg.rf.d62ebcedaa288d60bea7b7d9b1830920.jpg
tomato_fresh_1233,tomato_fresh,razwan,MIT,https://www.kaggle.com/datasets/razwansultan/tomato-disease-dataset-both-leaf-and-fruit,Fruit/healthy/h38_jpg.rf.bdd15373b37572e296771669c0a9e7bb.jpg
tomato_fresh_1234,tomato_fresh,razwan,MIT,https://www.kaggle.com/datasets/razwansultan/tomato-disease-dataset-both-leaf-and-fruit,Fruit/healthy/h6_jpg.rf.1c34882c715fe473397916d0f0c424e5.jpg
tomato_fresh_1235,tomato_fresh,razwan,MIT,https://www.kaggle.com/datasets/razwansultan/tomato-disease-dataset-both-leaf-and-fruit,Fruit/healthy/h56_jpg.rf.56be9c02cb5093db27cfd724978337ac.jpg
tomato_fresh_1236,tomato_fresh,razwan,MIT,https://www.kaggle.com/datasets/razwansultan/tomato-disease-dataset-both-leaf-and-fruit,Fruit/healthy/h49_jpg.rf.e887f0c98b29eb54f30f553ad6459e2d.jpg
tomato_fresh_1237,tomato_fresh,razwan,MIT,https://www.kaggle.com/datasets/razwansultan/tomato-disease-dataset-both-leaf-and-fruit,Fruit/healthy/h80_jpg.rf.c10fa2b41fc1da28cace694822496021.jpg
tomato_fresh_1238,tomato_fresh,razwan,MIT,https://www.kaggle.com/datasets/razwansultan/tomato-disease-dataset-both-leaf-and-fruit,Fruit/healthy/h33_jpg.rf.457c9fd61429f42bab186d6a73de403f.jpg
tomato_fresh_1239,tomato_fresh,razwan,MIT,https://www.kaggle.com/datasets/razwansultan/tomato-disease-dataset-both-leaf-and-fruit,Fruit/healthy/h50_jpg.rf.7c651609e314c08f66fe138da8c60af8.jpg
tomato_fresh_1240,tomato_fresh,razwan,MIT,https://www.kaggle.com/datasets/razwansultan/tomato-disease-dataset-both-leaf-and-fruit,Fruit/healthy/h42_jpg.rf.8b7999c47811b5d40813cea2036e3ca9.jpg
tomato_fresh_1241,tomato_fresh,razwan,MIT,https://www.kaggle.com/datasets/razwansultan/tomato-disease-dataset-both-leaf-and-fruit,Fruit/healthy/h11_jpg.rf.164cca75efb33f2b22f72931f5ff5f27.jpg
tomato_fresh_1242,tomato_fresh,razwan,MIT,https://www.kaggle.com/datasets/razwansultan/tomato-disease-dataset-both-leaf-and-fruit,Fruit/healthy/h56_jpg.rf.f5f07b1a8a2dc85ad5e610bbb0c2c158.jpg
tomato_fresh_1243,tomato_fresh,razwan,MIT,https://www.kaggle.com/datasets/razwansultan/tomato-disease-dataset-both-leaf-and-fruit,Fruit/healthy/h83_jpg.rf.12487e4d177bf370792ce2d57aad9aba.jpg
tomato_fresh_1244,tomato_fresh,razwan,MIT,https://www.kaggle.com/datasets/razwansultan/tomato-disease-dataset-both-leaf-and-fruit,Fruit/healthy/h70_jpg.rf.9a0380287375f20feee1c9be5aee3194.jpg
tomato_fresh_1245,tomato_fresh,razwan,MIT,https://www.kaggle.com/datasets/razwansultan/tomato-disease-dataset-both-leaf-and-fruit,Fruit/healthy/h75_jpg.rf.7494272884b0d419a3b77d19f4b7b6f0.jpg
tomato_fresh_1246,tomato_fresh,razwan,MIT,https://www.kaggle.com/datasets/razwansultan/tomato-disease-dataset-both-leaf-and-fruit,Fruit/healthy/h57_jpg.rf.15f3de1ef81504b85a3540bc40b26a83.jpg
tomato_fresh_1247,tomato_fresh,razwan,MIT,https://www.kaggle.com/datasets/razwansultan/tomato-disease-dataset-both-leaf-and-fruit,Fruit/healthy/h2_jpg.rf.a9b028543510b0fb3ac9fa8ff8920a21.jpg
tomato_fresh_1248,tomato_fresh,razwan,MIT,https://www.kaggle.com/datasets/razwansultan/tomato-disease-dataset-both-leaf-and-fruit,Fruit/healthy/h39_jpg.rf.0e5fe564f5f2b0d6a8bf70a24298bfe2.jpg
tomato_fresh_1249,tomato_fresh,razwan,MIT,https://www.kaggle.com/datasets/razwansultan/tomato-disease-dataset-both-leaf-and-fruit,Fruit/healthy/h63_jpg.rf.e1c393b46665bf825d37132e9aadad8e.jpg
tomato_fresh_1250,tomato_fresh,razwan,MIT,https://www.kaggle.com/datasets/razwansultan/tomato-disease-dataset-both-leaf-and-fruit,Fruit/healthy/h13_jpg.rf.da8819433f2f934fa2ff99ff0c7c5468.jpg
tomato_fresh_1251,tomato_fresh,razwan,MIT,https://www.kaggle.com/datasets/razwansultan/tomato-disease-dataset-both-leaf-and-fruit,Fruit/healthy/h2_jpg.rf.9a2b64d78f0c926f7b45d599812e94df.jpg
tomato_fresh_1252,tomato_fresh,razwan,MIT,https://www.kaggle.com/datasets/razwansultan/tomato-disease-dataset-both-leaf-and-fruit,Fruit/healthy/h73_jpg.rf.b16b0078d5e2697e983158b3dbd73684.jpg
tomato_fresh_1253,tomato_fresh,razwan,MIT,https://www.kaggle.com/datasets/razwansultan/tomato-disease-dataset-both-leaf-and-fruit,Fruit/healthy/h53_jpg.rf.d5560dc41cb5d6bd7d371b951c40a420.jpg
tomato_fresh_1254,tomato_fresh,razwan,MIT,https://www.kaggle.com/datasets/razwansultan/tomato-disease-dataset-both-leaf-and-fruit,Fruit/healthy/h16_jpg.rf.1cb76a99a9dae8209a30d7ed044735f7.jpg
tomato_fresh_1255,tomato_fresh,razwan,MIT,https://www.kaggle.com/datasets/razwansultan/tomato-disease-dataset-both-leaf-and-fruit,Fruit/healthy/h47_jpg.rf.3c899eca05bf96d55687de1f78ffe1ae.jpg
tomato_fresh_1256,tomato_fresh,razwan,MIT,https://www.kaggle.com/datasets/razwansultan/tomato-disease-dataset-both-leaf-and-fruit,Fruit/healthy/h82_jpg.rf.341ae192de61946e18d3d9e07aaf1f72.jpg
tomato_fresh_1257,tomato_fresh,razwan,MIT,https://www.kaggle.com/datasets/razwansultan/tomato-disease-dataset-both-leaf-and-fruit,Fruit/healthy/h11_jpg.rf.d442c15dec60167c07261dfc4730c442.jpg
tomato_fresh_1258,tomato_fresh,razwan,MIT,https://www.kaggle.com/datasets/razwansultan/tomato-disease-dataset-both-leaf-and-fruit,Fruit/healthy/h6_jpg.rf.1654ab9ace28016ff68c45e2b1b5e2d0.jpg
tomato_fresh_1259,tomato_fresh,razwan,MIT,https://www.kaggle.com/datasets/razwansultan/tomato-disease-dataset-both-leaf-and-fruit,Fruit/healthy/h5_jpg.rf.4014bc678f1ab73522ba00b89a97dafa.jpg
tomato_fresh_1260,tomato_fresh,razwan,MIT,https://www.kaggle.com/datasets/razwansultan/tomato-disease-dataset-both-leaf-and-fruit,Fruit/healthy/h67_jpg.rf.9c49f1faaebd4d1f1629661210ca9645.jpg
tomato_fresh_1261,tomato_fresh,razwan,MIT,https://www.kaggle.com/datasets/razwansultan/tomato-disease-dataset-both-leaf-and-fruit,Fruit/healthy/h38_jpg.rf.df29000e8506c455a6106bfcba286bdd.jpg
tomato_rotten_1342,tomato_rotten,razwan,MIT,https://www.kaggle.com/datasets/razwansultan/tomato-disease-dataset-both-leaf-and-fruit,Fruit/anthracnose/anthracnose_24-Copy_png.rf.e93f114f28a88c99d1ba5cb5d9c04c9b.jpg
tomato_rotten_1343,tomato_rotten,razwan,MIT,https://www.kaggle.com/datasets/razwansultan/tomato-disease-dataset-both-leaf-and-fruit,Fruit/blossom/Blossom_end_root_11_zoom_1_jpeg.rf.a5422fbbeb79808fdd61c01bcaf30181.jpg
tomato_rotten_1344,tomato_rotten,razwan,MIT,https://www.kaggle.com/datasets/razwansultan/tomato-disease-dataset-both-leaf-and-fruit,Fruit/anthracnose/anthracnose_6_zoom_3_png.rf.a4573babc5bfc870175f7854feba164a.jpg
tomato_rotten_1345,tomato_rotten,razwan,MIT,https://www.kaggle.com/datasets/razwansultan/tomato-disease-dataset-both-leaf-and-fruit,Fruit/blossom/Blossom_end_root_16-Copy_png.rf.d9a762ffa32feefd91a2b997e4d40698.jpg
tomato_rotten_1346,tomato_rotten,razwan,MIT,https://www.kaggle.com/datasets/razwansultan/tomato-disease-dataset-both-leaf-and-fruit,Fruit/blight/L_blight_2-Copy_jpg.rf.295348492081944ee2ee94fec55e4756.jpg
tomato_rotten_1347,tomato_rotten,razwan,MIT,https://www.kaggle.com/datasets/razwansultan/tomato-disease-dataset-both-leaf-and-fruit,Fruit/anthracnose/anthracnose2_jpg.rf.3171b5fe7c94c4970b0bde4a4332eeaa.jpg
tomato_rotten_1348,tomato_rotten,razwan,MIT,https://www.kaggle.com/datasets/razwansultan/tomato-disease-dataset-both-leaf-and-fruit,Fruit/blossom/Blossom_end_root_24-Copy_png.rf.3e342ad78c9594029833cfc9676a8cb8.jpg
tomato_rotten_1349,tomato_rotten,razwan,MIT,https://www.kaggle.com/datasets/razwansultan/tomato-disease-dataset-both-leaf-and-fruit,Fruit/mold/Gray_Mold_13-Copy_jpg.rf.aa7f6515645142d1e1c2d34e961f5ace.jpg
tomato_rotten_1350,tomato_rotten,razwan,MIT,https://www.kaggle.com/datasets/razwansultan/tomato-disease-dataset-both-leaf-and-fruit,Fruit/blossom/Blossom_end_root_35_png.rf.80ee08f38f3ecb611ac7c4dcf34284e8.jpg
tomato_rotten_1351,tomato_rotten,razwan,MIT,https://www.kaggle.com/datasets/razwansultan/tomato-disease-dataset-both-leaf-and-fruit,Fruit/anthracnose/anthracnose20_zoom_3_jpg.rf.7cf262e2e7df3ac88c50d49754a2e3f4.jpg
tomato_rotten_1352,tomato_rotten,razwan,MIT,https://www.kaggle.com/datasets/razwansultan/tomato-disease-dataset-both-leaf-and-fruit,Fruit/blossom/Blossom_end_root_16_zoom_2_png.rf.b8fcba0ae0dad097759a1cda83bd5810.jpg
tomato_rotten_1353,tomato_rotten,razwan,MIT,https://www.kaggle.com/datasets/razwansultan/tomato-disease-dataset-both-leaf-and-fruit,Fruit/blight/L_blight_4_zoom_3_jpg.rf.ef0225b05612aaf03d952b0c34c61856.jpg
tomato_rotten_1354,tomato_rotten,razwan,MIT,https://www.kaggle.com/datasets/razwansultan/tomato-disease-dataset-both-leaf-and-fruit,Fruit/mold/Gray_Mold_15_jpg.rf.b9f5e42b57df721a607df79e7aa18c67.jpg
tomato_rotten_1355,tomato_rotten,razwan,MIT,https://www.kaggle.com/datasets/razwansultan/tomato-disease-dataset-both-leaf-and-fruit,Fruit/blossom/Blossom_end_root_5-Copy_png.rf.85c789144219cb03c1ca7b1f985e2607.jpg
tomato_rotten_1356,tomato_rotten,razwan,MIT,https://www.kaggle.com/datasets/razwansultan/tomato-disease-dataset-both-leaf-and-fruit,Fruit/blossom/Blossom_end_root_22-Copy_png.rf.9f9d93d67ed72508212fc56ae84dd399.jpg
tomato_rotten_1357,tomato_rotten,razwan,MIT,https://www.kaggle.com/datasets/razwansultan/tomato-disease-dataset-both-leaf-and-fruit,Fruit/mold/Gray_Mold_8_zoom_3_jpg.rf.4262dc71aa6a986ceca5ce5e8043aae4.jpg
tomato_rotten_1358,tomato_rotten,razwan,MIT,https://www.kaggle.com/datasets/razwansultan/tomato-disease-dataset-both-leaf-and-fruit,Fruit/anthracnose/anthracnose_13-Copy_png.rf.80267c7f407916422f6e60417f53c842.jpg
tomato_rotten_1359,tomato_rotten,razwan,MIT,https://www.kaggle.com/datasets/razwansultan/tomato-disease-dataset-both-leaf-and-fruit,Fruit/mold/White_Mold_2_png.rf.ba8aabae81a84a78ccdac4647961e9a5.jpg
tomato_rotten_1360,tomato_rotten,razwan,MIT,https://www.kaggle.com/datasets/razwansultan/tomato-disease-dataset-both-leaf-and-fruit,Fruit/mold/White_Mold_5_zoom_1_jpg.rf.d2230beaf7a70eb4ca477743772f7935.jpg
tomato_rotten_1361,tomato_rotten,razwan,MIT,https://www.kaggle.com/datasets/razwansultan/tomato-disease-dataset-both-leaf-and-fruit,Fruit/anthracnose/anthracnose_3_zoom_2_png.rf.8c3b1fe1d4c68dd2fa1304da15540348.jpg
tomato_rotten_1362,tomato_rotten,razwan,MIT,https://www.kaggle.com/datasets/razwansultan/tomato-disease-dataset-both-leaf-and-fruit,Fruit/anthracnose/anthracnose18_zoom_2_jpg.rf.af45968045c1637bf097f1eb8ff49957.jpg
tomato_rotten_1363,tomato_rotten,razwan,MIT,https://www.kaggle.com/datasets/razwansultan/tomato-disease-dataset-both-leaf-and-fruit,Fruit/mold/Gray_Mold12_zoom_1_jpg.rf.ead436ff2b6c6bd325821a51c8149648.jpg
tomato_rotten_1364,tomato_rotten,razwan,MIT,https://www.kaggle.com/datasets/razwansultan/tomato-disease-dataset-both-leaf-and-fruit,Fruit/mold/White_Mold_1_zoom_5_jpg.rf.5d8ed5e759a1013eb65e8b4b758c544f.jpg
tomato_rotten_1365,tomato_rotten,razwan,MIT,https://www.kaggle.com/datasets/razwansultan/tomato-disease-dataset-both-leaf-and-fruit,Fruit/blight/L_blight_26_zoom_1_jpg.rf.94cb0e14249c6bc8db4ba3bcc544465c.jpg
tomato_rotten_1366,tomato_rotten,razwan,MIT,https://www.kaggle.com/datasets/razwansultan/tomato-disease-dataset-both-leaf-and-fruit,Fruit/blossom/Blossom_end_root_13-Copy_png.rf.9cbe47eb666d263b9899877f9c5a505c.jpg
tomato_rotten_1367,tomato_rotten,razwan,MIT,https://www.kaggle.com/datasets/razwansultan/tomato-disease-dataset-both-leaf-and-fruit,Fruit/blossom/Blossom_end_root_28-Copy_png.rf.a0d14023f794237adcf4591576a69330.jpg
tomato_rotten_1368,tomato_rotten,razwan,MIT,https://www.kaggle.com/datasets/razwansultan/tomato-disease-dataset-both-leaf-and-fruit,Fruit/blight/LateBlight_108_zoom_4_jpg.rf.6eb03a33b728c0a69216d8572bbf5d44.jpg
tomato_rotten_1369,tomato_rotten,razwan,MIT,https://www.kaggle.com/datasets/razwansultan/tomato-disease-dataset-both-leaf-and-fruit,Fruit/mold/White_Mold_19_zoom_4_jpg.rf.6fad2482674e9f173e118186dcdac2ba.jpg
tomato_rotten_1370,tomato_rotten,razwan,MIT,https://www.kaggle.com/datasets/razwansultan/tomato-disease-dataset-both-leaf-and-fruit,Fruit/mold/White_Mold_21_zoom_5_jpg.rf.1dbd08a4c8045bccb03b7ff097afa3f1.jpg
tomato_rotten_1371,tomato_rotten,razwan,MIT,https://www.kaggle.com/datasets/razwansultan/tomato-disease-dataset-both-leaf-and-fruit,Fruit/blossom/Blossom_end_root_14-Copy_zoom_5_png.rf.bd60e47eaccfc796f0d8785963a12508.jpg
tomato_rotten_1372,tomato_rotten,razwan,MIT,https://www.kaggle.com/datasets/razwansultan/tomato-disease-dataset-both-leaf-and-fruit,Fruit/blossom/Blossom_end_root_13-Copy_png.rf.400970d50e638d3c9d01229fcf79d480.jpg
tomato_rotten_1373,tomato_rotten,razwan,MIT,https://www.kaggle.com/datasets/razwansultan/tomato-disease-dataset-both-leaf-and-fruit,Fruit/mold/White_Mold_21_zoom_3_jpg.rf.1a001ec5754dc50942cfa5d8ba45127b.jpg
tomato_rotten_1374,tomato_rotten,razwan,MIT,https://www.kaggle.com/datasets/razwansultan/tomato-disease-dataset-both-leaf-and-fruit,Fruit/anthracnose/anthracnose_1_zoom_2_png.rf.96d9fd42fa2e8e0a1ce440c7c9df0d4f.jpg
tomato_rotten_1375,tomato_rotten,razwan,MIT,https://www.kaggle.com/datasets/razwansultan/tomato-disease-dataset-both-leaf-and-fruit,Fruit/blight/L_blight_1-Copy_jpg.rf.97ff187a134ef2008fc95a836f535cc8.jpg
tomato_rotten_1376,tomato_rotten,razwan,MIT,https://www.kaggle.com/datasets/razwansultan/tomato-disease-dataset-both-leaf-and-fruit,Fruit/mold/Gray_Mold_23_zoom_1_jpg.rf.c8858e4be88a492fd17d22bea9707173.jpg
tomato_rotten_1377,tomato_rotten,razwan,MIT,https://www.kaggle.com/datasets/razwansultan/tomato-disease-dataset-both-leaf-and-fruit,Fruit/anthracnose/anthracnose_2-Copy_png.rf.82edc4bcd8fb79fe55fde27fa4631424.jpg
tomato_rotten_1378,tomato_rotten,razwan,MIT,https://www.kaggle.com/datasets/razwansultan/tomato-disease-dataset-both-leaf-and-fruit,Fruit/mold/White_Mold_1_jpg.rf.569f9ac52239f4c324e64492bb8a1620.jpg
tomato_rotten_1379,tomato_rotten,razwan,MIT,https://www.kaggle.com/datasets/razwansultan/tomato-disease-dataset-both-leaf-and-fruit,Fruit/mold/White_Mold_19_zoom_4_jpg.rf.e22cc3e8cca71b2de6e5c6e32943a5fb.jpg
tomato_rotten_1380,tomato_rotten,razwan,MIT,https://www.kaggle.com/datasets/razwansultan/tomato-disease-dataset-both-leaf-and-fruit,Fruit/anthracnose/anthracnose_10_zoom_3_png.rf.3418407bc5abf7ca5c46119b7cddb9f6.jpg
tomato_rotten_1381,tomato_rotten,razwan,MIT,https://www.kaggle.com/datasets/razwansultan/tomato-disease-dataset-both-leaf-and-fruit,Fruit/anthracnose/anthracnose20_zoom_2_jpg.rf.44fc6953ad02bf9329974ff2a4e19296.jpg
tomato_rotten_1382,tomato_rotten,razwan,MIT,https://www.kaggle.com/datasets/razwansultan/tomato-disease-dataset-both-leaf-and-fruit,Fruit/mold/Gray_Mold_21_jpg.rf.27b8d49047506ea4b1e2de42dde5aeb0.jpg
tomato_rotten_1383,tomato_rotten,razwan,MIT,https://www.kaggle.com/datasets/razwansultan/tomato-disease-dataset-both-leaf-and-fruit,Fruit/blight/L_blight_26_jpg.rf.1496f15e9e404f8ac7b896ae3efb2086.jpg
tomato_rotten_1384,tomato_rotten,razwan,MIT,https://www.kaggle.com/datasets/razwansultan/tomato-disease-dataset-both-leaf-and-fruit,Fruit/anthracnose/anthracnose_3_zoom_2_png.rf.810ad2580a0fbc506f3094f4335f7bca.jpg
tomato_rotten_1385,tomato_rotten,razwan,MIT,https://www.kaggle.com/datasets/razwansultan/tomato-disease-dataset-both-leaf-and-fruit,Fruit/blight/L_blight_26_zoom_5_jpg.rf.76465dc26cbe9038eaaaa4b0ea549cea.jpg
tomato_rotten_1386,tomato_rotten,razwan,MIT,https://www.kaggle.com/datasets/razwansultan/tomato-disease-dataset-both-leaf-and-fruit,Fruit/anthracnose/anthracnose_9_png.rf.7eb80eddc4fd8186452dcd866924fdbd.jpg
tomato_rotten_1387,tomato_rotten,razwan,MIT,https://www.kaggle.com/datasets/razwansultan/tomato-disease-dataset-both-leaf-and-fruit,Fruit/blossom/Blossom_end_root_16-Copy_zoom_2_png.rf.bc2150e6cf57cdfccf73ef2b9da43374.jpg
tomato_rotten_1388,tomato_rotten,razwan,MIT,https://www.kaggle.com/datasets/razwansultan/tomato-disease-dataset-both-leaf-and-fruit,Fruit/blossom/Blossom_end_root_18-Copy_png.rf.a87114facb022bf2b9f4a2ed647f30e5.jpg
tomato_rotten_1389,tomato_rotten,razwan,MIT,https://www.kaggle.com/datasets/razwansultan/tomato-disease-dataset-both-leaf-and-fruit,Fruit/blight/L_blight_2-Copy_zoom_2_jpg.rf.345679f4a8ea8bac7bada909d2440b83.jpg
tomato_rotten_1390,tomato_rotten,razwan,MIT,https://www.kaggle.com/datasets/razwansultan/tomato-disease-dataset-both-leaf-and-fruit,Fruit/blight/L_blight_4_zoom_2_jpg.rf.9325d80a269329091927ad68f733166c.jpg
tomato_rotten_1391,tomato_rotten,razwan,MIT,https://www.kaggle.com/datasets/razwansultan/tomato-disease-dataset-both-leaf-and-fruit,Fruit/anthracnose/anthracnose_12-Copy_png.rf.1398362c98815c3945cd2a952bd70eb1.jpg
tomato_fresh_1262,tomato_fresh,jimpax,CC BY 4.0,https://www.kaggle.com/datasets/jimpax/datasetv13,Healthy Fruits/image_0125.png
tomato_fresh_1263,tomato_fresh,jimpax,CC BY 4.0,https://www.kaggle.com/datasets/jimpax/datasetv13,Healthy Fruits/IMG_20260903_135629_441.jpg
tomato_fresh_1264,tomato_fresh,jimpax,CC BY 4.0,https://www.kaggle.com/datasets/jimpax/datasetv13,Healthy Fruits/IMG_20260903_135648.jpg
tomato_fresh_1265,tomato_fresh,jimpax,CC BY 4.0,https://www.kaggle.com/datasets/jimpax/datasetv13,Healthy Fruits/IMG20260903141105.jpg
tomato_fresh_1266,tomato_fresh,jimpax,CC BY 4.0,https://www.kaggle.com/datasets/jimpax/datasetv13,Healthy Fruits/IMG_20260903_135653.jpg
tomato_fresh_1267,tomato_fresh,jimpax,CC BY 4.0,https://www.kaggle.com/datasets/jimpax/datasetv13,Healthy Fruits/IMG_20260903_140144_493.jpg
tomato_fresh_1268,tomato_fresh,jimpax,CC BY 4.0,https://www.kaggle.com/datasets/jimpax/datasetv13,Healthy Fruits/IMG_9723.jpg
tomato_fresh_1269,tomato_fresh,jimpax,CC BY 4.0,https://www.kaggle.com/datasets/jimpax/datasetv13,Healthy Fruits/IMG_20260903_135140_084.jpg
tomato_fresh_1270,tomato_fresh,jimpax,CC BY 4.0,https://www.kaggle.com/datasets/jimpax/datasetv13,Healthy Fruits/IMG_20260903_093654.jpg
tomato_fresh_1271,tomato_fresh,jimpax,CC BY 4.0,https://www.kaggle.com/datasets/jimpax/datasetv13,Healthy Fruits/IMG_20260903_093411.jpg
tomato_fresh_1272,tomato_fresh,jimpax,CC BY 4.0,https://www.kaggle.com/datasets/jimpax/datasetv13,Healthy Fruits/IMG_9665.jpg
tomato_fresh_1273,tomato_fresh,jimpax,CC BY 4.0,https://www.kaggle.com/datasets/jimpax/datasetv13,Healthy Fruits/IMG_9714.jpg
tomato_fresh_1274,tomato_fresh,jimpax,CC BY 4.0,https://www.kaggle.com/datasets/jimpax/datasetv13,Healthy Fruits/IMG_20260903_135542_129.jpg
tomato_fresh_1275,tomato_fresh,jimpax,CC BY 4.0,https://www.kaggle.com/datasets/jimpax/datasetv13,Healthy Fruits/IMG_20260903_135144_657.jpg
tomato_fresh_1276,tomato_fresh,jimpax,CC BY 4.0,https://www.kaggle.com/datasets/jimpax/datasetv13,Healthy Fruits/IMG_20260903_093602.jpg
tomato_fresh_1277,tomato_fresh,jimpax,CC BY 4.0,https://www.kaggle.com/datasets/jimpax/datasetv13,Healthy Fruits/IMG_20260903_093639.jpg
tomato_fresh_1278,tomato_fresh,jimpax,CC BY 4.0,https://www.kaggle.com/datasets/jimpax/datasetv13,Healthy Fruits/IMG_20260903_135600_348.jpg
tomato_fresh_1279,tomato_fresh,jimpax,CC BY 4.0,https://www.kaggle.com/datasets/jimpax/datasetv13,Healthy Fruits/image_0010.png
tomato_fresh_1280,tomato_fresh,jimpax,CC BY 4.0,https://www.kaggle.com/datasets/jimpax/datasetv13,Healthy Fruits/image_0268.png
tomato_fresh_1281,tomato_fresh,jimpax,CC BY 4.0,https://www.kaggle.com/datasets/jimpax/datasetv13,Healthy Fruits/IMG_20260903_135208_424.jpg
tomato_fresh_1282,tomato_fresh,jimpax,CC BY 4.0,https://www.kaggle.com/datasets/jimpax/datasetv13,Healthy Fruits/IMG_20260903_135251.jpg
tomato_fresh_1283,tomato_fresh,jimpax,CC BY 4.0,https://www.kaggle.com/datasets/jimpax/datasetv13,Healthy Fruits/IMG_20260903_135031_523.jpg
tomato_fresh_1284,tomato_fresh,jimpax,CC BY 4.0,https://www.kaggle.com/datasets/jimpax/datasetv13,Healthy Fruits/IMG_9646.jpg
tomato_fresh_1285,tomato_fresh,jimpax,CC BY 4.0,https://www.kaggle.com/datasets/jimpax/datasetv13,Healthy Fruits/IMG_20260903_134925.jpg
tomato_fresh_1286,tomato_fresh,jimpax,CC BY 4.0,https://www.kaggle.com/datasets/jimpax/datasetv13,Healthy Fruits/IMG_20260903_093718.jpg
tomato_fresh_1287,tomato_fresh,jimpax,CC BY 4.0,https://www.kaggle.com/datasets/jimpax/datasetv13,Healthy Fruits/IMG20260903145603.jpg
tomato_fresh_1288,tomato_fresh,jimpax,CC BY 4.0,https://www.kaggle.com/datasets/jimpax/datasetv13,Healthy Fruits/IMG_9727.jpg
tomato_fresh_1289,tomato_fresh,jimpax,CC BY 4.0,https://www.kaggle.com/datasets/jimpax/datasetv13,Healthy Fruits/IMG_20260903_134928.jpg
tomato_fresh_1290,tomato_fresh,jimpax,CC BY 4.0,https://www.kaggle.com/datasets/jimpax/datasetv13,Healthy Fruits/IMG20260903141203.jpg
tomato_fresh_1291,tomato_fresh,jimpax,CC BY 4.0,https://www.kaggle.com/datasets/jimpax/datasetv13,Healthy Fruits/IMG_20260903_140034_609.jpg
tomato_fresh_1292,tomato_fresh,jimpax,CC BY 4.0,https://www.kaggle.com/datasets/jimpax/datasetv13,Healthy Fruits/IMG_20260903_135809_343.jpg
tomato_fresh_1293,tomato_fresh,jimpax,CC BY 4.0,https://www.kaggle.com/datasets/jimpax/datasetv13,Healthy Fruits/IMG_20260903_135620_456.jpg
tomato_fresh_1294,tomato_fresh,jimpax,CC BY 4.0,https://www.kaggle.com/datasets/jimpax/datasetv13,Healthy Fruits/IMG_9643.jpg
tomato_fresh_1295,tomato_fresh,jimpax,CC BY 4.0,https://www.kaggle.com/datasets/jimpax/datasetv13,Healthy Fruits/u (7).jpg
tomato_fresh_1296,tomato_fresh,jimpax,CC BY 4.0,https://www.kaggle.com/datasets/jimpax/datasetv13,Healthy Fruits/IMG_20260903_135311_672.jpg
tomato_fresh_1297,tomato_fresh,jimpax,CC BY 4.0,https://www.kaggle.com/datasets/jimpax/datasetv13,Healthy Fruits/IMG_20260402_173225.jpg
tomato_fresh_1298,tomato_fresh,jimpax,CC BY 4.0,https://www.kaggle.com/datasets/jimpax/datasetv13,Healthy Fruits/IMG_20260903_135135.jpg
tomato_fresh_1299,tomato_fresh,jimpax,CC BY 4.0,https://www.kaggle.com/datasets/jimpax/datasetv13,Healthy Fruits/IMG_20260903_140558_207.jpg
tomato_fresh_1300,tomato_fresh,jimpax,CC BY 4.0,https://www.kaggle.com/datasets/jimpax/datasetv13,Healthy Fruits/IMG_20260903_151300_333.jpg
tomato_fresh_1301,tomato_fresh,jimpax,CC BY 4.0,https://www.kaggle.com/datasets/jimpax/datasetv13,Healthy Fruits/image_0174.png
tomato_rotten_1392,tomato_rotten,jimpax,CC BY 4.0,https://www.kaggle.com/datasets/jimpax/datasetv13,Tomato_blossom_end_rot/DSC01041.JPG
tomato_rotten_1393,tomato_rotten,jimpax,CC BY 4.0,https://www.kaggle.com/datasets/jimpax/datasetv13,Tomato_blossom_end_rot/images950_jpg.rf.38c405bf2b10483488f28b16c778112d.jpg
tomato_rotten_1394,tomato_rotten,jimpax,CC BY 4.0,https://www.kaggle.com/datasets/jimpax/datasetv13,Tomato_blossom_end_rot/DSC01044.JPG
tomato_rotten_1395,tomato_rotten,jimpax,CC BY 4.0,https://www.kaggle.com/datasets/jimpax/datasetv13,Tomato_blossom_end_rot/images730_jpg.rf.82e8257d54cec0fb2c27034b8fa282ce.jpg
tomato_rotten_1396,tomato_rotten,jimpax,CC BY 4.0,https://www.kaggle.com/datasets/jimpax/datasetv13,Tomato_blossom_end_rot/DSC01045.JPG
tomato_rotten_1397,tomato_rotten,jimpax,CC BY 4.0,https://www.kaggle.com/datasets/jimpax/datasetv13,Tomato_blossom_end_rot/DSC01086.JPG
tomato_rotten_1398,tomato_rotten,jimpax,CC BY 4.0,https://www.kaggle.com/datasets/jimpax/datasetv13,Tomato_blossom_end_rot/IMG_20260301_093021.jpg
tomato_rotten_1399,tomato_rotten,jimpax,CC BY 4.0,https://www.kaggle.com/datasets/jimpax/datasetv13,Tomato_blossom_end_rot/IMG_20260301_094512.jpg
tomato_rotten_1400,tomato_rotten,jimpax,CC BY 4.0,https://www.kaggle.com/datasets/jimpax/datasetv13,Tomato_blossom_end_rot/IMG_20260903_140504.jpg
tomato_rotten_1401,tomato_rotten,jimpax,CC BY 4.0,https://www.kaggle.com/datasets/jimpax/datasetv13,Tomato_blossom_end_rot/DSC01046.JPG
tomato_rotten_1402,tomato_rotten,jimpax,CC BY 4.0,https://www.kaggle.com/datasets/jimpax/datasetv13,Tomato_blossom_end_rot/IMG_20260301_092515.jpg
tomato_rotten_1403,tomato_rotten,jimpax,CC BY 4.0,https://www.kaggle.com/datasets/jimpax/datasetv13,Tomato_blossom_end_rot/DSC01079.JPG
tomato_rotten_1404,tomato_rotten,jimpax,CC BY 4.0,https://www.kaggle.com/datasets/jimpax/datasetv13,Tomato_blossom_end_rot/DSC01117.JPG
tomato_rotten_1405,tomato_rotten,jimpax,CC BY 4.0,https://www.kaggle.com/datasets/jimpax/datasetv13,Tomato_blossom_end_rot/IMG_20260301_092930.jpg
tomato_rotten_1406,tomato_rotten,jimpax,CC BY 4.0,https://www.kaggle.com/datasets/jimpax/datasetv13,Tomato_blossom_end_rot/DSC01070.JPG
tomato_rotten_1407,tomato_rotten,jimpax,CC BY 4.0,https://www.kaggle.com/datasets/jimpax/datasetv13,Tomato_blossom_end_rot/IMG_20260301_092750_1.jpg
tomato_rotten_1408,tomato_rotten,jimpax,CC BY 4.0,https://www.kaggle.com/datasets/jimpax/datasetv13,Tomato_blossom_end_rot/IMG_20260301_093242.jpg
tomato_rotten_1409,tomato_rotten,jimpax,CC BY 4.0,https://www.kaggle.com/datasets/jimpax/datasetv13,Tomato_blossom_end_rot/IMG_20260301_085705.jpg
tomato_rotten_1410,tomato_rotten,jimpax,CC BY 4.0,https://www.kaggle.com/datasets/jimpax/datasetv13,Tomato_blossom_end_rot/d (100).png
tomato_rotten_1411,tomato_rotten,jimpax,CC BY 4.0,https://www.kaggle.com/datasets/jimpax/datasetv13,Tomato_blossom_end_rot/IMG_20260301_094500.jpg
tomato_rotten_1412,tomato_rotten,jimpax,CC BY 4.0,https://www.kaggle.com/datasets/jimpax/datasetv13,Tomato_blossom_end_rot/DSC01087.JPG
tomato_rotten_1413,tomato_rotten,jimpax,CC BY 4.0,https://www.kaggle.com/datasets/jimpax/datasetv13,Tomato_blossom_end_rot/IMG_20260301_094733_1.jpg
tomato_rotten_1414,tomato_rotten,jimpax,CC BY 4.0,https://www.kaggle.com/datasets/jimpax/datasetv13,Tomato_blossom_end_rot/ripe-red-tomato-spoiled-top-light-green-rot-hand-ripe-red-tomato-spoiled-top-light-green-rot-hand-199987358_jpg.rf.2a92c19f0e82327a39e0b6e22ee9639c.jpg
tomato_rotten_1415,tomato_rotten,jimpax,CC BY 4.0,https://www.kaggle.com/datasets/jimpax/datasetv13,Tomato_blossom_end_rot/image19_jpeg.rf.f0b10df9387e6a394c2a396e42c71ea5.jpg
tomato_rotten_1416,tomato_rotten,jimpax,CC BY 4.0,https://www.kaggle.com/datasets/jimpax/datasetv13,Tomato_blossom_end_rot/IMG_20260301_094740.jpg
tomato_rotten_1417,tomato_rotten,jimpax,CC BY 4.0,https://www.kaggle.com/datasets/jimpax/datasetv13,Tomato_blossom_end_rot/IMG_20260903_140623.jpg
tomato_rotten_1418,tomato_rotten,jimpax,CC BY 4.0,https://www.kaggle.com/datasets/jimpax/datasetv13,Tomato_blossom_end_rot/DSC01102.JPG
tomato_rotten_1419,tomato_rotten,jimpax,CC BY 4.0,https://www.kaggle.com/datasets/jimpax/datasetv13,Tomato_blossom_end_rot/DSC01055.JPG
tomato_rotten_1420,tomato_rotten,jimpax,CC BY 4.0,https://www.kaggle.com/datasets/jimpax/datasetv13,Tomato_blossom_end_rot/786428938_1579928083606152_3029585633149059255_n.jpg
tomato_rotten_1421,tomato_rotten,jimpax,CC BY 4.0,https://www.kaggle.com/datasets/jimpax/datasetv13,Tomato_blossom_end_rot/IMG_20260301_094349.jpg
tomato_rotten_1422,tomato_rotten,jimpax,CC BY 4.0,https://www.kaggle.com/datasets/jimpax/datasetv13,Tomato_blossom_end_rot/DSC01082.JPG
tomato_rotten_1423,tomato_rotten,jimpax,CC BY 4.0,https://www.kaggle.com/datasets/jimpax/datasetv13,Tomato_blossom_end_rot/DSC01073.JPG
tomato_rotten_1424,tomato_rotten,jimpax,CC BY 4.0,https://www.kaggle.com/datasets/jimpax/datasetv13,Tomato_blossom_end_rot/DSC01084.JPG
tomato_rotten_1425,tomato_rotten,jimpax,CC BY 4.0,https://www.kaggle.com/datasets/jimpax/datasetv13,Tomato_blossom_end_rot/IMG_20260301_093135_1.jpg
tomato_rotten_1426,tomato_rotten,jimpax,CC BY 4.0,https://www.kaggle.com/datasets/jimpax/datasetv13,Tomato_blossom_end_rot/DSC01112.JPG
tomato_rotten_1427,tomato_rotten,jimpax,CC BY 4.0,https://www.kaggle.com/datasets/jimpax/datasetv13,Tomato_blossom_end_rot/IMG_20260301_094543.jpg
tomato_rotten_1428,tomato_rotten,jimpax,CC BY 4.0,https://www.kaggle.com/datasets/jimpax/datasetv13,Tomato_blossom_end_rot/IMG_20260301_094138.jpg
tomato_rotten_1429,tomato_rotten,jimpax,CC BY 4.0,https://www.kaggle.com/datasets/jimpax/datasetv13,Tomato_blossom_end_rot/DSC01032.JPG
tomato_rotten_1430,tomato_rotten,jimpax,CC BY 4.0,https://www.kaggle.com/datasets/jimpax/datasetv13,Tomato_blossom_end_rot/IMG_20260301_092920.jpg
tomato_rotten_1431,tomato_rotten,jimpax,CC BY 4.0,https://www.kaggle.com/datasets/jimpax/datasetv13,Tomato_blossom_end_rot/IMG_20260301_093703.jpg
carrot_fresh_0225,carrot_fresh,vetion,ODbL 1.0 / DbCL 1.0,https://www.kaggle.com/datasets/vetion/vege-qualityVegetables/train/Wortel Nantes Bagus/download (1).jpg
carrot_fresh_0226,carrot_fresh,vetion,ODbL 1.0 / DbCL 1.0,https://www.kaggle.com/datasets/vetion/vege-qualityVegetables/train/Wortel Nantes Bagus/0139.jpg
carrot_fresh_0227,carrot_fresh,vetion,ODbL 1.0 / DbCL 1.0,https://www.kaggle.com/datasets/vetion/vege-qualityVegetables/train/Wortel Nantes Bagus/0332.jpg
carrot_fresh_0228,carrot_fresh,vetion,ODbL 1.0 / DbCL 1.0,https://www.kaggle.com/datasets/vetion/vege-qualityVegetables/test/Wortel Nantes Bagus/0194.jpg
carrot_fresh_0229,carrot_fresh,vetion,ODbL 1.0 / DbCL 1.0,https://www.kaggle.com/datasets/vetion/vege-qualityVegetables/train/Wortel Nantes Bagus/0331.jpg
carrot_fresh_0230,carrot_fresh,vetion,ODbL 1.0 / DbCL 1.0,https://www.kaggle.com/datasets/vetion/vege-qualityVegetables/train/Wortel Nantes Bagus/images (38).jpg
carrot_fresh_0231,carrot_fresh,vetion,ODbL 1.0 / DbCL 1.0,https://www.kaggle.com/datasets/vetion/vege-qualityVegetables/test/Wortel Nantes Bagus/0160.jpg
carrot_fresh_0232,carrot_fresh,vetion,ODbL 1.0 / DbCL 1.0,https://www.kaggle.com/datasets/vetion/vege-qualityVegetables/train/Wortel Nantes Bagus/images (52).jpg
carrot_fresh_0233,carrot_fresh,vetion,ODbL 1.0 / DbCL 1.0,https://www.kaggle.com/datasets/vetion/vege-qualityVegetables/train/Wortel Nantes Bagus/images (72).jpg
carrot_fresh_0234,carrot_fresh,vetion,ODbL 1.0 / DbCL 1.0,https://www.kaggle.com/datasets/vetion/vege-qualityVegetables/train/Wortel Nantes Bagus/images (54).jpg
carrot_fresh_0235,carrot_fresh,vetion,ODbL 1.0 / DbCL 1.0,https://www.kaggle.com/datasets/vetion/vege-qualityVegetables/test/Wortel Nantes Bagus/images (77).jpg
carrot_fresh_0236,carrot_fresh,vetion,ODbL 1.0 / DbCL 1.0,https://www.kaggle.com/datasets/vetion/vege-qualityVegetables/train/Wortel Nantes Bagus/0200.jpg
carrot_fresh_0237,carrot_fresh,vetion,ODbL 1.0 / DbCL 1.0,https://www.kaggle.com/datasets/vetion/vege-qualityVegetables/test/Wortel Nantes Bagus/0144.jpg
carrot_fresh_0238,carrot_fresh,vetion,ODbL 1.0 / DbCL 1.0,https://www.kaggle.com/datasets/vetion/vege-qualityVegetables/train/Wortel Nantes Bagus/download (2).jpg
carrot_fresh_0239,carrot_fresh,vetion,ODbL 1.0 / DbCL 1.0,https://www.kaggle.com/datasets/vetion/vege-qualityVegetables/train/Wortel Nantes Bagus/images (7).jpg
carrot_fresh_0240,carrot_fresh,vetion,ODbL 1.0 / DbCL 1.0,https://www.kaggle.com/datasets/vetion/vege-qualityVegetables/train/Wortel Nantes Bagus/images (29).jpg
carrot_fresh_0241,carrot_fresh,vetion,ODbL 1.0 / DbCL 1.0,https://www.kaggle.com/datasets/vetion/vege-qualityVegetables/train/Wortel Nantes Bagus/download (12).jpg
carrot_fresh_0242,carrot_fresh,vetion,ODbL 1.0 / DbCL 1.0,https://www.kaggle.com/datasets/vetion/vege-qualityVegetables/train/Wortel Nantes Bagus/images (88).jpg
carrot_fresh_0243,carrot_fresh,vetion,ODbL 1.0 / DbCL 1.0,https://www.kaggle.com/datasets/vetion/vege-qualityVegetables/train/Wortel Nantes Bagus/0399.jpg
carrot_fresh_0244,carrot_fresh,vetion,ODbL 1.0 / DbCL 1.0,https://www.kaggle.com/datasets/vetion/vege-qualityVegetables/train/Wortel Nantes Bagus/images (78).jpg
carrot_fresh_0245,carrot_fresh,vetion,ODbL 1.0 / DbCL 1.0,https://www.kaggle.com/datasets/vetion/vege-qualityVegetables/train/Wortel Nantes Bagus/0337.jpg
carrot_fresh_0246,carrot_fresh,vetion,ODbL 1.0 / DbCL 1.0,https://www.kaggle.com/datasets/vetion/vege-qualityVegetables/train/Wortel Nantes Bagus/0152.jpg
carrot_fresh_0247,carrot_fresh,vetion,ODbL 1.0 / DbCL 1.0,https://www.kaggle.com/datasets/vetion/vege-qualityVegetables/train/Wortel Nantes Bagus/download (15).jpg
carrot_fresh_0248,carrot_fresh,vetion,ODbL 1.0 / DbCL 1.0,https://www.kaggle.com/datasets/vetion/vege-qualityVegetables/train/Wortel Nantes Bagus/0365.jpg
carrot_fresh_0249,carrot_fresh,vetion,ODbL 1.0 / DbCL 1.0,https://www.kaggle.com/datasets/vetion/vege-qualityVegetables/train/Wortel Nantes Bagus/images (11).jpg
carrot_fresh_0250,carrot_fresh,vetion,ODbL 1.0 / DbCL 1.0,https://www.kaggle.com/datasets/vetion/vege-qualityVegetables/train/Wortel Nantes Bagus/0281.jpg
carrot_fresh_0251,carrot_fresh,vetion,ODbL 1.0 / DbCL 1.0,https://www.kaggle.com/datasets/vetion/vege-qualityVegetables/train/Wortel Nantes Bagus/0134.jpg
carrot_fresh_0252,carrot_fresh,vetion,ODbL 1.0 / DbCL 1.0,https://www.kaggle.com/datasets/vetion/vege-qualityVegetables/train/Wortel Nantes Bagus/0416.jpg
carrot_fresh_0253,carrot_fresh,vetion,ODbL 1.0 / DbCL 1.0,https://www.kaggle.com/datasets/vetion/vege-qualityVegetables/train/Wortel Nantes Bagus/images (60).jpg
carrot_fresh_0254,carrot_fresh,vetion,ODbL 1.0 / DbCL 1.0,https://www.kaggle.com/datasets/vetion/vege-qualityVegetables/train/Wortel Nantes Bagus/0402.jpg
carrot_fresh_0255,carrot_fresh,vetion,ODbL 1.0 / DbCL 1.0,https://www.kaggle.com/datasets/vetion/vege-qualityVegetables/train/Wortel Nantes Bagus/0210.jpg
carrot_fresh_0256,carrot_fresh,vetion,ODbL 1.0 / DbCL 1.0,https://www.kaggle.com/datasets/vetion/vege-qualityVegetables/train/Wortel Nantes Bagus/images (93).jpg
carrot_fresh_0257,carrot_fresh,vetion,ODbL 1.0 / DbCL 1.0,https://www.kaggle.com/datasets/vetion/vege-qualityVegetables/train/Wortel Nantes Bagus/images (5).jpg
carrot_fresh_0258,carrot_fresh,vetion,ODbL 1.0 / DbCL 1.0,https://www.kaggle.com/datasets/vetion/vege-qualityVegetables/train/Wortel Nantes Bagus/images (80).jpg
carrot_fresh_0259,carrot_fresh,vetion,ODbL 1.0 / DbCL 1.0,https://www.kaggle.com/datasets/vetion/vege-qualityVegetables/train/Wortel Nantes Bagus/0417.jpg
carrot_fresh_0260,carrot_fresh,vetion,ODbL 1.0 / DbCL 1.0,https://www.kaggle.com/datasets/vetion/vege-qualityVegetables/train/Wortel Nantes Bagus/images (24).jpg
carrot_fresh_0261,carrot_fresh,vetion,ODbL 1.0 / DbCL 1.0,https://www.kaggle.com/datasets/vetion/vege-qualityVegetables/train/Wortel Nantes Bagus/download (4).jpg
carrot_fresh_0262,carrot_fresh,vetion,ODbL 1.0 / DbCL 1.0,https://www.kaggle.com/datasets/vetion/vege-qualityVegetables/train/Wortel Nantes Bagus/0374.jpg
carrot_fresh_0263,carrot_fresh,vetion,ODbL 1.0 / DbCL 1.0,https://www.kaggle.com/datasets/vetion/vege-qualityVegetables/train/Wortel Nantes Bagus/images (41).jpg
carrot_fresh_0264,carrot_fresh,vetion,ODbL 1.0 / DbCL 1.0,https://www.kaggle.com/datasets/vetion/vege-qualityVegetables/test/Wortel Nantes Bagus/0338.jpg
carrot_rotten_0225,carrot_rotten,vetion,ODbL 1.0 / DbCL 1.0,https://www.kaggle.com/datasets/vetion/vege-qualityVegetables/train/Wortel Nantes Jelek/108.jpg
carrot_rotten_0226,carrot_rotten,vetion,ODbL 1.0 / DbCL 1.0,https://www.kaggle.com/datasets/vetion/vege-qualityVegetables/train/Wortel Nantes Jelek/35.jpg
carrot_rotten_0227,carrot_rotten,vetion,ODbL 1.0 / DbCL 1.0,https://www.kaggle.com/datasets/vetion/vege-qualityVegetables/train/Wortel Nantes Jelek/18.jpg
carrot_rotten_0228,carrot_rotten,vetion,ODbL 1.0 / DbCL 1.0,https://www.kaggle.com/datasets/vetion/vege-qualityVegetables/train/Wortel Nantes Jelek/114.jpg
carrot_rotten_0229,carrot_rotten,vetion,ODbL 1.0 / DbCL 1.0,https://www.kaggle.com/datasets/vetion/vege-qualityVegetables/train/Wortel Nantes Jelek/31.jpg
carrot_rotten_0230,carrot_rotten,vetion,ODbL 1.0 / DbCL 1.0,https://www.kaggle.com/datasets/vetion/vege-qualityVegetables/test/Wortel Nantes Jelek/39.jpg
carrot_rotten_0231,carrot_rotten,vetion,ODbL 1.0 / DbCL 1.0,https://www.kaggle.com/datasets/vetion/vege-qualityVegetables/train/Wortel Nantes Jelek/55.jpg
carrot_rotten_0232,carrot_rotten,vetion,ODbL 1.0 / DbCL 1.0,https://www.kaggle.com/datasets/vetion/vege-qualityVegetables/train/Wortel Nantes Jelek/79.jpg
carrot_rotten_0233,carrot_rotten,vetion,ODbL 1.0 / DbCL 1.0,https://www.kaggle.com/datasets/vetion/vege-qualityVegetables/train/Wortel Nantes Jelek/63.jpg
carrot_rotten_0234,carrot_rotten,vetion,ODbL 1.0 / DbCL 1.0,https://www.kaggle.com/datasets/vetion/vege-qualityVegetables/train/Wortel Nantes Jelek/95.jpg
carrot_rotten_0235,carrot_rotten,vetion,ODbL 1.0 / DbCL 1.0,https://www.kaggle.com/datasets/vetion/vege-qualityVegetables/train/Wortel Nantes Jelek/68.jpg
carrot_rotten_0236,carrot_rotten,vetion,ODbL 1.0 / DbCL 1.0,https://www.kaggle.com/datasets/vetion/vege-qualityVegetables/test/Wortel Nantes Jelek/43.jpg
carrot_rotten_0237,carrot_rotten,vetion,ODbL 1.0 / DbCL 1.0,https://www.kaggle.com/datasets/vetion/vege-qualityVegetables/train/Wortel Nantes Jelek/100.jpg
carrot_rotten_0238,carrot_rotten,vetion,ODbL 1.0 / DbCL 1.0,https://www.kaggle.com/datasets/vetion/vege-qualityVegetables/train/Wortel Nantes Jelek/45.jpg
carrot_rotten_0239,carrot_rotten,vetion,ODbL 1.0 / DbCL 1.0,https://www.kaggle.com/datasets/vetion/vege-qualityVegetables/test/Wortel Nantes Jelek/60.jpg
carrot_rotten_0240,carrot_rotten,vetion,ODbL 1.0 / DbCL 1.0,https://www.kaggle.com/datasets/vetion/vege-qualityVegetables/train/Wortel Nantes Jelek/107.jpg
carrot_rotten_0241,carrot_rotten,vetion,ODbL 1.0 / DbCL 1.0,https://www.kaggle.com/datasets/vetion/vege-qualityVegetables/train/Wortel Nantes Jelek/50.jpg
carrot_rotten_0242,carrot_rotten,vetion,ODbL 1.0 / DbCL 1.0,https://www.kaggle.com/datasets/vetion/vege-qualityVegetables/train/Wortel Nantes Jelek/3.jpg
carrot_rotten_0243,carrot_rotten,vetion,ODbL 1.0 / DbCL 1.0,https://www.kaggle.com/datasets/vetion/vege-qualityVegetables/test/Wortel Nantes Jelek/109.jpg
carrot_rotten_0244,carrot_rotten,vetion,ODbL 1.0 / DbCL 1.0,https://www.kaggle.com/datasets/vetion/vege-qualityVegetables/train/Wortel Nantes Jelek/98.jpg
carrot_rotten_0245,carrot_rotten,vetion,ODbL 1.0 / DbCL 1.0,https://www.kaggle.com/datasets/vetion/vege-qualityVegetables/test/Wortel Nantes Jelek/48.jpg
carrot_rotten_0246,carrot_rotten,vetion,ODbL 1.0 / DbCL 1.0,https://www.kaggle.com/datasets/vetion/vege-qualityVegetables/test/Wortel Nantes Jelek/77.jpg
carrot_rotten_0247,carrot_rotten,vetion,ODbL 1.0 / DbCL 1.0,https://www.kaggle.com/datasets/vetion/vege-qualityVegetables/train/Wortel Nantes Jelek/71.jpg
carrot_rotten_0248,carrot_rotten,vetion,ODbL 1.0 / DbCL 1.0,https://www.kaggle.com/datasets/vetion/vege-qualityVegetables/train/Wortel Nantes Jelek/113.jpg
carrot_rotten_0249,carrot_rotten,vetion,ODbL 1.0 / DbCL 1.0,https://www.kaggle.com/datasets/vetion/vege-qualityVegetables/train/Wortel Nantes Jelek/75.jpg
carrot_rotten_0250,carrot_rotten,vetion,ODbL 1.0 / DbCL 1.0,https://www.kaggle.com/datasets/vetion/vege-qualityVegetables/train/Wortel Nantes Jelek/88.jpg
carrot_rotten_0251,carrot_rotten,vetion,ODbL 1.0 / DbCL 1.0,https://www.kaggle.com/datasets/vetion/vege-qualityVegetables/train/Wortel Nantes Jelek/105.jpg
carrot_rotten_0252,carrot_rotten,vetion,ODbL 1.0 / DbCL 1.0,https://www.kaggle.com/datasets/vetion/vege-qualityVegetables/test/Wortel Nantes Jelek/26.jpg
carrot_rotten_0253,carrot_rotten,vetion,ODbL 1.0 / DbCL 1.0,https://www.kaggle.com/datasets/vetion/vege-qualityVegetables/train/Wortel Nantes Jelek/22.jpg
carrot_rotten_0254,carrot_rotten,vetion,ODbL 1.0 / DbCL 1.0,https://www.kaggle.com/datasets/vetion/vege-qualityVegetables/train/Wortel Nantes Jelek/38.jpg
carrot_rotten_0255,carrot_rotten,vetion,ODbL 1.0 / DbCL 1.0,https://www.kaggle.com/datasets/vetion/vege-qualityVegetables/train/Wortel Nantes Jelek/81.jpg
carrot_rotten_0256,carrot_rotten,vetion,ODbL 1.0 / DbCL 1.0,https://www.kaggle.com/datasets/vetion/vege-qualityVegetables/test/Wortel Nantes Jelek/82.jpg
carrot_rotten_0257,carrot_rotten,vetion,ODbL 1.0 / DbCL 1.0,https://www.kaggle.com/datasets/vetion/vege-qualityVegetables/test/Wortel Nantes Jelek/65.jpg
carrot_rotten_0258,carrot_rotten,vetion,ODbL 1.0 / DbCL 1.0,https://www.kaggle.com/datasets/vetion/vege-qualityVegetables/test/Wortel Nantes Jelek/42.jpg
carrot_rotten_0259,carrot_rotten,vetion,ODbL 1.0 / DbCL 1.0,https://www.kaggle.com/datasets/vetion/vege-qualityVegetables/train/Wortel Nantes Jelek/30.jpg
carrot_rotten_0260,carrot_rotten,vetion,ODbL 1.0 / DbCL 1.0,https://www.kaggle.com/datasets/vetion/vege-qualityVegetables/train/Wortel Nantes Jelek/61.jpg
carrot_rotten_0261,carrot_rotten,vetion,ODbL 1.0 / DbCL 1.0,https://www.kaggle.com/datasets/vetion/vege-qualityVegetables/test/Wortel Nantes Jelek/69.jpg
carrot_rotten_0262,carrot_rotten,vetion,ODbL 1.0 / DbCL 1.0,https://www.kaggle.com/datasets/vetion/vege-qualityVegetables/train/Wortel Nantes Jelek/1.jpg
carrot_rotten_0263,carrot_rotten,vetion,ODbL 1.0 / DbCL 1.0,https://www.kaggle.com/datasets/vetion/vege-qualityVegetables/train/Wortel Nantes Jelek/103.jpg
carrot_rotten_0264,carrot_rotten,vetion,ODbL 1.0 / DbCL 1.0,https://www.kaggle.com/datasets/vetion/vege-qualityVegetables/train/Wortel Nantes Jelek/13.jpg
bellpepper_fresh_0167,bellpepper_fresh,vetion,ODbL 1.0 / DbCL 1.0,https://www.kaggle.com/datasets/vetion/vege-quality,Vegetables/test/Paprika Merah Bagus/download (26).jpg
bellpepper_fresh_0168,bellpepper_fresh,vetion,ODbL 1.0 / DbCL 1.0,https://www.kaggle.com/datasets/vetion/vege-quality,Vegetables/test/Paprika Merah Bagus/images (18).jpg
bellpepper_fresh_0169,bellpepper_fresh,vetion,ODbL 1.0 / DbCL 1.0,https://www.kaggle.com/datasets/vetion/vege-quality,Vegetables/test/Paprika Merah Bagus/images (4).jpg
bellpepper_fresh_0170,bellpepper_fresh,vetion,ODbL 1.0 / DbCL 1.0,https://www.kaggle.com/datasets/vetion/vege-quality,Vegetables/test/Paprika Merah Bagus/images (47).jpg
bellpepper_fresh_0171,bellpepper_fresh,vetion,ODbL 1.0 / DbCL 1.0,https://www.kaggle.com/datasets/vetion/vege-quality,Vegetables/test/Paprika Merah Bagus/images (5).jpg
bellpepper_fresh_0172,bellpepper_fresh,vetion,ODbL 1.0 / DbCL 1.0,https://www.kaggle.com/datasets/vetion/vege-quality,Vegetables/test/Paprika Merah Bagus/images (53).jpg
bellpepper_fresh_0173,bellpepper_fresh,vetion,ODbL 1.0 / DbCL 1.0,https://www.kaggle.com/datasets/vetion/vege-quality,Vegetables/test/Paprika Merah Bagus/images (75).jpg
bellpepper_fresh_0174,bellpepper_fresh,vetion,ODbL 1.0 / DbCL 1.0,https://www.kaggle.com/datasets/vetion/vege-quality,Vegetables/test/Paprika Merah Bagus/prm (14).jpeg
bellpepper_fresh_0175,bellpepper_fresh,vetion,ODbL 1.0 / DbCL 1.0,https://www.kaggle.com/datasets/vetion/vege-quality,Vegetables/test/Paprika Merah Bagus/prm (25).jpeg
bellpepper_fresh_0176,bellpepper_fresh,vetion,ODbL 1.0 / DbCL 1.0,https://www.kaggle.com/datasets/vetion/vege-quality,Vegetables/test/Paprika Merah Bagus/prm (35).jpeg
bellpepper_fresh_0177,bellpepper_fresh,vetion,ODbL 1.0 / DbCL 1.0,https://www.kaggle.com/datasets/vetion/vege-quality,Vegetables/test/Paprika Merah Bagus/prm (4).jpeg
bellpepper_fresh_0178,bellpepper_fresh,vetion,ODbL 1.0 / DbCL 1.0,https://www.kaggle.com/datasets/vetion/vege-quality,Vegetables/test/Paprika Merah Bagus/prm (50).jpeg
bellpepper_fresh_0179,bellpepper_fresh,vetion,ODbL 1.0 / DbCL 1.0,https://www.kaggle.com/datasets/vetion/vege-quality,Vegetables/test/Paprika Merah Bagus/prm (9).jpeg
bellpepper_fresh_0180,bellpepper_fresh,vetion,ODbL 1.0 / DbCL 1.0,https://www.kaggle.com/datasets/vetion/vege-quality,Vegetables/train/Paprika Merah Bagus/77.jpg
bellpepper_fresh_0181,bellpepper_fresh,vetion,ODbL 1.0 / DbCL 1.0,https://www.kaggle.com/datasets/vetion/vege-quality,Vegetables/train/Paprika Merah Bagus/download (10).jpg
bellpepper_fresh_0182,bellpepper_fresh,vetion,ODbL 1.0 / DbCL 1.0,https://www.kaggle.com/datasets/vetion/vege-quality,Vegetables/train/Paprika Merah Bagus/download (11).jpg
bellpepper_fresh_0183,bellpepper_fresh,vetion,ODbL 1.0 / DbCL 1.0,https://www.kaggle.com/datasets/vetion/vege-quality,Vegetables/train/Paprika Merah Bagus/download (14).jpg
bellpepper_fresh_0184,bellpepper_fresh,vetion,ODbL 1.0 / DbCL 1.0,https://www.kaggle.com/datasets/vetion/vege-quality,Vegetables/train/Paprika Merah Bagus/download (15).jpg
bellpepper_fresh_0185,bellpepper_fresh,vetion,ODbL 1.0 / DbCL 1.0,https://www.kaggle.com/datasets/vetion/vege-quality,Vegetables/train/Paprika Merah Bagus/download (16).jpg
bellpepper_fresh_0186,bellpepper_fresh,vetion,ODbL 1.0 / DbCL 1.0,https://www.kaggle.com/datasets/vetion/vege-quality,Vegetables/train/Paprika Merah Bagus/download (18).jpg
bellpepper_fresh_0187,bellpepper_fresh,vetion,ODbL 1.0 / DbCL 1.0,https://www.kaggle.com/datasets/vetion/vege-quality,Vegetables/train/Paprika Merah Bagus/download (19).jpg
bellpepper_fresh_0188,bellpepper_fresh,vetion,ODbL 1.0 / DbCL 1.0,https://www.kaggle.com/datasets/vetion/vege-quality,Vegetables/train/Paprika Merah Bagus/download (20).jpg
bellpepper_fresh_0189,bellpepper_fresh,vetion,ODbL 1.0 / DbCL 1.0,https://www.kaggle.com/datasets/vetion/vege-quality,Vegetables/train/Paprika Merah Bagus/download (22).jpg
bellpepper_fresh_0190,bellpepper_fresh,vetion,ODbL 1.0 / DbCL 1.0,https://www.kaggle.com/datasets/vetion/vege-quality,Vegetables/train/Paprika Merah Bagus/download (29).jpg
bellpepper_fresh_0191,bellpepper_fresh,vetion,ODbL 1.0 / DbCL 1.0,https://www.kaggle.com/datasets/vetion/vege-quality,Vegetables/train/Paprika Merah Bagus/download (30).jpg
bellpepper_fresh_0192,bellpepper_fresh,vetion,ODbL 1.0 / DbCL 1.0,https://www.kaggle.com/datasets/vetion/vege-quality,Vegetables/train/Paprika Merah Bagus/images (10).jpg
bellpepper_fresh_0193,bellpepper_fresh,vetion,ODbL 1.0 / DbCL 1.0,https://www.kaggle.com/datasets/vetion/vege-quality,Vegetables/train/Paprika Merah Bagus/images (13).jpg
bellpepper_fresh_0194,bellpepper_fresh,vetion,ODbL 1.0 / DbCL 1.0,https://www.kaggle.com/datasets/vetion/vege-quality,Vegetables/train/Paprika Merah Bagus/images (16).jpg
bellpepper_fresh_0195,bellpepper_fresh,vetion,ODbL 1.0 / DbCL 1.0,https://www.kaggle.com/datasets/vetion/vege-quality,Vegetables/train/Paprika Merah Bagus/images (2).jpg
bellpepper_fresh_0196,bellpepper_fresh,vetion,ODbL 1.0 / DbCL 1.0,https://www.kaggle.com/datasets/vetion/vege-quality,Vegetables/train/Paprika Merah Bagus/images (20).jpg
bellpepper_fresh_0197,bellpepper_fresh,vetion,ODbL 1.0 / DbCL 1.0,https://www.kaggle.com/datasets/vetion/vege-quality,Vegetables/train/Paprika Merah Bagus/images (21).jpg
bellpepper_fresh_0198,bellpepper_fresh,vetion,ODbL 1.0 / DbCL 1.0,https://www.kaggle.com/datasets/vetion/vege-quality,Vegetables/train/Paprika Merah Bagus/images (27).jpg
bellpepper_fresh_0199,bellpepper_fresh,vetion,ODbL 1.0 / DbCL 1.0,https://www.kaggle.com/datasets/vetion/vege-quality,Vegetables/train/Paprika Merah Bagus/images (29).jpg
bellpepper_fresh_0200,bellpepper_fresh,vetion,ODbL 1.0 / DbCL 1.0,https://www.kaggle.com/datasets/vetion/vege-quality,Vegetables/train/Paprika Merah Bagus/images (33).jpg
bellpepper_fresh_0201,bellpepper_fresh,vetion,ODbL 1.0 / DbCL 1.0,https://www.kaggle.com/datasets/vetion/vege-quality,Vegetables/train/Paprika Merah Bagus/images (34).jpg
bellpepper_fresh_0202,bellpepper_fresh,vetion,ODbL 1.0 / DbCL 1.0,https://www.kaggle.com/datasets/vetion/vege-quality,Vegetables/train/Paprika Merah Bagus/images (35).jpg
bellpepper_fresh_0203,bellpepper_fresh,vetion,ODbL 1.0 / DbCL 1.0,https://www.kaggle.com/datasets/vetion/vege-quality,Vegetables/train/Paprika Merah Bagus/images (36).jpg
bellpepper_fresh_0204,bellpepper_fresh,vetion,ODbL 1.0 / DbCL 1.0,https://www.kaggle.com/datasets/vetion/vege-quality,Vegetables/train/Paprika Merah Bagus/images (38).jpg
bellpepper_fresh_0205,bellpepper_fresh,vetion,ODbL 1.0 / DbCL 1.0,https://www.kaggle.com/datasets/vetion/vege-quality,Vegetables/train/Paprika Merah Bagus/images (39).jpg
bellpepper_fresh_0206,bellpepper_fresh,vetion,ODbL 1.0 / DbCL 1.0,https://www.kaggle.com/datasets/vetion/vege-quality,Vegetables/train/Paprika Merah Bagus/images (44).jpg
bellpepper_fresh_0207,bellpepper_fresh,vetion,ODbL 1.0 / DbCL 1.0,https://www.kaggle.com/datasets/vetion/vege-quality,Vegetables/train/Paprika Merah Bagus/images (46).jpg
bellpepper_fresh_0208,bellpepper_fresh,vetion,ODbL 1.0 / DbCL 1.0,https://www.kaggle.com/datasets/vetion/vege-quality,Vegetables/train/Paprika Merah Bagus/images (49).jpg
bellpepper_fresh_0209,bellpepper_fresh,vetion,ODbL 1.0 / DbCL 1.0,https://www.kaggle.com/datasets/vetion/vege-quality,Vegetables/train/Paprika Merah Bagus/images (51).jpg
bellpepper_fresh_0210,bellpepper_fresh,vetion,ODbL 1.0 / DbCL 1.0,https://www.kaggle.com/datasets/vetion/vege-quality,Vegetables/train/Paprika Merah Bagus/images (57).jpg
bellpepper_fresh_0211,bellpepper_fresh,vetion,ODbL 1.0 / DbCL 1.0,https://www.kaggle.com/datasets/vetion/vege-quality,Vegetables/train/Paprika Merah Bagus/images (58).jpg
bellpepper_fresh_0212,bellpepper_fresh,vetion,ODbL 1.0 / DbCL 1.0,https://www.kaggle.com/datasets/vetion/vege-quality,Vegetables/train/Paprika Merah Bagus/images (61).jpg
bellpepper_fresh_0213,bellpepper_fresh,vetion,ODbL 1.0 / DbCL 1.0,https://www.kaggle.com/datasets/vetion/vege-quality,Vegetables/train/Paprika Merah Bagus/images (64).jpg
bellpepper_fresh_0214,bellpepper_fresh,vetion,ODbL 1.0 / DbCL 1.0,https://www.kaggle.com/datasets/vetion/vege-quality,Vegetables/train/Paprika Merah Bagus/images (65) - Copy.jpg
bellpepper_fresh_0215,bellpepper_fresh,vetion,ODbL 1.0 / DbCL 1.0,https://www.kaggle.com/datasets/vetion/vege-quality,Vegetables/train/Paprika Merah Bagus/images (70).jpg
bellpepper_fresh_0216,bellpepper_fresh,vetion,ODbL 1.0 / DbCL 1.0,https://www.kaggle.com/datasets/vetion/vege-quality,Vegetables/train/Paprika Merah Bagus/images (72).jpg
bellpepper_fresh_0217,bellpepper_fresh,vetion,ODbL 1.0 / DbCL 1.0,https://www.kaggle.com/datasets/vetion/vege-quality,Vegetables/train/Paprika Merah Bagus/prm (1).jpeg
bellpepper_fresh_0218,bellpepper_fresh,vetion,ODbL 1.0 / DbCL 1.0,https://www.kaggle.com/datasets/vetion/vege-quality,Vegetables/train/Paprika Merah Bagus/prm (10).jpeg
bellpepper_fresh_0219,bellpepper_fresh,vetion,ODbL 1.0 / DbCL 1.0,https://www.kaggle.com/datasets/vetion/vege-quality,Vegetables/train/Paprika Merah Bagus/prm (12).jpeg
bellpepper_fresh_0220,bellpepper_fresh,vetion,ODbL 1.0 / DbCL 1.0,https://www.kaggle.com/datasets/vetion/vege-quality,Vegetables/train/Paprika Merah Bagus/prm (13).jpeg
bellpepper_fresh_0221,bellpepper_fresh,vetion,ODbL 1.0 / DbCL 1.0,https://www.kaggle.com/datasets/vetion/vege-quality,Vegetables/train/Paprika Merah Bagus/prm (23).jpeg
bellpepper_fresh_0222,bellpepper_fresh,vetion,ODbL 1.0 / DbCL 1.0,https://www.kaggle.com/datasets/vetion/vege-quality,Vegetables/train/Paprika Merah Bagus/prm (24).jpeg
bellpepper_fresh_0223,bellpepper_fresh,vetion,ODbL 1.0 / DbCL 1.0,https://www.kaggle.com/datasets/vetion/vege-quality,Vegetables/train/Paprika Merah Bagus/prm (26).jpeg
bellpepper_fresh_0224,bellpepper_fresh,vetion,ODbL 1.0 / DbCL 1.0,https://www.kaggle.com/datasets/vetion/vege-quality,Vegetables/train/Paprika Merah Bagus/prm (27).jpeg
bellpepper_fresh_0225,bellpepper_fresh,vetion,ODbL 1.0 / DbCL 1.0,https://www.kaggle.com/datasets/vetion/vege-quality,Vegetables/train/Paprika Merah Bagus/prm (28).jpeg
bellpepper_fresh_0226,bellpepper_fresh,vetion,ODbL 1.0 / DbCL 1.0,https://www.kaggle.com/datasets/vetion/vege-quality,Vegetables/train/Paprika Merah Bagus/prm (30).jpeg
bellpepper_fresh_0227,bellpepper_fresh,vetion,ODbL 1.0 / DbCL 1.0,https://www.kaggle.com/datasets/vetion/vege-quality,Vegetables/train/Paprika Merah Bagus/prm (32).jpeg
bellpepper_fresh_0228,bellpepper_fresh,vetion,ODbL 1.0 / DbCL 1.0,https://www.kaggle.com/datasets/vetion/vege-quality,Vegetables/train/Paprika Merah Bagus/prm (36).jpeg
bellpepper_fresh_0229,bellpepper_fresh,vetion,ODbL 1.0 / DbCL 1.0,https://www.kaggle.com/datasets/vetion/vege-quality,Vegetables/train/Paprika Merah Bagus/prm (48).jpeg
bellpepper_fresh_0230,bellpepper_fresh,vetion,ODbL 1.0 / DbCL 1.0,https://www.kaggle.com/datasets/vetion/vege-quality,Vegetables/validation/Paprika Merah Bagus/78.jpg
bellpepper_fresh_0231,bellpepper_fresh,vetion,ODbL 1.0 / DbCL 1.0,https://www.kaggle.com/datasets/vetion/vege-quality,Vegetables/validation/Paprika Merah Bagus/images (11).jpg
bellpepper_fresh_0232,bellpepper_fresh,vetion,ODbL 1.0 / DbCL 1.0,https://www.kaggle.com/datasets/vetion/vege-quality,Vegetables/validation/Paprika Merah Bagus/images (42).jpg
bellpepper_fresh_0233,bellpepper_fresh,vetion,ODbL 1.0 / DbCL 1.0,https://www.kaggle.com/datasets/vetion/vege-quality,Vegetables/validation/Paprika Merah Bagus/images (6).jpg
bellpepper_fresh_0234,bellpepper_fresh,vetion,ODbL 1.0 / DbCL 1.0,https://www.kaggle.com/datasets/vetion/vege-quality,Vegetables/validation/Paprika Merah Bagus/images (69).jpg
bellpepper_fresh_0235,bellpepper_fresh,vetion,ODbL 1.0 / DbCL 1.0,https://www.kaggle.com/datasets/vetion/vege-quality,Vegetables/validation/Paprika Merah Bagus/images (74).jpg
bellpepper_fresh_0236,bellpepper_fresh,vetion,ODbL 1.0 / DbCL 1.0,https://www.kaggle.com/datasets/vetion/vege-quality,Vegetables/validation/Paprika Merah Bagus/prm (18).jpeg
bellpepper_fresh_0237,bellpepper_fresh,vetion,ODbL 1.0 / DbCL 1.0,https://www.kaggle.com/datasets/vetion/vege-quality,Vegetables/validation/Paprika Merah Bagus/prm (29).jpeg
bellpepper_fresh_0238,bellpepper_fresh,vetion,ODbL 1.0 / DbCL 1.0,https://www.kaggle.com/datasets/vetion/vege-quality,Vegetables/validation/Paprika Merah Bagus/prm (34).jpeg
bellpepper_fresh_0239,bellpepper_fresh,vetion,ODbL 1.0 / DbCL 1.0,https://www.kaggle.com/datasets/vetion/vege-quality,Vegetables/validation/Paprika Merah Bagus/prm (41).jpeg
bellpepper_rotten_0167,bellpepper_rotten,vetion,ODbL 1.0 / DbCL 1.0,https://www.kaggle.com/datasets/vetion/vege-quality,Vegetables/test/Paprika Merah Jelek/001.jpg
bellpepper_rotten_0168,bellpepper_rotten,vetion,ODbL 1.0 / DbCL 1.0,https://www.kaggle.com/datasets/vetion/vege-quality,Vegetables/test/Paprika Merah Jelek/022.jpg
bellpepper_rotten_0169,bellpepper_rotten,vetion,ODbL 1.0 / DbCL 1.0,https://www.kaggle.com/datasets/vetion/vege-quality,Vegetables/test/Paprika Merah Jelek/037.jpg
bellpepper_rotten_0170,bellpepper_rotten,vetion,ODbL 1.0 / DbCL 1.0,https://www.kaggle.com/datasets/vetion/vege-quality,Vegetables/test/Paprika Merah Jelek/images (26).jpg
bellpepper_rotten_0171,bellpepper_rotten,vetion,ODbL 1.0 / DbCL 1.0,https://www.kaggle.com/datasets/vetion/vege-quality,Vegetables/test/Paprika Merah Jelek/images (36).jpg
bellpepper_rotten_0172,bellpepper_rotten,vetion,ODbL 1.0 / DbCL 1.0,https://www.kaggle.com/datasets/vetion/vege-quality,Vegetables/test/Paprika Merah Jelek/images (6).jpg
bellpepper_rotten_0173,bellpepper_rotten,vetion,ODbL 1.0 / DbCL 1.0,https://www.kaggle.com/datasets/vetion/vege-quality,Vegetables/test/Paprika Merah Jelek/images (8).jpg
bellpepper_rotten_0174,bellpepper_rotten,vetion,ODbL 1.0 / DbCL 1.0,https://www.kaggle.com/datasets/vetion/vege-quality,Vegetables/train/Paprika Merah Jelek/002.jpg
bellpepper_rotten_0175,bellpepper_rotten,vetion,ODbL 1.0 / DbCL 1.0,https://www.kaggle.com/datasets/vetion/vege-quality,Vegetables/train/Paprika Merah Jelek/005.jpg
bellpepper_rotten_0176,bellpepper_rotten,vetion,ODbL 1.0 / DbCL 1.0,https://www.kaggle.com/datasets/vetion/vege-quality,Vegetables/train/Paprika Merah Jelek/013.jpg
bellpepper_rotten_0177,bellpepper_rotten,vetion,ODbL 1.0 / DbCL 1.0,https://www.kaggle.com/datasets/vetion/vege-quality,Vegetables/train/Paprika Merah Jelek/014.jpg
bellpepper_rotten_0178,bellpepper_rotten,vetion,ODbL 1.0 / DbCL 1.0,https://www.kaggle.com/datasets/vetion/vege-quality,Vegetables/train/Paprika Merah Jelek/032.jpg
bellpepper_rotten_0179,bellpepper_rotten,vetion,ODbL 1.0 / DbCL 1.0,https://www.kaggle.com/datasets/vetion/vege-quality,Vegetables/train/Paprika Merah Jelek/033.jpg
bellpepper_rotten_0180,bellpepper_rotten,vetion,ODbL 1.0 / DbCL 1.0,https://www.kaggle.com/datasets/vetion/vege-quality,Vegetables/train/Paprika Merah Jelek/042.jpg
bellpepper_rotten_0181,bellpepper_rotten,vetion,ODbL 1.0 / DbCL 1.0,https://www.kaggle.com/datasets/vetion/vege-quality,Vegetables/train/Paprika Merah Jelek/044.jpg
bellpepper_rotten_0182,bellpepper_rotten,vetion,ODbL 1.0 / DbCL 1.0,https://www.kaggle.com/datasets/vetion/vege-quality,Vegetables/train/Paprika Merah Jelek/046.jpg
bellpepper_rotten_0183,bellpepper_rotten,vetion,ODbL 1.0 / DbCL 1.0,https://www.kaggle.com/datasets/vetion/vege-quality,Vegetables/train/Paprika Merah Jelek/047.jpg
bellpepper_rotten_0184,bellpepper_rotten,vetion,ODbL 1.0 / DbCL 1.0,https://www.kaggle.com/datasets/vetion/vege-quality,Vegetables/train/Paprika Merah Jelek/download (10).jpg
bellpepper_rotten_0185,bellpepper_rotten,vetion,ODbL 1.0 / DbCL 1.0,https://www.kaggle.com/datasets/vetion/vege-quality,Vegetables/train/Paprika Merah Jelek/download (13).jpg
bellpepper_rotten_0186,bellpepper_rotten,vetion,ODbL 1.0 / DbCL 1.0,https://www.kaggle.com/datasets/vetion/vege-quality,Vegetables/train/Paprika Merah Jelek/download (9).jpg
bellpepper_rotten_0187,bellpepper_rotten,vetion,ODbL 1.0 / DbCL 1.0,https://www.kaggle.com/datasets/vetion/vege-quality,Vegetables/train/Paprika Merah Jelek/images (20).jpg
bellpepper_rotten_0188,bellpepper_rotten,vetion,ODbL 1.0 / DbCL 1.0,https://www.kaggle.com/datasets/vetion/vege-quality,Vegetables/train/Paprika Merah Jelek/images (21).jpg
bellpepper_rotten_0189,bellpepper_rotten,vetion,ODbL 1.0 / DbCL 1.0,https://www.kaggle.com/datasets/vetion/vege-quality,Vegetables/train/Paprika Merah Jelek/images (23).jpg
bellpepper_rotten_0190,bellpepper_rotten,vetion,ODbL 1.0 / DbCL 1.0,https://www.kaggle.com/datasets/vetion/vege-quality,Vegetables/train/Paprika Merah Jelek/images (28).jpg
bellpepper_rotten_0191,bellpepper_rotten,vetion,ODbL 1.0 / DbCL 1.0,https://www.kaggle.com/datasets/vetion/vege-quality,Vegetables/train/Paprika Merah Jelek/images (32).jpg
bellpepper_rotten_0192,bellpepper_rotten,vetion,ODbL 1.0 / DbCL 1.0,https://www.kaggle.com/datasets/vetion/vege-quality,Vegetables/train/Paprika Merah Jelek/images (33).jpg
bellpepper_rotten_0193,bellpepper_rotten,vetion,ODbL 1.0 / DbCL 1.0,https://www.kaggle.com/datasets/vetion/vege-quality,Vegetables/train/Paprika Merah Jelek/images (34).jpg
bellpepper_rotten_0194,bellpepper_rotten,vetion,ODbL 1.0 / DbCL 1.0,https://www.kaggle.com/datasets/vetion/vege-quality,Vegetables/train/Paprika Merah Jelek/images (35).jpg
bellpepper_rotten_0195,bellpepper_rotten,vetion,ODbL 1.0 / DbCL 1.0,https://www.kaggle.com/datasets/vetion/vege-quality,Vegetables/train/Paprika Merah Jelek/images (4).jpg
bellpepper_rotten_0196,bellpepper_rotten,vetion,ODbL 1.0 / DbCL 1.0,https://www.kaggle.com/datasets/vetion/vege-quality,Vegetables/train/Paprika Merah Jelek/imagesas (1).jpg
bellpepper_rotten_0197,bellpepper_rotten,vetion,ODbL 1.0 / DbCL 1.0,https://www.kaggle.com/datasets/vetion/vege-quality,Vegetables/train/Paprika Merah Jelek/imagfges (1).jpg
bellpepper_rotten_0198,bellpepper_rotten,vetion,ODbL 1.0 / DbCL 1.0,https://www.kaggle.com/datasets/vetion/vege-quality,Vegetables/validation/Paprika Merah Jelek/004.jpg
bellpepper_rotten_0199,bellpepper_rotten,vetion,ODbL 1.0 / DbCL 1.0,https://www.kaggle.com/datasets/vetion/vege-quality,Vegetables/validation/Paprika Merah Jelek/download (12).jpg
bellpepper_rotten_0200,bellpepper_rotten,vetion,ODbL 1.0 / DbCL 1.0,https://www.kaggle.com/datasets/vetion/vege-quality,Vegetables/validation/Paprika Merah Jelek/download (15).jpg
bellpepper_rotten_0201,bellpepper_rotten,user2036,CC0 1.0,https://www.kaggle.com/datasets/user2036/vetable-dataset-without-duplicacy,RottenCapsicum/97.png
bellpepper_rotten_0202,bellpepper_rotten,user2036,CC0 1.0,https://www.kaggle.com/datasets/user2036/vetable-dataset-without-duplicacy,RottenCapsicum/645.png
bellpepper_rotten_0203,bellpepper_rotten,user2036,CC0 1.0,https://www.kaggle.com/datasets/user2036/vetable-dataset-without-duplicacy,RottenCapsicum/34534.png
bellpepper_rotten_0204,bellpepper_rotten,user2036,CC0 1.0,https://www.kaggle.com/datasets/user2036/vetable-dataset-without-duplicacy,RottenCapsicum/00394.jpg
bellpepper_rotten_0205,bellpepper_rotten,user2036,CC0 1.0,https://www.kaggle.com/datasets/user2036/vetable-dataset-without-duplicacy,RottenCapsicum/597.png
bellpepper_rotten_0206,bellpepper_rotten,user2036,CC0 1.0,https://www.kaggle.com/datasets/user2036/vetable-dataset-without-duplicacy,RottenCapsicum/76756.png
bellpepper_rotten_0207,bellpepper_rotten,user2036,CC0 1.0,https://www.kaggle.com/datasets/user2036/vetable-dataset-without-duplicacy,RottenCapsicum/447.png
bellpepper_rotten_0208,bellpepper_rotten,user2036,CC0 1.0,https://www.kaggle.com/datasets/user2036/vetable-dataset-without-duplicacy,RottenCapsicum/000008.jpg
bellpepper_rotten_0209,bellpepper_rotten,user2036,CC0 1.0,https://www.kaggle.com/datasets/user2036/vetable-dataset-without-duplicacy,RottenCapsicum/9578.png
bellpepper_rotten_0210,bellpepper_rotten,user2036,CC0 1.0,https://www.kaggle.com/datasets/user2036/vetable-dataset-without-duplicacy,RottenCapsicum/8475.png
bellpepper_rotten_0211,bellpepper_rotten,user2036,CC0 1.0,https://www.kaggle.com/datasets/user2036/vetable-dataset-without-duplicacy,RottenCapsicum/6675.png
bellpepper_rotten_0212,bellpepper_rotten,user2036,CC0 1.0,https://www.kaggle.com/datasets/user2036/vetable-dataset-without-duplicacy,RottenCapsicum/4576.png
bellpepper_rotten_0213,bellpepper_rotten,user2036,CC0 1.0,https://www.kaggle.com/datasets/user2036/vetable-dataset-without-duplicacy,RottenCapsicum/354.png
bellpepper_rotten_0214,bellpepper_rotten,user2036,CC0 1.0,https://www.kaggle.com/datasets/user2036/vetable-dataset-without-duplicacy,RottenCapsicum/9879.png
bellpepper_rotten_0215,bellpepper_rotten,user2036,CC0 1.0,https://www.kaggle.com/datasets/user2036/vetable-dataset-without-duplicacy,RottenCapsicum/00678.png
bellpepper_rotten_0216,bellpepper_rotten,user2036,CC0 1.0,https://www.kaggle.com/datasets/user2036/vetable-dataset-without-duplicacy,RottenCapsicum/45767.png
bellpepper_rotten_0217,bellpepper_rotten,user2036,CC0 1.0,https://www.kaggle.com/datasets/user2036/vetable-dataset-without-duplicacy,RottenCapsicum/4443.png
bellpepper_rotten_0218,bellpepper_rotten,user2036,CC0 1.0,https://www.kaggle.com/datasets/user2036/vetable-dataset-without-duplicacy,RottenCapsicum/132.png
bellpepper_rotten_0219,bellpepper_rotten,user2036,CC0 1.0,https://www.kaggle.com/datasets/user2036/vetable-dataset-without-duplicacy,RottenCapsicum/0002.png
bellpepper_rotten_0220,bellpepper_rotten,user2036,CC0 1.0,https://www.kaggle.com/datasets/user2036/vetable-dataset-without-duplicacy,RottenCapsicum/0012.png
bellpepper_rotten_0221,bellpepper_rotten,user2036,CC0 1.0,https://www.kaggle.com/datasets/user2036/vetable-dataset-without-duplicacy,RottenCapsicum/00897.png
bellpepper_rotten_0222,bellpepper_rotten,user2036,CC0 1.0,https://www.kaggle.com/datasets/user2036/vetable-dataset-without-duplicacy,RottenCapsicum/63465.png
bellpepper_rotten_0223,bellpepper_rotten,user2036,CC0 1.0,https://www.kaggle.com/datasets/user2036/vetable-dataset-without-duplicacy,RottenCapsicum/346346.png
bellpepper_rotten_0224,bellpepper_rotten,user2036,CC0 1.0,https://www.kaggle.com/datasets/user2036/vetable-dataset-without-duplicacy,RottenCapsicum/73557.png
bellpepper_rotten_0225,bellpepper_rotten,user2036,CC0 1.0,https://www.kaggle.com/datasets/user2036/vetable-dataset-without-duplicacy,RottenCapsicum/656.png
bellpepper_rotten_0226,bellpepper_rotten,user2036,CC0 1.0,https://www.kaggle.com/datasets/user2036/vetable-dataset-without-duplicacy,RottenCapsicum/212.png
bellpepper_rotten_0227,bellpepper_rotten,user2036,CC0 1.0,https://www.kaggle.com/datasets/user2036/vetable-dataset-without-duplicacy,RottenCapsicum/457645.png
bellpepper_rotten_0228,bellpepper_rotten,user2036,CC0 1.0,https://www.kaggle.com/datasets/user2036/vetable-dataset-without-duplicacy,RottenCapsicum/0059687.png
bellpepper_rotten_0229,bellpepper_rotten,user2036,CC0 1.0,https://www.kaggle.com/datasets/user2036/vetable-dataset-without-duplicacy,RottenCapsicum/223231.png
bellpepper_rotten_0230,bellpepper_rotten,user2036,CC0 1.0,https://www.kaggle.com/datasets/user2036/vetable-dataset-without-duplicacy,RottenCapsicum/1111.png
bellpepper_rotten_0231,bellpepper_rotten,user2036,CC0 1.0,https://www.kaggle.com/datasets/user2036/vetable-dataset-without-duplicacy,RottenCapsicum/000019.jpg
bellpepper_rotten_0232,bellpepper_rotten,user2036,CC0 1.0,https://www.kaggle.com/datasets/user2036/vetable-dataset-without-duplicacy,RottenCapsicum/00.png
bellpepper_rotten_0233,bellpepper_rotten,user2036,CC0 1.0,https://www.kaggle.com/datasets/user2036/vetable-dataset-without-duplicacy,RottenCapsicum/000023.jpg
bellpepper_rotten_0234,bellpepper_rotten,user2036,CC0 1.0,https://www.kaggle.com/datasets/user2036/vetable-dataset-without-duplicacy,RottenCapsicum/67567.png
bellpepper_rotten_0235,bellpepper_rotten,user2036,CC0 1.0,https://www.kaggle.com/datasets/user2036/vetable-dataset-without-duplicacy,RottenCapsicum/9679.png
bellpepper_rotten_0236,bellpepper_rotten,user2036,CC0 1.0,https://www.kaggle.com/datasets/user2036/vetable-dataset-without-duplicacy,RottenCapsicum/345222276.jpeg
bellpepper_rotten_0237,bellpepper_rotten,user2036,CC0 1.0,https://www.kaggle.com/datasets/user2036/vetable-dataset-without-duplicacy,RottenCapsicum/5463.png
bellpepper_rotten_0238,bellpepper_rotten,user2036,CC0 1.0,https://www.kaggle.com/datasets/user2036/vetable-dataset-without-duplicacy,RottenCapsicum/7456.png
bellpepper_rotten_0239,bellpepper_rotten,user2036,CC0 1.0,https://www.kaggle.com/datasets/user2036/vetable-dataset-without-duplicacy,RottenCapsicum/0067.png
